{"StepDPO": [["\nYou will be given a problem desciption.\n\nPlease analyze the problem and generate step-by-step clues of how to solve the problem with executable python code.\n\nThe problem:\n\n\nQUESTION:\nYou are given a directed graph consisting of n vertices and m edges (each edge is directed, so it can be traversed in only one direction). You are allowed to remove at most one edge from it.\n\nCan you make this graph acyclic by removing at most one edge from it? A directed graph is called acyclic iff it doesn't contain any cycle (a non-empty path that starts and ends in the same vertex).\n\n\n-----Input-----\n\nThe first line contains two integers n and m (2 \u2264 n \u2264 500, 1 \u2264 m \u2264 min(n(n - 1), 100000)) \u2014 the number of vertices and the number of edges, respectively.\n\nThen m lines follow. Each line contains two integers u and v denoting a directed edge going from vertex u to vertex v (1 \u2264 u, v \u2264 n, u \u2260 v). Each ordered pair (u, v) is listed at most once (there is at most one directed edge from u to v).\n\n\n-----Output-----\n\nIf it is possible to make this graph acyclic by removing at most one edge, print YES. Otherwise, print NO.\n\n\n-----Examples-----\nInput\n3 4\n1 2\n2 3\n3 2\n3 1\n\nOutput\nYES\n\nInput\n5 6\n1 2\n2 3\n3 2\n3 1\n2 1\n4 5\n\nOutput\nNO\n\n\n\n-----Note-----\n\nIn the first example you can remove edge $2 \\rightarrow 3$, and the graph becomes acyclic.\n\nIn the second example you have to remove at least two edges (for example, $2 \\rightarrow 1$ and $2 \\rightarrow 3$) in order to make the graph acyclic.\nUse Standard Input format\nANSWER:\n\n\nAn example of step-by-step clues for finding the longest palindrome substring is displayed below:\n\n```json\n[\n{\"Clue of Step 1\": \"For a substring, if it is a palindrome and the length is greater than 2, it is still a palindrome after the first and last letters are removed. According to this idea, we can use dynamic programming to solve this problem.\"},\n{\"Clue of Step 2\": \"Then we should consider the state transition function. We use P(i,j) to indicate whether the string composed of the i-th to j-th letters of the string s (denoted as as s[i:j]) is a palindrome string. s[i:j] is a palindrome only if s[i+1:j\u22121] is a palindrome and the i and j letters of s are the same.\"},\n{\"Clue of Step 3\": \"We also need to consider the boundary conditions in dynamic programming. For a substring of length 1, it is obviously a palindrome string; For a substring of length 2, it is a palindrome as long as its two letters are the same.\"},\n{\"Clue of Step 4\": \"We also need to consider the the cyclic order of dynamic programming. In the state transition equation, we are moving from a shorter string to a longer string.\"},\n{\"Clue of Step 5\": \"The final answer is the maximum length of the valid sub-strings.\"}\n]\n```\nYou can refer to the following example and generate step-by-step clues for the given problem.\n\n\n-----Clues-----\nClue of Step 1: We should first detect if the graph contains any cycles using a graph traversal algorithm like Depth First Search (DFS) or Breadth First Search (BFS). If we find more than one cycle, it's impossible to make the graph acyclic by removing just one edge.\n", "Clue of Step 2: After identifying cycles, we can examine each edge in the cycle. By temporarily removing each edge one at a time and checking if the resulting graph is acyclic using DFS, we can determine if removing that edge can make the graph acyclic.\n", "Clue of Step 2: Implement a Depth First Search (DFS) to explore the graph and keep track of visited nodes and the recursion stack to identify cycles. If we find a back edge during the DFS, we have detected at least one cycle.\n"], ["\nYou will be given a problem desciption.\n\nPlease analyze the problem and generate step-by-step clues of how to solve the problem with executable python code.\n\nThe problem:\n\n\nQUESTION:\nYou are given a directed graph consisting of n vertices and m edges (each edge is directed, so it can be traversed in only one direction). You are allowed to remove at most one edge from it.\n\nCan you make this graph acyclic by removing at most one edge from it? A directed graph is called acyclic iff it doesn't contain any cycle (a non-empty path that starts and ends in the same vertex).\n\n\n-----Input-----\n\nThe first line contains two integers n and m (2 \u2264 n \u2264 500, 1 \u2264 m \u2264 min(n(n - 1), 100000)) \u2014 the number of vertices and the number of edges, respectively.\n\nThen m lines follow. Each line contains two integers u and v denoting a directed edge going from vertex u to vertex v (1 \u2264 u, v \u2264 n, u \u2260 v). Each ordered pair (u, v) is listed at most once (there is at most one directed edge from u to v).\n\n\n-----Output-----\n\nIf it is possible to make this graph acyclic by removing at most one edge, print YES. Otherwise, print NO.\n\n\n-----Examples-----\nInput\n3 4\n1 2\n2 3\n3 2\n3 1\n\nOutput\nYES\n\nInput\n5 6\n1 2\n2 3\n3 2\n3 1\n2 1\n4 5\n\nOutput\nNO\n\n\n\n-----Note-----\n\nIn the first example you can remove edge $2 \\rightarrow 3$, and the graph becomes acyclic.\n\nIn the second example you have to remove at least two edges (for example, $2 \\rightarrow 1$ and $2 \\rightarrow 3$) in order to make the graph acyclic.\nUse Standard Input format\nANSWER:\n\n\nAn example of step-by-step clues for finding the longest palindrome substring is displayed below:\n\n```json\n[\n{\"Clue of Step 1\": \"For a substring, if it is a palindrome and the length is greater than 2, it is still a palindrome after the first and last letters are removed. According to this idea, we can use dynamic programming to solve this problem.\"},\n{\"Clue of Step 2\": \"Then we should consider the state transition function. We use P(i,j) to indicate whether the string composed of the i-th to j-th letters of the string s (denoted as as s[i:j]) is a palindrome string. s[i:j] is a palindrome only if s[i+1:j\u22121] is a palindrome and the i and j letters of s are the same.\"},\n{\"Clue of Step 3\": \"We also need to consider the boundary conditions in dynamic programming. For a substring of length 1, it is obviously a palindrome string; For a substring of length 2, it is a palindrome as long as its two letters are the same.\"},\n{\"Clue of Step 4\": \"We also need to consider the the cyclic order of dynamic programming. In the state transition equation, we are moving from a shorter string to a longer string.\"},\n{\"Clue of Step 5\": \"The final answer is the maximum length of the valid sub-strings.\"}\n]\n```\nYou can refer to the following example and generate step-by-step clues for the given problem.\n\n\n-----Clues-----\nClue of Step 1: We should first detect if the graph contains any cycles using a graph traversal algorithm like Depth First Search (DFS) or Breadth First Search (BFS). If we find more than one cycle, it's impossible to make the graph acyclic by removing just one edge.\n", "Clue of Step 2: We should also consider using Tarjan's algorithm for strongly connected components (SCCs). If an SCC has more than one vertex, it contains a cycle, allowing us to check for possible edge removals that can decompose the SCC and make the overall graph acyclic.\n", "Clue of Step 2: Implement a Depth First Search (DFS) to explore the graph and keep track of visited nodes and the recursion stack to identify cycles. If we find a back edge during the DFS, we have detected at least one cycle.\n"], ["\nYou will be given a problem desciption.\n\nPlease analyze the problem and generate step-by-step clues of how to solve the problem with executable python code.\n\nThe problem:\n\n\nQUESTION:\nYou are given a directed graph consisting of n vertices and m edges (each edge is directed, so it can be traversed in only one direction). You are allowed to remove at most one edge from it.\n\nCan you make this graph acyclic by removing at most one edge from it? A directed graph is called acyclic iff it doesn't contain any cycle (a non-empty path that starts and ends in the same vertex).\n\n\n-----Input-----\n\nThe first line contains two integers n and m (2 \u2264 n \u2264 500, 1 \u2264 m \u2264 min(n(n - 1), 100000)) \u2014 the number of vertices and the number of edges, respectively.\n\nThen m lines follow. Each line contains two integers u and v denoting a directed edge going from vertex u to vertex v (1 \u2264 u, v \u2264 n, u \u2260 v). Each ordered pair (u, v) is listed at most once (there is at most one directed edge from u to v).\n\n\n-----Output-----\n\nIf it is possible to make this graph acyclic by removing at most one edge, print YES. Otherwise, print NO.\n\n\n-----Examples-----\nInput\n3 4\n1 2\n2 3\n3 2\n3 1\n\nOutput\nYES\n\nInput\n5 6\n1 2\n2 3\n3 2\n3 1\n2 1\n4 5\n\nOutput\nNO\n\n\n\n-----Note-----\n\nIn the first example you can remove edge $2 \\rightarrow 3$, and the graph becomes acyclic.\n\nIn the second example you have to remove at least two edges (for example, $2 \\rightarrow 1$ and $2 \\rightarrow 3$) in order to make the graph acyclic.\nUse Standard Input format\nANSWER:\n\n\nAn example of step-by-step clues for finding the longest palindrome substring is displayed below:\n\n```json\n[\n{\"Clue of Step 1\": \"For a substring, if it is a palindrome and the length is greater than 2, it is still a palindrome after the first and last letters are removed. According to this idea, we can use dynamic programming to solve this problem.\"},\n{\"Clue of Step 2\": \"Then we should consider the state transition function. We use P(i,j) to indicate whether the string composed of the i-th to j-th letters of the string s (denoted as as s[i:j]) is a palindrome string. s[i:j] is a palindrome only if s[i+1:j\u22121] is a palindrome and the i and j letters of s are the same.\"},\n{\"Clue of Step 3\": \"We also need to consider the boundary conditions in dynamic programming. For a substring of length 1, it is obviously a palindrome string; For a substring of length 2, it is a palindrome as long as its two letters are the same.\"},\n{\"Clue of Step 4\": \"We also need to consider the the cyclic order of dynamic programming. In the state transition equation, we are moving from a shorter string to a longer string.\"},\n{\"Clue of Step 5\": \"The final answer is the maximum length of the valid sub-strings.\"}\n]\n```\nYou can refer to the following example and generate step-by-step clues for the given problem.\n\n\n-----Clues-----\nClue of Step 1: We should first detect if the graph contains any cycles using a graph traversal algorithm like Depth First Search (DFS) or Breadth First Search (BFS). If we find more than one cycle, it's impossible to make the graph acyclic by removing just one edge.\n", "Clue of Step 2: After detecting cycles, we need to record which edges belong to these cycles. For each cycle found, keep track of the edges that are part of the cycle, as these will be candidates for removal.\n", "Clue of Step 2: Implement a Depth First Search (DFS) to explore the graph and keep track of visited nodes and the recursion stack to identify cycles. If we find a back edge during the DFS, we have detected at least one cycle.\n"], ["\nYou will be given a problem desciption.\n\nPlease analyze the problem and generate step-by-step clues of how to solve the problem with executable python code.\n\nThe problem:\n\n\nQUESTION:\nYou are given a directed graph consisting of n vertices and m edges (each edge is directed, so it can be traversed in only one direction). You are allowed to remove at most one edge from it.\n\nCan you make this graph acyclic by removing at most one edge from it? A directed graph is called acyclic iff it doesn't contain any cycle (a non-empty path that starts and ends in the same vertex).\n\n\n-----Input-----\n\nThe first line contains two integers n and m (2 \u2264 n \u2264 500, 1 \u2264 m \u2264 min(n(n - 1), 100000)) \u2014 the number of vertices and the number of edges, respectively.\n\nThen m lines follow. Each line contains two integers u and v denoting a directed edge going from vertex u to vertex v (1 \u2264 u, v \u2264 n, u \u2260 v). Each ordered pair (u, v) is listed at most once (there is at most one directed edge from u to v).\n\n\n-----Output-----\n\nIf it is possible to make this graph acyclic by removing at most one edge, print YES. Otherwise, print NO.\n\n\n-----Examples-----\nInput\n3 4\n1 2\n2 3\n3 2\n3 1\n\nOutput\nYES\n\nInput\n5 6\n1 2\n2 3\n3 2\n3 1\n2 1\n4 5\n\nOutput\nNO\n\n\n\n-----Note-----\n\nIn the first example you can remove edge $2 \\rightarrow 3$, and the graph becomes acyclic.\n\nIn the second example you have to remove at least two edges (for example, $2 \\rightarrow 1$ and $2 \\rightarrow 3$) in order to make the graph acyclic.\nUse Standard Input format\nANSWER:\n\n\nAn example of step-by-step clues for finding the longest palindrome substring is displayed below:\n\n```json\n[\n{\"Clue of Step 1\": \"For a substring, if it is a palindrome and the length is greater than 2, it is still a palindrome after the first and last letters are removed. According to this idea, we can use dynamic programming to solve this problem.\"},\n{\"Clue of Step 2\": \"Then we should consider the state transition function. We use P(i,j) to indicate whether the string composed of the i-th to j-th letters of the string s (denoted as as s[i:j]) is a palindrome string. s[i:j] is a palindrome only if s[i+1:j\u22121] is a palindrome and the i and j letters of s are the same.\"},\n{\"Clue of Step 3\": \"We also need to consider the boundary conditions in dynamic programming. For a substring of length 1, it is obviously a palindrome string; For a substring of length 2, it is a palindrome as long as its two letters are the same.\"},\n{\"Clue of Step 4\": \"We also need to consider the the cyclic order of dynamic programming. In the state transition equation, we are moving from a shorter string to a longer string.\"},\n{\"Clue of Step 5\": \"The final answer is the maximum length of the valid sub-strings.\"}\n]\n```\nYou can refer to the following example and generate step-by-step clues for the given problem.\n\n\n-----Clues-----\nClue of Step 1: We should first detect if the graph contains any cycles using a graph traversal algorithm like Depth First Search (DFS) or Breadth First Search (BFS). If we find more than one cycle, it's impossible to make the graph acyclic by removing just one edge.\n", "Clue of Step 2: Once we have the cycles, simulate the removal of each edge in those cycles one by one and check if the graph becomes acyclic after each removal. This can be done using DFS or BFS to ensure no cycles remain.\n", "Clue of Step 2: Implement a Depth First Search (DFS) to explore the graph and keep track of visited nodes and the recursion stack to identify cycles. If we find a back edge during the DFS, we have detected at least one cycle.\n"], ["\nYou will be given a problem desciption.\n\nPlease analyze the problem and generate step-by-step clues of how to solve the problem with executable python code.\n\nThe problem:\n\n\nQUESTION:\nYou are given a directed graph consisting of n vertices and m edges (each edge is directed, so it can be traversed in only one direction). You are allowed to remove at most one edge from it.\n\nCan you make this graph acyclic by removing at most one edge from it? A directed graph is called acyclic iff it doesn't contain any cycle (a non-empty path that starts and ends in the same vertex).\n\n\n-----Input-----\n\nThe first line contains two integers n and m (2 \u2264 n \u2264 500, 1 \u2264 m \u2264 min(n(n - 1), 100000)) \u2014 the number of vertices and the number of edges, respectively.\n\nThen m lines follow. Each line contains two integers u and v denoting a directed edge going from vertex u to vertex v (1 \u2264 u, v \u2264 n, u \u2260 v). Each ordered pair (u, v) is listed at most once (there is at most one directed edge from u to v).\n\n\n-----Output-----\n\nIf it is possible to make this graph acyclic by removing at most one edge, print YES. Otherwise, print NO.\n\n\n-----Examples-----\nInput\n3 4\n1 2\n2 3\n3 2\n3 1\n\nOutput\nYES\n\nInput\n5 6\n1 2\n2 3\n3 2\n3 1\n2 1\n4 5\n\nOutput\nNO\n\n\n\n-----Note-----\n\nIn the first example you can remove edge $2 \\rightarrow 3$, and the graph becomes acyclic.\n\nIn the second example you have to remove at least two edges (for example, $2 \\rightarrow 1$ and $2 \\rightarrow 3$) in order to make the graph acyclic.\nUse Standard Input format\nANSWER:\n\n\nAn example of step-by-step clues for finding the longest palindrome substring is displayed below:\n\n```json\n[\n{\"Clue of Step 1\": \"For a substring, if it is a palindrome and the length is greater than 2, it is still a palindrome after the first and last letters are removed. According to this idea, we can use dynamic programming to solve this problem.\"},\n{\"Clue of Step 2\": \"Then we should consider the state transition function. We use P(i,j) to indicate whether the string composed of the i-th to j-th letters of the string s (denoted as as s[i:j]) is a palindrome string. s[i:j] is a palindrome only if s[i+1:j\u22121] is a palindrome and the i and j letters of s are the same.\"},\n{\"Clue of Step 3\": \"We also need to consider the boundary conditions in dynamic programming. For a substring of length 1, it is obviously a palindrome string; For a substring of length 2, it is a palindrome as long as its two letters are the same.\"},\n{\"Clue of Step 4\": \"We also need to consider the the cyclic order of dynamic programming. In the state transition equation, we are moving from a shorter string to a longer string.\"},\n{\"Clue of Step 5\": \"The final answer is the maximum length of the valid sub-strings.\"}\n]\n```\nYou can refer to the following example and generate step-by-step clues for the given problem.\n\n\n-----Clues-----\nClue of Step 1: We should first detect if the graph contains any cycles using a graph traversal algorithm like Depth First Search (DFS) or Breadth First Search (BFS). If we find more than one cycle, it's impossible to make the graph acyclic by removing just one edge.\n", "Clue of Step 2: If there is only one cycle and removing any edge from it makes the graph acyclic, we should output 'YES'. If more than one cycle exists and removing one edge doesn't resolve all cycles, we should output 'NO'.\n", "Clue of Step 2: Implement a Depth First Search (DFS) to explore the graph and keep track of visited nodes and the recursion stack to identify cycles. If we find a back edge during the DFS, we have detected at least one cycle.\n"], ["\nYou will be given a problem desciption.\n\nPlease analyze the problem and generate step-by-step clues of how to solve the problem with executable python code.\n\nThe problem:\n\n\nQUESTION:\nYou are given a directed graph consisting of n vertices and m edges (each edge is directed, so it can be traversed in only one direction). You are allowed to remove at most one edge from it.\n\nCan you make this graph acyclic by removing at most one edge from it? A directed graph is called acyclic iff it doesn't contain any cycle (a non-empty path that starts and ends in the same vertex).\n\n\n-----Input-----\n\nThe first line contains two integers n and m (2 \u2264 n \u2264 500, 1 \u2264 m \u2264 min(n(n - 1), 100000)) \u2014 the number of vertices and the number of edges, respectively.\n\nThen m lines follow. Each line contains two integers u and v denoting a directed edge going from vertex u to vertex v (1 \u2264 u, v \u2264 n, u \u2260 v). Each ordered pair (u, v) is listed at most once (there is at most one directed edge from u to v).\n\n\n-----Output-----\n\nIf it is possible to make this graph acyclic by removing at most one edge, print YES. Otherwise, print NO.\n\n\n-----Examples-----\nInput\n3 4\n1 2\n2 3\n3 2\n3 1\n\nOutput\nYES\n\nInput\n5 6\n1 2\n2 3\n3 2\n3 1\n2 1\n4 5\n\nOutput\nNO\n\n\n\n-----Note-----\n\nIn the first example you can remove edge $2 \\rightarrow 3$, and the graph becomes acyclic.\n\nIn the second example you have to remove at least two edges (for example, $2 \\rightarrow 1$ and $2 \\rightarrow 3$) in order to make the graph acyclic.\nUse Standard Input format\nANSWER:\n\n\nAn example of step-by-step clues for finding the longest palindrome substring is displayed below:\n\n```json\n[\n{\"Clue of Step 1\": \"For a substring, if it is a palindrome and the length is greater than 2, it is still a palindrome after the first and last letters are removed. According to this idea, we can use dynamic programming to solve this problem.\"},\n{\"Clue of Step 2\": \"Then we should consider the state transition function. We use P(i,j) to indicate whether the string composed of the i-th to j-th letters of the string s (denoted as as s[i:j]) is a palindrome string. s[i:j] is a palindrome only if s[i+1:j\u22121] is a palindrome and the i and j letters of s are the same.\"},\n{\"Clue of Step 3\": \"We also need to consider the boundary conditions in dynamic programming. For a substring of length 1, it is obviously a palindrome string; For a substring of length 2, it is a palindrome as long as its two letters are the same.\"},\n{\"Clue of Step 4\": \"We also need to consider the the cyclic order of dynamic programming. In the state transition equation, we are moving from a shorter string to a longer string.\"},\n{\"Clue of Step 5\": \"The final answer is the maximum length of the valid sub-strings.\"}\n]\n```\nYou can refer to the following example and generate step-by-step clues for the given problem.\n\n\n-----Clues-----\nClue of Step 1: Start by identifying all edges that are part of a cycle using a topological sort or DFS. If there is only one cycle in the graph, we might be able to break it by removing one edge. If there are multiple cycles, it's not possible to make the graph acyclic with just one removal.\n", "Clue of Step 2: After finding cycles, for each edge in the cycle, temporarily remove it and check if the resulting graph is acyclic. This can be confirmed again using DFS or Kahn's algorithm for topological sorting.\n", "Clue of Step 2: Implement a Depth-First Search (DFS) to detect cycles in the directed graph. Track visited nodes and the recursion stack to identify nodes that are part of a cycle.\n"], ["\nYou will be given a problem desciption.\n\nPlease analyze the problem and generate step-by-step clues of how to solve the problem with executable python code.\n\nThe problem:\n\n\nQUESTION:\nYou are given a directed graph consisting of n vertices and m edges (each edge is directed, so it can be traversed in only one direction). You are allowed to remove at most one edge from it.\n\nCan you make this graph acyclic by removing at most one edge from it? A directed graph is called acyclic iff it doesn't contain any cycle (a non-empty path that starts and ends in the same vertex).\n\n\n-----Input-----\n\nThe first line contains two integers n and m (2 \u2264 n \u2264 500, 1 \u2264 m \u2264 min(n(n - 1), 100000)) \u2014 the number of vertices and the number of edges, respectively.\n\nThen m lines follow. Each line contains two integers u and v denoting a directed edge going from vertex u to vertex v (1 \u2264 u, v \u2264 n, u \u2260 v). Each ordered pair (u, v) is listed at most once (there is at most one directed edge from u to v).\n\n\n-----Output-----\n\nIf it is possible to make this graph acyclic by removing at most one edge, print YES. Otherwise, print NO.\n\n\n-----Examples-----\nInput\n3 4\n1 2\n2 3\n3 2\n3 1\n\nOutput\nYES\n\nInput\n5 6\n1 2\n2 3\n3 2\n3 1\n2 1\n4 5\n\nOutput\nNO\n\n\n\n-----Note-----\n\nIn the first example you can remove edge $2 \\rightarrow 3$, and the graph becomes acyclic.\n\nIn the second example you have to remove at least two edges (for example, $2 \\rightarrow 1$ and $2 \\rightarrow 3$) in order to make the graph acyclic.\nUse Standard Input format\nANSWER:\n\n\nAn example of step-by-step clues for finding the longest palindrome substring is displayed below:\n\n```json\n[\n{\"Clue of Step 1\": \"For a substring, if it is a palindrome and the length is greater than 2, it is still a palindrome after the first and last letters are removed. According to this idea, we can use dynamic programming to solve this problem.\"},\n{\"Clue of Step 2\": \"Then we should consider the state transition function. We use P(i,j) to indicate whether the string composed of the i-th to j-th letters of the string s (denoted as as s[i:j]) is a palindrome string. s[i:j] is a palindrome only if s[i+1:j\u22121] is a palindrome and the i and j letters of s are the same.\"},\n{\"Clue of Step 3\": \"We also need to consider the boundary conditions in dynamic programming. For a substring of length 1, it is obviously a palindrome string; For a substring of length 2, it is a palindrome as long as its two letters are the same.\"},\n{\"Clue of Step 4\": \"We also need to consider the the cyclic order of dynamic programming. In the state transition equation, we are moving from a shorter string to a longer string.\"},\n{\"Clue of Step 5\": \"The final answer is the maximum length of the valid sub-strings.\"}\n]\n```\nYou can refer to the following example and generate step-by-step clues for the given problem.\n\n\n-----Clues-----\nClue of Step 1: Start by identifying all edges that are part of a cycle using a topological sort or DFS. If there is only one cycle in the graph, we might be able to break it by removing one edge. If there are multiple cycles, it's not possible to make the graph acyclic with just one removal.\n", "Clue of Step 2: After finding cycles, for each edge in the cycle, temporarily remove it and check if the resulting graph is acyclic. This can be confirmed again using DFS or Kahn's algorithm for topological sorting.\n", "Clue of Step 2: After identifying the cycles in the graph, focus on the edges that belong to these cycles. For each cycle, determine if removing any single edge from it would break the cycle. This involves simulating the removal of each edge and checking if the graph becomes acyclic.\n"], ["\nYou will be given a problem desciption.\n\nPlease analyze the problem and generate step-by-step clues of how to solve the problem with executable python code.\n\nThe problem:\n\n\nQUESTION:\nYou are given a directed graph consisting of n vertices and m edges (each edge is directed, so it can be traversed in only one direction). You are allowed to remove at most one edge from it.\n\nCan you make this graph acyclic by removing at most one edge from it? A directed graph is called acyclic iff it doesn't contain any cycle (a non-empty path that starts and ends in the same vertex).\n\n\n-----Input-----\n\nThe first line contains two integers n and m (2 \u2264 n \u2264 500, 1 \u2264 m \u2264 min(n(n - 1), 100000)) \u2014 the number of vertices and the number of edges, respectively.\n\nThen m lines follow. Each line contains two integers u and v denoting a directed edge going from vertex u to vertex v (1 \u2264 u, v \u2264 n, u \u2260 v). Each ordered pair (u, v) is listed at most once (there is at most one directed edge from u to v).\n\n\n-----Output-----\n\nIf it is possible to make this graph acyclic by removing at most one edge, print YES. Otherwise, print NO.\n\n\n-----Examples-----\nInput\n3 4\n1 2\n2 3\n3 2\n3 1\n\nOutput\nYES\n\nInput\n5 6\n1 2\n2 3\n3 2\n3 1\n2 1\n4 5\n\nOutput\nNO\n\n\n\n-----Note-----\n\nIn the first example you can remove edge $2 \\rightarrow 3$, and the graph becomes acyclic.\n\nIn the second example you have to remove at least two edges (for example, $2 \\rightarrow 1$ and $2 \\rightarrow 3$) in order to make the graph acyclic.\nUse Standard Input format\nANSWER:\n\n\nAn example of step-by-step clues for finding the longest palindrome substring is displayed below:\n\n```json\n[\n{\"Clue of Step 1\": \"For a substring, if it is a palindrome and the length is greater than 2, it is still a palindrome after the first and last letters are removed. According to this idea, we can use dynamic programming to solve this problem.\"},\n{\"Clue of Step 2\": \"Then we should consider the state transition function. We use P(i,j) to indicate whether the string composed of the i-th to j-th letters of the string s (denoted as as s[i:j]) is a palindrome string. s[i:j] is a palindrome only if s[i+1:j\u22121] is a palindrome and the i and j letters of s are the same.\"},\n{\"Clue of Step 3\": \"We also need to consider the boundary conditions in dynamic programming. For a substring of length 1, it is obviously a palindrome string; For a substring of length 2, it is a palindrome as long as its two letters are the same.\"},\n{\"Clue of Step 4\": \"We also need to consider the the cyclic order of dynamic programming. In the state transition equation, we are moving from a shorter string to a longer string.\"},\n{\"Clue of Step 5\": \"The final answer is the maximum length of the valid sub-strings.\"}\n]\n```\nYou can refer to the following example and generate step-by-step clues for the given problem.\n\n\n-----Clues-----\nClue of Step 1: Start by identifying all edges that are part of a cycle using a topological sort or DFS. If there is only one cycle in the graph, we might be able to break it by removing one edge. If there are multiple cycles, it's not possible to make the graph acyclic with just one removal.\n", "Clue of Step 2: Consider the possibility of multiple edge removals. If during the cycle detection, more than one edge involved in the cycle is needed to be removed and only one can be removed, conclude that it is impossible to make the graph acyclic with a single edge removal.\n", "Clue of Step 2: Implement a Depth-First Search (DFS) to detect cycles in the directed graph. Track visited nodes and the recursion stack to identify nodes that are part of a cycle.\n"], ["\nYou will be given a problem desciption.\n\nPlease analyze the problem and generate step-by-step clues of how to solve the problem with executable python code.\n\nThe problem:\n\n\nQUESTION:\nYou are given a directed graph consisting of n vertices and m edges (each edge is directed, so it can be traversed in only one direction). You are allowed to remove at most one edge from it.\n\nCan you make this graph acyclic by removing at most one edge from it? A directed graph is called acyclic iff it doesn't contain any cycle (a non-empty path that starts and ends in the same vertex).\n\n\n-----Input-----\n\nThe first line contains two integers n and m (2 \u2264 n \u2264 500, 1 \u2264 m \u2264 min(n(n - 1), 100000)) \u2014 the number of vertices and the number of edges, respectively.\n\nThen m lines follow. Each line contains two integers u and v denoting a directed edge going from vertex u to vertex v (1 \u2264 u, v \u2264 n, u \u2260 v). Each ordered pair (u, v) is listed at most once (there is at most one directed edge from u to v).\n\n\n-----Output-----\n\nIf it is possible to make this graph acyclic by removing at most one edge, print YES. Otherwise, print NO.\n\n\n-----Examples-----\nInput\n3 4\n1 2\n2 3\n3 2\n3 1\n\nOutput\nYES\n\nInput\n5 6\n1 2\n2 3\n3 2\n3 1\n2 1\n4 5\n\nOutput\nNO\n\n\n\n-----Note-----\n\nIn the first example you can remove edge $2 \\rightarrow 3$, and the graph becomes acyclic.\n\nIn the second example you have to remove at least two edges (for example, $2 \\rightarrow 1$ and $2 \\rightarrow 3$) in order to make the graph acyclic.\nUse Standard Input format\nANSWER:\n\n\nAn example of step-by-step clues for finding the longest palindrome substring is displayed below:\n\n```json\n[\n{\"Clue of Step 1\": \"For a substring, if it is a palindrome and the length is greater than 2, it is still a palindrome after the first and last letters are removed. According to this idea, we can use dynamic programming to solve this problem.\"},\n{\"Clue of Step 2\": \"Then we should consider the state transition function. We use P(i,j) to indicate whether the string composed of the i-th to j-th letters of the string s (denoted as as s[i:j]) is a palindrome string. s[i:j] is a palindrome only if s[i+1:j\u22121] is a palindrome and the i and j letters of s are the same.\"},\n{\"Clue of Step 3\": \"We also need to consider the boundary conditions in dynamic programming. For a substring of length 1, it is obviously a palindrome string; For a substring of length 2, it is a palindrome as long as its two letters are the same.\"},\n{\"Clue of Step 4\": \"We also need to consider the the cyclic order of dynamic programming. In the state transition equation, we are moving from a shorter string to a longer string.\"},\n{\"Clue of Step 5\": \"The final answer is the maximum length of the valid sub-strings.\"}\n]\n```\nYou can refer to the following example and generate step-by-step clues for the given problem.\n\n\n-----Clues-----\nClue of Step 1: Start by identifying all edges that are part of a cycle using a topological sort or DFS. If there is only one cycle in the graph, we might be able to break it by removing one edge. If there are multiple cycles, it's not possible to make the graph acyclic with just one removal.\n", "Clue of Step 2: Consider the possibility of multiple edge removals. If during the cycle detection, more than one edge involved in the cycle is needed to be removed and only one can be removed, conclude that it is impossible to make the graph acyclic with a single edge removal.\n", "Clue of Step 2: After identifying the cycles in the graph, focus on the edges that belong to these cycles. For each cycle, determine if removing any single edge from it would break the cycle. This involves simulating the removal of each edge and checking if the graph becomes acyclic.\n"], ["\nYou will be given a problem desciption.\n\nPlease analyze the problem and generate step-by-step clues of how to solve the problem with executable python code.\n\nThe problem:\n\n\nQUESTION:\nYou are given a directed graph consisting of n vertices and m edges (each edge is directed, so it can be traversed in only one direction). You are allowed to remove at most one edge from it.\n\nCan you make this graph acyclic by removing at most one edge from it? A directed graph is called acyclic iff it doesn't contain any cycle (a non-empty path that starts and ends in the same vertex).\n\n\n-----Input-----\n\nThe first line contains two integers n and m (2 \u2264 n \u2264 500, 1 \u2264 m \u2264 min(n(n - 1), 100000)) \u2014 the number of vertices and the number of edges, respectively.\n\nThen m lines follow. Each line contains two integers u and v denoting a directed edge going from vertex u to vertex v (1 \u2264 u, v \u2264 n, u \u2260 v). Each ordered pair (u, v) is listed at most once (there is at most one directed edge from u to v).\n\n\n-----Output-----\n\nIf it is possible to make this graph acyclic by removing at most one edge, print YES. Otherwise, print NO.\n\n\n-----Examples-----\nInput\n3 4\n1 2\n2 3\n3 2\n3 1\n\nOutput\nYES\n\nInput\n5 6\n1 2\n2 3\n3 2\n3 1\n2 1\n4 5\n\nOutput\nNO\n\n\n\n-----Note-----\n\nIn the first example you can remove edge $2 \\rightarrow 3$, and the graph becomes acyclic.\n\nIn the second example you have to remove at least two edges (for example, $2 \\rightarrow 1$ and $2 \\rightarrow 3$) in order to make the graph acyclic.\nUse Standard Input format\nANSWER:\n\n\nAn example of step-by-step clues for finding the longest palindrome substring is displayed below:\n\n```json\n[\n{\"Clue of Step 1\": \"For a substring, if it is a palindrome and the length is greater than 2, it is still a palindrome after the first and last letters are removed. According to this idea, we can use dynamic programming to solve this problem.\"},\n{\"Clue of Step 2\": \"Then we should consider the state transition function. We use P(i,j) to indicate whether the string composed of the i-th to j-th letters of the string s (denoted as as s[i:j]) is a palindrome string. s[i:j] is a palindrome only if s[i+1:j\u22121] is a palindrome and the i and j letters of s are the same.\"},\n{\"Clue of Step 3\": \"We also need to consider the boundary conditions in dynamic programming. For a substring of length 1, it is obviously a palindrome string; For a substring of length 2, it is a palindrome as long as its two letters are the same.\"},\n{\"Clue of Step 4\": \"We also need to consider the the cyclic order of dynamic programming. In the state transition equation, we are moving from a shorter string to a longer string.\"},\n{\"Clue of Step 5\": \"The final answer is the maximum length of the valid sub-strings.\"}\n]\n```\nYou can refer to the following example and generate step-by-step clues for the given problem.\n\n\n-----Clues-----\nClue of Step 1: Start by identifying all edges that are part of a cycle using a topological sort or DFS. If there is only one cycle in the graph, we might be able to break it by removing one edge. If there are multiple cycles, it's not possible to make the graph acyclic with just one removal.\n", "Clue of Step 2: Use Depth First Search (DFS) or a topological sorting algorithm to detect cycles. Once a cycle is found, track which edges are part of the cycle. Then, for each edge in the cycle, temporarily remove it from the graph and check if the graph remains acyclic using a DFS or topological sort.\n", "Clue of Step 2: Implement a Depth-First Search (DFS) to detect cycles in the directed graph. Track visited nodes and the recursion stack to identify nodes that are part of a cycle.\n"], ["\nYou will be given a problem desciption.\n\nPlease analyze the problem and generate step-by-step clues of how to solve the problem with executable python code.\n\nThe problem:\n\n\nQUESTION:\nYou are given a directed graph consisting of n vertices and m edges (each edge is directed, so it can be traversed in only one direction). You are allowed to remove at most one edge from it.\n\nCan you make this graph acyclic by removing at most one edge from it? A directed graph is called acyclic iff it doesn't contain any cycle (a non-empty path that starts and ends in the same vertex).\n\n\n-----Input-----\n\nThe first line contains two integers n and m (2 \u2264 n \u2264 500, 1 \u2264 m \u2264 min(n(n - 1), 100000)) \u2014 the number of vertices and the number of edges, respectively.\n\nThen m lines follow. Each line contains two integers u and v denoting a directed edge going from vertex u to vertex v (1 \u2264 u, v \u2264 n, u \u2260 v). Each ordered pair (u, v) is listed at most once (there is at most one directed edge from u to v).\n\n\n-----Output-----\n\nIf it is possible to make this graph acyclic by removing at most one edge, print YES. Otherwise, print NO.\n\n\n-----Examples-----\nInput\n3 4\n1 2\n2 3\n3 2\n3 1\n\nOutput\nYES\n\nInput\n5 6\n1 2\n2 3\n3 2\n3 1\n2 1\n4 5\n\nOutput\nNO\n\n\n\n-----Note-----\n\nIn the first example you can remove edge $2 \\rightarrow 3$, and the graph becomes acyclic.\n\nIn the second example you have to remove at least two edges (for example, $2 \\rightarrow 1$ and $2 \\rightarrow 3$) in order to make the graph acyclic.\nUse Standard Input format\nANSWER:\n\n\nAn example of step-by-step clues for finding the longest palindrome substring is displayed below:\n\n```json\n[\n{\"Clue of Step 1\": \"For a substring, if it is a palindrome and the length is greater than 2, it is still a palindrome after the first and last letters are removed. According to this idea, we can use dynamic programming to solve this problem.\"},\n{\"Clue of Step 2\": \"Then we should consider the state transition function. We use P(i,j) to indicate whether the string composed of the i-th to j-th letters of the string s (denoted as as s[i:j]) is a palindrome string. s[i:j] is a palindrome only if s[i+1:j\u22121] is a palindrome and the i and j letters of s are the same.\"},\n{\"Clue of Step 3\": \"We also need to consider the boundary conditions in dynamic programming. For a substring of length 1, it is obviously a palindrome string; For a substring of length 2, it is a palindrome as long as its two letters are the same.\"},\n{\"Clue of Step 4\": \"We also need to consider the the cyclic order of dynamic programming. In the state transition equation, we are moving from a shorter string to a longer string.\"},\n{\"Clue of Step 5\": \"The final answer is the maximum length of the valid sub-strings.\"}\n]\n```\nYou can refer to the following example and generate step-by-step clues for the given problem.\n\n\n-----Clues-----\nClue of Step 1: Start by identifying all edges that are part of a cycle using a topological sort or DFS. If there is only one cycle in the graph, we might be able to break it by removing one edge. If there are multiple cycles, it's not possible to make the graph acyclic with just one removal.\n", "Clue of Step 2: Use Depth First Search (DFS) or a topological sorting algorithm to detect cycles. Once a cycle is found, track which edges are part of the cycle. Then, for each edge in the cycle, temporarily remove it from the graph and check if the graph remains acyclic using a DFS or topological sort.\n", "Clue of Step 2: After identifying the cycles in the graph, focus on the edges that belong to these cycles. For each cycle, determine if removing any single edge from it would break the cycle. This involves simulating the removal of each edge and checking if the graph becomes acyclic.\n"], ["\nYou will be given a problem desciption.\n\nPlease analyze the problem and generate step-by-step clues of how to solve the problem with executable python code.\n\nThe problem:\n\n\nQUESTION:\nYou are given a directed graph consisting of n vertices and m edges (each edge is directed, so it can be traversed in only one direction). You are allowed to remove at most one edge from it.\n\nCan you make this graph acyclic by removing at most one edge from it? A directed graph is called acyclic iff it doesn't contain any cycle (a non-empty path that starts and ends in the same vertex).\n\n\n-----Input-----\n\nThe first line contains two integers n and m (2 \u2264 n \u2264 500, 1 \u2264 m \u2264 min(n(n - 1), 100000)) \u2014 the number of vertices and the number of edges, respectively.\n\nThen m lines follow. Each line contains two integers u and v denoting a directed edge going from vertex u to vertex v (1 \u2264 u, v \u2264 n, u \u2260 v). Each ordered pair (u, v) is listed at most once (there is at most one directed edge from u to v).\n\n\n-----Output-----\n\nIf it is possible to make this graph acyclic by removing at most one edge, print YES. Otherwise, print NO.\n\n\n-----Examples-----\nInput\n3 4\n1 2\n2 3\n3 2\n3 1\n\nOutput\nYES\n\nInput\n5 6\n1 2\n2 3\n3 2\n3 1\n2 1\n4 5\n\nOutput\nNO\n\n\n\n-----Note-----\n\nIn the first example you can remove edge $2 \\rightarrow 3$, and the graph becomes acyclic.\n\nIn the second example you have to remove at least two edges (for example, $2 \\rightarrow 1$ and $2 \\rightarrow 3$) in order to make the graph acyclic.\nUse Standard Input format\nANSWER:\n\n\nAn example of step-by-step clues for finding the longest palindrome substring is displayed below:\n\n```json\n[\n{\"Clue of Step 1\": \"For a substring, if it is a palindrome and the length is greater than 2, it is still a palindrome after the first and last letters are removed. According to this idea, we can use dynamic programming to solve this problem.\"},\n{\"Clue of Step 2\": \"Then we should consider the state transition function. We use P(i,j) to indicate whether the string composed of the i-th to j-th letters of the string s (denoted as as s[i:j]) is a palindrome string. s[i:j] is a palindrome only if s[i+1:j\u22121] is a palindrome and the i and j letters of s are the same.\"},\n{\"Clue of Step 3\": \"We also need to consider the boundary conditions in dynamic programming. For a substring of length 1, it is obviously a palindrome string; For a substring of length 2, it is a palindrome as long as its two letters are the same.\"},\n{\"Clue of Step 4\": \"We also need to consider the the cyclic order of dynamic programming. In the state transition equation, we are moving from a shorter string to a longer string.\"},\n{\"Clue of Step 5\": \"The final answer is the maximum length of the valid sub-strings.\"}\n]\n```\nYou can refer to the following example and generate step-by-step clues for the given problem.\n\n\n-----Clues-----\nClue of Step 1: Start by identifying all edges that are part of a cycle using a topological sort or DFS. If there is only one cycle in the graph, we might be able to break it by removing one edge. If there are multiple cycles, it's not possible to make the graph acyclic with just one removal.\n", "Clue of Step 2: Consider using a union-find (disjoint-set) data structure to track connected components and detect cycles. When a cycle is detected, attempt to remove each edge in the cycle and check if it resolves the cycle by seeing if the union-find structure reports no cycles after removal.\n", "Clue of Step 2: Implement a Depth-First Search (DFS) to detect cycles in the directed graph. Track visited nodes and the recursion stack to identify nodes that are part of a cycle.\n"], ["\nYou will be given a problem desciption.\n\nPlease analyze the problem and generate step-by-step clues of how to solve the problem with executable python code.\n\nThe problem:\n\n\nQUESTION:\nYou are given a directed graph consisting of n vertices and m edges (each edge is directed, so it can be traversed in only one direction). You are allowed to remove at most one edge from it.\n\nCan you make this graph acyclic by removing at most one edge from it? A directed graph is called acyclic iff it doesn't contain any cycle (a non-empty path that starts and ends in the same vertex).\n\n\n-----Input-----\n\nThe first line contains two integers n and m (2 \u2264 n \u2264 500, 1 \u2264 m \u2264 min(n(n - 1), 100000)) \u2014 the number of vertices and the number of edges, respectively.\n\nThen m lines follow. Each line contains two integers u and v denoting a directed edge going from vertex u to vertex v (1 \u2264 u, v \u2264 n, u \u2260 v). Each ordered pair (u, v) is listed at most once (there is at most one directed edge from u to v).\n\n\n-----Output-----\n\nIf it is possible to make this graph acyclic by removing at most one edge, print YES. Otherwise, print NO.\n\n\n-----Examples-----\nInput\n3 4\n1 2\n2 3\n3 2\n3 1\n\nOutput\nYES\n\nInput\n5 6\n1 2\n2 3\n3 2\n3 1\n2 1\n4 5\n\nOutput\nNO\n\n\n\n-----Note-----\n\nIn the first example you can remove edge $2 \\rightarrow 3$, and the graph becomes acyclic.\n\nIn the second example you have to remove at least two edges (for example, $2 \\rightarrow 1$ and $2 \\rightarrow 3$) in order to make the graph acyclic.\nUse Standard Input format\nANSWER:\n\n\nAn example of step-by-step clues for finding the longest palindrome substring is displayed below:\n\n```json\n[\n{\"Clue of Step 1\": \"For a substring, if it is a palindrome and the length is greater than 2, it is still a palindrome after the first and last letters are removed. According to this idea, we can use dynamic programming to solve this problem.\"},\n{\"Clue of Step 2\": \"Then we should consider the state transition function. We use P(i,j) to indicate whether the string composed of the i-th to j-th letters of the string s (denoted as as s[i:j]) is a palindrome string. s[i:j] is a palindrome only if s[i+1:j\u22121] is a palindrome and the i and j letters of s are the same.\"},\n{\"Clue of Step 3\": \"We also need to consider the boundary conditions in dynamic programming. For a substring of length 1, it is obviously a palindrome string; For a substring of length 2, it is a palindrome as long as its two letters are the same.\"},\n{\"Clue of Step 4\": \"We also need to consider the the cyclic order of dynamic programming. In the state transition equation, we are moving from a shorter string to a longer string.\"},\n{\"Clue of Step 5\": \"The final answer is the maximum length of the valid sub-strings.\"}\n]\n```\nYou can refer to the following example and generate step-by-step clues for the given problem.\n\n\n-----Clues-----\nClue of Step 1: Start by identifying all edges that are part of a cycle using a topological sort or DFS. If there is only one cycle in the graph, we might be able to break it by removing one edge. If there are multiple cycles, it's not possible to make the graph acyclic with just one removal.\n", "Clue of Step 2: Consider using a union-find (disjoint-set) data structure to track connected components and detect cycles. When a cycle is detected, attempt to remove each edge in the cycle and check if it resolves the cycle by seeing if the union-find structure reports no cycles after removal.\n", "Clue of Step 2: After identifying the cycles in the graph, focus on the edges that belong to these cycles. For each cycle, determine if removing any single edge from it would break the cycle. This involves simulating the removal of each edge and checking if the graph becomes acyclic.\n"], ["\nYou will be given a problem desciption.\n\nPlease analyze the problem and generate step-by-step clues of how to solve the problem with executable python code.\n\nThe problem:\n\n\nQUESTION:\nYou are given a directed graph consisting of n vertices and m edges (each edge is directed, so it can be traversed in only one direction). You are allowed to remove at most one edge from it.\n\nCan you make this graph acyclic by removing at most one edge from it? A directed graph is called acyclic iff it doesn't contain any cycle (a non-empty path that starts and ends in the same vertex).\n\n\n-----Input-----\n\nThe first line contains two integers n and m (2 \u2264 n \u2264 500, 1 \u2264 m \u2264 min(n(n - 1), 100000)) \u2014 the number of vertices and the number of edges, respectively.\n\nThen m lines follow. Each line contains two integers u and v denoting a directed edge going from vertex u to vertex v (1 \u2264 u, v \u2264 n, u \u2260 v). Each ordered pair (u, v) is listed at most once (there is at most one directed edge from u to v).\n\n\n-----Output-----\n\nIf it is possible to make this graph acyclic by removing at most one edge, print YES. Otherwise, print NO.\n\n\n-----Examples-----\nInput\n3 4\n1 2\n2 3\n3 2\n3 1\n\nOutput\nYES\n\nInput\n5 6\n1 2\n2 3\n3 2\n3 1\n2 1\n4 5\n\nOutput\nNO\n\n\n\n-----Note-----\n\nIn the first example you can remove edge $2 \\rightarrow 3$, and the graph becomes acyclic.\n\nIn the second example you have to remove at least two edges (for example, $2 \\rightarrow 1$ and $2 \\rightarrow 3$) in order to make the graph acyclic.\nUse Standard Input format\nANSWER:\n\n\nAn example of step-by-step clues for finding the longest palindrome substring is displayed below:\n\n```json\n[\n{\"Clue of Step 1\": \"For a substring, if it is a palindrome and the length is greater than 2, it is still a palindrome after the first and last letters are removed. According to this idea, we can use dynamic programming to solve this problem.\"},\n{\"Clue of Step 2\": \"Then we should consider the state transition function. We use P(i,j) to indicate whether the string composed of the i-th to j-th letters of the string s (denoted as as s[i:j]) is a palindrome string. s[i:j] is a palindrome only if s[i+1:j\u22121] is a palindrome and the i and j letters of s are the same.\"},\n{\"Clue of Step 3\": \"We also need to consider the boundary conditions in dynamic programming. For a substring of length 1, it is obviously a palindrome string; For a substring of length 2, it is a palindrome as long as its two letters are the same.\"},\n{\"Clue of Step 4\": \"We also need to consider the the cyclic order of dynamic programming. In the state transition equation, we are moving from a shorter string to a longer string.\"},\n{\"Clue of Step 5\": \"The final answer is the maximum length of the valid sub-strings.\"}\n]\n```\nYou can refer to the following example and generate step-by-step clues for the given problem.\n\n\n-----Clues-----\nClue of Step 1: We need to represent the directed graph using an adjacency list or matrix, which will help in processing the edges and performing cycle detection efficiently.\n", "Clue of Step 2: While performing DFS, we should keep track of the visited vertices and the recursion stack to determine if a back edge (which indicates a cycle) is present.\n", "Clue of Step 2: We can perform a cycle detection using Depth-First Search (DFS) to identify cycles in the directed graph.\n"], ["\nYou will be given a problem desciption.\n\nPlease analyze the problem and generate step-by-step clues of how to solve the problem with executable python code.\n\nThe problem:\n\n\nQUESTION:\nYou are given a directed graph consisting of n vertices and m edges (each edge is directed, so it can be traversed in only one direction). You are allowed to remove at most one edge from it.\n\nCan you make this graph acyclic by removing at most one edge from it? A directed graph is called acyclic iff it doesn't contain any cycle (a non-empty path that starts and ends in the same vertex).\n\n\n-----Input-----\n\nThe first line contains two integers n and m (2 \u2264 n \u2264 500, 1 \u2264 m \u2264 min(n(n - 1), 100000)) \u2014 the number of vertices and the number of edges, respectively.\n\nThen m lines follow. Each line contains two integers u and v denoting a directed edge going from vertex u to vertex v (1 \u2264 u, v \u2264 n, u \u2260 v). Each ordered pair (u, v) is listed at most once (there is at most one directed edge from u to v).\n\n\n-----Output-----\n\nIf it is possible to make this graph acyclic by removing at most one edge, print YES. Otherwise, print NO.\n\n\n-----Examples-----\nInput\n3 4\n1 2\n2 3\n3 2\n3 1\n\nOutput\nYES\n\nInput\n5 6\n1 2\n2 3\n3 2\n3 1\n2 1\n4 5\n\nOutput\nNO\n\n\n\n-----Note-----\n\nIn the first example you can remove edge $2 \\rightarrow 3$, and the graph becomes acyclic.\n\nIn the second example you have to remove at least two edges (for example, $2 \\rightarrow 1$ and $2 \\rightarrow 3$) in order to make the graph acyclic.\nUse Standard Input format\nANSWER:\n\n\nAn example of step-by-step clues for finding the longest palindrome substring is displayed below:\n\n```json\n[\n{\"Clue of Step 1\": \"For a substring, if it is a palindrome and the length is greater than 2, it is still a palindrome after the first and last letters are removed. According to this idea, we can use dynamic programming to solve this problem.\"},\n{\"Clue of Step 2\": \"Then we should consider the state transition function. We use P(i,j) to indicate whether the string composed of the i-th to j-th letters of the string s (denoted as as s[i:j]) is a palindrome string. s[i:j] is a palindrome only if s[i+1:j\u22121] is a palindrome and the i and j letters of s are the same.\"},\n{\"Clue of Step 3\": \"We also need to consider the boundary conditions in dynamic programming. For a substring of length 1, it is obviously a palindrome string; For a substring of length 2, it is a palindrome as long as its two letters are the same.\"},\n{\"Clue of Step 4\": \"We also need to consider the the cyclic order of dynamic programming. In the state transition equation, we are moving from a shorter string to a longer string.\"},\n{\"Clue of Step 5\": \"The final answer is the maximum length of the valid sub-strings.\"}\n]\n```\nYou can refer to the following example and generate step-by-step clues for the given problem.\n\n\n-----Clues-----\nClue of Step 1: We need to represent the directed graph using an adjacency list or matrix, which will help in processing the edges and performing cycle detection efficiently.\n", "Clue of Step 2: If we find a cycle during the DFS traversal, we should note the edge that caused the cycle, as this is a candidate for removal to potentially make the graph acyclic.\n", "Clue of Step 2: We can perform a cycle detection using Depth-First Search (DFS) to identify cycles in the directed graph.\n"], ["\nYou will be given a problem desciption.\n\nPlease analyze the problem and generate step-by-step clues of how to solve the problem with executable python code.\n\nThe problem:\n\n\nQUESTION:\nYou are given a directed graph consisting of n vertices and m edges (each edge is directed, so it can be traversed in only one direction). You are allowed to remove at most one edge from it.\n\nCan you make this graph acyclic by removing at most one edge from it? A directed graph is called acyclic iff it doesn't contain any cycle (a non-empty path that starts and ends in the same vertex).\n\n\n-----Input-----\n\nThe first line contains two integers n and m (2 \u2264 n \u2264 500, 1 \u2264 m \u2264 min(n(n - 1), 100000)) \u2014 the number of vertices and the number of edges, respectively.\n\nThen m lines follow. Each line contains two integers u and v denoting a directed edge going from vertex u to vertex v (1 \u2264 u, v \u2264 n, u \u2260 v). Each ordered pair (u, v) is listed at most once (there is at most one directed edge from u to v).\n\n\n-----Output-----\n\nIf it is possible to make this graph acyclic by removing at most one edge, print YES. Otherwise, print NO.\n\n\n-----Examples-----\nInput\n3 4\n1 2\n2 3\n3 2\n3 1\n\nOutput\nYES\n\nInput\n5 6\n1 2\n2 3\n3 2\n3 1\n2 1\n4 5\n\nOutput\nNO\n\n\n\n-----Note-----\n\nIn the first example you can remove edge $2 \\rightarrow 3$, and the graph becomes acyclic.\n\nIn the second example you have to remove at least two edges (for example, $2 \\rightarrow 1$ and $2 \\rightarrow 3$) in order to make the graph acyclic.\nUse Standard Input format\nANSWER:\n\n\nAn example of step-by-step clues for finding the longest palindrome substring is displayed below:\n\n```json\n[\n{\"Clue of Step 1\": \"For a substring, if it is a palindrome and the length is greater than 2, it is still a palindrome after the first and last letters are removed. According to this idea, we can use dynamic programming to solve this problem.\"},\n{\"Clue of Step 2\": \"Then we should consider the state transition function. We use P(i,j) to indicate whether the string composed of the i-th to j-th letters of the string s (denoted as as s[i:j]) is a palindrome string. s[i:j] is a palindrome only if s[i+1:j\u22121] is a palindrome and the i and j letters of s are the same.\"},\n{\"Clue of Step 3\": \"We also need to consider the boundary conditions in dynamic programming. For a substring of length 1, it is obviously a palindrome string; For a substring of length 2, it is a palindrome as long as its two letters are the same.\"},\n{\"Clue of Step 4\": \"We also need to consider the the cyclic order of dynamic programming. In the state transition equation, we are moving from a shorter string to a longer string.\"},\n{\"Clue of Step 5\": \"The final answer is the maximum length of the valid sub-strings.\"}\n]\n```\nYou can refer to the following example and generate step-by-step clues for the given problem.\n\n\n-----Clues-----\nClue of Step 1: We need to represent the directed graph using an adjacency list or matrix, which will help in processing the edges and performing cycle detection efficiently.\n", "Clue of Step 2: To determine if removing at most one edge can make the graph acyclic, we should first detect all cycles in the graph using Depth-First Search (DFS). During DFS, we can track the recursion stack to identify cycles.\n", "Clue of Step 2: We can perform a cycle detection using Depth-First Search (DFS) to identify cycles in the directed graph.\n"], ["\nYou will be given a problem desciption.\n\nPlease analyze the problem and generate step-by-step clues of how to solve the problem with executable python code.\n\nThe problem:\n\n\nQUESTION:\nYou are given a directed graph consisting of n vertices and m edges (each edge is directed, so it can be traversed in only one direction). You are allowed to remove at most one edge from it.\n\nCan you make this graph acyclic by removing at most one edge from it? A directed graph is called acyclic iff it doesn't contain any cycle (a non-empty path that starts and ends in the same vertex).\n\n\n-----Input-----\n\nThe first line contains two integers n and m (2 \u2264 n \u2264 500, 1 \u2264 m \u2264 min(n(n - 1), 100000)) \u2014 the number of vertices and the number of edges, respectively.\n\nThen m lines follow. Each line contains two integers u and v denoting a directed edge going from vertex u to vertex v (1 \u2264 u, v \u2264 n, u \u2260 v). Each ordered pair (u, v) is listed at most once (there is at most one directed edge from u to v).\n\n\n-----Output-----\n\nIf it is possible to make this graph acyclic by removing at most one edge, print YES. Otherwise, print NO.\n\n\n-----Examples-----\nInput\n3 4\n1 2\n2 3\n3 2\n3 1\n\nOutput\nYES\n\nInput\n5 6\n1 2\n2 3\n3 2\n3 1\n2 1\n4 5\n\nOutput\nNO\n\n\n\n-----Note-----\n\nIn the first example you can remove edge $2 \\rightarrow 3$, and the graph becomes acyclic.\n\nIn the second example you have to remove at least two edges (for example, $2 \\rightarrow 1$ and $2 \\rightarrow 3$) in order to make the graph acyclic.\nUse Standard Input format\nANSWER:\n\n\nAn example of step-by-step clues for finding the longest palindrome substring is displayed below:\n\n```json\n[\n{\"Clue of Step 1\": \"For a substring, if it is a palindrome and the length is greater than 2, it is still a palindrome after the first and last letters are removed. According to this idea, we can use dynamic programming to solve this problem.\"},\n{\"Clue of Step 2\": \"Then we should consider the state transition function. We use P(i,j) to indicate whether the string composed of the i-th to j-th letters of the string s (denoted as as s[i:j]) is a palindrome string. s[i:j] is a palindrome only if s[i+1:j\u22121] is a palindrome and the i and j letters of s are the same.\"},\n{\"Clue of Step 3\": \"We also need to consider the boundary conditions in dynamic programming. For a substring of length 1, it is obviously a palindrome string; For a substring of length 2, it is a palindrome as long as its two letters are the same.\"},\n{\"Clue of Step 4\": \"We also need to consider the the cyclic order of dynamic programming. In the state transition equation, we are moving from a shorter string to a longer string.\"},\n{\"Clue of Step 5\": \"The final answer is the maximum length of the valid sub-strings.\"}\n]\n```\nYou can refer to the following example and generate step-by-step clues for the given problem.\n\n\n-----Clues-----\nClue of Step 1: We need to represent the directed graph using an adjacency list or matrix, which will help in processing the edges and performing cycle detection efficiently.\n", "Clue of Step 2: For each detected cycle, we need to check if removing any single edge from that cycle can break the cycle. This involves simulating the removal of each edge in the cycle and ensuring no cycle remains.\n", "Clue of Step 2: We can perform a cycle detection using Depth-First Search (DFS) to identify cycles in the directed graph.\n"], ["\nYou will be given a problem desciption.\n\nPlease analyze the problem and generate step-by-step clues of how to solve the problem with executable python code.\n\nThe problem:\n\n\nQUESTION:\nYou are given a directed graph consisting of n vertices and m edges (each edge is directed, so it can be traversed in only one direction). You are allowed to remove at most one edge from it.\n\nCan you make this graph acyclic by removing at most one edge from it? A directed graph is called acyclic iff it doesn't contain any cycle (a non-empty path that starts and ends in the same vertex).\n\n\n-----Input-----\n\nThe first line contains two integers n and m (2 \u2264 n \u2264 500, 1 \u2264 m \u2264 min(n(n - 1), 100000)) \u2014 the number of vertices and the number of edges, respectively.\n\nThen m lines follow. Each line contains two integers u and v denoting a directed edge going from vertex u to vertex v (1 \u2264 u, v \u2264 n, u \u2260 v). Each ordered pair (u, v) is listed at most once (there is at most one directed edge from u to v).\n\n\n-----Output-----\n\nIf it is possible to make this graph acyclic by removing at most one edge, print YES. Otherwise, print NO.\n\n\n-----Examples-----\nInput\n3 4\n1 2\n2 3\n3 2\n3 1\n\nOutput\nYES\n\nInput\n5 6\n1 2\n2 3\n3 2\n3 1\n2 1\n4 5\n\nOutput\nNO\n\n\n\n-----Note-----\n\nIn the first example you can remove edge $2 \\rightarrow 3$, and the graph becomes acyclic.\n\nIn the second example you have to remove at least two edges (for example, $2 \\rightarrow 1$ and $2 \\rightarrow 3$) in order to make the graph acyclic.\nUse Standard Input format\nANSWER:\n\n\nAn example of step-by-step clues for finding the longest palindrome substring is displayed below:\n\n```json\n[\n{\"Clue of Step 1\": \"For a substring, if it is a palindrome and the length is greater than 2, it is still a palindrome after the first and last letters are removed. According to this idea, we can use dynamic programming to solve this problem.\"},\n{\"Clue of Step 2\": \"Then we should consider the state transition function. We use P(i,j) to indicate whether the string composed of the i-th to j-th letters of the string s (denoted as as s[i:j]) is a palindrome string. s[i:j] is a palindrome only if s[i+1:j\u22121] is a palindrome and the i and j letters of s are the same.\"},\n{\"Clue of Step 3\": \"We also need to consider the boundary conditions in dynamic programming. For a substring of length 1, it is obviously a palindrome string; For a substring of length 2, it is a palindrome as long as its two letters are the same.\"},\n{\"Clue of Step 4\": \"We also need to consider the the cyclic order of dynamic programming. In the state transition equation, we are moving from a shorter string to a longer string.\"},\n{\"Clue of Step 5\": \"The final answer is the maximum length of the valid sub-strings.\"}\n]\n```\nYou can refer to the following example and generate step-by-step clues for the given problem.\n\n\n-----Clues-----\nClue of Step 1: We need to represent the directed graph using an adjacency list or matrix, which will help in processing the edges and performing cycle detection efficiently.\n", "Clue of Step 2: We should maintain a parent-child relationship during DFS to distinguish between back edges (which form cycles) and tree edges. This helps in accurately identifying which edge can be safely removed to make the graph acyclic.\n", "Clue of Step 2: We can perform a cycle detection using Depth-First Search (DFS) to identify cycles in the directed graph.\n"]], "SFT": ["\nYou will be given a problem desciption.\n\nPlease analyze the problem and generate step-by-step clues of how to solve the problem with executable python code.\n\nThe problem:\n\n\nQUESTION:\nYou are given a directed graph consisting of n vertices and m edges (each edge is directed, so it can be traversed in only one direction). You are allowed to remove at most one edge from it.\n\nCan you make this graph acyclic by removing at most one edge from it? A directed graph is called acyclic iff it doesn't contain any cycle (a non-empty path that starts and ends in the same vertex).\n\n\n-----Input-----\n\nThe first line contains two integers n and m (2 \u2264 n \u2264 500, 1 \u2264 m \u2264 min(n(n - 1), 100000)) \u2014 the number of vertices and the number of edges, respectively.\n\nThen m lines follow. Each line contains two integers u and v denoting a directed edge going from vertex u to vertex v (1 \u2264 u, v \u2264 n, u \u2260 v). Each ordered pair (u, v) is listed at most once (there is at most one directed edge from u to v).\n\n\n-----Output-----\n\nIf it is possible to make this graph acyclic by removing at most one edge, print YES. Otherwise, print NO.\n\n\n-----Examples-----\nInput\n3 4\n1 2\n2 3\n3 2\n3 1\n\nOutput\nYES\n\nInput\n5 6\n1 2\n2 3\n3 2\n3 1\n2 1\n4 5\n\nOutput\nNO\n\n\n\n-----Note-----\n\nIn the first example you can remove edge $2 \\rightarrow 3$, and the graph becomes acyclic.\n\nIn the second example you have to remove at least two edges (for example, $2 \\rightarrow 1$ and $2 \\rightarrow 3$) in order to make the graph acyclic.\nUse Standard Input format\nANSWER:\n\n\nAn example of step-by-step clues for finding the longest palindrome substring is displayed below:\n\n```json\n[\n{\"Clue of Step 1\": \"For a substring, if it is a palindrome and the length is greater than 2, it is still a palindrome after the first and last letters are removed. According to this idea, we can use dynamic programming to solve this problem.\"},\n{\"Clue of Step 2\": \"Then we should consider the state transition function. We use P(i,j) to indicate whether the string composed of the i-th to j-th letters of the string s (denoted as as s[i:j]) is a palindrome string. s[i:j] is a palindrome only if s[i+1:j\u22121] is a palindrome and the i and j letters of s are the same.\"},\n{\"Clue of Step 3\": \"We also need to consider the boundary conditions in dynamic programming. For a substring of length 1, it is obviously a palindrome string; For a substring of length 2, it is a palindrome as long as its two letters are the same.\"},\n{\"Clue of Step 4\": \"We also need to consider the the cyclic order of dynamic programming. In the state transition equation, we are moving from a shorter string to a longer string.\"},\n{\"Clue of Step 5\": \"The final answer is the maximum length of the valid sub-strings.\"}\n]\n```\nYou can refer to the following example and generate step-by-step clues for the given problem.\n\n\n-----Clues-----\nClue of Step 1: Start by identifying all edges that are part of a cycle using a topological sort or DFS. If there is only one cycle in the graph, we might be able to break it by removing one edge. If there are multiple cycles, it's not possible to make the graph acyclic with just one removal.\n", "```python\nimport sys\nfrom collections import defaultdict\n\ndef dfs(v, visited, rec_stack, graph):\n    visited[v] = True\n    rec_stack[v] = True\n\n    for neighbor in graph[v]:\n        if not visited[neighbor]:\n            if dfs(neighbor, visited, rec_stack, graph):\n                return True\n        elif rec_stack[neighbor]:\n            return True\n\n    rec_stack[v] = False\n    return False\n\ndef is_cyclic(graph, n):\n    visited = [False] * n\n    rec_stack = [False] * n\n\n    for node in range(n):\n        if not visited[node]:\n            if dfs(node, visited, rec_stack, graph):\n                return True\n    return False\n\ndef can_make_acyclic(n, m, edges):\n    graph = defaultdict(list)\n    \n    for u, v in edges:\n        graph[u - 1].append(v - 1)\n    \n    if not is_cyclic(graph, n):\n        return True\n    \n    for u, v in edges:\n        graph[u - 1].remove(v - 1)\n        if not is_cyclic(graph, n):\n            return True\n        graph[u - 1].append(v - 1)\n    \n    return False\n\ndef main():\n    input = sys.stdin.read\n    data = input().split()\n    \n    n = int(data[0])\n    m = int(data[1])\n    \n    edges = []\n    index = 2\n    for _ in range(m):\n        u = int(data[index])\n        v = int(data[index + 1])\n        edges.append((u, v))\n        index += 2\n    \n    if can_make_acyclic(n, m, edges):\n        print(\"YES\")\n    else:\n        print(\"NO\")\n\nif __name__ == \"__main__\":\n    main()\n```"]}