{"StepDPO": [["\nYou will be given a problem desciption.\n\nPlease analyze the problem and generate step-by-step clues of how to solve the problem with executable python code.\n\nThe problem:\n\n\nQUESTION:\nFind the number of k-divisible numbers on the segment [a, b]. In other words you need to find the number of such integer values x that a \u2264 x \u2264 b and x is divisible by k.\n\n\n-----Input-----\n\nThe only line contains three space-separated integers k, a and b (1 \u2264 k \u2264 10^18; - 10^18 \u2264 a \u2264 b \u2264 10^18).\n\n\n-----Output-----\n\nPrint the required number.\n\n\n-----Examples-----\nInput\n1 1 10\n\nOutput\n10\n\nInput\n2 -4 4\n\nOutput\n5\nUse Standard Input format\nANSWER:\n\n\nAn example of step-by-step clues for finding the longest palindrome substring is displayed below:\n\n```json\n[\n{\"Clue of Step 1\": \"For a substring, if it is a palindrome and the length is greater than 2, it is still a palindrome after the first and last letters are removed. According to this idea, we can use dynamic programming to solve this problem.\"},\n{\"Clue of Step 2\": \"Then we should consider the state transition function. We use P(i,j) to indicate whether the string composed of the i-th to j-th letters of the string s (denoted as as s[i:j]) is a palindrome string. s[i:j] is a palindrome only if s[i+1:j\u22121] is a palindrome and the i and j letters of s are the same.\"},\n{\"Clue of Step 3\": \"We also need to consider the boundary conditions in dynamic programming. For a substring of length 1, it is obviously a palindrome string; For a substring of length 2, it is a palindrome as long as its two letters are the same.\"},\n{\"Clue of Step 4\": \"We also need to consider the the cyclic order of dynamic programming. In the state transition equation, we are moving from a shorter string to a longer string.\"},\n{\"Clue of Step 5\": \"The final answer is the maximum length of the valid sub-strings.\"}\n]\n```\nYou can refer to the following example and generate step-by-step clues for the given problem.\n\n\n-----Clues-----\nClue of Step 1: Similarly, identify the largest integer less than or equal to b that is divisible by k, which can be calculated as b - (b % k).\n", "Clue of Step 2: Now, identify the smallest integer greater than or equal to a that is divisible by k, which can be calculated using the formula a + (k - (a % k)) if a is not already divisible by k.\n", "Clue of Step 2: Calculate the number of integers in the range by finding the integer values corresponding to the smallest and largest multiples of k within [a, b]. If the smallest multiple is greater than b, return 0.\n"], ["\nYou will be given a problem desciption.\n\nPlease analyze the problem and generate step-by-step clues of how to solve the problem with executable python code.\n\nThe problem:\n\n\nQUESTION:\nFind the number of k-divisible numbers on the segment [a, b]. In other words you need to find the number of such integer values x that a \u2264 x \u2264 b and x is divisible by k.\n\n\n-----Input-----\n\nThe only line contains three space-separated integers k, a and b (1 \u2264 k \u2264 10^18; - 10^18 \u2264 a \u2264 b \u2264 10^18).\n\n\n-----Output-----\n\nPrint the required number.\n\n\n-----Examples-----\nInput\n1 1 10\n\nOutput\n10\n\nInput\n2 -4 4\n\nOutput\n5\nUse Standard Input format\nANSWER:\n\n\nAn example of step-by-step clues for finding the longest palindrome substring is displayed below:\n\n```json\n[\n{\"Clue of Step 1\": \"For a substring, if it is a palindrome and the length is greater than 2, it is still a palindrome after the first and last letters are removed. According to this idea, we can use dynamic programming to solve this problem.\"},\n{\"Clue of Step 2\": \"Then we should consider the state transition function. We use P(i,j) to indicate whether the string composed of the i-th to j-th letters of the string s (denoted as as s[i:j]) is a palindrome string. s[i:j] is a palindrome only if s[i+1:j\u22121] is a palindrome and the i and j letters of s are the same.\"},\n{\"Clue of Step 3\": \"We also need to consider the boundary conditions in dynamic programming. For a substring of length 1, it is obviously a palindrome string; For a substring of length 2, it is a palindrome as long as its two letters are the same.\"},\n{\"Clue of Step 4\": \"We also need to consider the the cyclic order of dynamic programming. In the state transition equation, we are moving from a shorter string to a longer string.\"},\n{\"Clue of Step 5\": \"The final answer is the maximum length of the valid sub-strings.\"}\n]\n```\nYou can refer to the following example and generate step-by-step clues for the given problem.\n\n\n-----Clues-----\nClue of Step 1: Similarly, identify the largest integer less than or equal to b that is divisible by k, which can be calculated as b - (b % k).\n", "Clue of Step 2: Now, identify the smallest integer greater than or equal to a that is divisible by k, which can be calculated using the formula a + (k - (a % k)) if a is not already divisible by k.\n", "Clue of Step 2: To find the total count of k-divisible numbers in the segment, use the formula: total_count = (largest_divisible_number // k) - (smallest_divisible_number // k) + 1, and ensure the count is only calculated between the smallest and largest multiples found in previous steps.\n"], ["\nYou will be given a problem desciption.\n\nPlease analyze the problem and generate step-by-step clues of how to solve the problem with executable python code.\n\nThe problem:\n\n\nQUESTION:\nFind the number of k-divisible numbers on the segment [a, b]. In other words you need to find the number of such integer values x that a \u2264 x \u2264 b and x is divisible by k.\n\n\n-----Input-----\n\nThe only line contains three space-separated integers k, a and b (1 \u2264 k \u2264 10^18; - 10^18 \u2264 a \u2264 b \u2264 10^18).\n\n\n-----Output-----\n\nPrint the required number.\n\n\n-----Examples-----\nInput\n1 1 10\n\nOutput\n10\n\nInput\n2 -4 4\n\nOutput\n5\nUse Standard Input format\nANSWER:\n\n\nAn example of step-by-step clues for finding the longest palindrome substring is displayed below:\n\n```json\n[\n{\"Clue of Step 1\": \"For a substring, if it is a palindrome and the length is greater than 2, it is still a palindrome after the first and last letters are removed. According to this idea, we can use dynamic programming to solve this problem.\"},\n{\"Clue of Step 2\": \"Then we should consider the state transition function. We use P(i,j) to indicate whether the string composed of the i-th to j-th letters of the string s (denoted as as s[i:j]) is a palindrome string. s[i:j] is a palindrome only if s[i+1:j\u22121] is a palindrome and the i and j letters of s are the same.\"},\n{\"Clue of Step 3\": \"We also need to consider the boundary conditions in dynamic programming. For a substring of length 1, it is obviously a palindrome string; For a substring of length 2, it is a palindrome as long as its two letters are the same.\"},\n{\"Clue of Step 4\": \"We also need to consider the the cyclic order of dynamic programming. In the state transition equation, we are moving from a shorter string to a longer string.\"},\n{\"Clue of Step 5\": \"The final answer is the maximum length of the valid sub-strings.\"}\n]\n```\nYou can refer to the following example and generate step-by-step clues for the given problem.\n\n\n-----Clues-----\nClue of Step 1: Similarly, identify the largest integer less than or equal to b that is divisible by k, which can be calculated as b - (b % k).\n", "Clue of Step 2: To find the smallest integer greater than or equal to a that is divisible by k, we can use the ceiling function: a + (k - (a % k)) % k. This ensures that we round up to the nearest multiple of k if a is not already divisible by k.\n", "Clue of Step 2: Calculate the number of integers in the range by finding the integer values corresponding to the smallest and largest multiples of k within [a, b]. If the smallest multiple is greater than b, return 0.\n"], ["\nYou will be given a problem desciption.\n\nPlease analyze the problem and generate step-by-step clues of how to solve the problem with executable python code.\n\nThe problem:\n\n\nQUESTION:\nFind the number of k-divisible numbers on the segment [a, b]. In other words you need to find the number of such integer values x that a \u2264 x \u2264 b and x is divisible by k.\n\n\n-----Input-----\n\nThe only line contains three space-separated integers k, a and b (1 \u2264 k \u2264 10^18; - 10^18 \u2264 a \u2264 b \u2264 10^18).\n\n\n-----Output-----\n\nPrint the required number.\n\n\n-----Examples-----\nInput\n1 1 10\n\nOutput\n10\n\nInput\n2 -4 4\n\nOutput\n5\nUse Standard Input format\nANSWER:\n\n\nAn example of step-by-step clues for finding the longest palindrome substring is displayed below:\n\n```json\n[\n{\"Clue of Step 1\": \"For a substring, if it is a palindrome and the length is greater than 2, it is still a palindrome after the first and last letters are removed. According to this idea, we can use dynamic programming to solve this problem.\"},\n{\"Clue of Step 2\": \"Then we should consider the state transition function. We use P(i,j) to indicate whether the string composed of the i-th to j-th letters of the string s (denoted as as s[i:j]) is a palindrome string. s[i:j] is a palindrome only if s[i+1:j\u22121] is a palindrome and the i and j letters of s are the same.\"},\n{\"Clue of Step 3\": \"We also need to consider the boundary conditions in dynamic programming. For a substring of length 1, it is obviously a palindrome string; For a substring of length 2, it is a palindrome as long as its two letters are the same.\"},\n{\"Clue of Step 4\": \"We also need to consider the the cyclic order of dynamic programming. In the state transition equation, we are moving from a shorter string to a longer string.\"},\n{\"Clue of Step 5\": \"The final answer is the maximum length of the valid sub-strings.\"}\n]\n```\nYou can refer to the following example and generate step-by-step clues for the given problem.\n\n\n-----Clues-----\nClue of Step 1: Similarly, identify the largest integer less than or equal to b that is divisible by k, which can be calculated as b - (b % k).\n", "Clue of Step 2: To find the smallest integer greater than or equal to a that is divisible by k, we can use the ceiling function: a + (k - (a % k)) % k. This ensures that we round up to the nearest multiple of k if a is not already divisible by k.\n", "Clue of Step 2: To find the total count of k-divisible numbers in the segment, use the formula: total_count = (largest_divisible_number // k) - (smallest_divisible_number // k) + 1, and ensure the count is only calculated between the smallest and largest multiples found in previous steps.\n"], ["\nYou will be given a problem desciption.\n\nPlease analyze the problem and generate step-by-step clues of how to solve the problem with executable python code.\n\nThe problem:\n\n\nQUESTION:\nFind the number of k-divisible numbers on the segment [a, b]. In other words you need to find the number of such integer values x that a \u2264 x \u2264 b and x is divisible by k.\n\n\n-----Input-----\n\nThe only line contains three space-separated integers k, a and b (1 \u2264 k \u2264 10^18; - 10^18 \u2264 a \u2264 b \u2264 10^18).\n\n\n-----Output-----\n\nPrint the required number.\n\n\n-----Examples-----\nInput\n1 1 10\n\nOutput\n10\n\nInput\n2 -4 4\n\nOutput\n5\nUse Standard Input format\nANSWER:\n\n\nAn example of step-by-step clues for finding the longest palindrome substring is displayed below:\n\n```json\n[\n{\"Clue of Step 1\": \"For a substring, if it is a palindrome and the length is greater than 2, it is still a palindrome after the first and last letters are removed. According to this idea, we can use dynamic programming to solve this problem.\"},\n{\"Clue of Step 2\": \"Then we should consider the state transition function. We use P(i,j) to indicate whether the string composed of the i-th to j-th letters of the string s (denoted as as s[i:j]) is a palindrome string. s[i:j] is a palindrome only if s[i+1:j\u22121] is a palindrome and the i and j letters of s are the same.\"},\n{\"Clue of Step 3\": \"We also need to consider the boundary conditions in dynamic programming. For a substring of length 1, it is obviously a palindrome string; For a substring of length 2, it is a palindrome as long as its two letters are the same.\"},\n{\"Clue of Step 4\": \"We also need to consider the the cyclic order of dynamic programming. In the state transition equation, we are moving from a shorter string to a longer string.\"},\n{\"Clue of Step 5\": \"The final answer is the maximum length of the valid sub-strings.\"}\n]\n```\nYou can refer to the following example and generate step-by-step clues for the given problem.\n\n\n-----Clues-----\nClue of Step 1: Similarly, identify the largest integer less than or equal to b that is divisible by k, which can be calculated as b - (b % k).\n", "Clue of Step 2: Once we have the smallest and largest multiples of k within the range [a, b], the number of multiples of k can be calculated by the formula: ((largest_multiple - smallest_multiple) // k) + 1. This formula counts the number of steps of size k between the smallest and largest multiple, inclusive.\n", "Clue of Step 2: Calculate the number of integers in the range by finding the integer values corresponding to the smallest and largest multiples of k within [a, b]. If the smallest multiple is greater than b, return 0.\n"], ["\nYou will be given a problem desciption.\n\nPlease analyze the problem and generate step-by-step clues of how to solve the problem with executable python code.\n\nThe problem:\n\n\nQUESTION:\nFind the number of k-divisible numbers on the segment [a, b]. In other words you need to find the number of such integer values x that a \u2264 x \u2264 b and x is divisible by k.\n\n\n-----Input-----\n\nThe only line contains three space-separated integers k, a and b (1 \u2264 k \u2264 10^18; - 10^18 \u2264 a \u2264 b \u2264 10^18).\n\n\n-----Output-----\n\nPrint the required number.\n\n\n-----Examples-----\nInput\n1 1 10\n\nOutput\n10\n\nInput\n2 -4 4\n\nOutput\n5\nUse Standard Input format\nANSWER:\n\n\nAn example of step-by-step clues for finding the longest palindrome substring is displayed below:\n\n```json\n[\n{\"Clue of Step 1\": \"For a substring, if it is a palindrome and the length is greater than 2, it is still a palindrome after the first and last letters are removed. According to this idea, we can use dynamic programming to solve this problem.\"},\n{\"Clue of Step 2\": \"Then we should consider the state transition function. We use P(i,j) to indicate whether the string composed of the i-th to j-th letters of the string s (denoted as as s[i:j]) is a palindrome string. s[i:j] is a palindrome only if s[i+1:j\u22121] is a palindrome and the i and j letters of s are the same.\"},\n{\"Clue of Step 3\": \"We also need to consider the boundary conditions in dynamic programming. For a substring of length 1, it is obviously a palindrome string; For a substring of length 2, it is a palindrome as long as its two letters are the same.\"},\n{\"Clue of Step 4\": \"We also need to consider the the cyclic order of dynamic programming. In the state transition equation, we are moving from a shorter string to a longer string.\"},\n{\"Clue of Step 5\": \"The final answer is the maximum length of the valid sub-strings.\"}\n]\n```\nYou can refer to the following example and generate step-by-step clues for the given problem.\n\n\n-----Clues-----\nClue of Step 1: Similarly, identify the largest integer less than or equal to b that is divisible by k, which can be calculated as b - (b % k).\n", "Clue of Step 2: Once we have the smallest and largest multiples of k within the range [a, b], the number of multiples of k can be calculated by the formula: ((largest_multiple - smallest_multiple) // k) + 1. This formula counts the number of steps of size k between the smallest and largest multiple, inclusive.\n", "Clue of Step 2: To find the total count of k-divisible numbers in the segment, use the formula: total_count = (largest_divisible_number // k) - (smallest_divisible_number // k) + 1, and ensure the count is only calculated between the smallest and largest multiples found in previous steps.\n"], ["\nYou will be given a problem desciption.\n\nPlease analyze the problem and generate step-by-step clues of how to solve the problem with executable python code.\n\nThe problem:\n\n\nQUESTION:\nFind the number of k-divisible numbers on the segment [a, b]. In other words you need to find the number of such integer values x that a \u2264 x \u2264 b and x is divisible by k.\n\n\n-----Input-----\n\nThe only line contains three space-separated integers k, a and b (1 \u2264 k \u2264 10^18; - 10^18 \u2264 a \u2264 b \u2264 10^18).\n\n\n-----Output-----\n\nPrint the required number.\n\n\n-----Examples-----\nInput\n1 1 10\n\nOutput\n10\n\nInput\n2 -4 4\n\nOutput\n5\nUse Standard Input format\nANSWER:\n\n\nAn example of step-by-step clues for finding the longest palindrome substring is displayed below:\n\n```json\n[\n{\"Clue of Step 1\": \"For a substring, if it is a palindrome and the length is greater than 2, it is still a palindrome after the first and last letters are removed. According to this idea, we can use dynamic programming to solve this problem.\"},\n{\"Clue of Step 2\": \"Then we should consider the state transition function. We use P(i,j) to indicate whether the string composed of the i-th to j-th letters of the string s (denoted as as s[i:j]) is a palindrome string. s[i:j] is a palindrome only if s[i+1:j\u22121] is a palindrome and the i and j letters of s are the same.\"},\n{\"Clue of Step 3\": \"We also need to consider the boundary conditions in dynamic programming. For a substring of length 1, it is obviously a palindrome string; For a substring of length 2, it is a palindrome as long as its two letters are the same.\"},\n{\"Clue of Step 4\": \"We also need to consider the the cyclic order of dynamic programming. In the state transition equation, we are moving from a shorter string to a longer string.\"},\n{\"Clue of Step 5\": \"The final answer is the maximum length of the valid sub-strings.\"}\n]\n```\nYou can refer to the following example and generate step-by-step clues for the given problem.\n\n\n-----Clues-----\nClue of Step 1: Similarly, identify the largest integer less than or equal to b that is divisible by k, which can be calculated as b - (b % k).\n", "Clue of Step 2: We need to handle edge cases where a or b are negative or when a is exactly a multiple of k. Using modulo operations carefully will help in these edge cases, ensuring we always count the multiples correctly even when a or b are negative.\n", "Clue of Step 2: Calculate the number of integers in the range by finding the integer values corresponding to the smallest and largest multiples of k within [a, b]. If the smallest multiple is greater than b, return 0.\n"], ["\nYou will be given a problem desciption.\n\nPlease analyze the problem and generate step-by-step clues of how to solve the problem with executable python code.\n\nThe problem:\n\n\nQUESTION:\nFind the number of k-divisible numbers on the segment [a, b]. In other words you need to find the number of such integer values x that a \u2264 x \u2264 b and x is divisible by k.\n\n\n-----Input-----\n\nThe only line contains three space-separated integers k, a and b (1 \u2264 k \u2264 10^18; - 10^18 \u2264 a \u2264 b \u2264 10^18).\n\n\n-----Output-----\n\nPrint the required number.\n\n\n-----Examples-----\nInput\n1 1 10\n\nOutput\n10\n\nInput\n2 -4 4\n\nOutput\n5\nUse Standard Input format\nANSWER:\n\n\nAn example of step-by-step clues for finding the longest palindrome substring is displayed below:\n\n```json\n[\n{\"Clue of Step 1\": \"For a substring, if it is a palindrome and the length is greater than 2, it is still a palindrome after the first and last letters are removed. According to this idea, we can use dynamic programming to solve this problem.\"},\n{\"Clue of Step 2\": \"Then we should consider the state transition function. We use P(i,j) to indicate whether the string composed of the i-th to j-th letters of the string s (denoted as as s[i:j]) is a palindrome string. s[i:j] is a palindrome only if s[i+1:j\u22121] is a palindrome and the i and j letters of s are the same.\"},\n{\"Clue of Step 3\": \"We also need to consider the boundary conditions in dynamic programming. For a substring of length 1, it is obviously a palindrome string; For a substring of length 2, it is a palindrome as long as its two letters are the same.\"},\n{\"Clue of Step 4\": \"We also need to consider the the cyclic order of dynamic programming. In the state transition equation, we are moving from a shorter string to a longer string.\"},\n{\"Clue of Step 5\": \"The final answer is the maximum length of the valid sub-strings.\"}\n]\n```\nYou can refer to the following example and generate step-by-step clues for the given problem.\n\n\n-----Clues-----\nClue of Step 1: Similarly, identify the largest integer less than or equal to b that is divisible by k, which can be calculated as b - (b % k).\n", "Clue of Step 2: We need to handle edge cases where a or b are negative or when a is exactly a multiple of k. Using modulo operations carefully will help in these edge cases, ensuring we always count the multiples correctly even when a or b are negative.\n", "Clue of Step 2: To find the total count of k-divisible numbers in the segment, use the formula: total_count = (largest_divisible_number // k) - (smallest_divisible_number // k) + 1, and ensure the count is only calculated between the smallest and largest multiples found in previous steps.\n"]], "SFT": ["\nYou will be given a problem desciption.\n\nPlease analyze the problem and generate step-by-step clues of how to solve the problem with executable python code.\n\nThe problem:\n\n\nQUESTION:\nFind the number of k-divisible numbers on the segment [a, b]. In other words you need to find the number of such integer values x that a \u2264 x \u2264 b and x is divisible by k.\n\n\n-----Input-----\n\nThe only line contains three space-separated integers k, a and b (1 \u2264 k \u2264 10^18; - 10^18 \u2264 a \u2264 b \u2264 10^18).\n\n\n-----Output-----\n\nPrint the required number.\n\n\n-----Examples-----\nInput\n1 1 10\n\nOutput\n10\n\nInput\n2 -4 4\n\nOutput\n5\nUse Standard Input format\nANSWER:\n\n\nAn example of step-by-step clues for finding the longest palindrome substring is displayed below:\n\n```json\n[\n{\"Clue of Step 1\": \"For a substring, if it is a palindrome and the length is greater than 2, it is still a palindrome after the first and last letters are removed. According to this idea, we can use dynamic programming to solve this problem.\"},\n{\"Clue of Step 2\": \"Then we should consider the state transition function. We use P(i,j) to indicate whether the string composed of the i-th to j-th letters of the string s (denoted as as s[i:j]) is a palindrome string. s[i:j] is a palindrome only if s[i+1:j\u22121] is a palindrome and the i and j letters of s are the same.\"},\n{\"Clue of Step 3\": \"We also need to consider the boundary conditions in dynamic programming. For a substring of length 1, it is obviously a palindrome string; For a substring of length 2, it is a palindrome as long as its two letters are the same.\"},\n{\"Clue of Step 4\": \"We also need to consider the the cyclic order of dynamic programming. In the state transition equation, we are moving from a shorter string to a longer string.\"},\n{\"Clue of Step 5\": \"The final answer is the maximum length of the valid sub-strings.\"}\n]\n```\nYou can refer to the following example and generate step-by-step clues for the given problem.\n\n\n-----Clues-----\nClue of Step 1: Similarly, identify the largest integer less than or equal to b that is divisible by k, which can be calculated as b - (b % k).\n", "```python\ndef count_k_divisible_numbers(k, a, b):\n    # Find the smallest integer greater than or equal to a that is divisible by k\n    if a % k == 0:\n        start = a\n    else:\n        start = a + (k - (a % k))\n\n    # Find the largest integer smaller than or equal to b that is divisible by k\n    if b % k == 0:\n        end = b\n    else:\n        end = b - (b % k)\n\n    # Calculate the count of numbers between start and end, inclusive, that are divisible by k\n    if start > b or end < a:\n        return 0\n    else:\n        return ((end - start) // k) + 1\n\n# Read input\nk, a, b = map(int, input().split())\n\n# Output the result\nprint(count_k_divisible_numbers(k, a, b))\n```"]}