{"StepDPO": [["\nYou will be given a problem desciption.\n\nPlease analyze the problem and generate step-by-step clues of how to solve the problem with executable python code.\n\nThe problem:\n\n\nQUESTION:\nYou are given two strings a and b. You have to remove the minimum possible number of consecutive (standing one after another) characters from string b in such a way that it becomes a subsequence of string a. It can happen that you will not need to remove any characters at all, or maybe you will have to remove all of the characters from b and make it empty.\n\nSubsequence of string s is any such string that can be obtained by erasing zero or more characters (not necessarily consecutive) from string s.\n\n\n-----Input-----\n\nThe first line contains string a, and the second line\u00a0\u2014 string b. Both of these strings are nonempty and consist of lowercase letters of English alphabet. The length of each string is no bigger than 10^5 characters.\n\n\n-----Output-----\n\nOn the first line output a subsequence of string a, obtained from b by erasing the minimum number of consecutive characters.\n\nIf the answer consists of zero characters, output \u00ab-\u00bb (a minus sign).\n\n\n-----Examples-----\nInput\nhi\nbob\n\nOutput\n-\n\nInput\nabca\naccepted\n\nOutput\nac\n\nInput\nabacaba\nabcdcba\n\nOutput\nabcba\n\n\n\n-----Note-----\n\nIn the first example strings a and b don't share any symbols, so the longest string that you can get is empty.\n\nIn the second example ac is a subsequence of a, and at the same time you can obtain it by erasing consecutive symbols cepted from string b.\nUse Standard Input format\nANSWER:\n\n\nAn example of step-by-step clues for finding the longest palindrome substring is displayed below:\n\n```json\n[\n{\"Clue of Step 1\": \"For a substring, if it is a palindrome and the length is greater than 2, it is still a palindrome after the first and last letters are removed. According to this idea, we can use dynamic programming to solve this problem.\"},\n{\"Clue of Step 2\": \"Then we should consider the state transition function. We use P(i,j) to indicate whether the string composed of the i-th to j-th letters of the string s (denoted as as s[i:j]) is a palindrome string. s[i:j] is a palindrome only if s[i+1:j\u22121] is a palindrome and the i and j letters of s are the same.\"},\n{\"Clue of Step 3\": \"We also need to consider the boundary conditions in dynamic programming. For a substring of length 1, it is obviously a palindrome string; For a substring of length 2, it is a palindrome as long as its two letters are the same.\"},\n{\"Clue of Step 4\": \"We also need to consider the the cyclic order of dynamic programming. In the state transition equation, we are moving from a shorter string to a longer string.\"},\n{\"Clue of Step 5\": \"The final answer is the maximum length of the valid sub-strings.\"}\n]\n```\nYou can refer to the following example and generate step-by-step clues for the given problem.\n\n\n-----Clues-----\nClue of Step 1: We can start by checking all possible substrings of string b and remove consecutive characters from it, then check if the resulting string is a subsequence of string a.\n", "Clue of Step 2: We can iterate through all possible starting and ending indices of the characters in string b, which will help us to generate all possible substrings.\n", "Clue of Step 2: We should use a two-pointer technique to traverse through string a and string b simultaneously. One pointer can be used for string a, and another pointer for string b, trying to match as many characters as possible from b to a.\n"], ["\nYou will be given a problem desciption.\n\nPlease analyze the problem and generate step-by-step clues of how to solve the problem with executable python code.\n\nThe problem:\n\n\nQUESTION:\nYou are given two strings a and b. You have to remove the minimum possible number of consecutive (standing one after another) characters from string b in such a way that it becomes a subsequence of string a. It can happen that you will not need to remove any characters at all, or maybe you will have to remove all of the characters from b and make it empty.\n\nSubsequence of string s is any such string that can be obtained by erasing zero or more characters (not necessarily consecutive) from string s.\n\n\n-----Input-----\n\nThe first line contains string a, and the second line\u00a0\u2014 string b. Both of these strings are nonempty and consist of lowercase letters of English alphabet. The length of each string is no bigger than 10^5 characters.\n\n\n-----Output-----\n\nOn the first line output a subsequence of string a, obtained from b by erasing the minimum number of consecutive characters.\n\nIf the answer consists of zero characters, output \u00ab-\u00bb (a minus sign).\n\n\n-----Examples-----\nInput\nhi\nbob\n\nOutput\n-\n\nInput\nabca\naccepted\n\nOutput\nac\n\nInput\nabacaba\nabcdcba\n\nOutput\nabcba\n\n\n\n-----Note-----\n\nIn the first example strings a and b don't share any symbols, so the longest string that you can get is empty.\n\nIn the second example ac is a subsequence of a, and at the same time you can obtain it by erasing consecutive symbols cepted from string b.\nUse Standard Input format\nANSWER:\n\n\nAn example of step-by-step clues for finding the longest palindrome substring is displayed below:\n\n```json\n[\n{\"Clue of Step 1\": \"For a substring, if it is a palindrome and the length is greater than 2, it is still a palindrome after the first and last letters are removed. According to this idea, we can use dynamic programming to solve this problem.\"},\n{\"Clue of Step 2\": \"Then we should consider the state transition function. We use P(i,j) to indicate whether the string composed of the i-th to j-th letters of the string s (denoted as as s[i:j]) is a palindrome string. s[i:j] is a palindrome only if s[i+1:j\u22121] is a palindrome and the i and j letters of s are the same.\"},\n{\"Clue of Step 3\": \"We also need to consider the boundary conditions in dynamic programming. For a substring of length 1, it is obviously a palindrome string; For a substring of length 2, it is a palindrome as long as its two letters are the same.\"},\n{\"Clue of Step 4\": \"We also need to consider the the cyclic order of dynamic programming. In the state transition equation, we are moving from a shorter string to a longer string.\"},\n{\"Clue of Step 5\": \"The final answer is the maximum length of the valid sub-strings.\"}\n]\n```\nYou can refer to the following example and generate step-by-step clues for the given problem.\n\n\n-----Clues-----\nClue of Step 1: We can start by checking all possible substrings of string b and remove consecutive characters from it, then check if the resulting string is a subsequence of string a.\n", "Clue of Step 2: For each generated substring, we will check if it can be considered as a subsequence of string a by using a helper function that implements a two-pointer technique.\n", "Clue of Step 2: We should use a two-pointer technique to traverse through string a and string b simultaneously. One pointer can be used for string a, and another pointer for string b, trying to match as many characters as possible from b to a.\n"], ["\nYou will be given a problem desciption.\n\nPlease analyze the problem and generate step-by-step clues of how to solve the problem with executable python code.\n\nThe problem:\n\n\nQUESTION:\nYou are given two strings a and b. You have to remove the minimum possible number of consecutive (standing one after another) characters from string b in such a way that it becomes a subsequence of string a. It can happen that you will not need to remove any characters at all, or maybe you will have to remove all of the characters from b and make it empty.\n\nSubsequence of string s is any such string that can be obtained by erasing zero or more characters (not necessarily consecutive) from string s.\n\n\n-----Input-----\n\nThe first line contains string a, and the second line\u00a0\u2014 string b. Both of these strings are nonempty and consist of lowercase letters of English alphabet. The length of each string is no bigger than 10^5 characters.\n\n\n-----Output-----\n\nOn the first line output a subsequence of string a, obtained from b by erasing the minimum number of consecutive characters.\n\nIf the answer consists of zero characters, output \u00ab-\u00bb (a minus sign).\n\n\n-----Examples-----\nInput\nhi\nbob\n\nOutput\n-\n\nInput\nabca\naccepted\n\nOutput\nac\n\nInput\nabacaba\nabcdcba\n\nOutput\nabcba\n\n\n\n-----Note-----\n\nIn the first example strings a and b don't share any symbols, so the longest string that you can get is empty.\n\nIn the second example ac is a subsequence of a, and at the same time you can obtain it by erasing consecutive symbols cepted from string b.\nUse Standard Input format\nANSWER:\n\n\nAn example of step-by-step clues for finding the longest palindrome substring is displayed below:\n\n```json\n[\n{\"Clue of Step 1\": \"For a substring, if it is a palindrome and the length is greater than 2, it is still a palindrome after the first and last letters are removed. According to this idea, we can use dynamic programming to solve this problem.\"},\n{\"Clue of Step 2\": \"Then we should consider the state transition function. We use P(i,j) to indicate whether the string composed of the i-th to j-th letters of the string s (denoted as as s[i:j]) is a palindrome string. s[i:j] is a palindrome only if s[i+1:j\u22121] is a palindrome and the i and j letters of s are the same.\"},\n{\"Clue of Step 3\": \"We also need to consider the boundary conditions in dynamic programming. For a substring of length 1, it is obviously a palindrome string; For a substring of length 2, it is a palindrome as long as its two letters are the same.\"},\n{\"Clue of Step 4\": \"We also need to consider the the cyclic order of dynamic programming. In the state transition equation, we are moving from a shorter string to a longer string.\"},\n{\"Clue of Step 5\": \"The final answer is the maximum length of the valid sub-strings.\"}\n]\n```\nYou can refer to the following example and generate step-by-step clues for the given problem.\n\n\n-----Clues-----\nClue of Step 1: We can start by checking all possible substrings of string b and remove consecutive characters from it, then check if the resulting string is a subsequence of string a.\n", "Clue of Step 2: We need to keep track of the longest valid subsequence found during our checks and compare them to output the final answer after processing all substrings.\n", "Clue of Step 2: We should use a two-pointer technique to traverse through string a and string b simultaneously. One pointer can be used for string a, and another pointer for string b, trying to match as many characters as possible from b to a.\n"], ["\nYou will be given a problem desciption.\n\nPlease analyze the problem and generate step-by-step clues of how to solve the problem with executable python code.\n\nThe problem:\n\n\nQUESTION:\nYou are given two strings a and b. You have to remove the minimum possible number of consecutive (standing one after another) characters from string b in such a way that it becomes a subsequence of string a. It can happen that you will not need to remove any characters at all, or maybe you will have to remove all of the characters from b and make it empty.\n\nSubsequence of string s is any such string that can be obtained by erasing zero or more characters (not necessarily consecutive) from string s.\n\n\n-----Input-----\n\nThe first line contains string a, and the second line\u00a0\u2014 string b. Both of these strings are nonempty and consist of lowercase letters of English alphabet. The length of each string is no bigger than 10^5 characters.\n\n\n-----Output-----\n\nOn the first line output a subsequence of string a, obtained from b by erasing the minimum number of consecutive characters.\n\nIf the answer consists of zero characters, output \u00ab-\u00bb (a minus sign).\n\n\n-----Examples-----\nInput\nhi\nbob\n\nOutput\n-\n\nInput\nabca\naccepted\n\nOutput\nac\n\nInput\nabacaba\nabcdcba\n\nOutput\nabcba\n\n\n\n-----Note-----\n\nIn the first example strings a and b don't share any symbols, so the longest string that you can get is empty.\n\nIn the second example ac is a subsequence of a, and at the same time you can obtain it by erasing consecutive symbols cepted from string b.\nUse Standard Input format\nANSWER:\n\n\nAn example of step-by-step clues for finding the longest palindrome substring is displayed below:\n\n```json\n[\n{\"Clue of Step 1\": \"For a substring, if it is a palindrome and the length is greater than 2, it is still a palindrome after the first and last letters are removed. According to this idea, we can use dynamic programming to solve this problem.\"},\n{\"Clue of Step 2\": \"Then we should consider the state transition function. We use P(i,j) to indicate whether the string composed of the i-th to j-th letters of the string s (denoted as as s[i:j]) is a palindrome string. s[i:j] is a palindrome only if s[i+1:j\u22121] is a palindrome and the i and j letters of s are the same.\"},\n{\"Clue of Step 3\": \"We also need to consider the boundary conditions in dynamic programming. For a substring of length 1, it is obviously a palindrome string; For a substring of length 2, it is a palindrome as long as its two letters are the same.\"},\n{\"Clue of Step 4\": \"We also need to consider the the cyclic order of dynamic programming. In the state transition equation, we are moving from a shorter string to a longer string.\"},\n{\"Clue of Step 5\": \"The final answer is the maximum length of the valid sub-strings.\"}\n]\n```\nYou can refer to the following example and generate step-by-step clues for the given problem.\n\n\n-----Clues-----\nClue of Step 1: We can start by checking all possible substrings of string b and remove consecutive characters from it, then check if the resulting string is a subsequence of string a.\n", "Clue of Step 2: We can iterate through each character of string a and try to find a match in string b. When a match is found in b, we move forward in both strings; otherwise, we only move forward in string b to skip consecutive characters.\n", "Clue of Step 2: We should use a two-pointer technique to traverse through string a and string b simultaneously. One pointer can be used for string a, and another pointer for string b, trying to match as many characters as possible from b to a.\n"], ["\nYou will be given a problem desciption.\n\nPlease analyze the problem and generate step-by-step clues of how to solve the problem with executable python code.\n\nThe problem:\n\n\nQUESTION:\nYou are given two strings a and b. You have to remove the minimum possible number of consecutive (standing one after another) characters from string b in such a way that it becomes a subsequence of string a. It can happen that you will not need to remove any characters at all, or maybe you will have to remove all of the characters from b and make it empty.\n\nSubsequence of string s is any such string that can be obtained by erasing zero or more characters (not necessarily consecutive) from string s.\n\n\n-----Input-----\n\nThe first line contains string a, and the second line\u00a0\u2014 string b. Both of these strings are nonempty and consist of lowercase letters of English alphabet. The length of each string is no bigger than 10^5 characters.\n\n\n-----Output-----\n\nOn the first line output a subsequence of string a, obtained from b by erasing the minimum number of consecutive characters.\n\nIf the answer consists of zero characters, output \u00ab-\u00bb (a minus sign).\n\n\n-----Examples-----\nInput\nhi\nbob\n\nOutput\n-\n\nInput\nabca\naccepted\n\nOutput\nac\n\nInput\nabacaba\nabcdcba\n\nOutput\nabcba\n\n\n\n-----Note-----\n\nIn the first example strings a and b don't share any symbols, so the longest string that you can get is empty.\n\nIn the second example ac is a subsequence of a, and at the same time you can obtain it by erasing consecutive symbols cepted from string b.\nUse Standard Input format\nANSWER:\n\n\nAn example of step-by-step clues for finding the longest palindrome substring is displayed below:\n\n```json\n[\n{\"Clue of Step 1\": \"For a substring, if it is a palindrome and the length is greater than 2, it is still a palindrome after the first and last letters are removed. According to this idea, we can use dynamic programming to solve this problem.\"},\n{\"Clue of Step 2\": \"Then we should consider the state transition function. We use P(i,j) to indicate whether the string composed of the i-th to j-th letters of the string s (denoted as as s[i:j]) is a palindrome string. s[i:j] is a palindrome only if s[i+1:j\u22121] is a palindrome and the i and j letters of s are the same.\"},\n{\"Clue of Step 3\": \"We also need to consider the boundary conditions in dynamic programming. For a substring of length 1, it is obviously a palindrome string; For a substring of length 2, it is a palindrome as long as its two letters are the same.\"},\n{\"Clue of Step 4\": \"We also need to consider the the cyclic order of dynamic programming. In the state transition equation, we are moving from a shorter string to a longer string.\"},\n{\"Clue of Step 5\": \"The final answer is the maximum length of the valid sub-strings.\"}\n]\n```\nYou can refer to the following example and generate step-by-step clues for the given problem.\n\n\n-----Clues-----\nClue of Step 1: We can start by checking all possible substrings of string b and remove consecutive characters from it, then check if the resulting string is a subsequence of string a.\n", "Clue of Step 2: A greedy approach can be applied to keep track of the longest subsequence of b that can be formed by removing the minimum number of consecutive characters. This involves scanning string a and trying to include as many characters of b as possible in the subsequence.\n", "Clue of Step 2: We should use a two-pointer technique to traverse through string a and string b simultaneously. One pointer can be used for string a, and another pointer for string b, trying to match as many characters as possible from b to a.\n"], ["\nYou will be given a problem desciption.\n\nPlease analyze the problem and generate step-by-step clues of how to solve the problem with executable python code.\n\nThe problem:\n\n\nQUESTION:\nYou are given two strings a and b. You have to remove the minimum possible number of consecutive (standing one after another) characters from string b in such a way that it becomes a subsequence of string a. It can happen that you will not need to remove any characters at all, or maybe you will have to remove all of the characters from b and make it empty.\n\nSubsequence of string s is any such string that can be obtained by erasing zero or more characters (not necessarily consecutive) from string s.\n\n\n-----Input-----\n\nThe first line contains string a, and the second line\u00a0\u2014 string b. Both of these strings are nonempty and consist of lowercase letters of English alphabet. The length of each string is no bigger than 10^5 characters.\n\n\n-----Output-----\n\nOn the first line output a subsequence of string a, obtained from b by erasing the minimum number of consecutive characters.\n\nIf the answer consists of zero characters, output \u00ab-\u00bb (a minus sign).\n\n\n-----Examples-----\nInput\nhi\nbob\n\nOutput\n-\n\nInput\nabca\naccepted\n\nOutput\nac\n\nInput\nabacaba\nabcdcba\n\nOutput\nabcba\n\n\n\n-----Note-----\n\nIn the first example strings a and b don't share any symbols, so the longest string that you can get is empty.\n\nIn the second example ac is a subsequence of a, and at the same time you can obtain it by erasing consecutive symbols cepted from string b.\nUse Standard Input format\nANSWER:\n\n\nAn example of step-by-step clues for finding the longest palindrome substring is displayed below:\n\n```json\n[\n{\"Clue of Step 1\": \"For a substring, if it is a palindrome and the length is greater than 2, it is still a palindrome after the first and last letters are removed. According to this idea, we can use dynamic programming to solve this problem.\"},\n{\"Clue of Step 2\": \"Then we should consider the state transition function. We use P(i,j) to indicate whether the string composed of the i-th to j-th letters of the string s (denoted as as s[i:j]) is a palindrome string. s[i:j] is a palindrome only if s[i+1:j\u22121] is a palindrome and the i and j letters of s are the same.\"},\n{\"Clue of Step 3\": \"We also need to consider the boundary conditions in dynamic programming. For a substring of length 1, it is obviously a palindrome string; For a substring of length 2, it is a palindrome as long as its two letters are the same.\"},\n{\"Clue of Step 4\": \"We also need to consider the the cyclic order of dynamic programming. In the state transition equation, we are moving from a shorter string to a longer string.\"},\n{\"Clue of Step 5\": \"The final answer is the maximum length of the valid sub-strings.\"}\n]\n```\nYou can refer to the following example and generate step-by-step clues for the given problem.\n\n\n-----Clues-----\nClue of Step 1: We can use a two-pointer approach where one pointer traverses through string a and the other through string b. The goal is to match as many characters of b to a as possible, effectively finding the longest subsequence of b that can be formed from a.\n", "Clue of Step 2: We should iterate through all possible starting points in string b and for each point, attempt to match characters consecutively from b to a using the two-pointer approach.\n", "Clue of Step 2: We need to keep track of the indices in string a using the first pointer and the index in string b using the second pointer to identify matches and record the longest subsequence found.\n"], ["\nYou will be given a problem desciption.\n\nPlease analyze the problem and generate step-by-step clues of how to solve the problem with executable python code.\n\nThe problem:\n\n\nQUESTION:\nYou are given two strings a and b. You have to remove the minimum possible number of consecutive (standing one after another) characters from string b in such a way that it becomes a subsequence of string a. It can happen that you will not need to remove any characters at all, or maybe you will have to remove all of the characters from b and make it empty.\n\nSubsequence of string s is any such string that can be obtained by erasing zero or more characters (not necessarily consecutive) from string s.\n\n\n-----Input-----\n\nThe first line contains string a, and the second line\u00a0\u2014 string b. Both of these strings are nonempty and consist of lowercase letters of English alphabet. The length of each string is no bigger than 10^5 characters.\n\n\n-----Output-----\n\nOn the first line output a subsequence of string a, obtained from b by erasing the minimum number of consecutive characters.\n\nIf the answer consists of zero characters, output \u00ab-\u00bb (a minus sign).\n\n\n-----Examples-----\nInput\nhi\nbob\n\nOutput\n-\n\nInput\nabca\naccepted\n\nOutput\nac\n\nInput\nabacaba\nabcdcba\n\nOutput\nabcba\n\n\n\n-----Note-----\n\nIn the first example strings a and b don't share any symbols, so the longest string that you can get is empty.\n\nIn the second example ac is a subsequence of a, and at the same time you can obtain it by erasing consecutive symbols cepted from string b.\nUse Standard Input format\nANSWER:\n\n\nAn example of step-by-step clues for finding the longest palindrome substring is displayed below:\n\n```json\n[\n{\"Clue of Step 1\": \"For a substring, if it is a palindrome and the length is greater than 2, it is still a palindrome after the first and last letters are removed. According to this idea, we can use dynamic programming to solve this problem.\"},\n{\"Clue of Step 2\": \"Then we should consider the state transition function. We use P(i,j) to indicate whether the string composed of the i-th to j-th letters of the string s (denoted as as s[i:j]) is a palindrome string. s[i:j] is a palindrome only if s[i+1:j\u22121] is a palindrome and the i and j letters of s are the same.\"},\n{\"Clue of Step 3\": \"We also need to consider the boundary conditions in dynamic programming. For a substring of length 1, it is obviously a palindrome string; For a substring of length 2, it is a palindrome as long as its two letters are the same.\"},\n{\"Clue of Step 4\": \"We also need to consider the the cyclic order of dynamic programming. In the state transition equation, we are moving from a shorter string to a longer string.\"},\n{\"Clue of Step 5\": \"The final answer is the maximum length of the valid sub-strings.\"}\n]\n```\nYou can refer to the following example and generate step-by-step clues for the given problem.\n\n\n-----Clues-----\nClue of Step 1: We can use a two-pointer approach where one pointer traverses through string a and the other through string b. The goal is to match as many characters of b to a as possible, effectively finding the longest subsequence of b that can be formed from a.\n", "Clue of Step 2: We should iterate through all possible starting points in string b and for each point, attempt to match characters consecutively from b to a using the two-pointer approach.\n", "Clue of Step 2: Once a character from string b is matched with a character in string a, we should move both pointers (one for string a and one for string b) forward to continue searching for the next match. If a character from b cannot be matched to any further character in a, we only move the pointer for string a to continue searching.\n"], ["\nYou will be given a problem desciption.\n\nPlease analyze the problem and generate step-by-step clues of how to solve the problem with executable python code.\n\nThe problem:\n\n\nQUESTION:\nYou are given two strings a and b. You have to remove the minimum possible number of consecutive (standing one after another) characters from string b in such a way that it becomes a subsequence of string a. It can happen that you will not need to remove any characters at all, or maybe you will have to remove all of the characters from b and make it empty.\n\nSubsequence of string s is any such string that can be obtained by erasing zero or more characters (not necessarily consecutive) from string s.\n\n\n-----Input-----\n\nThe first line contains string a, and the second line\u00a0\u2014 string b. Both of these strings are nonempty and consist of lowercase letters of English alphabet. The length of each string is no bigger than 10^5 characters.\n\n\n-----Output-----\n\nOn the first line output a subsequence of string a, obtained from b by erasing the minimum number of consecutive characters.\n\nIf the answer consists of zero characters, output \u00ab-\u00bb (a minus sign).\n\n\n-----Examples-----\nInput\nhi\nbob\n\nOutput\n-\n\nInput\nabca\naccepted\n\nOutput\nac\n\nInput\nabacaba\nabcdcba\n\nOutput\nabcba\n\n\n\n-----Note-----\n\nIn the first example strings a and b don't share any symbols, so the longest string that you can get is empty.\n\nIn the second example ac is a subsequence of a, and at the same time you can obtain it by erasing consecutive symbols cepted from string b.\nUse Standard Input format\nANSWER:\n\n\nAn example of step-by-step clues for finding the longest palindrome substring is displayed below:\n\n```json\n[\n{\"Clue of Step 1\": \"For a substring, if it is a palindrome and the length is greater than 2, it is still a palindrome after the first and last letters are removed. According to this idea, we can use dynamic programming to solve this problem.\"},\n{\"Clue of Step 2\": \"Then we should consider the state transition function. We use P(i,j) to indicate whether the string composed of the i-th to j-th letters of the string s (denoted as as s[i:j]) is a palindrome string. s[i:j] is a palindrome only if s[i+1:j\u22121] is a palindrome and the i and j letters of s are the same.\"},\n{\"Clue of Step 3\": \"We also need to consider the boundary conditions in dynamic programming. For a substring of length 1, it is obviously a palindrome string; For a substring of length 2, it is a palindrome as long as its two letters are the same.\"},\n{\"Clue of Step 4\": \"We also need to consider the the cyclic order of dynamic programming. In the state transition equation, we are moving from a shorter string to a longer string.\"},\n{\"Clue of Step 5\": \"The final answer is the maximum length of the valid sub-strings.\"}\n]\n```\nYou can refer to the following example and generate step-by-step clues for the given problem.\n\n\n-----Clues-----\nClue of Step 1: We can use a two-pointer approach where one pointer traverses through string a and the other through string b. The goal is to match as many characters of b to a as possible, effectively finding the longest subsequence of b that can be formed from a.\n", "Clue of Step 2: While matching, we should also store the starting and ending indices of removed characters in b to help construct the resultant subsequence of a later.\n", "Clue of Step 2: We need to keep track of the indices in string a using the first pointer and the index in string b using the second pointer to identify matches and record the longest subsequence found.\n"], ["\nYou will be given a problem desciption.\n\nPlease analyze the problem and generate step-by-step clues of how to solve the problem with executable python code.\n\nThe problem:\n\n\nQUESTION:\nYou are given two strings a and b. You have to remove the minimum possible number of consecutive (standing one after another) characters from string b in such a way that it becomes a subsequence of string a. It can happen that you will not need to remove any characters at all, or maybe you will have to remove all of the characters from b and make it empty.\n\nSubsequence of string s is any such string that can be obtained by erasing zero or more characters (not necessarily consecutive) from string s.\n\n\n-----Input-----\n\nThe first line contains string a, and the second line\u00a0\u2014 string b. Both of these strings are nonempty and consist of lowercase letters of English alphabet. The length of each string is no bigger than 10^5 characters.\n\n\n-----Output-----\n\nOn the first line output a subsequence of string a, obtained from b by erasing the minimum number of consecutive characters.\n\nIf the answer consists of zero characters, output \u00ab-\u00bb (a minus sign).\n\n\n-----Examples-----\nInput\nhi\nbob\n\nOutput\n-\n\nInput\nabca\naccepted\n\nOutput\nac\n\nInput\nabacaba\nabcdcba\n\nOutput\nabcba\n\n\n\n-----Note-----\n\nIn the first example strings a and b don't share any symbols, so the longest string that you can get is empty.\n\nIn the second example ac is a subsequence of a, and at the same time you can obtain it by erasing consecutive symbols cepted from string b.\nUse Standard Input format\nANSWER:\n\n\nAn example of step-by-step clues for finding the longest palindrome substring is displayed below:\n\n```json\n[\n{\"Clue of Step 1\": \"For a substring, if it is a palindrome and the length is greater than 2, it is still a palindrome after the first and last letters are removed. According to this idea, we can use dynamic programming to solve this problem.\"},\n{\"Clue of Step 2\": \"Then we should consider the state transition function. We use P(i,j) to indicate whether the string composed of the i-th to j-th letters of the string s (denoted as as s[i:j]) is a palindrome string. s[i:j] is a palindrome only if s[i+1:j\u22121] is a palindrome and the i and j letters of s are the same.\"},\n{\"Clue of Step 3\": \"We also need to consider the boundary conditions in dynamic programming. For a substring of length 1, it is obviously a palindrome string; For a substring of length 2, it is a palindrome as long as its two letters are the same.\"},\n{\"Clue of Step 4\": \"We also need to consider the the cyclic order of dynamic programming. In the state transition equation, we are moving from a shorter string to a longer string.\"},\n{\"Clue of Step 5\": \"The final answer is the maximum length of the valid sub-strings.\"}\n]\n```\nYou can refer to the following example and generate step-by-step clues for the given problem.\n\n\n-----Clues-----\nClue of Step 1: We can use a two-pointer approach where one pointer traverses through string a and the other through string b. The goal is to match as many characters of b to a as possible, effectively finding the longest subsequence of b that can be formed from a.\n", "Clue of Step 2: While matching, we should also store the starting and ending indices of removed characters in b to help construct the resultant subsequence of a later.\n", "Clue of Step 2: Once a character from string b is matched with a character in string a, we should move both pointers (one for string a and one for string b) forward to continue searching for the next match. If a character from b cannot be matched to any further character in a, we only move the pointer for string a to continue searching.\n"], ["\nYou will be given a problem desciption.\n\nPlease analyze the problem and generate step-by-step clues of how to solve the problem with executable python code.\n\nThe problem:\n\n\nQUESTION:\nYou are given two strings a and b. You have to remove the minimum possible number of consecutive (standing one after another) characters from string b in such a way that it becomes a subsequence of string a. It can happen that you will not need to remove any characters at all, or maybe you will have to remove all of the characters from b and make it empty.\n\nSubsequence of string s is any such string that can be obtained by erasing zero or more characters (not necessarily consecutive) from string s.\n\n\n-----Input-----\n\nThe first line contains string a, and the second line\u00a0\u2014 string b. Both of these strings are nonempty and consist of lowercase letters of English alphabet. The length of each string is no bigger than 10^5 characters.\n\n\n-----Output-----\n\nOn the first line output a subsequence of string a, obtained from b by erasing the minimum number of consecutive characters.\n\nIf the answer consists of zero characters, output \u00ab-\u00bb (a minus sign).\n\n\n-----Examples-----\nInput\nhi\nbob\n\nOutput\n-\n\nInput\nabca\naccepted\n\nOutput\nac\n\nInput\nabacaba\nabcdcba\n\nOutput\nabcba\n\n\n\n-----Note-----\n\nIn the first example strings a and b don't share any symbols, so the longest string that you can get is empty.\n\nIn the second example ac is a subsequence of a, and at the same time you can obtain it by erasing consecutive symbols cepted from string b.\nUse Standard Input format\nANSWER:\n\n\nAn example of step-by-step clues for finding the longest palindrome substring is displayed below:\n\n```json\n[\n{\"Clue of Step 1\": \"For a substring, if it is a palindrome and the length is greater than 2, it is still a palindrome after the first and last letters are removed. According to this idea, we can use dynamic programming to solve this problem.\"},\n{\"Clue of Step 2\": \"Then we should consider the state transition function. We use P(i,j) to indicate whether the string composed of the i-th to j-th letters of the string s (denoted as as s[i:j]) is a palindrome string. s[i:j] is a palindrome only if s[i+1:j\u22121] is a palindrome and the i and j letters of s are the same.\"},\n{\"Clue of Step 3\": \"We also need to consider the boundary conditions in dynamic programming. For a substring of length 1, it is obviously a palindrome string; For a substring of length 2, it is a palindrome as long as its two letters are the same.\"},\n{\"Clue of Step 4\": \"We also need to consider the the cyclic order of dynamic programming. In the state transition equation, we are moving from a shorter string to a longer string.\"},\n{\"Clue of Step 5\": \"The final answer is the maximum length of the valid sub-strings.\"}\n]\n```\nYou can refer to the following example and generate step-by-step clues for the given problem.\n\n\n-----Clues-----\nClue of Step 1: We can use a two-pointer approach where one pointer traverses through string a and the other through string b. The goal is to match as many characters of b to a as possible, effectively finding the longest subsequence of b that can be formed from a.\n", "Clue of Step 2: We should maintain a result list or string to store the characters from string a that match the current character of string b as we traverse. This will help us construct the subsequence of b that can be formed from a.\n", "Clue of Step 2: We need to keep track of the indices in string a using the first pointer and the index in string b using the second pointer to identify matches and record the longest subsequence found.\n"], ["\nYou will be given a problem desciption.\n\nPlease analyze the problem and generate step-by-step clues of how to solve the problem with executable python code.\n\nThe problem:\n\n\nQUESTION:\nYou are given two strings a and b. You have to remove the minimum possible number of consecutive (standing one after another) characters from string b in such a way that it becomes a subsequence of string a. It can happen that you will not need to remove any characters at all, or maybe you will have to remove all of the characters from b and make it empty.\n\nSubsequence of string s is any such string that can be obtained by erasing zero or more characters (not necessarily consecutive) from string s.\n\n\n-----Input-----\n\nThe first line contains string a, and the second line\u00a0\u2014 string b. Both of these strings are nonempty and consist of lowercase letters of English alphabet. The length of each string is no bigger than 10^5 characters.\n\n\n-----Output-----\n\nOn the first line output a subsequence of string a, obtained from b by erasing the minimum number of consecutive characters.\n\nIf the answer consists of zero characters, output \u00ab-\u00bb (a minus sign).\n\n\n-----Examples-----\nInput\nhi\nbob\n\nOutput\n-\n\nInput\nabca\naccepted\n\nOutput\nac\n\nInput\nabacaba\nabcdcba\n\nOutput\nabcba\n\n\n\n-----Note-----\n\nIn the first example strings a and b don't share any symbols, so the longest string that you can get is empty.\n\nIn the second example ac is a subsequence of a, and at the same time you can obtain it by erasing consecutive symbols cepted from string b.\nUse Standard Input format\nANSWER:\n\n\nAn example of step-by-step clues for finding the longest palindrome substring is displayed below:\n\n```json\n[\n{\"Clue of Step 1\": \"For a substring, if it is a palindrome and the length is greater than 2, it is still a palindrome after the first and last letters are removed. According to this idea, we can use dynamic programming to solve this problem.\"},\n{\"Clue of Step 2\": \"Then we should consider the state transition function. We use P(i,j) to indicate whether the string composed of the i-th to j-th letters of the string s (denoted as as s[i:j]) is a palindrome string. s[i:j] is a palindrome only if s[i+1:j\u22121] is a palindrome and the i and j letters of s are the same.\"},\n{\"Clue of Step 3\": \"We also need to consider the boundary conditions in dynamic programming. For a substring of length 1, it is obviously a palindrome string; For a substring of length 2, it is a palindrome as long as its two letters are the same.\"},\n{\"Clue of Step 4\": \"We also need to consider the the cyclic order of dynamic programming. In the state transition equation, we are moving from a shorter string to a longer string.\"},\n{\"Clue of Step 5\": \"The final answer is the maximum length of the valid sub-strings.\"}\n]\n```\nYou can refer to the following example and generate step-by-step clues for the given problem.\n\n\n-----Clues-----\nClue of Step 1: We can use a two-pointer approach where one pointer traverses through string a and the other through string b. The goal is to match as many characters of b to a as possible, effectively finding the longest subsequence of b that can be formed from a.\n", "Clue of Step 2: We should maintain a result list or string to store the characters from string a that match the current character of string b as we traverse. This will help us construct the subsequence of b that can be formed from a.\n", "Clue of Step 2: Once a character from string b is matched with a character in string a, we should move both pointers (one for string a and one for string b) forward to continue searching for the next match. If a character from b cannot be matched to any further character in a, we only move the pointer for string a to continue searching.\n"], ["\nYou will be given a problem desciption.\n\nPlease analyze the problem and generate step-by-step clues of how to solve the problem with executable python code.\n\nThe problem:\n\n\nQUESTION:\nYou are given two strings a and b. You have to remove the minimum possible number of consecutive (standing one after another) characters from string b in such a way that it becomes a subsequence of string a. It can happen that you will not need to remove any characters at all, or maybe you will have to remove all of the characters from b and make it empty.\n\nSubsequence of string s is any such string that can be obtained by erasing zero or more characters (not necessarily consecutive) from string s.\n\n\n-----Input-----\n\nThe first line contains string a, and the second line\u00a0\u2014 string b. Both of these strings are nonempty and consist of lowercase letters of English alphabet. The length of each string is no bigger than 10^5 characters.\n\n\n-----Output-----\n\nOn the first line output a subsequence of string a, obtained from b by erasing the minimum number of consecutive characters.\n\nIf the answer consists of zero characters, output \u00ab-\u00bb (a minus sign).\n\n\n-----Examples-----\nInput\nhi\nbob\n\nOutput\n-\n\nInput\nabca\naccepted\n\nOutput\nac\n\nInput\nabacaba\nabcdcba\n\nOutput\nabcba\n\n\n\n-----Note-----\n\nIn the first example strings a and b don't share any symbols, so the longest string that you can get is empty.\n\nIn the second example ac is a subsequence of a, and at the same time you can obtain it by erasing consecutive symbols cepted from string b.\nUse Standard Input format\nANSWER:\n\n\nAn example of step-by-step clues for finding the longest palindrome substring is displayed below:\n\n```json\n[\n{\"Clue of Step 1\": \"For a substring, if it is a palindrome and the length is greater than 2, it is still a palindrome after the first and last letters are removed. According to this idea, we can use dynamic programming to solve this problem.\"},\n{\"Clue of Step 2\": \"Then we should consider the state transition function. We use P(i,j) to indicate whether the string composed of the i-th to j-th letters of the string s (denoted as as s[i:j]) is a palindrome string. s[i:j] is a palindrome only if s[i+1:j\u22121] is a palindrome and the i and j letters of s are the same.\"},\n{\"Clue of Step 3\": \"We also need to consider the boundary conditions in dynamic programming. For a substring of length 1, it is obviously a palindrome string; For a substring of length 2, it is a palindrome as long as its two letters are the same.\"},\n{\"Clue of Step 4\": \"We also need to consider the the cyclic order of dynamic programming. In the state transition equation, we are moving from a shorter string to a longer string.\"},\n{\"Clue of Step 5\": \"The final answer is the maximum length of the valid sub-strings.\"}\n]\n```\nYou can refer to the following example and generate step-by-step clues for the given problem.\n\n\n-----Clues-----\nClue of Step 1: We can use a two-pointer approach where one pointer traverses through string a and the other through string b. The goal is to match as many characters of b to a as possible, effectively finding the longest subsequence of b that can be formed from a.\n", "Clue of Step 2: In the case where no match is found for a character in b while traversing a, we should skip that character in b and continue matching the rest of the characters in b with a. This ensures we remove the minimum number of consecutive characters.\n", "Clue of Step 2: We need to keep track of the indices in string a using the first pointer and the index in string b using the second pointer to identify matches and record the longest subsequence found.\n"], ["\nYou will be given a problem desciption.\n\nPlease analyze the problem and generate step-by-step clues of how to solve the problem with executable python code.\n\nThe problem:\n\n\nQUESTION:\nYou are given two strings a and b. You have to remove the minimum possible number of consecutive (standing one after another) characters from string b in such a way that it becomes a subsequence of string a. It can happen that you will not need to remove any characters at all, or maybe you will have to remove all of the characters from b and make it empty.\n\nSubsequence of string s is any such string that can be obtained by erasing zero or more characters (not necessarily consecutive) from string s.\n\n\n-----Input-----\n\nThe first line contains string a, and the second line\u00a0\u2014 string b. Both of these strings are nonempty and consist of lowercase letters of English alphabet. The length of each string is no bigger than 10^5 characters.\n\n\n-----Output-----\n\nOn the first line output a subsequence of string a, obtained from b by erasing the minimum number of consecutive characters.\n\nIf the answer consists of zero characters, output \u00ab-\u00bb (a minus sign).\n\n\n-----Examples-----\nInput\nhi\nbob\n\nOutput\n-\n\nInput\nabca\naccepted\n\nOutput\nac\n\nInput\nabacaba\nabcdcba\n\nOutput\nabcba\n\n\n\n-----Note-----\n\nIn the first example strings a and b don't share any symbols, so the longest string that you can get is empty.\n\nIn the second example ac is a subsequence of a, and at the same time you can obtain it by erasing consecutive symbols cepted from string b.\nUse Standard Input format\nANSWER:\n\n\nAn example of step-by-step clues for finding the longest palindrome substring is displayed below:\n\n```json\n[\n{\"Clue of Step 1\": \"For a substring, if it is a palindrome and the length is greater than 2, it is still a palindrome after the first and last letters are removed. According to this idea, we can use dynamic programming to solve this problem.\"},\n{\"Clue of Step 2\": \"Then we should consider the state transition function. We use P(i,j) to indicate whether the string composed of the i-th to j-th letters of the string s (denoted as as s[i:j]) is a palindrome string. s[i:j] is a palindrome only if s[i+1:j\u22121] is a palindrome and the i and j letters of s are the same.\"},\n{\"Clue of Step 3\": \"We also need to consider the boundary conditions in dynamic programming. For a substring of length 1, it is obviously a palindrome string; For a substring of length 2, it is a palindrome as long as its two letters are the same.\"},\n{\"Clue of Step 4\": \"We also need to consider the the cyclic order of dynamic programming. In the state transition equation, we are moving from a shorter string to a longer string.\"},\n{\"Clue of Step 5\": \"The final answer is the maximum length of the valid sub-strings.\"}\n]\n```\nYou can refer to the following example and generate step-by-step clues for the given problem.\n\n\n-----Clues-----\nClue of Step 1: We can use a two-pointer approach where one pointer traverses through string a and the other through string b. The goal is to match as many characters of b to a as possible, effectively finding the longest subsequence of b that can be formed from a.\n", "Clue of Step 2: In the case where no match is found for a character in b while traversing a, we should skip that character in b and continue matching the rest of the characters in b with a. This ensures we remove the minimum number of consecutive characters.\n", "Clue of Step 2: Once a character from string b is matched with a character in string a, we should move both pointers (one for string a and one for string b) forward to continue searching for the next match. If a character from b cannot be matched to any further character in a, we only move the pointer for string a to continue searching.\n"], ["\nYou will be given a problem desciption.\n\nPlease analyze the problem and generate step-by-step clues of how to solve the problem with executable python code.\n\nThe problem:\n\n\nQUESTION:\nYou are given two strings a and b. You have to remove the minimum possible number of consecutive (standing one after another) characters from string b in such a way that it becomes a subsequence of string a. It can happen that you will not need to remove any characters at all, or maybe you will have to remove all of the characters from b and make it empty.\n\nSubsequence of string s is any such string that can be obtained by erasing zero or more characters (not necessarily consecutive) from string s.\n\n\n-----Input-----\n\nThe first line contains string a, and the second line\u00a0\u2014 string b. Both of these strings are nonempty and consist of lowercase letters of English alphabet. The length of each string is no bigger than 10^5 characters.\n\n\n-----Output-----\n\nOn the first line output a subsequence of string a, obtained from b by erasing the minimum number of consecutive characters.\n\nIf the answer consists of zero characters, output \u00ab-\u00bb (a minus sign).\n\n\n-----Examples-----\nInput\nhi\nbob\n\nOutput\n-\n\nInput\nabca\naccepted\n\nOutput\nac\n\nInput\nabacaba\nabcdcba\n\nOutput\nabcba\n\n\n\n-----Note-----\n\nIn the first example strings a and b don't share any symbols, so the longest string that you can get is empty.\n\nIn the second example ac is a subsequence of a, and at the same time you can obtain it by erasing consecutive symbols cepted from string b.\nUse Standard Input format\nANSWER:\n\n\nAn example of step-by-step clues for finding the longest palindrome substring is displayed below:\n\n```json\n[\n{\"Clue of Step 1\": \"For a substring, if it is a palindrome and the length is greater than 2, it is still a palindrome after the first and last letters are removed. According to this idea, we can use dynamic programming to solve this problem.\"},\n{\"Clue of Step 2\": \"Then we should consider the state transition function. We use P(i,j) to indicate whether the string composed of the i-th to j-th letters of the string s (denoted as as s[i:j]) is a palindrome string. s[i:j] is a palindrome only if s[i+1:j\u22121] is a palindrome and the i and j letters of s are the same.\"},\n{\"Clue of Step 3\": \"We also need to consider the boundary conditions in dynamic programming. For a substring of length 1, it is obviously a palindrome string; For a substring of length 2, it is a palindrome as long as its two letters are the same.\"},\n{\"Clue of Step 4\": \"We also need to consider the the cyclic order of dynamic programming. In the state transition equation, we are moving from a shorter string to a longer string.\"},\n{\"Clue of Step 5\": \"The final answer is the maximum length of the valid sub-strings.\"}\n]\n```\nYou can refer to the following example and generate step-by-step clues for the given problem.\n\n\n-----Clues-----\nClue of Step 1: We could think of the problem as finding the longest common subsequence (LCS) but with the added constraint that the order of characters in b must be preserved in a. We can iterate through a while trying to 'consume' b.\n", "Clue of Step 2: We can define two pointers, one for each string a and b, and iterate through both strings. The pointer for string a will move forward for every character, while the pointer for string b only moves when there\u2019s a match with the character in a.\n", "Clue of Step 2: We can use a two-pointer technique where one pointer traverses through string a and the other through string b. The goal is to match as many characters of b to a in order, effectively consuming b while traversing a.\n"], ["\nYou will be given a problem desciption.\n\nPlease analyze the problem and generate step-by-step clues of how to solve the problem with executable python code.\n\nThe problem:\n\n\nQUESTION:\nYou are given two strings a and b. You have to remove the minimum possible number of consecutive (standing one after another) characters from string b in such a way that it becomes a subsequence of string a. It can happen that you will not need to remove any characters at all, or maybe you will have to remove all of the characters from b and make it empty.\n\nSubsequence of string s is any such string that can be obtained by erasing zero or more characters (not necessarily consecutive) from string s.\n\n\n-----Input-----\n\nThe first line contains string a, and the second line\u00a0\u2014 string b. Both of these strings are nonempty and consist of lowercase letters of English alphabet. The length of each string is no bigger than 10^5 characters.\n\n\n-----Output-----\n\nOn the first line output a subsequence of string a, obtained from b by erasing the minimum number of consecutive characters.\n\nIf the answer consists of zero characters, output \u00ab-\u00bb (a minus sign).\n\n\n-----Examples-----\nInput\nhi\nbob\n\nOutput\n-\n\nInput\nabca\naccepted\n\nOutput\nac\n\nInput\nabacaba\nabcdcba\n\nOutput\nabcba\n\n\n\n-----Note-----\n\nIn the first example strings a and b don't share any symbols, so the longest string that you can get is empty.\n\nIn the second example ac is a subsequence of a, and at the same time you can obtain it by erasing consecutive symbols cepted from string b.\nUse Standard Input format\nANSWER:\n\n\nAn example of step-by-step clues for finding the longest palindrome substring is displayed below:\n\n```json\n[\n{\"Clue of Step 1\": \"For a substring, if it is a palindrome and the length is greater than 2, it is still a palindrome after the first and last letters are removed. According to this idea, we can use dynamic programming to solve this problem.\"},\n{\"Clue of Step 2\": \"Then we should consider the state transition function. We use P(i,j) to indicate whether the string composed of the i-th to j-th letters of the string s (denoted as as s[i:j]) is a palindrome string. s[i:j] is a palindrome only if s[i+1:j\u22121] is a palindrome and the i and j letters of s are the same.\"},\n{\"Clue of Step 3\": \"We also need to consider the boundary conditions in dynamic programming. For a substring of length 1, it is obviously a palindrome string; For a substring of length 2, it is a palindrome as long as its two letters are the same.\"},\n{\"Clue of Step 4\": \"We also need to consider the the cyclic order of dynamic programming. In the state transition equation, we are moving from a shorter string to a longer string.\"},\n{\"Clue of Step 5\": \"The final answer is the maximum length of the valid sub-strings.\"}\n]\n```\nYou can refer to the following example and generate step-by-step clues for the given problem.\n\n\n-----Clues-----\nClue of Step 1: We could think of the problem as finding the longest common subsequence (LCS) but with the added constraint that the order of characters in b must be preserved in a. We can iterate through a while trying to 'consume' b.\n", "Clue of Step 2: During the iteration, we keep track of the start and end pointers of the latest matched segments in b. After completing the iteration, we'll identify the segment that would need to be removed from b to maintain the order in a.\n", "Clue of Step 2: We can use a two-pointer technique where one pointer traverses through string a and the other through string b. The goal is to match as many characters of b to a in order, effectively consuming b while traversing a.\n"], ["\nYou will be given a problem desciption.\n\nPlease analyze the problem and generate step-by-step clues of how to solve the problem with executable python code.\n\nThe problem:\n\n\nQUESTION:\nYou are given two strings a and b. You have to remove the minimum possible number of consecutive (standing one after another) characters from string b in such a way that it becomes a subsequence of string a. It can happen that you will not need to remove any characters at all, or maybe you will have to remove all of the characters from b and make it empty.\n\nSubsequence of string s is any such string that can be obtained by erasing zero or more characters (not necessarily consecutive) from string s.\n\n\n-----Input-----\n\nThe first line contains string a, and the second line\u00a0\u2014 string b. Both of these strings are nonempty and consist of lowercase letters of English alphabet. The length of each string is no bigger than 10^5 characters.\n\n\n-----Output-----\n\nOn the first line output a subsequence of string a, obtained from b by erasing the minimum number of consecutive characters.\n\nIf the answer consists of zero characters, output \u00ab-\u00bb (a minus sign).\n\n\n-----Examples-----\nInput\nhi\nbob\n\nOutput\n-\n\nInput\nabca\naccepted\n\nOutput\nac\n\nInput\nabacaba\nabcdcba\n\nOutput\nabcba\n\n\n\n-----Note-----\n\nIn the first example strings a and b don't share any symbols, so the longest string that you can get is empty.\n\nIn the second example ac is a subsequence of a, and at the same time you can obtain it by erasing consecutive symbols cepted from string b.\nUse Standard Input format\nANSWER:\n\n\nAn example of step-by-step clues for finding the longest palindrome substring is displayed below:\n\n```json\n[\n{\"Clue of Step 1\": \"For a substring, if it is a palindrome and the length is greater than 2, it is still a palindrome after the first and last letters are removed. According to this idea, we can use dynamic programming to solve this problem.\"},\n{\"Clue of Step 2\": \"Then we should consider the state transition function. We use P(i,j) to indicate whether the string composed of the i-th to j-th letters of the string s (denoted as as s[i:j]) is a palindrome string. s[i:j] is a palindrome only if s[i+1:j\u22121] is a palindrome and the i and j letters of s are the same.\"},\n{\"Clue of Step 3\": \"We also need to consider the boundary conditions in dynamic programming. For a substring of length 1, it is obviously a palindrome string; For a substring of length 2, it is a palindrome as long as its two letters are the same.\"},\n{\"Clue of Step 4\": \"We also need to consider the the cyclic order of dynamic programming. In the state transition equation, we are moving from a shorter string to a longer string.\"},\n{\"Clue of Step 5\": \"The final answer is the maximum length of the valid sub-strings.\"}\n]\n```\nYou can refer to the following example and generate step-by-step clues for the given problem.\n\n\n-----Clues-----\nClue of Step 1: We could think of the problem as finding the longest common subsequence (LCS) but with the added constraint that the order of characters in b must be preserved in a. We can iterate through a while trying to 'consume' b.\n", "Clue of Step 2: Once we identify the segment of b that can be removed, we can construct the resulting subsequence from a by concatenating all matches while skipping the identified consecutive characters from b.\n", "Clue of Step 2: We can use a two-pointer technique where one pointer traverses through string a and the other through string b. The goal is to match as many characters of b to a in order, effectively consuming b while traversing a.\n"], ["\nYou will be given a problem desciption.\n\nPlease analyze the problem and generate step-by-step clues of how to solve the problem with executable python code.\n\nThe problem:\n\n\nQUESTION:\nYou are given two strings a and b. You have to remove the minimum possible number of consecutive (standing one after another) characters from string b in such a way that it becomes a subsequence of string a. It can happen that you will not need to remove any characters at all, or maybe you will have to remove all of the characters from b and make it empty.\n\nSubsequence of string s is any such string that can be obtained by erasing zero or more characters (not necessarily consecutive) from string s.\n\n\n-----Input-----\n\nThe first line contains string a, and the second line\u00a0\u2014 string b. Both of these strings are nonempty and consist of lowercase letters of English alphabet. The length of each string is no bigger than 10^5 characters.\n\n\n-----Output-----\n\nOn the first line output a subsequence of string a, obtained from b by erasing the minimum number of consecutive characters.\n\nIf the answer consists of zero characters, output \u00ab-\u00bb (a minus sign).\n\n\n-----Examples-----\nInput\nhi\nbob\n\nOutput\n-\n\nInput\nabca\naccepted\n\nOutput\nac\n\nInput\nabacaba\nabcdcba\n\nOutput\nabcba\n\n\n\n-----Note-----\n\nIn the first example strings a and b don't share any symbols, so the longest string that you can get is empty.\n\nIn the second example ac is a subsequence of a, and at the same time you can obtain it by erasing consecutive symbols cepted from string b.\nUse Standard Input format\nANSWER:\n\n\nAn example of step-by-step clues for finding the longest palindrome substring is displayed below:\n\n```json\n[\n{\"Clue of Step 1\": \"For a substring, if it is a palindrome and the length is greater than 2, it is still a palindrome after the first and last letters are removed. According to this idea, we can use dynamic programming to solve this problem.\"},\n{\"Clue of Step 2\": \"Then we should consider the state transition function. We use P(i,j) to indicate whether the string composed of the i-th to j-th letters of the string s (denoted as as s[i:j]) is a palindrome string. s[i:j] is a palindrome only if s[i+1:j\u22121] is a palindrome and the i and j letters of s are the same.\"},\n{\"Clue of Step 3\": \"We also need to consider the boundary conditions in dynamic programming. For a substring of length 1, it is obviously a palindrome string; For a substring of length 2, it is a palindrome as long as its two letters are the same.\"},\n{\"Clue of Step 4\": \"We also need to consider the the cyclic order of dynamic programming. In the state transition equation, we are moving from a shorter string to a longer string.\"},\n{\"Clue of Step 5\": \"The final answer is the maximum length of the valid sub-strings.\"}\n]\n```\nYou can refer to the following example and generate step-by-step clues for the given problem.\n\n\n-----Clues-----\nClue of Step 1: We could think of the problem as finding the longest common subsequence (LCS) but with the added constraint that the order of characters in b must be preserved in a. We can iterate through a while trying to 'consume' b.\n", "Clue of Step 2: We can maintain a result list to store characters from b that can be part of the subsequence in a. Once we finish traversing both strings, we can construct the resulting subsequence from this list.\n", "Clue of Step 2: We can use a two-pointer technique where one pointer traverses through string a and the other through string b. The goal is to match as many characters of b to a in order, effectively consuming b while traversing a.\n"], ["\nYou will be given a problem desciption.\n\nPlease analyze the problem and generate step-by-step clues of how to solve the problem with executable python code.\n\nThe problem:\n\n\nQUESTION:\nYou are given two strings a and b. You have to remove the minimum possible number of consecutive (standing one after another) characters from string b in such a way that it becomes a subsequence of string a. It can happen that you will not need to remove any characters at all, or maybe you will have to remove all of the characters from b and make it empty.\n\nSubsequence of string s is any such string that can be obtained by erasing zero or more characters (not necessarily consecutive) from string s.\n\n\n-----Input-----\n\nThe first line contains string a, and the second line\u00a0\u2014 string b. Both of these strings are nonempty and consist of lowercase letters of English alphabet. The length of each string is no bigger than 10^5 characters.\n\n\n-----Output-----\n\nOn the first line output a subsequence of string a, obtained from b by erasing the minimum number of consecutive characters.\n\nIf the answer consists of zero characters, output \u00ab-\u00bb (a minus sign).\n\n\n-----Examples-----\nInput\nhi\nbob\n\nOutput\n-\n\nInput\nabca\naccepted\n\nOutput\nac\n\nInput\nabacaba\nabcdcba\n\nOutput\nabcba\n\n\n\n-----Note-----\n\nIn the first example strings a and b don't share any symbols, so the longest string that you can get is empty.\n\nIn the second example ac is a subsequence of a, and at the same time you can obtain it by erasing consecutive symbols cepted from string b.\nUse Standard Input format\nANSWER:\n\n\nAn example of step-by-step clues for finding the longest palindrome substring is displayed below:\n\n```json\n[\n{\"Clue of Step 1\": \"For a substring, if it is a palindrome and the length is greater than 2, it is still a palindrome after the first and last letters are removed. According to this idea, we can use dynamic programming to solve this problem.\"},\n{\"Clue of Step 2\": \"Then we should consider the state transition function. We use P(i,j) to indicate whether the string composed of the i-th to j-th letters of the string s (denoted as as s[i:j]) is a palindrome string. s[i:j] is a palindrome only if s[i+1:j\u22121] is a palindrome and the i and j letters of s are the same.\"},\n{\"Clue of Step 3\": \"We also need to consider the boundary conditions in dynamic programming. For a substring of length 1, it is obviously a palindrome string; For a substring of length 2, it is a palindrome as long as its two letters are the same.\"},\n{\"Clue of Step 4\": \"We also need to consider the the cyclic order of dynamic programming. In the state transition equation, we are moving from a shorter string to a longer string.\"},\n{\"Clue of Step 5\": \"The final answer is the maximum length of the valid sub-strings.\"}\n]\n```\nYou can refer to the following example and generate step-by-step clues for the given problem.\n\n\n-----Clues-----\nClue of Step 1: We could think of the problem as finding the longest common subsequence (LCS) but with the added constraint that the order of characters in b must be preserved in a. We can iterate through a while trying to 'consume' b.\n", "Clue of Step 2: In case we cannot match any characters from b to a, we need to handle the edge case where the result is an empty string. We should return '-' in such cases as per the problem statement.\n", "Clue of Step 2: We can use a two-pointer technique where one pointer traverses through string a and the other through string b. The goal is to match as many characters of b to a in order, effectively consuming b while traversing a.\n"]], "SFT": ["\nYou will be given a problem desciption.\n\nPlease analyze the problem and generate step-by-step clues of how to solve the problem with executable python code.\n\nThe problem:\n\n\nQUESTION:\nYou are given two strings a and b. You have to remove the minimum possible number of consecutive (standing one after another) characters from string b in such a way that it becomes a subsequence of string a. It can happen that you will not need to remove any characters at all, or maybe you will have to remove all of the characters from b and make it empty.\n\nSubsequence of string s is any such string that can be obtained by erasing zero or more characters (not necessarily consecutive) from string s.\n\n\n-----Input-----\n\nThe first line contains string a, and the second line\u00a0\u2014 string b. Both of these strings are nonempty and consist of lowercase letters of English alphabet. The length of each string is no bigger than 10^5 characters.\n\n\n-----Output-----\n\nOn the first line output a subsequence of string a, obtained from b by erasing the minimum number of consecutive characters.\n\nIf the answer consists of zero characters, output \u00ab-\u00bb (a minus sign).\n\n\n-----Examples-----\nInput\nhi\nbob\n\nOutput\n-\n\nInput\nabca\naccepted\n\nOutput\nac\n\nInput\nabacaba\nabcdcba\n\nOutput\nabcba\n\n\n\n-----Note-----\n\nIn the first example strings a and b don't share any symbols, so the longest string that you can get is empty.\n\nIn the second example ac is a subsequence of a, and at the same time you can obtain it by erasing consecutive symbols cepted from string b.\nUse Standard Input format\nANSWER:\n\n\nAn example of step-by-step clues for finding the longest palindrome substring is displayed below:\n\n```json\n[\n{\"Clue of Step 1\": \"For a substring, if it is a palindrome and the length is greater than 2, it is still a palindrome after the first and last letters are removed. According to this idea, we can use dynamic programming to solve this problem.\"},\n{\"Clue of Step 2\": \"Then we should consider the state transition function. We use P(i,j) to indicate whether the string composed of the i-th to j-th letters of the string s (denoted as as s[i:j]) is a palindrome string. s[i:j] is a palindrome only if s[i+1:j\u22121] is a palindrome and the i and j letters of s are the same.\"},\n{\"Clue of Step 3\": \"We also need to consider the boundary conditions in dynamic programming. For a substring of length 1, it is obviously a palindrome string; For a substring of length 2, it is a palindrome as long as its two letters are the same.\"},\n{\"Clue of Step 4\": \"We also need to consider the the cyclic order of dynamic programming. In the state transition equation, we are moving from a shorter string to a longer string.\"},\n{\"Clue of Step 5\": \"The final answer is the maximum length of the valid sub-strings.\"}\n]\n```\nYou can refer to the following example and generate step-by-step clues for the given problem.\n\n\n-----Clues-----\nClue of Step 1: We can iterate over string a and try to greedily match characters from string b. Every time we find a match for the current character of b in a, we move to the next character in b. This way, we try to include as many characters of b in a as possible.\n\nClue of Step 2: To effectively track which characters from string b can be matched in string a, we can maintain two pointers: one for string a and another for string b. We'll iterate through both strings simultaneously, advancing the pointer for string a whenever we find a matching character for string b.\n", "```python\ndef min_consecutive_removal_subsequence(a, b):\n    n, m = len(a), len(b)\n    \n    # Helper function to check if b can be a subsequence of a after removing a segment\n    def is_valid_subsequence(start, end):\n        # Make sure we're removing the segment b[start:end]\n        sb = b[:start] + b[end:]\n        j = 0  # pointer for string a\n        for char in sb:\n            while j < n and a[j] != char:\n                j += 1\n            if j == n:\n                return False\n            j += 1\n        return True\n    \n    best_start, best_end = 0, m  # starting with no removal at all\n    \n    # Iterate through all possible start and end points of the segment to remove\n    for start in range(m + 1):\n        for end in range(start, m + 1):\n            if is_valid_subsequence(start, end):\n                if end - start < best_end - best_start:  # found a smaller removal\n                    best_start, best_end = start, end\n    \n    # Produce the resulting valid subsequence\n    result = b[:best_start] + b[best_end:]\n    \n    return result if result else \"-\"\n\n# Read input\na = input().strip()\nb = input().strip()\n\n# Get the result\nresult = min_consecutive_removal_subsequence(a, b)\n\n# Output the result\nprint(result)\n```"]}