{"StepDPO": [["\nYou will be given a problem desciption.\n\nPlease analyze the problem and generate step-by-step clues of how to solve the problem with executable python code.\n\nThe problem:\n\n\nQUESTION:\nToday Tavas got his test result as an integer score and he wants to share it with his girlfriend, Nafas.\n\nHis phone operating system is Tavdroid, and its keyboard doesn't have any digits! He wants to share his score with Nafas via text, so he has no choice but to send this number using words. [Image] \n\nHe ate coffee mix without water again, so right now he's really messed up and can't think.\n\nYour task is to help him by telling him what to type.\n\n\n-----Input-----\n\nThe first and only line of input contains an integer s (0 \u2264 s \u2264 99), Tavas's score. \n\n\n-----Output-----\n\nIn the first and only line of output, print a single string consisting only from English lowercase letters and hyphens ('-'). Do not use spaces.\n\n\n-----Examples-----\nInput\n6\n\nOutput\nsix\n\nInput\n99\n\nOutput\nninety-nine\n\nInput\n20\n\nOutput\ntwenty\n\n\n\n-----Note-----\n\nYou can find all you need to know about English numerals in http://en.wikipedia.org/wiki/English_numerals .\nUse Standard Input format\nANSWER:\n\n\nAn example of step-by-step clues for finding the longest palindrome substring is displayed below:\n\n```json\n[\n{\"Clue of Step 1\": \"For a substring, if it is a palindrome and the length is greater than 2, it is still a palindrome after the first and last letters are removed. According to this idea, we can use dynamic programming to solve this problem.\"},\n{\"Clue of Step 2\": \"Then we should consider the state transition function. We use P(i,j) to indicate whether the string composed of the i-th to j-th letters of the string s (denoted as as s[i:j]) is a palindrome string. s[i:j] is a palindrome only if s[i+1:j\u22121] is a palindrome and the i and j letters of s are the same.\"},\n{\"Clue of Step 3\": \"We also need to consider the boundary conditions in dynamic programming. For a substring of length 1, it is obviously a palindrome string; For a substring of length 2, it is a palindrome as long as its two letters are the same.\"},\n{\"Clue of Step 4\": \"We also need to consider the the cyclic order of dynamic programming. In the state transition equation, we are moving from a shorter string to a longer string.\"},\n{\"Clue of Step 5\": \"The final answer is the maximum length of the valid sub-strings.\"}\n]\n```\nYou can refer to the following example and generate step-by-step clues for the given problem.\n\n\n-----Clues-----\nClue of Step 1: We should create a mapping of numbers to their corresponding English words for all numbers from 0 to 99.\n", "Clue of Step 2: We will handle the cases for numbers from 0 to 19 as a separate mapping because they have unique names.\n", "Clue of Step 2: We will create a function that takes the score as input and returns the corresponding English word(s).\n"], ["\nYou will be given a problem desciption.\n\nPlease analyze the problem and generate step-by-step clues of how to solve the problem with executable python code.\n\nThe problem:\n\n\nQUESTION:\nToday Tavas got his test result as an integer score and he wants to share it with his girlfriend, Nafas.\n\nHis phone operating system is Tavdroid, and its keyboard doesn't have any digits! He wants to share his score with Nafas via text, so he has no choice but to send this number using words. [Image] \n\nHe ate coffee mix without water again, so right now he's really messed up and can't think.\n\nYour task is to help him by telling him what to type.\n\n\n-----Input-----\n\nThe first and only line of input contains an integer s (0 \u2264 s \u2264 99), Tavas's score. \n\n\n-----Output-----\n\nIn the first and only line of output, print a single string consisting only from English lowercase letters and hyphens ('-'). Do not use spaces.\n\n\n-----Examples-----\nInput\n6\n\nOutput\nsix\n\nInput\n99\n\nOutput\nninety-nine\n\nInput\n20\n\nOutput\ntwenty\n\n\n\n-----Note-----\n\nYou can find all you need to know about English numerals in http://en.wikipedia.org/wiki/English_numerals .\nUse Standard Input format\nANSWER:\n\n\nAn example of step-by-step clues for finding the longest palindrome substring is displayed below:\n\n```json\n[\n{\"Clue of Step 1\": \"For a substring, if it is a palindrome and the length is greater than 2, it is still a palindrome after the first and last letters are removed. According to this idea, we can use dynamic programming to solve this problem.\"},\n{\"Clue of Step 2\": \"Then we should consider the state transition function. We use P(i,j) to indicate whether the string composed of the i-th to j-th letters of the string s (denoted as as s[i:j]) is a palindrome string. s[i:j] is a palindrome only if s[i+1:j\u22121] is a palindrome and the i and j letters of s are the same.\"},\n{\"Clue of Step 3\": \"We also need to consider the boundary conditions in dynamic programming. For a substring of length 1, it is obviously a palindrome string; For a substring of length 2, it is a palindrome as long as its two letters are the same.\"},\n{\"Clue of Step 4\": \"We also need to consider the the cyclic order of dynamic programming. In the state transition equation, we are moving from a shorter string to a longer string.\"},\n{\"Clue of Step 5\": \"The final answer is the maximum length of the valid sub-strings.\"}\n]\n```\nYou can refer to the following example and generate step-by-step clues for the given problem.\n\n\n-----Clues-----\nClue of Step 1: We should create a mapping of numbers to their corresponding English words for all numbers from 0 to 99.\n", "Clue of Step 2: We will also need to handle the tens (20, 30, ..., 90) and concatenate them with the units (1-9) using a hyphen when necessary.\n", "Clue of Step 2: We will create a function that takes the score as input and returns the corresponding English word(s).\n"], ["\nYou will be given a problem desciption.\n\nPlease analyze the problem and generate step-by-step clues of how to solve the problem with executable python code.\n\nThe problem:\n\n\nQUESTION:\nToday Tavas got his test result as an integer score and he wants to share it with his girlfriend, Nafas.\n\nHis phone operating system is Tavdroid, and its keyboard doesn't have any digits! He wants to share his score with Nafas via text, so he has no choice but to send this number using words. [Image] \n\nHe ate coffee mix without water again, so right now he's really messed up and can't think.\n\nYour task is to help him by telling him what to type.\n\n\n-----Input-----\n\nThe first and only line of input contains an integer s (0 \u2264 s \u2264 99), Tavas's score. \n\n\n-----Output-----\n\nIn the first and only line of output, print a single string consisting only from English lowercase letters and hyphens ('-'). Do not use spaces.\n\n\n-----Examples-----\nInput\n6\n\nOutput\nsix\n\nInput\n99\n\nOutput\nninety-nine\n\nInput\n20\n\nOutput\ntwenty\n\n\n\n-----Note-----\n\nYou can find all you need to know about English numerals in http://en.wikipedia.org/wiki/English_numerals .\nUse Standard Input format\nANSWER:\n\n\nAn example of step-by-step clues for finding the longest palindrome substring is displayed below:\n\n```json\n[\n{\"Clue of Step 1\": \"For a substring, if it is a palindrome and the length is greater than 2, it is still a palindrome after the first and last letters are removed. According to this idea, we can use dynamic programming to solve this problem.\"},\n{\"Clue of Step 2\": \"Then we should consider the state transition function. We use P(i,j) to indicate whether the string composed of the i-th to j-th letters of the string s (denoted as as s[i:j]) is a palindrome string. s[i:j] is a palindrome only if s[i+1:j\u22121] is a palindrome and the i and j letters of s are the same.\"},\n{\"Clue of Step 3\": \"We also need to consider the boundary conditions in dynamic programming. For a substring of length 1, it is obviously a palindrome string; For a substring of length 2, it is a palindrome as long as its two letters are the same.\"},\n{\"Clue of Step 4\": \"We also need to consider the the cyclic order of dynamic programming. In the state transition equation, we are moving from a shorter string to a longer string.\"},\n{\"Clue of Step 5\": \"The final answer is the maximum length of the valid sub-strings.\"}\n]\n```\nYou can refer to the following example and generate step-by-step clues for the given problem.\n\n\n-----Clues-----\nClue of Step 1: We should create a mapping of numbers to their corresponding English words for all numbers from 0 to 99.\n", "Clue of Step 2: We should create a function to map the input score to the corresponding word representation by first handling special cases like numbers between 20-99 that require combining tens and units. For example, for an input like 21, the function should return 'twenty-one'.\n", "Clue of Step 2: We will create a function that takes the score as input and returns the corresponding English word(s).\n"], ["\nYou will be given a problem desciption.\n\nPlease analyze the problem and generate step-by-step clues of how to solve the problem with executable python code.\n\nThe problem:\n\n\nQUESTION:\nToday Tavas got his test result as an integer score and he wants to share it with his girlfriend, Nafas.\n\nHis phone operating system is Tavdroid, and its keyboard doesn't have any digits! He wants to share his score with Nafas via text, so he has no choice but to send this number using words. [Image] \n\nHe ate coffee mix without water again, so right now he's really messed up and can't think.\n\nYour task is to help him by telling him what to type.\n\n\n-----Input-----\n\nThe first and only line of input contains an integer s (0 \u2264 s \u2264 99), Tavas's score. \n\n\n-----Output-----\n\nIn the first and only line of output, print a single string consisting only from English lowercase letters and hyphens ('-'). Do not use spaces.\n\n\n-----Examples-----\nInput\n6\n\nOutput\nsix\n\nInput\n99\n\nOutput\nninety-nine\n\nInput\n20\n\nOutput\ntwenty\n\n\n\n-----Note-----\n\nYou can find all you need to know about English numerals in http://en.wikipedia.org/wiki/English_numerals .\nUse Standard Input format\nANSWER:\n\n\nAn example of step-by-step clues for finding the longest palindrome substring is displayed below:\n\n```json\n[\n{\"Clue of Step 1\": \"For a substring, if it is a palindrome and the length is greater than 2, it is still a palindrome after the first and last letters are removed. According to this idea, we can use dynamic programming to solve this problem.\"},\n{\"Clue of Step 2\": \"Then we should consider the state transition function. We use P(i,j) to indicate whether the string composed of the i-th to j-th letters of the string s (denoted as as s[i:j]) is a palindrome string. s[i:j] is a palindrome only if s[i+1:j\u22121] is a palindrome and the i and j letters of s are the same.\"},\n{\"Clue of Step 3\": \"We also need to consider the boundary conditions in dynamic programming. For a substring of length 1, it is obviously a palindrome string; For a substring of length 2, it is a palindrome as long as its two letters are the same.\"},\n{\"Clue of Step 4\": \"We also need to consider the the cyclic order of dynamic programming. In the state transition equation, we are moving from a shorter string to a longer string.\"},\n{\"Clue of Step 5\": \"The final answer is the maximum length of the valid sub-strings.\"}\n]\n```\nYou can refer to the following example and generate step-by-step clues for the given problem.\n\n\n-----Clues-----\nClue of Step 1: We should create a mapping of numbers to their corresponding English words for all numbers from 0 to 99.\n", "Clue of Step 2: We need to break down the problem into two parts: numbers less than 20, which can be handled with a direct mapping, and numbers between 20 and 99, which require combining the tens place and the units place using hyphens.\n", "Clue of Step 2: We will create a function that takes the score as input and returns the corresponding English word(s).\n"], ["\nYou will be given a problem desciption.\n\nPlease analyze the problem and generate step-by-step clues of how to solve the problem with executable python code.\n\nThe problem:\n\n\nQUESTION:\nToday Tavas got his test result as an integer score and he wants to share it with his girlfriend, Nafas.\n\nHis phone operating system is Tavdroid, and its keyboard doesn't have any digits! He wants to share his score with Nafas via text, so he has no choice but to send this number using words. [Image] \n\nHe ate coffee mix without water again, so right now he's really messed up and can't think.\n\nYour task is to help him by telling him what to type.\n\n\n-----Input-----\n\nThe first and only line of input contains an integer s (0 \u2264 s \u2264 99), Tavas's score. \n\n\n-----Output-----\n\nIn the first and only line of output, print a single string consisting only from English lowercase letters and hyphens ('-'). Do not use spaces.\n\n\n-----Examples-----\nInput\n6\n\nOutput\nsix\n\nInput\n99\n\nOutput\nninety-nine\n\nInput\n20\n\nOutput\ntwenty\n\n\n\n-----Note-----\n\nYou can find all you need to know about English numerals in http://en.wikipedia.org/wiki/English_numerals .\nUse Standard Input format\nANSWER:\n\n\nAn example of step-by-step clues for finding the longest palindrome substring is displayed below:\n\n```json\n[\n{\"Clue of Step 1\": \"For a substring, if it is a palindrome and the length is greater than 2, it is still a palindrome after the first and last letters are removed. According to this idea, we can use dynamic programming to solve this problem.\"},\n{\"Clue of Step 2\": \"Then we should consider the state transition function. We use P(i,j) to indicate whether the string composed of the i-th to j-th letters of the string s (denoted as as s[i:j]) is a palindrome string. s[i:j] is a palindrome only if s[i+1:j\u22121] is a palindrome and the i and j letters of s are the same.\"},\n{\"Clue of Step 3\": \"We also need to consider the boundary conditions in dynamic programming. For a substring of length 1, it is obviously a palindrome string; For a substring of length 2, it is a palindrome as long as its two letters are the same.\"},\n{\"Clue of Step 4\": \"We also need to consider the the cyclic order of dynamic programming. In the state transition equation, we are moving from a shorter string to a longer string.\"},\n{\"Clue of Step 5\": \"The final answer is the maximum length of the valid sub-strings.\"}\n]\n```\nYou can refer to the following example and generate step-by-step clues for the given problem.\n\n\n-----Clues-----\nClue of Step 1: We should create a mapping of numbers to their corresponding English words for all numbers from 0 to 99.\n", "Clue of Step 2: We should ensure that numbers which are multiples of ten (like 20, 30, ..., 90) are handled without appending any units, while numbers like 21-29 should be formatted as 'twenty-one', 'twenty-two', etc.\n", "Clue of Step 2: We will create a function that takes the score as input and returns the corresponding English word(s).\n"], ["\nYou will be given a problem desciption.\n\nPlease analyze the problem and generate step-by-step clues of how to solve the problem with executable python code.\n\nThe problem:\n\n\nQUESTION:\nToday Tavas got his test result as an integer score and he wants to share it with his girlfriend, Nafas.\n\nHis phone operating system is Tavdroid, and its keyboard doesn't have any digits! He wants to share his score with Nafas via text, so he has no choice but to send this number using words. [Image] \n\nHe ate coffee mix without water again, so right now he's really messed up and can't think.\n\nYour task is to help him by telling him what to type.\n\n\n-----Input-----\n\nThe first and only line of input contains an integer s (0 \u2264 s \u2264 99), Tavas's score. \n\n\n-----Output-----\n\nIn the first and only line of output, print a single string consisting only from English lowercase letters and hyphens ('-'). Do not use spaces.\n\n\n-----Examples-----\nInput\n6\n\nOutput\nsix\n\nInput\n99\n\nOutput\nninety-nine\n\nInput\n20\n\nOutput\ntwenty\n\n\n\n-----Note-----\n\nYou can find all you need to know about English numerals in http://en.wikipedia.org/wiki/English_numerals .\nUse Standard Input format\nANSWER:\n\n\nAn example of step-by-step clues for finding the longest palindrome substring is displayed below:\n\n```json\n[\n{\"Clue of Step 1\": \"For a substring, if it is a palindrome and the length is greater than 2, it is still a palindrome after the first and last letters are removed. According to this idea, we can use dynamic programming to solve this problem.\"},\n{\"Clue of Step 2\": \"Then we should consider the state transition function. We use P(i,j) to indicate whether the string composed of the i-th to j-th letters of the string s (denoted as as s[i:j]) is a palindrome string. s[i:j] is a palindrome only if s[i+1:j\u22121] is a palindrome and the i and j letters of s are the same.\"},\n{\"Clue of Step 3\": \"We also need to consider the boundary conditions in dynamic programming. For a substring of length 1, it is obviously a palindrome string; For a substring of length 2, it is a palindrome as long as its two letters are the same.\"},\n{\"Clue of Step 4\": \"We also need to consider the the cyclic order of dynamic programming. In the state transition equation, we are moving from a shorter string to a longer string.\"},\n{\"Clue of Step 5\": \"The final answer is the maximum length of the valid sub-strings.\"}\n]\n```\nYou can refer to the following example and generate step-by-step clues for the given problem.\n\n\n-----Clues-----\nClue of Step 1: We need to define special cases for numbers in the 'teens' (11 to 19) because they have unique names that differ from standard number patterns.\n", "Clue of Step 2: We need to create a mapping of scores to their corresponding English words for numbers 0 to 99.\n", "Clue of Step 2: For scores between 21 to 99 that are not multiples of ten, we can split the score into tens and units and combine their respective word representations with a hyphen.\n"], ["\nYou will be given a problem desciption.\n\nPlease analyze the problem and generate step-by-step clues of how to solve the problem with executable python code.\n\nThe problem:\n\n\nQUESTION:\nToday Tavas got his test result as an integer score and he wants to share it with his girlfriend, Nafas.\n\nHis phone operating system is Tavdroid, and its keyboard doesn't have any digits! He wants to share his score with Nafas via text, so he has no choice but to send this number using words. [Image] \n\nHe ate coffee mix without water again, so right now he's really messed up and can't think.\n\nYour task is to help him by telling him what to type.\n\n\n-----Input-----\n\nThe first and only line of input contains an integer s (0 \u2264 s \u2264 99), Tavas's score. \n\n\n-----Output-----\n\nIn the first and only line of output, print a single string consisting only from English lowercase letters and hyphens ('-'). Do not use spaces.\n\n\n-----Examples-----\nInput\n6\n\nOutput\nsix\n\nInput\n99\n\nOutput\nninety-nine\n\nInput\n20\n\nOutput\ntwenty\n\n\n\n-----Note-----\n\nYou can find all you need to know about English numerals in http://en.wikipedia.org/wiki/English_numerals .\nUse Standard Input format\nANSWER:\n\n\nAn example of step-by-step clues for finding the longest palindrome substring is displayed below:\n\n```json\n[\n{\"Clue of Step 1\": \"For a substring, if it is a palindrome and the length is greater than 2, it is still a palindrome after the first and last letters are removed. According to this idea, we can use dynamic programming to solve this problem.\"},\n{\"Clue of Step 2\": \"Then we should consider the state transition function. We use P(i,j) to indicate whether the string composed of the i-th to j-th letters of the string s (denoted as as s[i:j]) is a palindrome string. s[i:j] is a palindrome only if s[i+1:j\u22121] is a palindrome and the i and j letters of s are the same.\"},\n{\"Clue of Step 3\": \"We also need to consider the boundary conditions in dynamic programming. For a substring of length 1, it is obviously a palindrome string; For a substring of length 2, it is a palindrome as long as its two letters are the same.\"},\n{\"Clue of Step 4\": \"We also need to consider the the cyclic order of dynamic programming. In the state transition equation, we are moving from a shorter string to a longer string.\"},\n{\"Clue of Step 5\": \"The final answer is the maximum length of the valid sub-strings.\"}\n]\n```\nYou can refer to the following example and generate step-by-step clues for the given problem.\n\n\n-----Clues-----\nClue of Step 1: We need to define special cases for numbers in the 'teens' (11 to 19) because they have unique names that differ from standard number patterns.\n", "Clue of Step 2: We need to create a mapping of scores to their corresponding English words for numbers 0 to 99.\n", "Clue of Step 2: We need to map the units (0-9) to their corresponding word representations, since many numbers are combinations of these units (e.g., twenty-one, ninety-five). This involves creating a dictionary for numbers less than 20 and another dictionary for tens (20, 30, ..., 90).\n"], ["\nYou will be given a problem desciption.\n\nPlease analyze the problem and generate step-by-step clues of how to solve the problem with executable python code.\n\nThe problem:\n\n\nQUESTION:\nToday Tavas got his test result as an integer score and he wants to share it with his girlfriend, Nafas.\n\nHis phone operating system is Tavdroid, and its keyboard doesn't have any digits! He wants to share his score with Nafas via text, so he has no choice but to send this number using words. [Image] \n\nHe ate coffee mix without water again, so right now he's really messed up and can't think.\n\nYour task is to help him by telling him what to type.\n\n\n-----Input-----\n\nThe first and only line of input contains an integer s (0 \u2264 s \u2264 99), Tavas's score. \n\n\n-----Output-----\n\nIn the first and only line of output, print a single string consisting only from English lowercase letters and hyphens ('-'). Do not use spaces.\n\n\n-----Examples-----\nInput\n6\n\nOutput\nsix\n\nInput\n99\n\nOutput\nninety-nine\n\nInput\n20\n\nOutput\ntwenty\n\n\n\n-----Note-----\n\nYou can find all you need to know about English numerals in http://en.wikipedia.org/wiki/English_numerals .\nUse Standard Input format\nANSWER:\n\n\nAn example of step-by-step clues for finding the longest palindrome substring is displayed below:\n\n```json\n[\n{\"Clue of Step 1\": \"For a substring, if it is a palindrome and the length is greater than 2, it is still a palindrome after the first and last letters are removed. According to this idea, we can use dynamic programming to solve this problem.\"},\n{\"Clue of Step 2\": \"Then we should consider the state transition function. We use P(i,j) to indicate whether the string composed of the i-th to j-th letters of the string s (denoted as as s[i:j]) is a palindrome string. s[i:j] is a palindrome only if s[i+1:j\u22121] is a palindrome and the i and j letters of s are the same.\"},\n{\"Clue of Step 3\": \"We also need to consider the boundary conditions in dynamic programming. For a substring of length 1, it is obviously a palindrome string; For a substring of length 2, it is a palindrome as long as its two letters are the same.\"},\n{\"Clue of Step 4\": \"We also need to consider the the cyclic order of dynamic programming. In the state transition equation, we are moving from a shorter string to a longer string.\"},\n{\"Clue of Step 5\": \"The final answer is the maximum length of the valid sub-strings.\"}\n]\n```\nYou can refer to the following example and generate step-by-step clues for the given problem.\n\n\n-----Clues-----\nClue of Step 1: We need to define special cases for numbers in the 'teens' (11 to 19) because they have unique names that differ from standard number patterns.\n", "Clue of Step 2: We should handle the case where the score is a multiple of ten (like 20, 30, etc.) separately from the case where it's a number in the 'teens' (11 to 19).\n", "Clue of Step 2: For scores between 21 to 99 that are not multiples of ten, we can split the score into tens and units and combine their respective word representations with a hyphen.\n"], ["\nYou will be given a problem desciption.\n\nPlease analyze the problem and generate step-by-step clues of how to solve the problem with executable python code.\n\nThe problem:\n\n\nQUESTION:\nToday Tavas got his test result as an integer score and he wants to share it with his girlfriend, Nafas.\n\nHis phone operating system is Tavdroid, and its keyboard doesn't have any digits! He wants to share his score with Nafas via text, so he has no choice but to send this number using words. [Image] \n\nHe ate coffee mix without water again, so right now he's really messed up and can't think.\n\nYour task is to help him by telling him what to type.\n\n\n-----Input-----\n\nThe first and only line of input contains an integer s (0 \u2264 s \u2264 99), Tavas's score. \n\n\n-----Output-----\n\nIn the first and only line of output, print a single string consisting only from English lowercase letters and hyphens ('-'). Do not use spaces.\n\n\n-----Examples-----\nInput\n6\n\nOutput\nsix\n\nInput\n99\n\nOutput\nninety-nine\n\nInput\n20\n\nOutput\ntwenty\n\n\n\n-----Note-----\n\nYou can find all you need to know about English numerals in http://en.wikipedia.org/wiki/English_numerals .\nUse Standard Input format\nANSWER:\n\n\nAn example of step-by-step clues for finding the longest palindrome substring is displayed below:\n\n```json\n[\n{\"Clue of Step 1\": \"For a substring, if it is a palindrome and the length is greater than 2, it is still a palindrome after the first and last letters are removed. According to this idea, we can use dynamic programming to solve this problem.\"},\n{\"Clue of Step 2\": \"Then we should consider the state transition function. We use P(i,j) to indicate whether the string composed of the i-th to j-th letters of the string s (denoted as as s[i:j]) is a palindrome string. s[i:j] is a palindrome only if s[i+1:j\u22121] is a palindrome and the i and j letters of s are the same.\"},\n{\"Clue of Step 3\": \"We also need to consider the boundary conditions in dynamic programming. For a substring of length 1, it is obviously a palindrome string; For a substring of length 2, it is a palindrome as long as its two letters are the same.\"},\n{\"Clue of Step 4\": \"We also need to consider the the cyclic order of dynamic programming. In the state transition equation, we are moving from a shorter string to a longer string.\"},\n{\"Clue of Step 5\": \"The final answer is the maximum length of the valid sub-strings.\"}\n]\n```\nYou can refer to the following example and generate step-by-step clues for the given problem.\n\n\n-----Clues-----\nClue of Step 1: We need to define special cases for numbers in the 'teens' (11 to 19) because they have unique names that differ from standard number patterns.\n", "Clue of Step 2: We should handle the case where the score is a multiple of ten (like 20, 30, etc.) separately from the case where it's a number in the 'teens' (11 to 19).\n", "Clue of Step 2: We need to map the units (0-9) to their corresponding word representations, since many numbers are combinations of these units (e.g., twenty-one, ninety-five). This involves creating a dictionary for numbers less than 20 and another dictionary for tens (20, 30, ..., 90).\n"], ["\nYou will be given a problem desciption.\n\nPlease analyze the problem and generate step-by-step clues of how to solve the problem with executable python code.\n\nThe problem:\n\n\nQUESTION:\nToday Tavas got his test result as an integer score and he wants to share it with his girlfriend, Nafas.\n\nHis phone operating system is Tavdroid, and its keyboard doesn't have any digits! He wants to share his score with Nafas via text, so he has no choice but to send this number using words. [Image] \n\nHe ate coffee mix without water again, so right now he's really messed up and can't think.\n\nYour task is to help him by telling him what to type.\n\n\n-----Input-----\n\nThe first and only line of input contains an integer s (0 \u2264 s \u2264 99), Tavas's score. \n\n\n-----Output-----\n\nIn the first and only line of output, print a single string consisting only from English lowercase letters and hyphens ('-'). Do not use spaces.\n\n\n-----Examples-----\nInput\n6\n\nOutput\nsix\n\nInput\n99\n\nOutput\nninety-nine\n\nInput\n20\n\nOutput\ntwenty\n\n\n\n-----Note-----\n\nYou can find all you need to know about English numerals in http://en.wikipedia.org/wiki/English_numerals .\nUse Standard Input format\nANSWER:\n\n\nAn example of step-by-step clues for finding the longest palindrome substring is displayed below:\n\n```json\n[\n{\"Clue of Step 1\": \"For a substring, if it is a palindrome and the length is greater than 2, it is still a palindrome after the first and last letters are removed. According to this idea, we can use dynamic programming to solve this problem.\"},\n{\"Clue of Step 2\": \"Then we should consider the state transition function. We use P(i,j) to indicate whether the string composed of the i-th to j-th letters of the string s (denoted as as s[i:j]) is a palindrome string. s[i:j] is a palindrome only if s[i+1:j\u22121] is a palindrome and the i and j letters of s are the same.\"},\n{\"Clue of Step 3\": \"We also need to consider the boundary conditions in dynamic programming. For a substring of length 1, it is obviously a palindrome string; For a substring of length 2, it is a palindrome as long as its two letters are the same.\"},\n{\"Clue of Step 4\": \"We also need to consider the the cyclic order of dynamic programming. In the state transition equation, we are moving from a shorter string to a longer string.\"},\n{\"Clue of Step 5\": \"The final answer is the maximum length of the valid sub-strings.\"}\n]\n```\nYou can refer to the following example and generate step-by-step clues for the given problem.\n\n\n-----Clues-----\nClue of Step 1: We need to define special cases for numbers in the 'teens' (11 to 19) because they have unique names that differ from standard number patterns.\n", "Clue of Step 2: Once we have the dictionaries for units and tens, we can break down any number from 0 to 99 into its tens and units components. For example, for 47, we would use 'forty' from the tens dictionary and 'seven' from the units dictionary.\n", "Clue of Step 2: For scores between 21 to 99 that are not multiples of ten, we can split the score into tens and units and combine their respective word representations with a hyphen.\n"], ["\nYou will be given a problem desciption.\n\nPlease analyze the problem and generate step-by-step clues of how to solve the problem with executable python code.\n\nThe problem:\n\n\nQUESTION:\nToday Tavas got his test result as an integer score and he wants to share it with his girlfriend, Nafas.\n\nHis phone operating system is Tavdroid, and its keyboard doesn't have any digits! He wants to share his score with Nafas via text, so he has no choice but to send this number using words. [Image] \n\nHe ate coffee mix without water again, so right now he's really messed up and can't think.\n\nYour task is to help him by telling him what to type.\n\n\n-----Input-----\n\nThe first and only line of input contains an integer s (0 \u2264 s \u2264 99), Tavas's score. \n\n\n-----Output-----\n\nIn the first and only line of output, print a single string consisting only from English lowercase letters and hyphens ('-'). Do not use spaces.\n\n\n-----Examples-----\nInput\n6\n\nOutput\nsix\n\nInput\n99\n\nOutput\nninety-nine\n\nInput\n20\n\nOutput\ntwenty\n\n\n\n-----Note-----\n\nYou can find all you need to know about English numerals in http://en.wikipedia.org/wiki/English_numerals .\nUse Standard Input format\nANSWER:\n\n\nAn example of step-by-step clues for finding the longest palindrome substring is displayed below:\n\n```json\n[\n{\"Clue of Step 1\": \"For a substring, if it is a palindrome and the length is greater than 2, it is still a palindrome after the first and last letters are removed. According to this idea, we can use dynamic programming to solve this problem.\"},\n{\"Clue of Step 2\": \"Then we should consider the state transition function. We use P(i,j) to indicate whether the string composed of the i-th to j-th letters of the string s (denoted as as s[i:j]) is a palindrome string. s[i:j] is a palindrome only if s[i+1:j\u22121] is a palindrome and the i and j letters of s are the same.\"},\n{\"Clue of Step 3\": \"We also need to consider the boundary conditions in dynamic programming. For a substring of length 1, it is obviously a palindrome string; For a substring of length 2, it is a palindrome as long as its two letters are the same.\"},\n{\"Clue of Step 4\": \"We also need to consider the the cyclic order of dynamic programming. In the state transition equation, we are moving from a shorter string to a longer string.\"},\n{\"Clue of Step 5\": \"The final answer is the maximum length of the valid sub-strings.\"}\n]\n```\nYou can refer to the following example and generate step-by-step clues for the given problem.\n\n\n-----Clues-----\nClue of Step 1: We need to define special cases for numbers in the 'teens' (11 to 19) because they have unique names that differ from standard number patterns.\n", "Clue of Step 2: Once we have the dictionaries for units and tens, we can break down any number from 0 to 99 into its tens and units components. For example, for 47, we would use 'forty' from the tens dictionary and 'seven' from the units dictionary.\n", "Clue of Step 2: We need to map the units (0-9) to their corresponding word representations, since many numbers are combinations of these units (e.g., twenty-one, ninety-five). This involves creating a dictionary for numbers less than 20 and another dictionary for tens (20, 30, ..., 90).\n"], ["\nYou will be given a problem desciption.\n\nPlease analyze the problem and generate step-by-step clues of how to solve the problem with executable python code.\n\nThe problem:\n\n\nQUESTION:\nToday Tavas got his test result as an integer score and he wants to share it with his girlfriend, Nafas.\n\nHis phone operating system is Tavdroid, and its keyboard doesn't have any digits! He wants to share his score with Nafas via text, so he has no choice but to send this number using words. [Image] \n\nHe ate coffee mix without water again, so right now he's really messed up and can't think.\n\nYour task is to help him by telling him what to type.\n\n\n-----Input-----\n\nThe first and only line of input contains an integer s (0 \u2264 s \u2264 99), Tavas's score. \n\n\n-----Output-----\n\nIn the first and only line of output, print a single string consisting only from English lowercase letters and hyphens ('-'). Do not use spaces.\n\n\n-----Examples-----\nInput\n6\n\nOutput\nsix\n\nInput\n99\n\nOutput\nninety-nine\n\nInput\n20\n\nOutput\ntwenty\n\n\n\n-----Note-----\n\nYou can find all you need to know about English numerals in http://en.wikipedia.org/wiki/English_numerals .\nUse Standard Input format\nANSWER:\n\n\nAn example of step-by-step clues for finding the longest palindrome substring is displayed below:\n\n```json\n[\n{\"Clue of Step 1\": \"For a substring, if it is a palindrome and the length is greater than 2, it is still a palindrome after the first and last letters are removed. According to this idea, we can use dynamic programming to solve this problem.\"},\n{\"Clue of Step 2\": \"Then we should consider the state transition function. We use P(i,j) to indicate whether the string composed of the i-th to j-th letters of the string s (denoted as as s[i:j]) is a palindrome string. s[i:j] is a palindrome only if s[i+1:j\u22121] is a palindrome and the i and j letters of s are the same.\"},\n{\"Clue of Step 3\": \"We also need to consider the boundary conditions in dynamic programming. For a substring of length 1, it is obviously a palindrome string; For a substring of length 2, it is a palindrome as long as its two letters are the same.\"},\n{\"Clue of Step 4\": \"We also need to consider the the cyclic order of dynamic programming. In the state transition equation, we are moving from a shorter string to a longer string.\"},\n{\"Clue of Step 5\": \"The final answer is the maximum length of the valid sub-strings.\"}\n]\n```\nYou can refer to the following example and generate step-by-step clues for the given problem.\n\n\n-----Clues-----\nClue of Step 1: We need to define special cases for numbers in the 'teens' (11 to 19) because they have unique names that differ from standard number patterns.\n", "Clue of Step 2: We should handle special cases where the number is less than 20 directly using the units dictionary since numbers below 20 have unique names (e.g., 15 is 'fifteen', not 'ten-five'). For numbers 20 and above, we can concatenate the tens and units using hyphens where necessary.\n", "Clue of Step 2: For scores between 21 to 99 that are not multiples of ten, we can split the score into tens and units and combine their respective word representations with a hyphen.\n"], ["\nYou will be given a problem desciption.\n\nPlease analyze the problem and generate step-by-step clues of how to solve the problem with executable python code.\n\nThe problem:\n\n\nQUESTION:\nToday Tavas got his test result as an integer score and he wants to share it with his girlfriend, Nafas.\n\nHis phone operating system is Tavdroid, and its keyboard doesn't have any digits! He wants to share his score with Nafas via text, so he has no choice but to send this number using words. [Image] \n\nHe ate coffee mix without water again, so right now he's really messed up and can't think.\n\nYour task is to help him by telling him what to type.\n\n\n-----Input-----\n\nThe first and only line of input contains an integer s (0 \u2264 s \u2264 99), Tavas's score. \n\n\n-----Output-----\n\nIn the first and only line of output, print a single string consisting only from English lowercase letters and hyphens ('-'). Do not use spaces.\n\n\n-----Examples-----\nInput\n6\n\nOutput\nsix\n\nInput\n99\n\nOutput\nninety-nine\n\nInput\n20\n\nOutput\ntwenty\n\n\n\n-----Note-----\n\nYou can find all you need to know about English numerals in http://en.wikipedia.org/wiki/English_numerals .\nUse Standard Input format\nANSWER:\n\n\nAn example of step-by-step clues for finding the longest palindrome substring is displayed below:\n\n```json\n[\n{\"Clue of Step 1\": \"For a substring, if it is a palindrome and the length is greater than 2, it is still a palindrome after the first and last letters are removed. According to this idea, we can use dynamic programming to solve this problem.\"},\n{\"Clue of Step 2\": \"Then we should consider the state transition function. We use P(i,j) to indicate whether the string composed of the i-th to j-th letters of the string s (denoted as as s[i:j]) is a palindrome string. s[i:j] is a palindrome only if s[i+1:j\u22121] is a palindrome and the i and j letters of s are the same.\"},\n{\"Clue of Step 3\": \"We also need to consider the boundary conditions in dynamic programming. For a substring of length 1, it is obviously a palindrome string; For a substring of length 2, it is a palindrome as long as its two letters are the same.\"},\n{\"Clue of Step 4\": \"We also need to consider the the cyclic order of dynamic programming. In the state transition equation, we are moving from a shorter string to a longer string.\"},\n{\"Clue of Step 5\": \"The final answer is the maximum length of the valid sub-strings.\"}\n]\n```\nYou can refer to the following example and generate step-by-step clues for the given problem.\n\n\n-----Clues-----\nClue of Step 1: We need to define special cases for numbers in the 'teens' (11 to 19) because they have unique names that differ from standard number patterns.\n", "Clue of Step 2: We should handle special cases where the number is less than 20 directly using the units dictionary since numbers below 20 have unique names (e.g., 15 is 'fifteen', not 'ten-five'). For numbers 20 and above, we can concatenate the tens and units using hyphens where necessary.\n", "Clue of Step 2: We need to map the units (0-9) to their corresponding word representations, since many numbers are combinations of these units (e.g., twenty-one, ninety-five). This involves creating a dictionary for numbers less than 20 and another dictionary for tens (20, 30, ..., 90).\n"], ["\nYou will be given a problem desciption.\n\nPlease analyze the problem and generate step-by-step clues of how to solve the problem with executable python code.\n\nThe problem:\n\n\nQUESTION:\nToday Tavas got his test result as an integer score and he wants to share it with his girlfriend, Nafas.\n\nHis phone operating system is Tavdroid, and its keyboard doesn't have any digits! He wants to share his score with Nafas via text, so he has no choice but to send this number using words. [Image] \n\nHe ate coffee mix without water again, so right now he's really messed up and can't think.\n\nYour task is to help him by telling him what to type.\n\n\n-----Input-----\n\nThe first and only line of input contains an integer s (0 \u2264 s \u2264 99), Tavas's score. \n\n\n-----Output-----\n\nIn the first and only line of output, print a single string consisting only from English lowercase letters and hyphens ('-'). Do not use spaces.\n\n\n-----Examples-----\nInput\n6\n\nOutput\nsix\n\nInput\n99\n\nOutput\nninety-nine\n\nInput\n20\n\nOutput\ntwenty\n\n\n\n-----Note-----\n\nYou can find all you need to know about English numerals in http://en.wikipedia.org/wiki/English_numerals .\nUse Standard Input format\nANSWER:\n\n\nAn example of step-by-step clues for finding the longest palindrome substring is displayed below:\n\n```json\n[\n{\"Clue of Step 1\": \"For a substring, if it is a palindrome and the length is greater than 2, it is still a palindrome after the first and last letters are removed. According to this idea, we can use dynamic programming to solve this problem.\"},\n{\"Clue of Step 2\": \"Then we should consider the state transition function. We use P(i,j) to indicate whether the string composed of the i-th to j-th letters of the string s (denoted as as s[i:j]) is a palindrome string. s[i:j] is a palindrome only if s[i+1:j\u22121] is a palindrome and the i and j letters of s are the same.\"},\n{\"Clue of Step 3\": \"We also need to consider the boundary conditions in dynamic programming. For a substring of length 1, it is obviously a palindrome string; For a substring of length 2, it is a palindrome as long as its two letters are the same.\"},\n{\"Clue of Step 4\": \"We also need to consider the the cyclic order of dynamic programming. In the state transition equation, we are moving from a shorter string to a longer string.\"},\n{\"Clue of Step 5\": \"The final answer is the maximum length of the valid sub-strings.\"}\n]\n```\nYou can refer to the following example and generate step-by-step clues for the given problem.\n\n\n-----Clues-----\nClue of Step 1: We must consider how to structure the mapping so that we can easily access the correct word based on the input score.\n", "Clue of Step 2: We need to handle the cases for numbers between 0 and 19 separately since they have unique word representations, and for multiples of ten between 20 and 90.\n", "Clue of Step 2: We can create a dictionary that maps each number to its English word representation. This will allow us to easily retrieve the correct word for both single-digit and two-digit numbers.\n"], ["\nYou will be given a problem desciption.\n\nPlease analyze the problem and generate step-by-step clues of how to solve the problem with executable python code.\n\nThe problem:\n\n\nQUESTION:\nToday Tavas got his test result as an integer score and he wants to share it with his girlfriend, Nafas.\n\nHis phone operating system is Tavdroid, and its keyboard doesn't have any digits! He wants to share his score with Nafas via text, so he has no choice but to send this number using words. [Image] \n\nHe ate coffee mix without water again, so right now he's really messed up and can't think.\n\nYour task is to help him by telling him what to type.\n\n\n-----Input-----\n\nThe first and only line of input contains an integer s (0 \u2264 s \u2264 99), Tavas's score. \n\n\n-----Output-----\n\nIn the first and only line of output, print a single string consisting only from English lowercase letters and hyphens ('-'). Do not use spaces.\n\n\n-----Examples-----\nInput\n6\n\nOutput\nsix\n\nInput\n99\n\nOutput\nninety-nine\n\nInput\n20\n\nOutput\ntwenty\n\n\n\n-----Note-----\n\nYou can find all you need to know about English numerals in http://en.wikipedia.org/wiki/English_numerals .\nUse Standard Input format\nANSWER:\n\n\nAn example of step-by-step clues for finding the longest palindrome substring is displayed below:\n\n```json\n[\n{\"Clue of Step 1\": \"For a substring, if it is a palindrome and the length is greater than 2, it is still a palindrome after the first and last letters are removed. According to this idea, we can use dynamic programming to solve this problem.\"},\n{\"Clue of Step 2\": \"Then we should consider the state transition function. We use P(i,j) to indicate whether the string composed of the i-th to j-th letters of the string s (denoted as as s[i:j]) is a palindrome string. s[i:j] is a palindrome only if s[i+1:j\u22121] is a palindrome and the i and j letters of s are the same.\"},\n{\"Clue of Step 3\": \"We also need to consider the boundary conditions in dynamic programming. For a substring of length 1, it is obviously a palindrome string; For a substring of length 2, it is a palindrome as long as its two letters are the same.\"},\n{\"Clue of Step 4\": \"We also need to consider the the cyclic order of dynamic programming. In the state transition equation, we are moving from a shorter string to a longer string.\"},\n{\"Clue of Step 5\": \"The final answer is the maximum length of the valid sub-strings.\"}\n]\n```\nYou can refer to the following example and generate step-by-step clues for the given problem.\n\n\n-----Clues-----\nClue of Step 1: We must consider how to structure the mapping so that we can easily access the correct word based on the input score.\n", "Clue of Step 2: We must combine the word representations for the tens and units correctly for numbers between 21 and 99, ensuring to add a hyphen when necessary.\n", "Clue of Step 2: We can create a dictionary that maps each number to its English word representation. This will allow us to easily retrieve the correct word for both single-digit and two-digit numbers.\n"], ["\nYou will be given a problem desciption.\n\nPlease analyze the problem and generate step-by-step clues of how to solve the problem with executable python code.\n\nThe problem:\n\n\nQUESTION:\nToday Tavas got his test result as an integer score and he wants to share it with his girlfriend, Nafas.\n\nHis phone operating system is Tavdroid, and its keyboard doesn't have any digits! He wants to share his score with Nafas via text, so he has no choice but to send this number using words. [Image] \n\nHe ate coffee mix without water again, so right now he's really messed up and can't think.\n\nYour task is to help him by telling him what to type.\n\n\n-----Input-----\n\nThe first and only line of input contains an integer s (0 \u2264 s \u2264 99), Tavas's score. \n\n\n-----Output-----\n\nIn the first and only line of output, print a single string consisting only from English lowercase letters and hyphens ('-'). Do not use spaces.\n\n\n-----Examples-----\nInput\n6\n\nOutput\nsix\n\nInput\n99\n\nOutput\nninety-nine\n\nInput\n20\n\nOutput\ntwenty\n\n\n\n-----Note-----\n\nYou can find all you need to know about English numerals in http://en.wikipedia.org/wiki/English_numerals .\nUse Standard Input format\nANSWER:\n\n\nAn example of step-by-step clues for finding the longest palindrome substring is displayed below:\n\n```json\n[\n{\"Clue of Step 1\": \"For a substring, if it is a palindrome and the length is greater than 2, it is still a palindrome after the first and last letters are removed. According to this idea, we can use dynamic programming to solve this problem.\"},\n{\"Clue of Step 2\": \"Then we should consider the state transition function. We use P(i,j) to indicate whether the string composed of the i-th to j-th letters of the string s (denoted as as s[i:j]) is a palindrome string. s[i:j] is a palindrome only if s[i+1:j\u22121] is a palindrome and the i and j letters of s are the same.\"},\n{\"Clue of Step 3\": \"We also need to consider the boundary conditions in dynamic programming. For a substring of length 1, it is obviously a palindrome string; For a substring of length 2, it is a palindrome as long as its two letters are the same.\"},\n{\"Clue of Step 4\": \"We also need to consider the the cyclic order of dynamic programming. In the state transition equation, we are moving from a shorter string to a longer string.\"},\n{\"Clue of Step 5\": \"The final answer is the maximum length of the valid sub-strings.\"}\n]\n```\nYou can refer to the following example and generate step-by-step clues for the given problem.\n\n\n-----Clues-----\nClue of Step 1: We must consider how to structure the mapping so that we can easily access the correct word based on the input score.\n", "Clue of Step 2: We need to define a list or dictionary that maps each integer from 0 to 19 to its corresponding word form, since these numbers have unique names in English.\n", "Clue of Step 2: We can create a dictionary that maps each number to its English word representation. This will allow us to easily retrieve the correct word for both single-digit and two-digit numbers.\n"], ["\nYou will be given a problem desciption.\n\nPlease analyze the problem and generate step-by-step clues of how to solve the problem with executable python code.\n\nThe problem:\n\n\nQUESTION:\nToday Tavas got his test result as an integer score and he wants to share it with his girlfriend, Nafas.\n\nHis phone operating system is Tavdroid, and its keyboard doesn't have any digits! He wants to share his score with Nafas via text, so he has no choice but to send this number using words. [Image] \n\nHe ate coffee mix without water again, so right now he's really messed up and can't think.\n\nYour task is to help him by telling him what to type.\n\n\n-----Input-----\n\nThe first and only line of input contains an integer s (0 \u2264 s \u2264 99), Tavas's score. \n\n\n-----Output-----\n\nIn the first and only line of output, print a single string consisting only from English lowercase letters and hyphens ('-'). Do not use spaces.\n\n\n-----Examples-----\nInput\n6\n\nOutput\nsix\n\nInput\n99\n\nOutput\nninety-nine\n\nInput\n20\n\nOutput\ntwenty\n\n\n\n-----Note-----\n\nYou can find all you need to know about English numerals in http://en.wikipedia.org/wiki/English_numerals .\nUse Standard Input format\nANSWER:\n\n\nAn example of step-by-step clues for finding the longest palindrome substring is displayed below:\n\n```json\n[\n{\"Clue of Step 1\": \"For a substring, if it is a palindrome and the length is greater than 2, it is still a palindrome after the first and last letters are removed. According to this idea, we can use dynamic programming to solve this problem.\"},\n{\"Clue of Step 2\": \"Then we should consider the state transition function. We use P(i,j) to indicate whether the string composed of the i-th to j-th letters of the string s (denoted as as s[i:j]) is a palindrome string. s[i:j] is a palindrome only if s[i+1:j\u22121] is a palindrome and the i and j letters of s are the same.\"},\n{\"Clue of Step 3\": \"We also need to consider the boundary conditions in dynamic programming. For a substring of length 1, it is obviously a palindrome string; For a substring of length 2, it is a palindrome as long as its two letters are the same.\"},\n{\"Clue of Step 4\": \"We also need to consider the the cyclic order of dynamic programming. In the state transition equation, we are moving from a shorter string to a longer string.\"},\n{\"Clue of Step 5\": \"The final answer is the maximum length of the valid sub-strings.\"}\n]\n```\nYou can refer to the following example and generate step-by-step clues for the given problem.\n\n\n-----Clues-----\nClue of Step 1: We must consider how to structure the mapping so that we can easily access the correct word based on the input score.\n", "Clue of Step 2: For numbers greater than 19 and less than 100, we should define another mapping for multiples of 10 (like 20, 30, etc.) and then combine these with the word form of the remainder (like 'twenty-one', 'thirty-five', etc.).\n", "Clue of Step 2: We can create a dictionary that maps each number to its English word representation. This will allow us to easily retrieve the correct word for both single-digit and two-digit numbers.\n"], ["\nYou will be given a problem desciption.\n\nPlease analyze the problem and generate step-by-step clues of how to solve the problem with executable python code.\n\nThe problem:\n\n\nQUESTION:\nToday Tavas got his test result as an integer score and he wants to share it with his girlfriend, Nafas.\n\nHis phone operating system is Tavdroid, and its keyboard doesn't have any digits! He wants to share his score with Nafas via text, so he has no choice but to send this number using words. [Image] \n\nHe ate coffee mix without water again, so right now he's really messed up and can't think.\n\nYour task is to help him by telling him what to type.\n\n\n-----Input-----\n\nThe first and only line of input contains an integer s (0 \u2264 s \u2264 99), Tavas's score. \n\n\n-----Output-----\n\nIn the first and only line of output, print a single string consisting only from English lowercase letters and hyphens ('-'). Do not use spaces.\n\n\n-----Examples-----\nInput\n6\n\nOutput\nsix\n\nInput\n99\n\nOutput\nninety-nine\n\nInput\n20\n\nOutput\ntwenty\n\n\n\n-----Note-----\n\nYou can find all you need to know about English numerals in http://en.wikipedia.org/wiki/English_numerals .\nUse Standard Input format\nANSWER:\n\n\nAn example of step-by-step clues for finding the longest palindrome substring is displayed below:\n\n```json\n[\n{\"Clue of Step 1\": \"For a substring, if it is a palindrome and the length is greater than 2, it is still a palindrome after the first and last letters are removed. According to this idea, we can use dynamic programming to solve this problem.\"},\n{\"Clue of Step 2\": \"Then we should consider the state transition function. We use P(i,j) to indicate whether the string composed of the i-th to j-th letters of the string s (denoted as as s[i:j]) is a palindrome string. s[i:j] is a palindrome only if s[i+1:j\u22121] is a palindrome and the i and j letters of s are the same.\"},\n{\"Clue of Step 3\": \"We also need to consider the boundary conditions in dynamic programming. For a substring of length 1, it is obviously a palindrome string; For a substring of length 2, it is a palindrome as long as its two letters are the same.\"},\n{\"Clue of Step 4\": \"We also need to consider the the cyclic order of dynamic programming. In the state transition equation, we are moving from a shorter string to a longer string.\"},\n{\"Clue of Step 5\": \"The final answer is the maximum length of the valid sub-strings.\"}\n]\n```\nYou can refer to the following example and generate step-by-step clues for the given problem.\n\n\n-----Clues-----\nClue of Step 1: We must consider how to structure the mapping so that we can easily access the correct word based on the input score.\n", "Clue of Step 2: Consider edge cases such as 0 and numbers between 20 and 99 where we need to concatenate tens and units using hyphens.\n", "Clue of Step 2: We can create a dictionary that maps each number to its English word representation. This will allow us to easily retrieve the correct word for both single-digit and two-digit numbers.\n"], ["\nYou will be given a problem desciption.\n\nPlease analyze the problem and generate step-by-step clues of how to solve the problem with executable python code.\n\nThe problem:\n\n\nQUESTION:\nToday Tavas got his test result as an integer score and he wants to share it with his girlfriend, Nafas.\n\nHis phone operating system is Tavdroid, and its keyboard doesn't have any digits! He wants to share his score with Nafas via text, so he has no choice but to send this number using words. [Image] \n\nHe ate coffee mix without water again, so right now he's really messed up and can't think.\n\nYour task is to help him by telling him what to type.\n\n\n-----Input-----\n\nThe first and only line of input contains an integer s (0 \u2264 s \u2264 99), Tavas's score. \n\n\n-----Output-----\n\nIn the first and only line of output, print a single string consisting only from English lowercase letters and hyphens ('-'). Do not use spaces.\n\n\n-----Examples-----\nInput\n6\n\nOutput\nsix\n\nInput\n99\n\nOutput\nninety-nine\n\nInput\n20\n\nOutput\ntwenty\n\n\n\n-----Note-----\n\nYou can find all you need to know about English numerals in http://en.wikipedia.org/wiki/English_numerals .\nUse Standard Input format\nANSWER:\n\n\nAn example of step-by-step clues for finding the longest palindrome substring is displayed below:\n\n```json\n[\n{\"Clue of Step 1\": \"For a substring, if it is a palindrome and the length is greater than 2, it is still a palindrome after the first and last letters are removed. According to this idea, we can use dynamic programming to solve this problem.\"},\n{\"Clue of Step 2\": \"Then we should consider the state transition function. We use P(i,j) to indicate whether the string composed of the i-th to j-th letters of the string s (denoted as as s[i:j]) is a palindrome string. s[i:j] is a palindrome only if s[i+1:j\u22121] is a palindrome and the i and j letters of s are the same.\"},\n{\"Clue of Step 3\": \"We also need to consider the boundary conditions in dynamic programming. For a substring of length 1, it is obviously a palindrome string; For a substring of length 2, it is a palindrome as long as its two letters are the same.\"},\n{\"Clue of Step 4\": \"We also need to consider the the cyclic order of dynamic programming. In the state transition equation, we are moving from a shorter string to a longer string.\"},\n{\"Clue of Step 5\": \"The final answer is the maximum length of the valid sub-strings.\"}\n]\n```\nYou can refer to the following example and generate step-by-step clues for the given problem.\n\n\n-----Clues-----\nClue of Step 1: Since the input range includes both single-digit and double-digit numbers, we should handle the conversion by first checking if the number is less than 20 (as these have unique names), and then handle multiples of ten separately for numbers between 20 and 99.\n", "Clue of Step 2: For numbers between 21 and 99, we should break the number into its tens and units places to form the correct word by combining strings from our dictionary.\n", "Clue of Step 2: We can create a dictionary that maps integers from 0 to 19 and multiples of ten (20, 30, ..., 90) to their corresponding word representations.\n"], ["\nYou will be given a problem desciption.\n\nPlease analyze the problem and generate step-by-step clues of how to solve the problem with executable python code.\n\nThe problem:\n\n\nQUESTION:\nToday Tavas got his test result as an integer score and he wants to share it with his girlfriend, Nafas.\n\nHis phone operating system is Tavdroid, and its keyboard doesn't have any digits! He wants to share his score with Nafas via text, so he has no choice but to send this number using words. [Image] \n\nHe ate coffee mix without water again, so right now he's really messed up and can't think.\n\nYour task is to help him by telling him what to type.\n\n\n-----Input-----\n\nThe first and only line of input contains an integer s (0 \u2264 s \u2264 99), Tavas's score. \n\n\n-----Output-----\n\nIn the first and only line of output, print a single string consisting only from English lowercase letters and hyphens ('-'). Do not use spaces.\n\n\n-----Examples-----\nInput\n6\n\nOutput\nsix\n\nInput\n99\n\nOutput\nninety-nine\n\nInput\n20\n\nOutput\ntwenty\n\n\n\n-----Note-----\n\nYou can find all you need to know about English numerals in http://en.wikipedia.org/wiki/English_numerals .\nUse Standard Input format\nANSWER:\n\n\nAn example of step-by-step clues for finding the longest palindrome substring is displayed below:\n\n```json\n[\n{\"Clue of Step 1\": \"For a substring, if it is a palindrome and the length is greater than 2, it is still a palindrome after the first and last letters are removed. According to this idea, we can use dynamic programming to solve this problem.\"},\n{\"Clue of Step 2\": \"Then we should consider the state transition function. We use P(i,j) to indicate whether the string composed of the i-th to j-th letters of the string s (denoted as as s[i:j]) is a palindrome string. s[i:j] is a palindrome only if s[i+1:j\u22121] is a palindrome and the i and j letters of s are the same.\"},\n{\"Clue of Step 3\": \"We also need to consider the boundary conditions in dynamic programming. For a substring of length 1, it is obviously a palindrome string; For a substring of length 2, it is a palindrome as long as its two letters are the same.\"},\n{\"Clue of Step 4\": \"We also need to consider the the cyclic order of dynamic programming. In the state transition equation, we are moving from a shorter string to a longer string.\"},\n{\"Clue of Step 5\": \"The final answer is the maximum length of the valid sub-strings.\"}\n]\n```\nYou can refer to the following example and generate step-by-step clues for the given problem.\n\n\n-----Clues-----\nClue of Step 1: Since the input range includes both single-digit and double-digit numbers, we should handle the conversion by first checking if the number is less than 20 (as these have unique names), and then handle multiples of ten separately for numbers between 20 and 99.\n", "Clue of Step 2: After determining the words for the tens and units (if applicable), we need to handle the formatting by correctly inserting a hyphen between the tens and units if the units place is non-zero.\n", "Clue of Step 2: We can create a dictionary that maps integers from 0 to 19 and multiples of ten (20, 30, ..., 90) to their corresponding word representations.\n"], ["\nYou will be given a problem desciption.\n\nPlease analyze the problem and generate step-by-step clues of how to solve the problem with executable python code.\n\nThe problem:\n\n\nQUESTION:\nToday Tavas got his test result as an integer score and he wants to share it with his girlfriend, Nafas.\n\nHis phone operating system is Tavdroid, and its keyboard doesn't have any digits! He wants to share his score with Nafas via text, so he has no choice but to send this number using words. [Image] \n\nHe ate coffee mix without water again, so right now he's really messed up and can't think.\n\nYour task is to help him by telling him what to type.\n\n\n-----Input-----\n\nThe first and only line of input contains an integer s (0 \u2264 s \u2264 99), Tavas's score. \n\n\n-----Output-----\n\nIn the first and only line of output, print a single string consisting only from English lowercase letters and hyphens ('-'). Do not use spaces.\n\n\n-----Examples-----\nInput\n6\n\nOutput\nsix\n\nInput\n99\n\nOutput\nninety-nine\n\nInput\n20\n\nOutput\ntwenty\n\n\n\n-----Note-----\n\nYou can find all you need to know about English numerals in http://en.wikipedia.org/wiki/English_numerals .\nUse Standard Input format\nANSWER:\n\n\nAn example of step-by-step clues for finding the longest palindrome substring is displayed below:\n\n```json\n[\n{\"Clue of Step 1\": \"For a substring, if it is a palindrome and the length is greater than 2, it is still a palindrome after the first and last letters are removed. According to this idea, we can use dynamic programming to solve this problem.\"},\n{\"Clue of Step 2\": \"Then we should consider the state transition function. We use P(i,j) to indicate whether the string composed of the i-th to j-th letters of the string s (denoted as as s[i:j]) is a palindrome string. s[i:j] is a palindrome only if s[i+1:j\u22121] is a palindrome and the i and j letters of s are the same.\"},\n{\"Clue of Step 3\": \"We also need to consider the boundary conditions in dynamic programming. For a substring of length 1, it is obviously a palindrome string; For a substring of length 2, it is a palindrome as long as its two letters are the same.\"},\n{\"Clue of Step 4\": \"We also need to consider the the cyclic order of dynamic programming. In the state transition equation, we are moving from a shorter string to a longer string.\"},\n{\"Clue of Step 5\": \"The final answer is the maximum length of the valid sub-strings.\"}\n]\n```\nYou can refer to the following example and generate step-by-step clues for the given problem.\n\n\n-----Clues-----\nClue of Step 1: Since the input range includes both single-digit and double-digit numbers, we should handle the conversion by first checking if the number is less than 20 (as these have unique names), and then handle multiples of ten separately for numbers between 20 and 99.\n", "Clue of Step 2: We can create a list or dictionary to map numbers to their word equivalents. For numbers less than 20, each number has a unique word, and for multiples of ten (20, 30, ..., 90), we can also assign specific words.\n", "Clue of Step 2: We can create a dictionary that maps integers from 0 to 19 and multiples of ten (20, 30, ..., 90) to their corresponding word representations.\n"], ["\nYou will be given a problem desciption.\n\nPlease analyze the problem and generate step-by-step clues of how to solve the problem with executable python code.\n\nThe problem:\n\n\nQUESTION:\nToday Tavas got his test result as an integer score and he wants to share it with his girlfriend, Nafas.\n\nHis phone operating system is Tavdroid, and its keyboard doesn't have any digits! He wants to share his score with Nafas via text, so he has no choice but to send this number using words. [Image] \n\nHe ate coffee mix without water again, so right now he's really messed up and can't think.\n\nYour task is to help him by telling him what to type.\n\n\n-----Input-----\n\nThe first and only line of input contains an integer s (0 \u2264 s \u2264 99), Tavas's score. \n\n\n-----Output-----\n\nIn the first and only line of output, print a single string consisting only from English lowercase letters and hyphens ('-'). Do not use spaces.\n\n\n-----Examples-----\nInput\n6\n\nOutput\nsix\n\nInput\n99\n\nOutput\nninety-nine\n\nInput\n20\n\nOutput\ntwenty\n\n\n\n-----Note-----\n\nYou can find all you need to know about English numerals in http://en.wikipedia.org/wiki/English_numerals .\nUse Standard Input format\nANSWER:\n\n\nAn example of step-by-step clues for finding the longest palindrome substring is displayed below:\n\n```json\n[\n{\"Clue of Step 1\": \"For a substring, if it is a palindrome and the length is greater than 2, it is still a palindrome after the first and last letters are removed. According to this idea, we can use dynamic programming to solve this problem.\"},\n{\"Clue of Step 2\": \"Then we should consider the state transition function. We use P(i,j) to indicate whether the string composed of the i-th to j-th letters of the string s (denoted as as s[i:j]) is a palindrome string. s[i:j] is a palindrome only if s[i+1:j\u22121] is a palindrome and the i and j letters of s are the same.\"},\n{\"Clue of Step 3\": \"We also need to consider the boundary conditions in dynamic programming. For a substring of length 1, it is obviously a palindrome string; For a substring of length 2, it is a palindrome as long as its two letters are the same.\"},\n{\"Clue of Step 4\": \"We also need to consider the the cyclic order of dynamic programming. In the state transition equation, we are moving from a shorter string to a longer string.\"},\n{\"Clue of Step 5\": \"The final answer is the maximum length of the valid sub-strings.\"}\n]\n```\nYou can refer to the following example and generate step-by-step clues for the given problem.\n\n\n-----Clues-----\nClue of Step 1: Since the input range includes both single-digit and double-digit numbers, we should handle the conversion by first checking if the number is less than 20 (as these have unique names), and then handle multiples of ten separately for numbers between 20 and 99.\n", "Clue of Step 2: For numbers between 20 and 99 that are not multiples of ten, we need to split the number into its tens and units place, and then combine the corresponding word representations of the tens and units. For example, for 47, we combine 'forty' and 'seven'.\n", "Clue of Step 2: We can create a dictionary that maps integers from 0 to 19 and multiples of ten (20, 30, ..., 90) to their corresponding word representations.\n"], ["\nYou will be given a problem desciption.\n\nPlease analyze the problem and generate step-by-step clues of how to solve the problem with executable python code.\n\nThe problem:\n\n\nQUESTION:\nToday Tavas got his test result as an integer score and he wants to share it with his girlfriend, Nafas.\n\nHis phone operating system is Tavdroid, and its keyboard doesn't have any digits! He wants to share his score with Nafas via text, so he has no choice but to send this number using words. [Image] \n\nHe ate coffee mix without water again, so right now he's really messed up and can't think.\n\nYour task is to help him by telling him what to type.\n\n\n-----Input-----\n\nThe first and only line of input contains an integer s (0 \u2264 s \u2264 99), Tavas's score. \n\n\n-----Output-----\n\nIn the first and only line of output, print a single string consisting only from English lowercase letters and hyphens ('-'). Do not use spaces.\n\n\n-----Examples-----\nInput\n6\n\nOutput\nsix\n\nInput\n99\n\nOutput\nninety-nine\n\nInput\n20\n\nOutput\ntwenty\n\n\n\n-----Note-----\n\nYou can find all you need to know about English numerals in http://en.wikipedia.org/wiki/English_numerals .\nUse Standard Input format\nANSWER:\n\n\nAn example of step-by-step clues for finding the longest palindrome substring is displayed below:\n\n```json\n[\n{\"Clue of Step 1\": \"For a substring, if it is a palindrome and the length is greater than 2, it is still a palindrome after the first and last letters are removed. According to this idea, we can use dynamic programming to solve this problem.\"},\n{\"Clue of Step 2\": \"Then we should consider the state transition function. We use P(i,j) to indicate whether the string composed of the i-th to j-th letters of the string s (denoted as as s[i:j]) is a palindrome string. s[i:j] is a palindrome only if s[i+1:j\u22121] is a palindrome and the i and j letters of s are the same.\"},\n{\"Clue of Step 3\": \"We also need to consider the boundary conditions in dynamic programming. For a substring of length 1, it is obviously a palindrome string; For a substring of length 2, it is a palindrome as long as its two letters are the same.\"},\n{\"Clue of Step 4\": \"We also need to consider the the cyclic order of dynamic programming. In the state transition equation, we are moving from a shorter string to a longer string.\"},\n{\"Clue of Step 5\": \"The final answer is the maximum length of the valid sub-strings.\"}\n]\n```\nYou can refer to the following example and generate step-by-step clues for the given problem.\n\n\n-----Clues-----\nClue of Step 1: Since the input range includes both single-digit and double-digit numbers, we should handle the conversion by first checking if the number is less than 20 (as these have unique names), and then handle multiples of ten separately for numbers between 20 and 99.\n", "Clue of Step 2: Handle the special case of zero separately since the word representation of 0 is 'zero', but since the problem guarantees the input is between 0 and 99 and examples show no specific output for 0, we might not need to explicitly handle 0 if it's included in the unique mappings for numbers under 20.\n", "Clue of Step 2: We can create a dictionary that maps integers from 0 to 19 and multiples of ten (20, 30, ..., 90) to their corresponding word representations.\n"]], "SFT": ["\nYou will be given a problem desciption.\n\nPlease analyze the problem and generate step-by-step clues of how to solve the problem with executable python code.\n\nThe problem:\n\n\nQUESTION:\nToday Tavas got his test result as an integer score and he wants to share it with his girlfriend, Nafas.\n\nHis phone operating system is Tavdroid, and its keyboard doesn't have any digits! He wants to share his score with Nafas via text, so he has no choice but to send this number using words. [Image] \n\nHe ate coffee mix without water again, so right now he's really messed up and can't think.\n\nYour task is to help him by telling him what to type.\n\n\n-----Input-----\n\nThe first and only line of input contains an integer s (0 \u2264 s \u2264 99), Tavas's score. \n\n\n-----Output-----\n\nIn the first and only line of output, print a single string consisting only from English lowercase letters and hyphens ('-'). Do not use spaces.\n\n\n-----Examples-----\nInput\n6\n\nOutput\nsix\n\nInput\n99\n\nOutput\nninety-nine\n\nInput\n20\n\nOutput\ntwenty\n\n\n\n-----Note-----\n\nYou can find all you need to know about English numerals in http://en.wikipedia.org/wiki/English_numerals .\nUse Standard Input format\nANSWER:\n\n\nAn example of step-by-step clues for finding the longest palindrome substring is displayed below:\n\n```json\n[\n{\"Clue of Step 1\": \"For a substring, if it is a palindrome and the length is greater than 2, it is still a palindrome after the first and last letters are removed. According to this idea, we can use dynamic programming to solve this problem.\"},\n{\"Clue of Step 2\": \"Then we should consider the state transition function. We use P(i,j) to indicate whether the string composed of the i-th to j-th letters of the string s (denoted as as s[i:j]) is a palindrome string. s[i:j] is a palindrome only if s[i+1:j\u22121] is a palindrome and the i and j letters of s are the same.\"},\n{\"Clue of Step 3\": \"We also need to consider the boundary conditions in dynamic programming. For a substring of length 1, it is obviously a palindrome string; For a substring of length 2, it is a palindrome as long as its two letters are the same.\"},\n{\"Clue of Step 4\": \"We also need to consider the the cyclic order of dynamic programming. In the state transition equation, we are moving from a shorter string to a longer string.\"},\n{\"Clue of Step 5\": \"The final answer is the maximum length of the valid sub-strings.\"}\n]\n```\nYou can refer to the following example and generate step-by-step clues for the given problem.\n\n\n-----Clues-----\nClue of Step 1: We should create a mapping of numbers to their corresponding English words for all numbers from 0 to 99.\n\nClue of Step 2: We need to break down the problem into two parts: numbers less than 20, which can be handled with a direct mapping, and numbers between 20 and 99, which require combining the tens place and the units place using hyphens.\n", "```python\ndef number_to_words(s):\n    # Mapping of numbers to their corresponding English words\n    ones = [\n        \"zero\", \"one\", \"two\", \"three\", \"four\", \"five\",\n        \"six\", \"seven\", \"eight\", \"nine\", \"ten\",\n        \"eleven\", \"twelve\", \"thirteen\", \"fourteen\", \n        \"fifteen\", \"sixteen\", \"seventeen\", \"eighteen\", \n        \"nineteen\"\n    ]\n    \n    tens = [\n        \"\", \"\", \"twenty\", \"thirty\", \"forty\", \n        \"fifty\", \"sixty\", \"seventy\", \"eighty\", \"ninety\"\n    ]\n    \n    if s < 20:\n        return ones[s]\n    else:\n        ten_part = s // 10\n        one_part = s % 10\n        if one_part == 0:\n            return tens[ten_part]\n        else:\n            return tens[ten_part] + \"-\" + ones[one_part]\n\n# Read input\ns = int(input().strip())\n# Output the corresponding English word\nprint(number_to_words(s))\n```"]}