{"StepDPO": [["\nYou will be given a problem desciption.\n\nPlease analyze the problem and generate step-by-step clues of how to solve the problem with executable python code.\n\nThe problem:\n\n\nQUESTION:\nThe 9-th grade student Gabriel noticed a caterpillar on a tree when walking around in a forest after the classes. The caterpillar was on the height h_1 cm from the ground. On the height h_2 cm (h_2 > h_1) on the same tree hung an apple and the caterpillar was crawling to the apple.\n\nGabriel is interested when the caterpillar gets the apple. He noted that the caterpillar goes up by a cm per hour by day and slips down by b cm per hour by night.\n\nIn how many days Gabriel should return to the forest to see the caterpillar get the apple. You can consider that the day starts at 10 am and finishes at 10 pm. Gabriel's classes finish at 2 pm. You can consider that Gabriel noticed the caterpillar just after the classes at 2 pm.\n\nNote that the forest is magic so the caterpillar can slip down under the ground and then lift to the apple.\n\n\n-----Input-----\n\nThe first line contains two integers h_1, h_2 (1 \u2264 h_1 < h_2 \u2264 10^5) \u2014 the heights of the position of the caterpillar and the apple in centimeters.\n\nThe second line contains two integers a, b (1 \u2264 a, b \u2264 10^5) \u2014 the distance the caterpillar goes up by day and slips down by night, in centimeters per hour.\n\n\n-----Output-----\n\nPrint the only integer k \u2014 the number of days Gabriel should wait to return to the forest and see the caterpillar getting the apple.\n\nIf the caterpillar can't get the apple print the only integer  - 1.\n\n\n-----Examples-----\nInput\n10 30\n2 1\n\nOutput\n1\n\nInput\n10 13\n1 1\n\nOutput\n0\n\nInput\n10 19\n1 2\n\nOutput\n-1\n\nInput\n1 50\n5 4\n\nOutput\n1\n\n\n\n-----Note-----\n\nIn the first example at 10 pm of the first day the caterpillar gets the height 26. At 10 am of the next day it slips down to the height 14. And finally at 6 pm of the same day the caterpillar gets the apple.\n\nNote that in the last example the caterpillar was slipping down under the ground and getting the apple on the next day.\nUse Standard Input format\nANSWER:\n\n\nAn example of step-by-step clues for finding the longest palindrome substring is displayed below:\n\n```json\n[\n{\"Clue of Step 1\": \"For a substring, if it is a palindrome and the length is greater than 2, it is still a palindrome after the first and last letters are removed. According to this idea, we can use dynamic programming to solve this problem.\"},\n{\"Clue of Step 2\": \"Then we should consider the state transition function. We use P(i,j) to indicate whether the string composed of the i-th to j-th letters of the string s (denoted as as s[i:j]) is a palindrome string. s[i:j] is a palindrome only if s[i+1:j\u22121] is a palindrome and the i and j letters of s are the same.\"},\n{\"Clue of Step 3\": \"We also need to consider the boundary conditions in dynamic programming. For a substring of length 1, it is obviously a palindrome string; For a substring of length 2, it is a palindrome as long as its two letters are the same.\"},\n{\"Clue of Step 4\": \"We also need to consider the the cyclic order of dynamic programming. In the state transition equation, we are moving from a shorter string to a longer string.\"},\n{\"Clue of Step 5\": \"The final answer is the maximum length of the valid sub-strings.\"}\n]\n```\nYou can refer to the following example and generate step-by-step clues for the given problem.\n\n\n-----Clues-----\nClue of Step 1: To find out when the caterpillar reaches the apple, we must calculate the total height the caterpillar must climb, which is h_2 - h_1.\n", "Clue of Step 2: We need to determine how much progress the caterpillar makes during the day and how much it loses overnight. We can calculate the net gain each day as (a * 12 - b * 12), since the caterpillar is active for 12 hours each day.\n", "Clue of Step 2: We should simulate the caterpillar's movement day by day, updating its height and checking after each day if it has reached or exceeded h_2, and count the number of days until this condition is satisfied.\n"], ["\nYou will be given a problem desciption.\n\nPlease analyze the problem and generate step-by-step clues of how to solve the problem with executable python code.\n\nThe problem:\n\n\nQUESTION:\nThe 9-th grade student Gabriel noticed a caterpillar on a tree when walking around in a forest after the classes. The caterpillar was on the height h_1 cm from the ground. On the height h_2 cm (h_2 > h_1) on the same tree hung an apple and the caterpillar was crawling to the apple.\n\nGabriel is interested when the caterpillar gets the apple. He noted that the caterpillar goes up by a cm per hour by day and slips down by b cm per hour by night.\n\nIn how many days Gabriel should return to the forest to see the caterpillar get the apple. You can consider that the day starts at 10 am and finishes at 10 pm. Gabriel's classes finish at 2 pm. You can consider that Gabriel noticed the caterpillar just after the classes at 2 pm.\n\nNote that the forest is magic so the caterpillar can slip down under the ground and then lift to the apple.\n\n\n-----Input-----\n\nThe first line contains two integers h_1, h_2 (1 \u2264 h_1 < h_2 \u2264 10^5) \u2014 the heights of the position of the caterpillar and the apple in centimeters.\n\nThe second line contains two integers a, b (1 \u2264 a, b \u2264 10^5) \u2014 the distance the caterpillar goes up by day and slips down by night, in centimeters per hour.\n\n\n-----Output-----\n\nPrint the only integer k \u2014 the number of days Gabriel should wait to return to the forest and see the caterpillar getting the apple.\n\nIf the caterpillar can't get the apple print the only integer  - 1.\n\n\n-----Examples-----\nInput\n10 30\n2 1\n\nOutput\n1\n\nInput\n10 13\n1 1\n\nOutput\n0\n\nInput\n10 19\n1 2\n\nOutput\n-1\n\nInput\n1 50\n5 4\n\nOutput\n1\n\n\n\n-----Note-----\n\nIn the first example at 10 pm of the first day the caterpillar gets the height 26. At 10 am of the next day it slips down to the height 14. And finally at 6 pm of the same day the caterpillar gets the apple.\n\nNote that in the last example the caterpillar was slipping down under the ground and getting the apple on the next day.\nUse Standard Input format\nANSWER:\n\n\nAn example of step-by-step clues for finding the longest palindrome substring is displayed below:\n\n```json\n[\n{\"Clue of Step 1\": \"For a substring, if it is a palindrome and the length is greater than 2, it is still a palindrome after the first and last letters are removed. According to this idea, we can use dynamic programming to solve this problem.\"},\n{\"Clue of Step 2\": \"Then we should consider the state transition function. We use P(i,j) to indicate whether the string composed of the i-th to j-th letters of the string s (denoted as as s[i:j]) is a palindrome string. s[i:j] is a palindrome only if s[i+1:j\u22121] is a palindrome and the i and j letters of s are the same.\"},\n{\"Clue of Step 3\": \"We also need to consider the boundary conditions in dynamic programming. For a substring of length 1, it is obviously a palindrome string; For a substring of length 2, it is a palindrome as long as its two letters are the same.\"},\n{\"Clue of Step 4\": \"We also need to consider the the cyclic order of dynamic programming. In the state transition equation, we are moving from a shorter string to a longer string.\"},\n{\"Clue of Step 5\": \"The final answer is the maximum length of the valid sub-strings.\"}\n]\n```\nYou can refer to the following example and generate step-by-step clues for the given problem.\n\n\n-----Clues-----\nClue of Step 1: To find out when the caterpillar reaches the apple, we must calculate the total height the caterpillar must climb, which is h_2 - h_1.\n", "Clue of Step 2: We need to determine how much progress the caterpillar makes during the day and how much it loses overnight. We can calculate the net gain each day as (a * 12 - b * 12), since the caterpillar is active for 12 hours each day.\n", "Clue of Step 2: We need to simulate the caterpillar's climbing process hour by hour, keeping track of its progress throughout each day and night cycle.\n"], ["\nYou will be given a problem desciption.\n\nPlease analyze the problem and generate step-by-step clues of how to solve the problem with executable python code.\n\nThe problem:\n\n\nQUESTION:\nThe 9-th grade student Gabriel noticed a caterpillar on a tree when walking around in a forest after the classes. The caterpillar was on the height h_1 cm from the ground. On the height h_2 cm (h_2 > h_1) on the same tree hung an apple and the caterpillar was crawling to the apple.\n\nGabriel is interested when the caterpillar gets the apple. He noted that the caterpillar goes up by a cm per hour by day and slips down by b cm per hour by night.\n\nIn how many days Gabriel should return to the forest to see the caterpillar get the apple. You can consider that the day starts at 10 am and finishes at 10 pm. Gabriel's classes finish at 2 pm. You can consider that Gabriel noticed the caterpillar just after the classes at 2 pm.\n\nNote that the forest is magic so the caterpillar can slip down under the ground and then lift to the apple.\n\n\n-----Input-----\n\nThe first line contains two integers h_1, h_2 (1 \u2264 h_1 < h_2 \u2264 10^5) \u2014 the heights of the position of the caterpillar and the apple in centimeters.\n\nThe second line contains two integers a, b (1 \u2264 a, b \u2264 10^5) \u2014 the distance the caterpillar goes up by day and slips down by night, in centimeters per hour.\n\n\n-----Output-----\n\nPrint the only integer k \u2014 the number of days Gabriel should wait to return to the forest and see the caterpillar getting the apple.\n\nIf the caterpillar can't get the apple print the only integer  - 1.\n\n\n-----Examples-----\nInput\n10 30\n2 1\n\nOutput\n1\n\nInput\n10 13\n1 1\n\nOutput\n0\n\nInput\n10 19\n1 2\n\nOutput\n-1\n\nInput\n1 50\n5 4\n\nOutput\n1\n\n\n\n-----Note-----\n\nIn the first example at 10 pm of the first day the caterpillar gets the height 26. At 10 am of the next day it slips down to the height 14. And finally at 6 pm of the same day the caterpillar gets the apple.\n\nNote that in the last example the caterpillar was slipping down under the ground and getting the apple on the next day.\nUse Standard Input format\nANSWER:\n\n\nAn example of step-by-step clues for finding the longest palindrome substring is displayed below:\n\n```json\n[\n{\"Clue of Step 1\": \"For a substring, if it is a palindrome and the length is greater than 2, it is still a palindrome after the first and last letters are removed. According to this idea, we can use dynamic programming to solve this problem.\"},\n{\"Clue of Step 2\": \"Then we should consider the state transition function. We use P(i,j) to indicate whether the string composed of the i-th to j-th letters of the string s (denoted as as s[i:j]) is a palindrome string. s[i:j] is a palindrome only if s[i+1:j\u22121] is a palindrome and the i and j letters of s are the same.\"},\n{\"Clue of Step 3\": \"We also need to consider the boundary conditions in dynamic programming. For a substring of length 1, it is obviously a palindrome string; For a substring of length 2, it is a palindrome as long as its two letters are the same.\"},\n{\"Clue of Step 4\": \"We also need to consider the the cyclic order of dynamic programming. In the state transition equation, we are moving from a shorter string to a longer string.\"},\n{\"Clue of Step 5\": \"The final answer is the maximum length of the valid sub-strings.\"}\n]\n```\nYou can refer to the following example and generate step-by-step clues for the given problem.\n\n\n-----Clues-----\nClue of Step 1: To find out when the caterpillar reaches the apple, we must calculate the total height the caterpillar must climb, which is h_2 - h_1.\n", "Clue of Step 2: If the caterpillar's progress during the day is less than or equal to the amount it slips down at night (i.e., a <= b), we should check if it can reach the apple on the same day it starts; if not, it will never reach it.\n", "Clue of Step 2: We should simulate the caterpillar's movement day by day, updating its height and checking after each day if it has reached or exceeded h_2, and count the number of days until this condition is satisfied.\n"], ["\nYou will be given a problem desciption.\n\nPlease analyze the problem and generate step-by-step clues of how to solve the problem with executable python code.\n\nThe problem:\n\n\nQUESTION:\nThe 9-th grade student Gabriel noticed a caterpillar on a tree when walking around in a forest after the classes. The caterpillar was on the height h_1 cm from the ground. On the height h_2 cm (h_2 > h_1) on the same tree hung an apple and the caterpillar was crawling to the apple.\n\nGabriel is interested when the caterpillar gets the apple. He noted that the caterpillar goes up by a cm per hour by day and slips down by b cm per hour by night.\n\nIn how many days Gabriel should return to the forest to see the caterpillar get the apple. You can consider that the day starts at 10 am and finishes at 10 pm. Gabriel's classes finish at 2 pm. You can consider that Gabriel noticed the caterpillar just after the classes at 2 pm.\n\nNote that the forest is magic so the caterpillar can slip down under the ground and then lift to the apple.\n\n\n-----Input-----\n\nThe first line contains two integers h_1, h_2 (1 \u2264 h_1 < h_2 \u2264 10^5) \u2014 the heights of the position of the caterpillar and the apple in centimeters.\n\nThe second line contains two integers a, b (1 \u2264 a, b \u2264 10^5) \u2014 the distance the caterpillar goes up by day and slips down by night, in centimeters per hour.\n\n\n-----Output-----\n\nPrint the only integer k \u2014 the number of days Gabriel should wait to return to the forest and see the caterpillar getting the apple.\n\nIf the caterpillar can't get the apple print the only integer  - 1.\n\n\n-----Examples-----\nInput\n10 30\n2 1\n\nOutput\n1\n\nInput\n10 13\n1 1\n\nOutput\n0\n\nInput\n10 19\n1 2\n\nOutput\n-1\n\nInput\n1 50\n5 4\n\nOutput\n1\n\n\n\n-----Note-----\n\nIn the first example at 10 pm of the first day the caterpillar gets the height 26. At 10 am of the next day it slips down to the height 14. And finally at 6 pm of the same day the caterpillar gets the apple.\n\nNote that in the last example the caterpillar was slipping down under the ground and getting the apple on the next day.\nUse Standard Input format\nANSWER:\n\n\nAn example of step-by-step clues for finding the longest palindrome substring is displayed below:\n\n```json\n[\n{\"Clue of Step 1\": \"For a substring, if it is a palindrome and the length is greater than 2, it is still a palindrome after the first and last letters are removed. According to this idea, we can use dynamic programming to solve this problem.\"},\n{\"Clue of Step 2\": \"Then we should consider the state transition function. We use P(i,j) to indicate whether the string composed of the i-th to j-th letters of the string s (denoted as as s[i:j]) is a palindrome string. s[i:j] is a palindrome only if s[i+1:j\u22121] is a palindrome and the i and j letters of s are the same.\"},\n{\"Clue of Step 3\": \"We also need to consider the boundary conditions in dynamic programming. For a substring of length 1, it is obviously a palindrome string; For a substring of length 2, it is a palindrome as long as its two letters are the same.\"},\n{\"Clue of Step 4\": \"We also need to consider the the cyclic order of dynamic programming. In the state transition equation, we are moving from a shorter string to a longer string.\"},\n{\"Clue of Step 5\": \"The final answer is the maximum length of the valid sub-strings.\"}\n]\n```\nYou can refer to the following example and generate step-by-step clues for the given problem.\n\n\n-----Clues-----\nClue of Step 1: To find out when the caterpillar reaches the apple, we must calculate the total height the caterpillar must climb, which is h_2 - h_1.\n", "Clue of Step 2: If the caterpillar's progress during the day is less than or equal to the amount it slips down at night (i.e., a <= b), we should check if it can reach the apple on the same day it starts; if not, it will never reach it.\n", "Clue of Step 2: We need to simulate the caterpillar's climbing process hour by hour, keeping track of its progress throughout each day and night cycle.\n"], ["\nYou will be given a problem desciption.\n\nPlease analyze the problem and generate step-by-step clues of how to solve the problem with executable python code.\n\nThe problem:\n\n\nQUESTION:\nThe 9-th grade student Gabriel noticed a caterpillar on a tree when walking around in a forest after the classes. The caterpillar was on the height h_1 cm from the ground. On the height h_2 cm (h_2 > h_1) on the same tree hung an apple and the caterpillar was crawling to the apple.\n\nGabriel is interested when the caterpillar gets the apple. He noted that the caterpillar goes up by a cm per hour by day and slips down by b cm per hour by night.\n\nIn how many days Gabriel should return to the forest to see the caterpillar get the apple. You can consider that the day starts at 10 am and finishes at 10 pm. Gabriel's classes finish at 2 pm. You can consider that Gabriel noticed the caterpillar just after the classes at 2 pm.\n\nNote that the forest is magic so the caterpillar can slip down under the ground and then lift to the apple.\n\n\n-----Input-----\n\nThe first line contains two integers h_1, h_2 (1 \u2264 h_1 < h_2 \u2264 10^5) \u2014 the heights of the position of the caterpillar and the apple in centimeters.\n\nThe second line contains two integers a, b (1 \u2264 a, b \u2264 10^5) \u2014 the distance the caterpillar goes up by day and slips down by night, in centimeters per hour.\n\n\n-----Output-----\n\nPrint the only integer k \u2014 the number of days Gabriel should wait to return to the forest and see the caterpillar getting the apple.\n\nIf the caterpillar can't get the apple print the only integer  - 1.\n\n\n-----Examples-----\nInput\n10 30\n2 1\n\nOutput\n1\n\nInput\n10 13\n1 1\n\nOutput\n0\n\nInput\n10 19\n1 2\n\nOutput\n-1\n\nInput\n1 50\n5 4\n\nOutput\n1\n\n\n\n-----Note-----\n\nIn the first example at 10 pm of the first day the caterpillar gets the height 26. At 10 am of the next day it slips down to the height 14. And finally at 6 pm of the same day the caterpillar gets the apple.\n\nNote that in the last example the caterpillar was slipping down under the ground and getting the apple on the next day.\nUse Standard Input format\nANSWER:\n\n\nAn example of step-by-step clues for finding the longest palindrome substring is displayed below:\n\n```json\n[\n{\"Clue of Step 1\": \"For a substring, if it is a palindrome and the length is greater than 2, it is still a palindrome after the first and last letters are removed. According to this idea, we can use dynamic programming to solve this problem.\"},\n{\"Clue of Step 2\": \"Then we should consider the state transition function. We use P(i,j) to indicate whether the string composed of the i-th to j-th letters of the string s (denoted as as s[i:j]) is a palindrome string. s[i:j] is a palindrome only if s[i+1:j\u22121] is a palindrome and the i and j letters of s are the same.\"},\n{\"Clue of Step 3\": \"We also need to consider the boundary conditions in dynamic programming. For a substring of length 1, it is obviously a palindrome string; For a substring of length 2, it is a palindrome as long as its two letters are the same.\"},\n{\"Clue of Step 4\": \"We also need to consider the the cyclic order of dynamic programming. In the state transition equation, we are moving from a shorter string to a longer string.\"},\n{\"Clue of Step 5\": \"The final answer is the maximum length of the valid sub-strings.\"}\n]\n```\nYou can refer to the following example and generate step-by-step clues for the given problem.\n\n\n-----Clues-----\nClue of Step 1: To find out when the caterpillar reaches the apple, we must calculate the total height the caterpillar must climb, which is h_2 - h_1.\n", "Clue of Step 2: We should calculate the net gain in height per 24-hour cycle (considering both daytime climbing and nighttime slipping), and determine if the caterpillar can reach the apple within a single day or multiple days.\n", "Clue of Step 2: We should simulate the caterpillar's movement day by day, updating its height and checking after each day if it has reached or exceeded h_2, and count the number of days until this condition is satisfied.\n"], ["\nYou will be given a problem desciption.\n\nPlease analyze the problem and generate step-by-step clues of how to solve the problem with executable python code.\n\nThe problem:\n\n\nQUESTION:\nThe 9-th grade student Gabriel noticed a caterpillar on a tree when walking around in a forest after the classes. The caterpillar was on the height h_1 cm from the ground. On the height h_2 cm (h_2 > h_1) on the same tree hung an apple and the caterpillar was crawling to the apple.\n\nGabriel is interested when the caterpillar gets the apple. He noted that the caterpillar goes up by a cm per hour by day and slips down by b cm per hour by night.\n\nIn how many days Gabriel should return to the forest to see the caterpillar get the apple. You can consider that the day starts at 10 am and finishes at 10 pm. Gabriel's classes finish at 2 pm. You can consider that Gabriel noticed the caterpillar just after the classes at 2 pm.\n\nNote that the forest is magic so the caterpillar can slip down under the ground and then lift to the apple.\n\n\n-----Input-----\n\nThe first line contains two integers h_1, h_2 (1 \u2264 h_1 < h_2 \u2264 10^5) \u2014 the heights of the position of the caterpillar and the apple in centimeters.\n\nThe second line contains two integers a, b (1 \u2264 a, b \u2264 10^5) \u2014 the distance the caterpillar goes up by day and slips down by night, in centimeters per hour.\n\n\n-----Output-----\n\nPrint the only integer k \u2014 the number of days Gabriel should wait to return to the forest and see the caterpillar getting the apple.\n\nIf the caterpillar can't get the apple print the only integer  - 1.\n\n\n-----Examples-----\nInput\n10 30\n2 1\n\nOutput\n1\n\nInput\n10 13\n1 1\n\nOutput\n0\n\nInput\n10 19\n1 2\n\nOutput\n-1\n\nInput\n1 50\n5 4\n\nOutput\n1\n\n\n\n-----Note-----\n\nIn the first example at 10 pm of the first day the caterpillar gets the height 26. At 10 am of the next day it slips down to the height 14. And finally at 6 pm of the same day the caterpillar gets the apple.\n\nNote that in the last example the caterpillar was slipping down under the ground and getting the apple on the next day.\nUse Standard Input format\nANSWER:\n\n\nAn example of step-by-step clues for finding the longest palindrome substring is displayed below:\n\n```json\n[\n{\"Clue of Step 1\": \"For a substring, if it is a palindrome and the length is greater than 2, it is still a palindrome after the first and last letters are removed. According to this idea, we can use dynamic programming to solve this problem.\"},\n{\"Clue of Step 2\": \"Then we should consider the state transition function. We use P(i,j) to indicate whether the string composed of the i-th to j-th letters of the string s (denoted as as s[i:j]) is a palindrome string. s[i:j] is a palindrome only if s[i+1:j\u22121] is a palindrome and the i and j letters of s are the same.\"},\n{\"Clue of Step 3\": \"We also need to consider the boundary conditions in dynamic programming. For a substring of length 1, it is obviously a palindrome string; For a substring of length 2, it is a palindrome as long as its two letters are the same.\"},\n{\"Clue of Step 4\": \"We also need to consider the the cyclic order of dynamic programming. In the state transition equation, we are moving from a shorter string to a longer string.\"},\n{\"Clue of Step 5\": \"The final answer is the maximum length of the valid sub-strings.\"}\n]\n```\nYou can refer to the following example and generate step-by-step clues for the given problem.\n\n\n-----Clues-----\nClue of Step 1: To find out when the caterpillar reaches the apple, we must calculate the total height the caterpillar must climb, which is h_2 - h_1.\n", "Clue of Step 2: We should calculate the net gain in height per 24-hour cycle (considering both daytime climbing and nighttime slipping), and determine if the caterpillar can reach the apple within a single day or multiple days.\n", "Clue of Step 2: We need to simulate the caterpillar's climbing process hour by hour, keeping track of its progress throughout each day and night cycle.\n"], ["\nYou will be given a problem desciption.\n\nPlease analyze the problem and generate step-by-step clues of how to solve the problem with executable python code.\n\nThe problem:\n\n\nQUESTION:\nThe 9-th grade student Gabriel noticed a caterpillar on a tree when walking around in a forest after the classes. The caterpillar was on the height h_1 cm from the ground. On the height h_2 cm (h_2 > h_1) on the same tree hung an apple and the caterpillar was crawling to the apple.\n\nGabriel is interested when the caterpillar gets the apple. He noted that the caterpillar goes up by a cm per hour by day and slips down by b cm per hour by night.\n\nIn how many days Gabriel should return to the forest to see the caterpillar get the apple. You can consider that the day starts at 10 am and finishes at 10 pm. Gabriel's classes finish at 2 pm. You can consider that Gabriel noticed the caterpillar just after the classes at 2 pm.\n\nNote that the forest is magic so the caterpillar can slip down under the ground and then lift to the apple.\n\n\n-----Input-----\n\nThe first line contains two integers h_1, h_2 (1 \u2264 h_1 < h_2 \u2264 10^5) \u2014 the heights of the position of the caterpillar and the apple in centimeters.\n\nThe second line contains two integers a, b (1 \u2264 a, b \u2264 10^5) \u2014 the distance the caterpillar goes up by day and slips down by night, in centimeters per hour.\n\n\n-----Output-----\n\nPrint the only integer k \u2014 the number of days Gabriel should wait to return to the forest and see the caterpillar getting the apple.\n\nIf the caterpillar can't get the apple print the only integer  - 1.\n\n\n-----Examples-----\nInput\n10 30\n2 1\n\nOutput\n1\n\nInput\n10 13\n1 1\n\nOutput\n0\n\nInput\n10 19\n1 2\n\nOutput\n-1\n\nInput\n1 50\n5 4\n\nOutput\n1\n\n\n\n-----Note-----\n\nIn the first example at 10 pm of the first day the caterpillar gets the height 26. At 10 am of the next day it slips down to the height 14. And finally at 6 pm of the same day the caterpillar gets the apple.\n\nNote that in the last example the caterpillar was slipping down under the ground and getting the apple on the next day.\nUse Standard Input format\nANSWER:\n\n\nAn example of step-by-step clues for finding the longest palindrome substring is displayed below:\n\n```json\n[\n{\"Clue of Step 1\": \"For a substring, if it is a palindrome and the length is greater than 2, it is still a palindrome after the first and last letters are removed. According to this idea, we can use dynamic programming to solve this problem.\"},\n{\"Clue of Step 2\": \"Then we should consider the state transition function. We use P(i,j) to indicate whether the string composed of the i-th to j-th letters of the string s (denoted as as s[i:j]) is a palindrome string. s[i:j] is a palindrome only if s[i+1:j\u22121] is a palindrome and the i and j letters of s are the same.\"},\n{\"Clue of Step 3\": \"We also need to consider the boundary conditions in dynamic programming. For a substring of length 1, it is obviously a palindrome string; For a substring of length 2, it is a palindrome as long as its two letters are the same.\"},\n{\"Clue of Step 4\": \"We also need to consider the the cyclic order of dynamic programming. In the state transition equation, we are moving from a shorter string to a longer string.\"},\n{\"Clue of Step 5\": \"The final answer is the maximum length of the valid sub-strings.\"}\n]\n```\nYou can refer to the following example and generate step-by-step clues for the given problem.\n\n\n-----Clues-----\nClue of Step 1: To find out when the caterpillar reaches the apple, we must calculate the total height the caterpillar must climb, which is h_2 - h_1.\n", "Clue of Step 2: We must handle the case where the caterpillar slips below the starting height h1 at night and ensure that our simulation correctly models the 'magic' forest condition where it can slip under the ground.\n", "Clue of Step 2: We should simulate the caterpillar's movement day by day, updating its height and checking after each day if it has reached or exceeded h_2, and count the number of days until this condition is satisfied.\n"], ["\nYou will be given a problem desciption.\n\nPlease analyze the problem and generate step-by-step clues of how to solve the problem with executable python code.\n\nThe problem:\n\n\nQUESTION:\nThe 9-th grade student Gabriel noticed a caterpillar on a tree when walking around in a forest after the classes. The caterpillar was on the height h_1 cm from the ground. On the height h_2 cm (h_2 > h_1) on the same tree hung an apple and the caterpillar was crawling to the apple.\n\nGabriel is interested when the caterpillar gets the apple. He noted that the caterpillar goes up by a cm per hour by day and slips down by b cm per hour by night.\n\nIn how many days Gabriel should return to the forest to see the caterpillar get the apple. You can consider that the day starts at 10 am and finishes at 10 pm. Gabriel's classes finish at 2 pm. You can consider that Gabriel noticed the caterpillar just after the classes at 2 pm.\n\nNote that the forest is magic so the caterpillar can slip down under the ground and then lift to the apple.\n\n\n-----Input-----\n\nThe first line contains two integers h_1, h_2 (1 \u2264 h_1 < h_2 \u2264 10^5) \u2014 the heights of the position of the caterpillar and the apple in centimeters.\n\nThe second line contains two integers a, b (1 \u2264 a, b \u2264 10^5) \u2014 the distance the caterpillar goes up by day and slips down by night, in centimeters per hour.\n\n\n-----Output-----\n\nPrint the only integer k \u2014 the number of days Gabriel should wait to return to the forest and see the caterpillar getting the apple.\n\nIf the caterpillar can't get the apple print the only integer  - 1.\n\n\n-----Examples-----\nInput\n10 30\n2 1\n\nOutput\n1\n\nInput\n10 13\n1 1\n\nOutput\n0\n\nInput\n10 19\n1 2\n\nOutput\n-1\n\nInput\n1 50\n5 4\n\nOutput\n1\n\n\n\n-----Note-----\n\nIn the first example at 10 pm of the first day the caterpillar gets the height 26. At 10 am of the next day it slips down to the height 14. And finally at 6 pm of the same day the caterpillar gets the apple.\n\nNote that in the last example the caterpillar was slipping down under the ground and getting the apple on the next day.\nUse Standard Input format\nANSWER:\n\n\nAn example of step-by-step clues for finding the longest palindrome substring is displayed below:\n\n```json\n[\n{\"Clue of Step 1\": \"For a substring, if it is a palindrome and the length is greater than 2, it is still a palindrome after the first and last letters are removed. According to this idea, we can use dynamic programming to solve this problem.\"},\n{\"Clue of Step 2\": \"Then we should consider the state transition function. We use P(i,j) to indicate whether the string composed of the i-th to j-th letters of the string s (denoted as as s[i:j]) is a palindrome string. s[i:j] is a palindrome only if s[i+1:j\u22121] is a palindrome and the i and j letters of s are the same.\"},\n{\"Clue of Step 3\": \"We also need to consider the boundary conditions in dynamic programming. For a substring of length 1, it is obviously a palindrome string; For a substring of length 2, it is a palindrome as long as its two letters are the same.\"},\n{\"Clue of Step 4\": \"We also need to consider the the cyclic order of dynamic programming. In the state transition equation, we are moving from a shorter string to a longer string.\"},\n{\"Clue of Step 5\": \"The final answer is the maximum length of the valid sub-strings.\"}\n]\n```\nYou can refer to the following example and generate step-by-step clues for the given problem.\n\n\n-----Clues-----\nClue of Step 1: To find out when the caterpillar reaches the apple, we must calculate the total height the caterpillar must climb, which is h_2 - h_1.\n", "Clue of Step 2: We must handle the case where the caterpillar slips below the starting height h1 at night and ensure that our simulation correctly models the 'magic' forest condition where it can slip under the ground.\n", "Clue of Step 2: We need to simulate the caterpillar's climbing process hour by hour, keeping track of its progress throughout each day and night cycle.\n"], ["\nYou will be given a problem desciption.\n\nPlease analyze the problem and generate step-by-step clues of how to solve the problem with executable python code.\n\nThe problem:\n\n\nQUESTION:\nThe 9-th grade student Gabriel noticed a caterpillar on a tree when walking around in a forest after the classes. The caterpillar was on the height h_1 cm from the ground. On the height h_2 cm (h_2 > h_1) on the same tree hung an apple and the caterpillar was crawling to the apple.\n\nGabriel is interested when the caterpillar gets the apple. He noted that the caterpillar goes up by a cm per hour by day and slips down by b cm per hour by night.\n\nIn how many days Gabriel should return to the forest to see the caterpillar get the apple. You can consider that the day starts at 10 am and finishes at 10 pm. Gabriel's classes finish at 2 pm. You can consider that Gabriel noticed the caterpillar just after the classes at 2 pm.\n\nNote that the forest is magic so the caterpillar can slip down under the ground and then lift to the apple.\n\n\n-----Input-----\n\nThe first line contains two integers h_1, h_2 (1 \u2264 h_1 < h_2 \u2264 10^5) \u2014 the heights of the position of the caterpillar and the apple in centimeters.\n\nThe second line contains two integers a, b (1 \u2264 a, b \u2264 10^5) \u2014 the distance the caterpillar goes up by day and slips down by night, in centimeters per hour.\n\n\n-----Output-----\n\nPrint the only integer k \u2014 the number of days Gabriel should wait to return to the forest and see the caterpillar getting the apple.\n\nIf the caterpillar can't get the apple print the only integer  - 1.\n\n\n-----Examples-----\nInput\n10 30\n2 1\n\nOutput\n1\n\nInput\n10 13\n1 1\n\nOutput\n0\n\nInput\n10 19\n1 2\n\nOutput\n-1\n\nInput\n1 50\n5 4\n\nOutput\n1\n\n\n\n-----Note-----\n\nIn the first example at 10 pm of the first day the caterpillar gets the height 26. At 10 am of the next day it slips down to the height 14. And finally at 6 pm of the same day the caterpillar gets the apple.\n\nNote that in the last example the caterpillar was slipping down under the ground and getting the apple on the next day.\nUse Standard Input format\nANSWER:\n\n\nAn example of step-by-step clues for finding the longest palindrome substring is displayed below:\n\n```json\n[\n{\"Clue of Step 1\": \"For a substring, if it is a palindrome and the length is greater than 2, it is still a palindrome after the first and last letters are removed. According to this idea, we can use dynamic programming to solve this problem.\"},\n{\"Clue of Step 2\": \"Then we should consider the state transition function. We use P(i,j) to indicate whether the string composed of the i-th to j-th letters of the string s (denoted as as s[i:j]) is a palindrome string. s[i:j] is a palindrome only if s[i+1:j\u22121] is a palindrome and the i and j letters of s are the same.\"},\n{\"Clue of Step 3\": \"We also need to consider the boundary conditions in dynamic programming. For a substring of length 1, it is obviously a palindrome string; For a substring of length 2, it is a palindrome as long as its two letters are the same.\"},\n{\"Clue of Step 4\": \"We also need to consider the the cyclic order of dynamic programming. In the state transition equation, we are moving from a shorter string to a longer string.\"},\n{\"Clue of Step 5\": \"The final answer is the maximum length of the valid sub-strings.\"}\n]\n```\nYou can refer to the following example and generate step-by-step clues for the given problem.\n\n\n-----Clues-----\nClue of Step 1: We need to establish a loop that simulates each day of the caterpillar's movement until it reaches the height of the apple or determine that it cannot reach it.\n", "Clue of Step 2: We need to simulate a day-night cycle where during the day the caterpillar climbs and during the night it slips back down; we can keep a tally of the caterpillar's height.\n", "Clue of Step 2: We should determine how many hours the caterpillar can crawl up during the first day after 2 pm, which is 8 hours before night begins.\n"], ["\nYou will be given a problem desciption.\n\nPlease analyze the problem and generate step-by-step clues of how to solve the problem with executable python code.\n\nThe problem:\n\n\nQUESTION:\nThe 9-th grade student Gabriel noticed a caterpillar on a tree when walking around in a forest after the classes. The caterpillar was on the height h_1 cm from the ground. On the height h_2 cm (h_2 > h_1) on the same tree hung an apple and the caterpillar was crawling to the apple.\n\nGabriel is interested when the caterpillar gets the apple. He noted that the caterpillar goes up by a cm per hour by day and slips down by b cm per hour by night.\n\nIn how many days Gabriel should return to the forest to see the caterpillar get the apple. You can consider that the day starts at 10 am and finishes at 10 pm. Gabriel's classes finish at 2 pm. You can consider that Gabriel noticed the caterpillar just after the classes at 2 pm.\n\nNote that the forest is magic so the caterpillar can slip down under the ground and then lift to the apple.\n\n\n-----Input-----\n\nThe first line contains two integers h_1, h_2 (1 \u2264 h_1 < h_2 \u2264 10^5) \u2014 the heights of the position of the caterpillar and the apple in centimeters.\n\nThe second line contains two integers a, b (1 \u2264 a, b \u2264 10^5) \u2014 the distance the caterpillar goes up by day and slips down by night, in centimeters per hour.\n\n\n-----Output-----\n\nPrint the only integer k \u2014 the number of days Gabriel should wait to return to the forest and see the caterpillar getting the apple.\n\nIf the caterpillar can't get the apple print the only integer  - 1.\n\n\n-----Examples-----\nInput\n10 30\n2 1\n\nOutput\n1\n\nInput\n10 13\n1 1\n\nOutput\n0\n\nInput\n10 19\n1 2\n\nOutput\n-1\n\nInput\n1 50\n5 4\n\nOutput\n1\n\n\n\n-----Note-----\n\nIn the first example at 10 pm of the first day the caterpillar gets the height 26. At 10 am of the next day it slips down to the height 14. And finally at 6 pm of the same day the caterpillar gets the apple.\n\nNote that in the last example the caterpillar was slipping down under the ground and getting the apple on the next day.\nUse Standard Input format\nANSWER:\n\n\nAn example of step-by-step clues for finding the longest palindrome substring is displayed below:\n\n```json\n[\n{\"Clue of Step 1\": \"For a substring, if it is a palindrome and the length is greater than 2, it is still a palindrome after the first and last letters are removed. According to this idea, we can use dynamic programming to solve this problem.\"},\n{\"Clue of Step 2\": \"Then we should consider the state transition function. We use P(i,j) to indicate whether the string composed of the i-th to j-th letters of the string s (denoted as as s[i:j]) is a palindrome string. s[i:j] is a palindrome only if s[i+1:j\u22121] is a palindrome and the i and j letters of s are the same.\"},\n{\"Clue of Step 3\": \"We also need to consider the boundary conditions in dynamic programming. For a substring of length 1, it is obviously a palindrome string; For a substring of length 2, it is a palindrome as long as its two letters are the same.\"},\n{\"Clue of Step 4\": \"We also need to consider the the cyclic order of dynamic programming. In the state transition equation, we are moving from a shorter string to a longer string.\"},\n{\"Clue of Step 5\": \"The final answer is the maximum length of the valid sub-strings.\"}\n]\n```\nYou can refer to the following example and generate step-by-step clues for the given problem.\n\n\n-----Clues-----\nClue of Step 1: We need to establish a loop that simulates each day of the caterpillar's movement until it reaches the height of the apple or determine that it cannot reach it.\n", "Clue of Step 2: We need to simulate a day-night cycle where during the day the caterpillar climbs and during the night it slips back down; we can keep a tally of the caterpillar's height.\n", "Clue of Step 2: We need to simulate the caterpillar's daily progress by calculating how much height it gains during the day and how much it loses at night. This involves computing the net gain in height per 24-hour cycle (from 2 pm on one day to 2 pm on the next day).\n"], ["\nYou will be given a problem desciption.\n\nPlease analyze the problem and generate step-by-step clues of how to solve the problem with executable python code.\n\nThe problem:\n\n\nQUESTION:\nThe 9-th grade student Gabriel noticed a caterpillar on a tree when walking around in a forest after the classes. The caterpillar was on the height h_1 cm from the ground. On the height h_2 cm (h_2 > h_1) on the same tree hung an apple and the caterpillar was crawling to the apple.\n\nGabriel is interested when the caterpillar gets the apple. He noted that the caterpillar goes up by a cm per hour by day and slips down by b cm per hour by night.\n\nIn how many days Gabriel should return to the forest to see the caterpillar get the apple. You can consider that the day starts at 10 am and finishes at 10 pm. Gabriel's classes finish at 2 pm. You can consider that Gabriel noticed the caterpillar just after the classes at 2 pm.\n\nNote that the forest is magic so the caterpillar can slip down under the ground and then lift to the apple.\n\n\n-----Input-----\n\nThe first line contains two integers h_1, h_2 (1 \u2264 h_1 < h_2 \u2264 10^5) \u2014 the heights of the position of the caterpillar and the apple in centimeters.\n\nThe second line contains two integers a, b (1 \u2264 a, b \u2264 10^5) \u2014 the distance the caterpillar goes up by day and slips down by night, in centimeters per hour.\n\n\n-----Output-----\n\nPrint the only integer k \u2014 the number of days Gabriel should wait to return to the forest and see the caterpillar getting the apple.\n\nIf the caterpillar can't get the apple print the only integer  - 1.\n\n\n-----Examples-----\nInput\n10 30\n2 1\n\nOutput\n1\n\nInput\n10 13\n1 1\n\nOutput\n0\n\nInput\n10 19\n1 2\n\nOutput\n-1\n\nInput\n1 50\n5 4\n\nOutput\n1\n\n\n\n-----Note-----\n\nIn the first example at 10 pm of the first day the caterpillar gets the height 26. At 10 am of the next day it slips down to the height 14. And finally at 6 pm of the same day the caterpillar gets the apple.\n\nNote that in the last example the caterpillar was slipping down under the ground and getting the apple on the next day.\nUse Standard Input format\nANSWER:\n\n\nAn example of step-by-step clues for finding the longest palindrome substring is displayed below:\n\n```json\n[\n{\"Clue of Step 1\": \"For a substring, if it is a palindrome and the length is greater than 2, it is still a palindrome after the first and last letters are removed. According to this idea, we can use dynamic programming to solve this problem.\"},\n{\"Clue of Step 2\": \"Then we should consider the state transition function. We use P(i,j) to indicate whether the string composed of the i-th to j-th letters of the string s (denoted as as s[i:j]) is a palindrome string. s[i:j] is a palindrome only if s[i+1:j\u22121] is a palindrome and the i and j letters of s are the same.\"},\n{\"Clue of Step 3\": \"We also need to consider the boundary conditions in dynamic programming. For a substring of length 1, it is obviously a palindrome string; For a substring of length 2, it is a palindrome as long as its two letters are the same.\"},\n{\"Clue of Step 4\": \"We also need to consider the the cyclic order of dynamic programming. In the state transition equation, we are moving from a shorter string to a longer string.\"},\n{\"Clue of Step 5\": \"The final answer is the maximum length of the valid sub-strings.\"}\n]\n```\nYou can refer to the following example and generate step-by-step clues for the given problem.\n\n\n-----Clues-----\nClue of Step 1: We need to establish a loop that simulates each day of the caterpillar's movement until it reaches the height of the apple or determine that it cannot reach it.\n", "Clue of Step 2: We should include a condition to check if the daytime climbing speed will result in reaching or exceeding the apple\u2019s height before slipping back at night, which would yield an immediate solution.\n", "Clue of Step 2: We should determine how many hours the caterpillar can crawl up during the first day after 2 pm, which is 8 hours before night begins.\n"], ["\nYou will be given a problem desciption.\n\nPlease analyze the problem and generate step-by-step clues of how to solve the problem with executable python code.\n\nThe problem:\n\n\nQUESTION:\nThe 9-th grade student Gabriel noticed a caterpillar on a tree when walking around in a forest after the classes. The caterpillar was on the height h_1 cm from the ground. On the height h_2 cm (h_2 > h_1) on the same tree hung an apple and the caterpillar was crawling to the apple.\n\nGabriel is interested when the caterpillar gets the apple. He noted that the caterpillar goes up by a cm per hour by day and slips down by b cm per hour by night.\n\nIn how many days Gabriel should return to the forest to see the caterpillar get the apple. You can consider that the day starts at 10 am and finishes at 10 pm. Gabriel's classes finish at 2 pm. You can consider that Gabriel noticed the caterpillar just after the classes at 2 pm.\n\nNote that the forest is magic so the caterpillar can slip down under the ground and then lift to the apple.\n\n\n-----Input-----\n\nThe first line contains two integers h_1, h_2 (1 \u2264 h_1 < h_2 \u2264 10^5) \u2014 the heights of the position of the caterpillar and the apple in centimeters.\n\nThe second line contains two integers a, b (1 \u2264 a, b \u2264 10^5) \u2014 the distance the caterpillar goes up by day and slips down by night, in centimeters per hour.\n\n\n-----Output-----\n\nPrint the only integer k \u2014 the number of days Gabriel should wait to return to the forest and see the caterpillar getting the apple.\n\nIf the caterpillar can't get the apple print the only integer  - 1.\n\n\n-----Examples-----\nInput\n10 30\n2 1\n\nOutput\n1\n\nInput\n10 13\n1 1\n\nOutput\n0\n\nInput\n10 19\n1 2\n\nOutput\n-1\n\nInput\n1 50\n5 4\n\nOutput\n1\n\n\n\n-----Note-----\n\nIn the first example at 10 pm of the first day the caterpillar gets the height 26. At 10 am of the next day it slips down to the height 14. And finally at 6 pm of the same day the caterpillar gets the apple.\n\nNote that in the last example the caterpillar was slipping down under the ground and getting the apple on the next day.\nUse Standard Input format\nANSWER:\n\n\nAn example of step-by-step clues for finding the longest palindrome substring is displayed below:\n\n```json\n[\n{\"Clue of Step 1\": \"For a substring, if it is a palindrome and the length is greater than 2, it is still a palindrome after the first and last letters are removed. According to this idea, we can use dynamic programming to solve this problem.\"},\n{\"Clue of Step 2\": \"Then we should consider the state transition function. We use P(i,j) to indicate whether the string composed of the i-th to j-th letters of the string s (denoted as as s[i:j]) is a palindrome string. s[i:j] is a palindrome only if s[i+1:j\u22121] is a palindrome and the i and j letters of s are the same.\"},\n{\"Clue of Step 3\": \"We also need to consider the boundary conditions in dynamic programming. For a substring of length 1, it is obviously a palindrome string; For a substring of length 2, it is a palindrome as long as its two letters are the same.\"},\n{\"Clue of Step 4\": \"We also need to consider the the cyclic order of dynamic programming. In the state transition equation, we are moving from a shorter string to a longer string.\"},\n{\"Clue of Step 5\": \"The final answer is the maximum length of the valid sub-strings.\"}\n]\n```\nYou can refer to the following example and generate step-by-step clues for the given problem.\n\n\n-----Clues-----\nClue of Step 1: We need to establish a loop that simulates each day of the caterpillar's movement until it reaches the height of the apple or determine that it cannot reach it.\n", "Clue of Step 2: We should include a condition to check if the daytime climbing speed will result in reaching or exceeding the apple\u2019s height before slipping back at night, which would yield an immediate solution.\n", "Clue of Step 2: We need to simulate the caterpillar's daily progress by calculating how much height it gains during the day and how much it loses at night. This involves computing the net gain in height per 24-hour cycle (from 2 pm on one day to 2 pm on the next day).\n"], ["\nYou will be given a problem desciption.\n\nPlease analyze the problem and generate step-by-step clues of how to solve the problem with executable python code.\n\nThe problem:\n\n\nQUESTION:\nThe 9-th grade student Gabriel noticed a caterpillar on a tree when walking around in a forest after the classes. The caterpillar was on the height h_1 cm from the ground. On the height h_2 cm (h_2 > h_1) on the same tree hung an apple and the caterpillar was crawling to the apple.\n\nGabriel is interested when the caterpillar gets the apple. He noted that the caterpillar goes up by a cm per hour by day and slips down by b cm per hour by night.\n\nIn how many days Gabriel should return to the forest to see the caterpillar get the apple. You can consider that the day starts at 10 am and finishes at 10 pm. Gabriel's classes finish at 2 pm. You can consider that Gabriel noticed the caterpillar just after the classes at 2 pm.\n\nNote that the forest is magic so the caterpillar can slip down under the ground and then lift to the apple.\n\n\n-----Input-----\n\nThe first line contains two integers h_1, h_2 (1 \u2264 h_1 < h_2 \u2264 10^5) \u2014 the heights of the position of the caterpillar and the apple in centimeters.\n\nThe second line contains two integers a, b (1 \u2264 a, b \u2264 10^5) \u2014 the distance the caterpillar goes up by day and slips down by night, in centimeters per hour.\n\n\n-----Output-----\n\nPrint the only integer k \u2014 the number of days Gabriel should wait to return to the forest and see the caterpillar getting the apple.\n\nIf the caterpillar can't get the apple print the only integer  - 1.\n\n\n-----Examples-----\nInput\n10 30\n2 1\n\nOutput\n1\n\nInput\n10 13\n1 1\n\nOutput\n0\n\nInput\n10 19\n1 2\n\nOutput\n-1\n\nInput\n1 50\n5 4\n\nOutput\n1\n\n\n\n-----Note-----\n\nIn the first example at 10 pm of the first day the caterpillar gets the height 26. At 10 am of the next day it slips down to the height 14. And finally at 6 pm of the same day the caterpillar gets the apple.\n\nNote that in the last example the caterpillar was slipping down under the ground and getting the apple on the next day.\nUse Standard Input format\nANSWER:\n\n\nAn example of step-by-step clues for finding the longest palindrome substring is displayed below:\n\n```json\n[\n{\"Clue of Step 1\": \"For a substring, if it is a palindrome and the length is greater than 2, it is still a palindrome after the first and last letters are removed. According to this idea, we can use dynamic programming to solve this problem.\"},\n{\"Clue of Step 2\": \"Then we should consider the state transition function. We use P(i,j) to indicate whether the string composed of the i-th to j-th letters of the string s (denoted as as s[i:j]) is a palindrome string. s[i:j] is a palindrome only if s[i+1:j\u22121] is a palindrome and the i and j letters of s are the same.\"},\n{\"Clue of Step 3\": \"We also need to consider the boundary conditions in dynamic programming. For a substring of length 1, it is obviously a palindrome string; For a substring of length 2, it is a palindrome as long as its two letters are the same.\"},\n{\"Clue of Step 4\": \"We also need to consider the the cyclic order of dynamic programming. In the state transition equation, we are moving from a shorter string to a longer string.\"},\n{\"Clue of Step 5\": \"The final answer is the maximum length of the valid sub-strings.\"}\n]\n```\nYou can refer to the following example and generate step-by-step clues for the given problem.\n\n\n-----Clues-----\nClue of Step 1: We need to establish a loop that simulates each day of the caterpillar's movement until it reaches the height of the apple or determine that it cannot reach it.\n", "Clue of Step 2: We should check at the end of each day whether the caterpillar has reached or exceeded the height of the apple. If it has, we can stop the simulation and return the number of days. If the caterpillar slips below the initial height during the night, we continue the simulation.\n", "Clue of Step 2: We should determine how many hours the caterpillar can crawl up during the first day after 2 pm, which is 8 hours before night begins.\n"], ["\nYou will be given a problem desciption.\n\nPlease analyze the problem and generate step-by-step clues of how to solve the problem with executable python code.\n\nThe problem:\n\n\nQUESTION:\nThe 9-th grade student Gabriel noticed a caterpillar on a tree when walking around in a forest after the classes. The caterpillar was on the height h_1 cm from the ground. On the height h_2 cm (h_2 > h_1) on the same tree hung an apple and the caterpillar was crawling to the apple.\n\nGabriel is interested when the caterpillar gets the apple. He noted that the caterpillar goes up by a cm per hour by day and slips down by b cm per hour by night.\n\nIn how many days Gabriel should return to the forest to see the caterpillar get the apple. You can consider that the day starts at 10 am and finishes at 10 pm. Gabriel's classes finish at 2 pm. You can consider that Gabriel noticed the caterpillar just after the classes at 2 pm.\n\nNote that the forest is magic so the caterpillar can slip down under the ground and then lift to the apple.\n\n\n-----Input-----\n\nThe first line contains two integers h_1, h_2 (1 \u2264 h_1 < h_2 \u2264 10^5) \u2014 the heights of the position of the caterpillar and the apple in centimeters.\n\nThe second line contains two integers a, b (1 \u2264 a, b \u2264 10^5) \u2014 the distance the caterpillar goes up by day and slips down by night, in centimeters per hour.\n\n\n-----Output-----\n\nPrint the only integer k \u2014 the number of days Gabriel should wait to return to the forest and see the caterpillar getting the apple.\n\nIf the caterpillar can't get the apple print the only integer  - 1.\n\n\n-----Examples-----\nInput\n10 30\n2 1\n\nOutput\n1\n\nInput\n10 13\n1 1\n\nOutput\n0\n\nInput\n10 19\n1 2\n\nOutput\n-1\n\nInput\n1 50\n5 4\n\nOutput\n1\n\n\n\n-----Note-----\n\nIn the first example at 10 pm of the first day the caterpillar gets the height 26. At 10 am of the next day it slips down to the height 14. And finally at 6 pm of the same day the caterpillar gets the apple.\n\nNote that in the last example the caterpillar was slipping down under the ground and getting the apple on the next day.\nUse Standard Input format\nANSWER:\n\n\nAn example of step-by-step clues for finding the longest palindrome substring is displayed below:\n\n```json\n[\n{\"Clue of Step 1\": \"For a substring, if it is a palindrome and the length is greater than 2, it is still a palindrome after the first and last letters are removed. According to this idea, we can use dynamic programming to solve this problem.\"},\n{\"Clue of Step 2\": \"Then we should consider the state transition function. We use P(i,j) to indicate whether the string composed of the i-th to j-th letters of the string s (denoted as as s[i:j]) is a palindrome string. s[i:j] is a palindrome only if s[i+1:j\u22121] is a palindrome and the i and j letters of s are the same.\"},\n{\"Clue of Step 3\": \"We also need to consider the boundary conditions in dynamic programming. For a substring of length 1, it is obviously a palindrome string; For a substring of length 2, it is a palindrome as long as its two letters are the same.\"},\n{\"Clue of Step 4\": \"We also need to consider the the cyclic order of dynamic programming. In the state transition equation, we are moving from a shorter string to a longer string.\"},\n{\"Clue of Step 5\": \"The final answer is the maximum length of the valid sub-strings.\"}\n]\n```\nYou can refer to the following example and generate step-by-step clues for the given problem.\n\n\n-----Clues-----\nClue of Step 1: We need to establish a loop that simulates each day of the caterpillar's movement until it reaches the height of the apple or determine that it cannot reach it.\n", "Clue of Step 2: We should check at the end of each day whether the caterpillar has reached or exceeded the height of the apple. If it has, we can stop the simulation and return the number of days. If the caterpillar slips below the initial height during the night, we continue the simulation.\n", "Clue of Step 2: We need to simulate the caterpillar's daily progress by calculating how much height it gains during the day and how much it loses at night. This involves computing the net gain in height per 24-hour cycle (from 2 pm on one day to 2 pm on the next day).\n"], ["\nYou will be given a problem desciption.\n\nPlease analyze the problem and generate step-by-step clues of how to solve the problem with executable python code.\n\nThe problem:\n\n\nQUESTION:\nThe 9-th grade student Gabriel noticed a caterpillar on a tree when walking around in a forest after the classes. The caterpillar was on the height h_1 cm from the ground. On the height h_2 cm (h_2 > h_1) on the same tree hung an apple and the caterpillar was crawling to the apple.\n\nGabriel is interested when the caterpillar gets the apple. He noted that the caterpillar goes up by a cm per hour by day and slips down by b cm per hour by night.\n\nIn how many days Gabriel should return to the forest to see the caterpillar get the apple. You can consider that the day starts at 10 am and finishes at 10 pm. Gabriel's classes finish at 2 pm. You can consider that Gabriel noticed the caterpillar just after the classes at 2 pm.\n\nNote that the forest is magic so the caterpillar can slip down under the ground and then lift to the apple.\n\n\n-----Input-----\n\nThe first line contains two integers h_1, h_2 (1 \u2264 h_1 < h_2 \u2264 10^5) \u2014 the heights of the position of the caterpillar and the apple in centimeters.\n\nThe second line contains two integers a, b (1 \u2264 a, b \u2264 10^5) \u2014 the distance the caterpillar goes up by day and slips down by night, in centimeters per hour.\n\n\n-----Output-----\n\nPrint the only integer k \u2014 the number of days Gabriel should wait to return to the forest and see the caterpillar getting the apple.\n\nIf the caterpillar can't get the apple print the only integer  - 1.\n\n\n-----Examples-----\nInput\n10 30\n2 1\n\nOutput\n1\n\nInput\n10 13\n1 1\n\nOutput\n0\n\nInput\n10 19\n1 2\n\nOutput\n-1\n\nInput\n1 50\n5 4\n\nOutput\n1\n\n\n\n-----Note-----\n\nIn the first example at 10 pm of the first day the caterpillar gets the height 26. At 10 am of the next day it slips down to the height 14. And finally at 6 pm of the same day the caterpillar gets the apple.\n\nNote that in the last example the caterpillar was slipping down under the ground and getting the apple on the next day.\nUse Standard Input format\nANSWER:\n\n\nAn example of step-by-step clues for finding the longest palindrome substring is displayed below:\n\n```json\n[\n{\"Clue of Step 1\": \"For a substring, if it is a palindrome and the length is greater than 2, it is still a palindrome after the first and last letters are removed. According to this idea, we can use dynamic programming to solve this problem.\"},\n{\"Clue of Step 2\": \"Then we should consider the state transition function. We use P(i,j) to indicate whether the string composed of the i-th to j-th letters of the string s (denoted as as s[i:j]) is a palindrome string. s[i:j] is a palindrome only if s[i+1:j\u22121] is a palindrome and the i and j letters of s are the same.\"},\n{\"Clue of Step 3\": \"We also need to consider the boundary conditions in dynamic programming. For a substring of length 1, it is obviously a palindrome string; For a substring of length 2, it is a palindrome as long as its two letters are the same.\"},\n{\"Clue of Step 4\": \"We also need to consider the the cyclic order of dynamic programming. In the state transition equation, we are moving from a shorter string to a longer string.\"},\n{\"Clue of Step 5\": \"The final answer is the maximum length of the valid sub-strings.\"}\n]\n```\nYou can refer to the following example and generate step-by-step clues for the given problem.\n\n\n-----Clues-----\nClue of Step 1: We need to establish a loop that simulates each day of the caterpillar's movement until it reaches the height of the apple or determine that it cannot reach it.\n", "Clue of Step 2: We should handle the case where the caterpillar slips below the starting height h1 during the night but can still reach the apple on a subsequent day. This means we need to allow for the possibility of the caterpillar going below ground level in our calculations.\n", "Clue of Step 2: We should determine how many hours the caterpillar can crawl up during the first day after 2 pm, which is 8 hours before night begins.\n"], ["\nYou will be given a problem desciption.\n\nPlease analyze the problem and generate step-by-step clues of how to solve the problem with executable python code.\n\nThe problem:\n\n\nQUESTION:\nThe 9-th grade student Gabriel noticed a caterpillar on a tree when walking around in a forest after the classes. The caterpillar was on the height h_1 cm from the ground. On the height h_2 cm (h_2 > h_1) on the same tree hung an apple and the caterpillar was crawling to the apple.\n\nGabriel is interested when the caterpillar gets the apple. He noted that the caterpillar goes up by a cm per hour by day and slips down by b cm per hour by night.\n\nIn how many days Gabriel should return to the forest to see the caterpillar get the apple. You can consider that the day starts at 10 am and finishes at 10 pm. Gabriel's classes finish at 2 pm. You can consider that Gabriel noticed the caterpillar just after the classes at 2 pm.\n\nNote that the forest is magic so the caterpillar can slip down under the ground and then lift to the apple.\n\n\n-----Input-----\n\nThe first line contains two integers h_1, h_2 (1 \u2264 h_1 < h_2 \u2264 10^5) \u2014 the heights of the position of the caterpillar and the apple in centimeters.\n\nThe second line contains two integers a, b (1 \u2264 a, b \u2264 10^5) \u2014 the distance the caterpillar goes up by day and slips down by night, in centimeters per hour.\n\n\n-----Output-----\n\nPrint the only integer k \u2014 the number of days Gabriel should wait to return to the forest and see the caterpillar getting the apple.\n\nIf the caterpillar can't get the apple print the only integer  - 1.\n\n\n-----Examples-----\nInput\n10 30\n2 1\n\nOutput\n1\n\nInput\n10 13\n1 1\n\nOutput\n0\n\nInput\n10 19\n1 2\n\nOutput\n-1\n\nInput\n1 50\n5 4\n\nOutput\n1\n\n\n\n-----Note-----\n\nIn the first example at 10 pm of the first day the caterpillar gets the height 26. At 10 am of the next day it slips down to the height 14. And finally at 6 pm of the same day the caterpillar gets the apple.\n\nNote that in the last example the caterpillar was slipping down under the ground and getting the apple on the next day.\nUse Standard Input format\nANSWER:\n\n\nAn example of step-by-step clues for finding the longest palindrome substring is displayed below:\n\n```json\n[\n{\"Clue of Step 1\": \"For a substring, if it is a palindrome and the length is greater than 2, it is still a palindrome after the first and last letters are removed. According to this idea, we can use dynamic programming to solve this problem.\"},\n{\"Clue of Step 2\": \"Then we should consider the state transition function. We use P(i,j) to indicate whether the string composed of the i-th to j-th letters of the string s (denoted as as s[i:j]) is a palindrome string. s[i:j] is a palindrome only if s[i+1:j\u22121] is a palindrome and the i and j letters of s are the same.\"},\n{\"Clue of Step 3\": \"We also need to consider the boundary conditions in dynamic programming. For a substring of length 1, it is obviously a palindrome string; For a substring of length 2, it is a palindrome as long as its two letters are the same.\"},\n{\"Clue of Step 4\": \"We also need to consider the the cyclic order of dynamic programming. In the state transition equation, we are moving from a shorter string to a longer string.\"},\n{\"Clue of Step 5\": \"The final answer is the maximum length of the valid sub-strings.\"}\n]\n```\nYou can refer to the following example and generate step-by-step clues for the given problem.\n\n\n-----Clues-----\nClue of Step 1: We need to establish a loop that simulates each day of the caterpillar's movement until it reaches the height of the apple or determine that it cannot reach it.\n", "Clue of Step 2: We should handle the case where the caterpillar slips below the starting height h1 during the night but can still reach the apple on a subsequent day. This means we need to allow for the possibility of the caterpillar going below ground level in our calculations.\n", "Clue of Step 2: We need to simulate the caterpillar's daily progress by calculating how much height it gains during the day and how much it loses at night. This involves computing the net gain in height per 24-hour cycle (from 2 pm on one day to 2 pm on the next day).\n"], ["\nYou will be given a problem desciption.\n\nPlease analyze the problem and generate step-by-step clues of how to solve the problem with executable python code.\n\nThe problem:\n\n\nQUESTION:\nThe 9-th grade student Gabriel noticed a caterpillar on a tree when walking around in a forest after the classes. The caterpillar was on the height h_1 cm from the ground. On the height h_2 cm (h_2 > h_1) on the same tree hung an apple and the caterpillar was crawling to the apple.\n\nGabriel is interested when the caterpillar gets the apple. He noted that the caterpillar goes up by a cm per hour by day and slips down by b cm per hour by night.\n\nIn how many days Gabriel should return to the forest to see the caterpillar get the apple. You can consider that the day starts at 10 am and finishes at 10 pm. Gabriel's classes finish at 2 pm. You can consider that Gabriel noticed the caterpillar just after the classes at 2 pm.\n\nNote that the forest is magic so the caterpillar can slip down under the ground and then lift to the apple.\n\n\n-----Input-----\n\nThe first line contains two integers h_1, h_2 (1 \u2264 h_1 < h_2 \u2264 10^5) \u2014 the heights of the position of the caterpillar and the apple in centimeters.\n\nThe second line contains two integers a, b (1 \u2264 a, b \u2264 10^5) \u2014 the distance the caterpillar goes up by day and slips down by night, in centimeters per hour.\n\n\n-----Output-----\n\nPrint the only integer k \u2014 the number of days Gabriel should wait to return to the forest and see the caterpillar getting the apple.\n\nIf the caterpillar can't get the apple print the only integer  - 1.\n\n\n-----Examples-----\nInput\n10 30\n2 1\n\nOutput\n1\n\nInput\n10 13\n1 1\n\nOutput\n0\n\nInput\n10 19\n1 2\n\nOutput\n-1\n\nInput\n1 50\n5 4\n\nOutput\n1\n\n\n\n-----Note-----\n\nIn the first example at 10 pm of the first day the caterpillar gets the height 26. At 10 am of the next day it slips down to the height 14. And finally at 6 pm of the same day the caterpillar gets the apple.\n\nNote that in the last example the caterpillar was slipping down under the ground and getting the apple on the next day.\nUse Standard Input format\nANSWER:\n\n\nAn example of step-by-step clues for finding the longest palindrome substring is displayed below:\n\n```json\n[\n{\"Clue of Step 1\": \"For a substring, if it is a palindrome and the length is greater than 2, it is still a palindrome after the first and last letters are removed. According to this idea, we can use dynamic programming to solve this problem.\"},\n{\"Clue of Step 2\": \"Then we should consider the state transition function. We use P(i,j) to indicate whether the string composed of the i-th to j-th letters of the string s (denoted as as s[i:j]) is a palindrome string. s[i:j] is a palindrome only if s[i+1:j\u22121] is a palindrome and the i and j letters of s are the same.\"},\n{\"Clue of Step 3\": \"We also need to consider the boundary conditions in dynamic programming. For a substring of length 1, it is obviously a palindrome string; For a substring of length 2, it is a palindrome as long as its two letters are the same.\"},\n{\"Clue of Step 4\": \"We also need to consider the the cyclic order of dynamic programming. In the state transition equation, we are moving from a shorter string to a longer string.\"},\n{\"Clue of Step 5\": \"The final answer is the maximum length of the valid sub-strings.\"}\n]\n```\nYou can refer to the following example and generate step-by-step clues for the given problem.\n\n\n-----Clues-----\nClue of Step 1: We should account for the hours the caterpillar can move up during the day and the hours it slips down at night.\n", "Clue of Step 2: We can calculate the total height the caterpillar can reach on the first day after Gabriel spots it. Since it starts at 2 pm, it has 8 hours until nightfall (10 pm). Hence, it can ascend a * 8 cm during the day.\n", "Clue of Step 2: After the first day, we should simulate the caterpillar's movement over subsequent days, accounting for the distance it can climb during the day and the distance it slips at night, until it reaches or exceeds the height of the apple.\n"], ["\nYou will be given a problem desciption.\n\nPlease analyze the problem and generate step-by-step clues of how to solve the problem with executable python code.\n\nThe problem:\n\n\nQUESTION:\nThe 9-th grade student Gabriel noticed a caterpillar on a tree when walking around in a forest after the classes. The caterpillar was on the height h_1 cm from the ground. On the height h_2 cm (h_2 > h_1) on the same tree hung an apple and the caterpillar was crawling to the apple.\n\nGabriel is interested when the caterpillar gets the apple. He noted that the caterpillar goes up by a cm per hour by day and slips down by b cm per hour by night.\n\nIn how many days Gabriel should return to the forest to see the caterpillar get the apple. You can consider that the day starts at 10 am and finishes at 10 pm. Gabriel's classes finish at 2 pm. You can consider that Gabriel noticed the caterpillar just after the classes at 2 pm.\n\nNote that the forest is magic so the caterpillar can slip down under the ground and then lift to the apple.\n\n\n-----Input-----\n\nThe first line contains two integers h_1, h_2 (1 \u2264 h_1 < h_2 \u2264 10^5) \u2014 the heights of the position of the caterpillar and the apple in centimeters.\n\nThe second line contains two integers a, b (1 \u2264 a, b \u2264 10^5) \u2014 the distance the caterpillar goes up by day and slips down by night, in centimeters per hour.\n\n\n-----Output-----\n\nPrint the only integer k \u2014 the number of days Gabriel should wait to return to the forest and see the caterpillar getting the apple.\n\nIf the caterpillar can't get the apple print the only integer  - 1.\n\n\n-----Examples-----\nInput\n10 30\n2 1\n\nOutput\n1\n\nInput\n10 13\n1 1\n\nOutput\n0\n\nInput\n10 19\n1 2\n\nOutput\n-1\n\nInput\n1 50\n5 4\n\nOutput\n1\n\n\n\n-----Note-----\n\nIn the first example at 10 pm of the first day the caterpillar gets the height 26. At 10 am of the next day it slips down to the height 14. And finally at 6 pm of the same day the caterpillar gets the apple.\n\nNote that in the last example the caterpillar was slipping down under the ground and getting the apple on the next day.\nUse Standard Input format\nANSWER:\n\n\nAn example of step-by-step clues for finding the longest palindrome substring is displayed below:\n\n```json\n[\n{\"Clue of Step 1\": \"For a substring, if it is a palindrome and the length is greater than 2, it is still a palindrome after the first and last letters are removed. According to this idea, we can use dynamic programming to solve this problem.\"},\n{\"Clue of Step 2\": \"Then we should consider the state transition function. We use P(i,j) to indicate whether the string composed of the i-th to j-th letters of the string s (denoted as as s[i:j]) is a palindrome string. s[i:j] is a palindrome only if s[i+1:j\u22121] is a palindrome and the i and j letters of s are the same.\"},\n{\"Clue of Step 3\": \"We also need to consider the boundary conditions in dynamic programming. For a substring of length 1, it is obviously a palindrome string; For a substring of length 2, it is a palindrome as long as its two letters are the same.\"},\n{\"Clue of Step 4\": \"We also need to consider the the cyclic order of dynamic programming. In the state transition equation, we are moving from a shorter string to a longer string.\"},\n{\"Clue of Step 5\": \"The final answer is the maximum length of the valid sub-strings.\"}\n]\n```\nYou can refer to the following example and generate step-by-step clues for the given problem.\n\n\n-----Clues-----\nClue of Step 1: We should account for the hours the caterpillar can move up during the day and the hours it slips down at night.\n", "Clue of Step 2: At night, the caterpillar slips down for 12 hours until the next morning (10 am). We need to subtract the total distance it slips down (b * 12 cm) from its height after the first day.\n", "Clue of Step 2: After the first day, we should simulate the caterpillar's movement over subsequent days, accounting for the distance it can climb during the day and the distance it slips at night, until it reaches or exceeds the height of the apple.\n"], ["\nYou will be given a problem desciption.\n\nPlease analyze the problem and generate step-by-step clues of how to solve the problem with executable python code.\n\nThe problem:\n\n\nQUESTION:\nThe 9-th grade student Gabriel noticed a caterpillar on a tree when walking around in a forest after the classes. The caterpillar was on the height h_1 cm from the ground. On the height h_2 cm (h_2 > h_1) on the same tree hung an apple and the caterpillar was crawling to the apple.\n\nGabriel is interested when the caterpillar gets the apple. He noted that the caterpillar goes up by a cm per hour by day and slips down by b cm per hour by night.\n\nIn how many days Gabriel should return to the forest to see the caterpillar get the apple. You can consider that the day starts at 10 am and finishes at 10 pm. Gabriel's classes finish at 2 pm. You can consider that Gabriel noticed the caterpillar just after the classes at 2 pm.\n\nNote that the forest is magic so the caterpillar can slip down under the ground and then lift to the apple.\n\n\n-----Input-----\n\nThe first line contains two integers h_1, h_2 (1 \u2264 h_1 < h_2 \u2264 10^5) \u2014 the heights of the position of the caterpillar and the apple in centimeters.\n\nThe second line contains two integers a, b (1 \u2264 a, b \u2264 10^5) \u2014 the distance the caterpillar goes up by day and slips down by night, in centimeters per hour.\n\n\n-----Output-----\n\nPrint the only integer k \u2014 the number of days Gabriel should wait to return to the forest and see the caterpillar getting the apple.\n\nIf the caterpillar can't get the apple print the only integer  - 1.\n\n\n-----Examples-----\nInput\n10 30\n2 1\n\nOutput\n1\n\nInput\n10 13\n1 1\n\nOutput\n0\n\nInput\n10 19\n1 2\n\nOutput\n-1\n\nInput\n1 50\n5 4\n\nOutput\n1\n\n\n\n-----Note-----\n\nIn the first example at 10 pm of the first day the caterpillar gets the height 26. At 10 am of the next day it slips down to the height 14. And finally at 6 pm of the same day the caterpillar gets the apple.\n\nNote that in the last example the caterpillar was slipping down under the ground and getting the apple on the next day.\nUse Standard Input format\nANSWER:\n\n\nAn example of step-by-step clues for finding the longest palindrome substring is displayed below:\n\n```json\n[\n{\"Clue of Step 1\": \"For a substring, if it is a palindrome and the length is greater than 2, it is still a palindrome after the first and last letters are removed. According to this idea, we can use dynamic programming to solve this problem.\"},\n{\"Clue of Step 2\": \"Then we should consider the state transition function. We use P(i,j) to indicate whether the string composed of the i-th to j-th letters of the string s (denoted as as s[i:j]) is a palindrome string. s[i:j] is a palindrome only if s[i+1:j\u22121] is a palindrome and the i and j letters of s are the same.\"},\n{\"Clue of Step 3\": \"We also need to consider the boundary conditions in dynamic programming. For a substring of length 1, it is obviously a palindrome string; For a substring of length 2, it is a palindrome as long as its two letters are the same.\"},\n{\"Clue of Step 4\": \"We also need to consider the the cyclic order of dynamic programming. In the state transition equation, we are moving from a shorter string to a longer string.\"},\n{\"Clue of Step 5\": \"The final answer is the maximum length of the valid sub-strings.\"}\n]\n```\nYou can refer to the following example and generate step-by-step clues for the given problem.\n\n\n-----Clues-----\nClue of Step 1: We should account for the hours the caterpillar can move up during the day and the hours it slips down at night.\n", "Clue of Step 2: We should simulate the caterpillar's movement on an hourly basis within a day, keeping track of its height at the end of each day and adjusting for the slippage during the night.\n", "Clue of Step 2: After the first day, we should simulate the caterpillar's movement over subsequent days, accounting for the distance it can climb during the day and the distance it slips at night, until it reaches or exceeds the height of the apple.\n"], ["\nYou will be given a problem desciption.\n\nPlease analyze the problem and generate step-by-step clues of how to solve the problem with executable python code.\n\nThe problem:\n\n\nQUESTION:\nThe 9-th grade student Gabriel noticed a caterpillar on a tree when walking around in a forest after the classes. The caterpillar was on the height h_1 cm from the ground. On the height h_2 cm (h_2 > h_1) on the same tree hung an apple and the caterpillar was crawling to the apple.\n\nGabriel is interested when the caterpillar gets the apple. He noted that the caterpillar goes up by a cm per hour by day and slips down by b cm per hour by night.\n\nIn how many days Gabriel should return to the forest to see the caterpillar get the apple. You can consider that the day starts at 10 am and finishes at 10 pm. Gabriel's classes finish at 2 pm. You can consider that Gabriel noticed the caterpillar just after the classes at 2 pm.\n\nNote that the forest is magic so the caterpillar can slip down under the ground and then lift to the apple.\n\n\n-----Input-----\n\nThe first line contains two integers h_1, h_2 (1 \u2264 h_1 < h_2 \u2264 10^5) \u2014 the heights of the position of the caterpillar and the apple in centimeters.\n\nThe second line contains two integers a, b (1 \u2264 a, b \u2264 10^5) \u2014 the distance the caterpillar goes up by day and slips down by night, in centimeters per hour.\n\n\n-----Output-----\n\nPrint the only integer k \u2014 the number of days Gabriel should wait to return to the forest and see the caterpillar getting the apple.\n\nIf the caterpillar can't get the apple print the only integer  - 1.\n\n\n-----Examples-----\nInput\n10 30\n2 1\n\nOutput\n1\n\nInput\n10 13\n1 1\n\nOutput\n0\n\nInput\n10 19\n1 2\n\nOutput\n-1\n\nInput\n1 50\n5 4\n\nOutput\n1\n\n\n\n-----Note-----\n\nIn the first example at 10 pm of the first day the caterpillar gets the height 26. At 10 am of the next day it slips down to the height 14. And finally at 6 pm of the same day the caterpillar gets the apple.\n\nNote that in the last example the caterpillar was slipping down under the ground and getting the apple on the next day.\nUse Standard Input format\nANSWER:\n\n\nAn example of step-by-step clues for finding the longest palindrome substring is displayed below:\n\n```json\n[\n{\"Clue of Step 1\": \"For a substring, if it is a palindrome and the length is greater than 2, it is still a palindrome after the first and last letters are removed. According to this idea, we can use dynamic programming to solve this problem.\"},\n{\"Clue of Step 2\": \"Then we should consider the state transition function. We use P(i,j) to indicate whether the string composed of the i-th to j-th letters of the string s (denoted as as s[i:j]) is a palindrome string. s[i:j] is a palindrome only if s[i+1:j\u22121] is a palindrome and the i and j letters of s are the same.\"},\n{\"Clue of Step 3\": \"We also need to consider the boundary conditions in dynamic programming. For a substring of length 1, it is obviously a palindrome string; For a substring of length 2, it is a palindrome as long as its two letters are the same.\"},\n{\"Clue of Step 4\": \"We also need to consider the the cyclic order of dynamic programming. In the state transition equation, we are moving from a shorter string to a longer string.\"},\n{\"Clue of Step 5\": \"The final answer is the maximum length of the valid sub-strings.\"}\n]\n```\nYou can refer to the following example and generate step-by-step clues for the given problem.\n\n\n-----Clues-----\nClue of Step 1: We should account for the hours the caterpillar can move up during the day and the hours it slips down at night.\n", "Clue of Step 2: Consider the net gain in height per 24-hour cycle (day and night combined). The caterpillar's height at the end of each day can be calculated by adding the daytime ascent and subtracting the nighttime slippage.\n", "Clue of Step 2: After the first day, we should simulate the caterpillar's movement over subsequent days, accounting for the distance it can climb during the day and the distance it slips at night, until it reaches or exceeds the height of the apple.\n"], ["\nYou will be given a problem desciption.\n\nPlease analyze the problem and generate step-by-step clues of how to solve the problem with executable python code.\n\nThe problem:\n\n\nQUESTION:\nThe 9-th grade student Gabriel noticed a caterpillar on a tree when walking around in a forest after the classes. The caterpillar was on the height h_1 cm from the ground. On the height h_2 cm (h_2 > h_1) on the same tree hung an apple and the caterpillar was crawling to the apple.\n\nGabriel is interested when the caterpillar gets the apple. He noted that the caterpillar goes up by a cm per hour by day and slips down by b cm per hour by night.\n\nIn how many days Gabriel should return to the forest to see the caterpillar get the apple. You can consider that the day starts at 10 am and finishes at 10 pm. Gabriel's classes finish at 2 pm. You can consider that Gabriel noticed the caterpillar just after the classes at 2 pm.\n\nNote that the forest is magic so the caterpillar can slip down under the ground and then lift to the apple.\n\n\n-----Input-----\n\nThe first line contains two integers h_1, h_2 (1 \u2264 h_1 < h_2 \u2264 10^5) \u2014 the heights of the position of the caterpillar and the apple in centimeters.\n\nThe second line contains two integers a, b (1 \u2264 a, b \u2264 10^5) \u2014 the distance the caterpillar goes up by day and slips down by night, in centimeters per hour.\n\n\n-----Output-----\n\nPrint the only integer k \u2014 the number of days Gabriel should wait to return to the forest and see the caterpillar getting the apple.\n\nIf the caterpillar can't get the apple print the only integer  - 1.\n\n\n-----Examples-----\nInput\n10 30\n2 1\n\nOutput\n1\n\nInput\n10 13\n1 1\n\nOutput\n0\n\nInput\n10 19\n1 2\n\nOutput\n-1\n\nInput\n1 50\n5 4\n\nOutput\n1\n\n\n\n-----Note-----\n\nIn the first example at 10 pm of the first day the caterpillar gets the height 26. At 10 am of the next day it slips down to the height 14. And finally at 6 pm of the same day the caterpillar gets the apple.\n\nNote that in the last example the caterpillar was slipping down under the ground and getting the apple on the next day.\nUse Standard Input format\nANSWER:\n\n\nAn example of step-by-step clues for finding the longest palindrome substring is displayed below:\n\n```json\n[\n{\"Clue of Step 1\": \"For a substring, if it is a palindrome and the length is greater than 2, it is still a palindrome after the first and last letters are removed. According to this idea, we can use dynamic programming to solve this problem.\"},\n{\"Clue of Step 2\": \"Then we should consider the state transition function. We use P(i,j) to indicate whether the string composed of the i-th to j-th letters of the string s (denoted as as s[i:j]) is a palindrome string. s[i:j] is a palindrome only if s[i+1:j\u22121] is a palindrome and the i and j letters of s are the same.\"},\n{\"Clue of Step 3\": \"We also need to consider the boundary conditions in dynamic programming. For a substring of length 1, it is obviously a palindrome string; For a substring of length 2, it is a palindrome as long as its two letters are the same.\"},\n{\"Clue of Step 4\": \"We also need to consider the the cyclic order of dynamic programming. In the state transition equation, we are moving from a shorter string to a longer string.\"},\n{\"Clue of Step 5\": \"The final answer is the maximum length of the valid sub-strings.\"}\n]\n```\nYou can refer to the following example and generate step-by-step clues for the given problem.\n\n\n-----Clues-----\nClue of Step 1: We should account for the hours the caterpillar can move up during the day and the hours it slips down at night.\n", "Clue of Step 2: If the caterpillar's height at the end of a day reaches or exceeds the apple's height, Gabriel can see the caterpillar at the apple the next day. We should account for the possibility of the caterpillar slipping below its starting height.\n", "Clue of Step 2: After the first day, we should simulate the caterpillar's movement over subsequent days, accounting for the distance it can climb during the day and the distance it slips at night, until it reaches or exceeds the height of the apple.\n"]], "SFT": ["\nYou will be given a problem desciption.\n\nPlease analyze the problem and generate step-by-step clues of how to solve the problem with executable python code.\n\nThe problem:\n\n\nQUESTION:\nThe 9-th grade student Gabriel noticed a caterpillar on a tree when walking around in a forest after the classes. The caterpillar was on the height h_1 cm from the ground. On the height h_2 cm (h_2 > h_1) on the same tree hung an apple and the caterpillar was crawling to the apple.\n\nGabriel is interested when the caterpillar gets the apple. He noted that the caterpillar goes up by a cm per hour by day and slips down by b cm per hour by night.\n\nIn how many days Gabriel should return to the forest to see the caterpillar get the apple. You can consider that the day starts at 10 am and finishes at 10 pm. Gabriel's classes finish at 2 pm. You can consider that Gabriel noticed the caterpillar just after the classes at 2 pm.\n\nNote that the forest is magic so the caterpillar can slip down under the ground and then lift to the apple.\n\n\n-----Input-----\n\nThe first line contains two integers h_1, h_2 (1 \u2264 h_1 < h_2 \u2264 10^5) \u2014 the heights of the position of the caterpillar and the apple in centimeters.\n\nThe second line contains two integers a, b (1 \u2264 a, b \u2264 10^5) \u2014 the distance the caterpillar goes up by day and slips down by night, in centimeters per hour.\n\n\n-----Output-----\n\nPrint the only integer k \u2014 the number of days Gabriel should wait to return to the forest and see the caterpillar getting the apple.\n\nIf the caterpillar can't get the apple print the only integer  - 1.\n\n\n-----Examples-----\nInput\n10 30\n2 1\n\nOutput\n1\n\nInput\n10 13\n1 1\n\nOutput\n0\n\nInput\n10 19\n1 2\n\nOutput\n-1\n\nInput\n1 50\n5 4\n\nOutput\n1\n\n\n\n-----Note-----\n\nIn the first example at 10 pm of the first day the caterpillar gets the height 26. At 10 am of the next day it slips down to the height 14. And finally at 6 pm of the same day the caterpillar gets the apple.\n\nNote that in the last example the caterpillar was slipping down under the ground and getting the apple on the next day.\nUse Standard Input format\nANSWER:\n\n\nAn example of step-by-step clues for finding the longest palindrome substring is displayed below:\n\n```json\n[\n{\"Clue of Step 1\": \"For a substring, if it is a palindrome and the length is greater than 2, it is still a palindrome after the first and last letters are removed. According to this idea, we can use dynamic programming to solve this problem.\"},\n{\"Clue of Step 2\": \"Then we should consider the state transition function. We use P(i,j) to indicate whether the string composed of the i-th to j-th letters of the string s (denoted as as s[i:j]) is a palindrome string. s[i:j] is a palindrome only if s[i+1:j\u22121] is a palindrome and the i and j letters of s are the same.\"},\n{\"Clue of Step 3\": \"We also need to consider the boundary conditions in dynamic programming. For a substring of length 1, it is obviously a palindrome string; For a substring of length 2, it is a palindrome as long as its two letters are the same.\"},\n{\"Clue of Step 4\": \"We also need to consider the the cyclic order of dynamic programming. In the state transition equation, we are moving from a shorter string to a longer string.\"},\n{\"Clue of Step 5\": \"The final answer is the maximum length of the valid sub-strings.\"}\n]\n```\nYou can refer to the following example and generate step-by-step clues for the given problem.\n\n\n-----Clues-----\nClue of Step 1: We can simulate the caterpillar's movement on an hourly basis, keeping track of its position at each hour starting from 2 pm, and check when it reaches or exceeds the height of the apple.\n\nClue of Step 2: We need to calculate the net gain in height of the caterpillar during the day and the night. The caterpillar moves up 'a' cm per hour for 12 hours during the day and slips down 'b' cm per hour for 12 hours at night.\n", "```python\ndef caterpillar_reaches_apple(h1, h2, a, b):\n    # Calculate the height the caterpillar needs to climb\n    required_height = h2 - h1\n    \n    # Calculate the effective climb per day (day climb - night slip)\n    effective_climb_per_day = (a * 12) - (b * 12)\n\n    # If the effective climb per day is zero or negative\n    if effective_climb_per_day <= 0:\n        # Check if it can reach the apple within the first half day\n        if h1 + (a * 8) >= h2:\n            return 0\n        else:\n            return -1\n\n    # Calculate how many days are required to reach the apple height\n    # Start at 2 pm on day 0 and check if the caterpillar can reach before night\n    height_after_first_day = h1 + (a * 8)\n    if height_after_first_day >= h2:\n        return 0\n\n    # Calculate remaining height after the first day's climb\n    remaining_height = h2 - height_after_first_day\n\n    # Now calculate the number of full days required\n    # We need to find out how many full days are needed to climb this remaining height\n    days_needed = (remaining_height + effective_climb_per_day - 1) // effective_climb_per_day  # Ceiling division\n    \n    return days_needed\n\n\n# Input reading\nh1, h2 = map(int, input().split())\na, b = map(int, input().split())\n\n# Calculate and print the result\nprint(caterpillar_reaches_apple(h1, h2, a, b))\n```"]}