{"StepDPO": [["\nYou will be given a problem desciption.\n\nPlease analyze the problem and generate step-by-step clues of how to solve the problem with executable python code.\n\nThe problem:\n\n\nQUESTION:\nFor a given positive integer n denote its k-rounding as the minimum positive integer x, such that x ends with k or more zeros in base 10 and is divisible by n.\n\nFor example, 4-rounding of 375 is 375\u00b780 = 30000. 30000 is the minimum integer such that it ends with 4 or more zeros and is divisible by 375.\n\nWrite a program that will perform the k-rounding of n.\n\n\n-----Input-----\n\nThe only line contains two integers n and k (1 \u2264 n \u2264 10^9, 0 \u2264 k \u2264 8).\n\n\n-----Output-----\n\nPrint the k-rounding of n.\n\n\n-----Examples-----\nInput\n375 4\n\nOutput\n30000\n\nInput\n10000 1\n\nOutput\n10000\n\nInput\n38101 0\n\nOutput\n38101\n\nInput\n123456789 8\n\nOutput\n12345678900000000\nUse Standard Input format\nANSWER:\n\n\nAn example of step-by-step clues for finding the longest palindrome substring is displayed below:\n\n```json\n[\n{\"Clue of Step 1\": \"For a substring, if it is a palindrome and the length is greater than 2, it is still a palindrome after the first and last letters are removed. According to this idea, we can use dynamic programming to solve this problem.\"},\n{\"Clue of Step 2\": \"Then we should consider the state transition function. We use P(i,j) to indicate whether the string composed of the i-th to j-th letters of the string s (denoted as as s[i:j]) is a palindrome string. s[i:j] is a palindrome only if s[i+1:j\u22121] is a palindrome and the i and j letters of s are the same.\"},\n{\"Clue of Step 3\": \"We also need to consider the boundary conditions in dynamic programming. For a substring of length 1, it is obviously a palindrome string; For a substring of length 2, it is a palindrome as long as its two letters are the same.\"},\n{\"Clue of Step 4\": \"We also need to consider the the cyclic order of dynamic programming. In the state transition equation, we are moving from a shorter string to a longer string.\"},\n{\"Clue of Step 5\": \"The final answer is the maximum length of the valid sub-strings.\"}\n]\n```\nYou can refer to the following example and generate step-by-step clues for the given problem.\n\n\n-----Clues-----\nClue of Step 1: The problem requires finding a number that ends with at least k zeros and is divisible by n. We can start by determining the smallest number that ends with exactly k zeros, which is 10^k. From there, we can scale this number to ensure it's divisible by n.\n", "Clue of Step 2: We should multiply n by the smallest integer m such that n * m is greater than or equal to 10^k, ensuring it also ends with at least k zeros.\n", "Clue of Step 2: We need to find the smallest multiple of n that ends with at least k zeros. To achieve this, we can start with the number 10^k and keep multiplying it by 10 until the result is divisible by n.\n"], ["\nYou will be given a problem desciption.\n\nPlease analyze the problem and generate step-by-step clues of how to solve the problem with executable python code.\n\nThe problem:\n\n\nQUESTION:\nFor a given positive integer n denote its k-rounding as the minimum positive integer x, such that x ends with k or more zeros in base 10 and is divisible by n.\n\nFor example, 4-rounding of 375 is 375\u00b780 = 30000. 30000 is the minimum integer such that it ends with 4 or more zeros and is divisible by 375.\n\nWrite a program that will perform the k-rounding of n.\n\n\n-----Input-----\n\nThe only line contains two integers n and k (1 \u2264 n \u2264 10^9, 0 \u2264 k \u2264 8).\n\n\n-----Output-----\n\nPrint the k-rounding of n.\n\n\n-----Examples-----\nInput\n375 4\n\nOutput\n30000\n\nInput\n10000 1\n\nOutput\n10000\n\nInput\n38101 0\n\nOutput\n38101\n\nInput\n123456789 8\n\nOutput\n12345678900000000\nUse Standard Input format\nANSWER:\n\n\nAn example of step-by-step clues for finding the longest palindrome substring is displayed below:\n\n```json\n[\n{\"Clue of Step 1\": \"For a substring, if it is a palindrome and the length is greater than 2, it is still a palindrome after the first and last letters are removed. According to this idea, we can use dynamic programming to solve this problem.\"},\n{\"Clue of Step 2\": \"Then we should consider the state transition function. We use P(i,j) to indicate whether the string composed of the i-th to j-th letters of the string s (denoted as as s[i:j]) is a palindrome string. s[i:j] is a palindrome only if s[i+1:j\u22121] is a palindrome and the i and j letters of s are the same.\"},\n{\"Clue of Step 3\": \"We also need to consider the boundary conditions in dynamic programming. For a substring of length 1, it is obviously a palindrome string; For a substring of length 2, it is a palindrome as long as its two letters are the same.\"},\n{\"Clue of Step 4\": \"We also need to consider the the cyclic order of dynamic programming. In the state transition equation, we are moving from a shorter string to a longer string.\"},\n{\"Clue of Step 5\": \"The final answer is the maximum length of the valid sub-strings.\"}\n]\n```\nYou can refer to the following example and generate step-by-step clues for the given problem.\n\n\n-----Clues-----\nClue of Step 1: The problem requires finding a number that ends with at least k zeros and is divisible by n. We can start by determining the smallest number that ends with exactly k zeros, which is 10^k. From there, we can scale this number to ensure it's divisible by n.\n", "Clue of Step 2: We should multiply n by the smallest integer m such that n * m is greater than or equal to 10^k, ensuring it also ends with at least k zeros.\n", "Clue of Step 2: Once we have ensured that the number ends with at least k zeros, we need to adjust this number to be the smallest multiple of n. This can be done by finding the ceiling multiple of n that is greater than or equal to 10^k using the modulus operation.\n"], ["\nYou will be given a problem desciption.\n\nPlease analyze the problem and generate step-by-step clues of how to solve the problem with executable python code.\n\nThe problem:\n\n\nQUESTION:\nFor a given positive integer n denote its k-rounding as the minimum positive integer x, such that x ends with k or more zeros in base 10 and is divisible by n.\n\nFor example, 4-rounding of 375 is 375\u00b780 = 30000. 30000 is the minimum integer such that it ends with 4 or more zeros and is divisible by 375.\n\nWrite a program that will perform the k-rounding of n.\n\n\n-----Input-----\n\nThe only line contains two integers n and k (1 \u2264 n \u2264 10^9, 0 \u2264 k \u2264 8).\n\n\n-----Output-----\n\nPrint the k-rounding of n.\n\n\n-----Examples-----\nInput\n375 4\n\nOutput\n30000\n\nInput\n10000 1\n\nOutput\n10000\n\nInput\n38101 0\n\nOutput\n38101\n\nInput\n123456789 8\n\nOutput\n12345678900000000\nUse Standard Input format\nANSWER:\n\n\nAn example of step-by-step clues for finding the longest palindrome substring is displayed below:\n\n```json\n[\n{\"Clue of Step 1\": \"For a substring, if it is a palindrome and the length is greater than 2, it is still a palindrome after the first and last letters are removed. According to this idea, we can use dynamic programming to solve this problem.\"},\n{\"Clue of Step 2\": \"Then we should consider the state transition function. We use P(i,j) to indicate whether the string composed of the i-th to j-th letters of the string s (denoted as as s[i:j]) is a palindrome string. s[i:j] is a palindrome only if s[i+1:j\u22121] is a palindrome and the i and j letters of s are the same.\"},\n{\"Clue of Step 3\": \"We also need to consider the boundary conditions in dynamic programming. For a substring of length 1, it is obviously a palindrome string; For a substring of length 2, it is a palindrome as long as its two letters are the same.\"},\n{\"Clue of Step 4\": \"We also need to consider the the cyclic order of dynamic programming. In the state transition equation, we are moving from a shorter string to a longer string.\"},\n{\"Clue of Step 5\": \"The final answer is the maximum length of the valid sub-strings.\"}\n]\n```\nYou can refer to the following example and generate step-by-step clues for the given problem.\n\n\n-----Clues-----\nClue of Step 1: The problem requires finding a number that ends with at least k zeros and is divisible by n. We can start by determining the smallest number that ends with exactly k zeros, which is 10^k. From there, we can scale this number to ensure it's divisible by n.\n", "Clue of Step 2: To find the correct multiplier m, we can start from 1 and increment m until we find that n * m ends with at least k zeros, specifically checking divisibility by 10^k.\n", "Clue of Step 2: We need to find the smallest multiple of n that ends with at least k zeros. To achieve this, we can start with the number 10^k and keep multiplying it by 10 until the result is divisible by n.\n"], ["\nYou will be given a problem desciption.\n\nPlease analyze the problem and generate step-by-step clues of how to solve the problem with executable python code.\n\nThe problem:\n\n\nQUESTION:\nFor a given positive integer n denote its k-rounding as the minimum positive integer x, such that x ends with k or more zeros in base 10 and is divisible by n.\n\nFor example, 4-rounding of 375 is 375\u00b780 = 30000. 30000 is the minimum integer such that it ends with 4 or more zeros and is divisible by 375.\n\nWrite a program that will perform the k-rounding of n.\n\n\n-----Input-----\n\nThe only line contains two integers n and k (1 \u2264 n \u2264 10^9, 0 \u2264 k \u2264 8).\n\n\n-----Output-----\n\nPrint the k-rounding of n.\n\n\n-----Examples-----\nInput\n375 4\n\nOutput\n30000\n\nInput\n10000 1\n\nOutput\n10000\n\nInput\n38101 0\n\nOutput\n38101\n\nInput\n123456789 8\n\nOutput\n12345678900000000\nUse Standard Input format\nANSWER:\n\n\nAn example of step-by-step clues for finding the longest palindrome substring is displayed below:\n\n```json\n[\n{\"Clue of Step 1\": \"For a substring, if it is a palindrome and the length is greater than 2, it is still a palindrome after the first and last letters are removed. According to this idea, we can use dynamic programming to solve this problem.\"},\n{\"Clue of Step 2\": \"Then we should consider the state transition function. We use P(i,j) to indicate whether the string composed of the i-th to j-th letters of the string s (denoted as as s[i:j]) is a palindrome string. s[i:j] is a palindrome only if s[i+1:j\u22121] is a palindrome and the i and j letters of s are the same.\"},\n{\"Clue of Step 3\": \"We also need to consider the boundary conditions in dynamic programming. For a substring of length 1, it is obviously a palindrome string; For a substring of length 2, it is a palindrome as long as its two letters are the same.\"},\n{\"Clue of Step 4\": \"We also need to consider the the cyclic order of dynamic programming. In the state transition equation, we are moving from a shorter string to a longer string.\"},\n{\"Clue of Step 5\": \"The final answer is the maximum length of the valid sub-strings.\"}\n]\n```\nYou can refer to the following example and generate step-by-step clues for the given problem.\n\n\n-----Clues-----\nClue of Step 1: The problem requires finding a number that ends with at least k zeros and is divisible by n. We can start by determining the smallest number that ends with exactly k zeros, which is 10^k. From there, we can scale this number to ensure it's divisible by n.\n", "Clue of Step 2: To find the correct multiplier m, we can start from 1 and increment m until we find that n * m ends with at least k zeros, specifically checking divisibility by 10^k.\n", "Clue of Step 2: Once we have ensured that the number ends with at least k zeros, we need to adjust this number to be the smallest multiple of n. This can be done by finding the ceiling multiple of n that is greater than or equal to 10^k using the modulus operation.\n"], ["\nYou will be given a problem desciption.\n\nPlease analyze the problem and generate step-by-step clues of how to solve the problem with executable python code.\n\nThe problem:\n\n\nQUESTION:\nFor a given positive integer n denote its k-rounding as the minimum positive integer x, such that x ends with k or more zeros in base 10 and is divisible by n.\n\nFor example, 4-rounding of 375 is 375\u00b780 = 30000. 30000 is the minimum integer such that it ends with 4 or more zeros and is divisible by 375.\n\nWrite a program that will perform the k-rounding of n.\n\n\n-----Input-----\n\nThe only line contains two integers n and k (1 \u2264 n \u2264 10^9, 0 \u2264 k \u2264 8).\n\n\n-----Output-----\n\nPrint the k-rounding of n.\n\n\n-----Examples-----\nInput\n375 4\n\nOutput\n30000\n\nInput\n10000 1\n\nOutput\n10000\n\nInput\n38101 0\n\nOutput\n38101\n\nInput\n123456789 8\n\nOutput\n12345678900000000\nUse Standard Input format\nANSWER:\n\n\nAn example of step-by-step clues for finding the longest palindrome substring is displayed below:\n\n```json\n[\n{\"Clue of Step 1\": \"For a substring, if it is a palindrome and the length is greater than 2, it is still a palindrome after the first and last letters are removed. According to this idea, we can use dynamic programming to solve this problem.\"},\n{\"Clue of Step 2\": \"Then we should consider the state transition function. We use P(i,j) to indicate whether the string composed of the i-th to j-th letters of the string s (denoted as as s[i:j]) is a palindrome string. s[i:j] is a palindrome only if s[i+1:j\u22121] is a palindrome and the i and j letters of s are the same.\"},\n{\"Clue of Step 3\": \"We also need to consider the boundary conditions in dynamic programming. For a substring of length 1, it is obviously a palindrome string; For a substring of length 2, it is a palindrome as long as its two letters are the same.\"},\n{\"Clue of Step 4\": \"We also need to consider the the cyclic order of dynamic programming. In the state transition equation, we are moving from a shorter string to a longer string.\"},\n{\"Clue of Step 5\": \"The final answer is the maximum length of the valid sub-strings.\"}\n]\n```\nYou can refer to the following example and generate step-by-step clues for the given problem.\n\n\n-----Clues-----\nClue of Step 1: The problem requires finding a number that ends with at least k zeros and is divisible by n. We can start by determining the smallest number that ends with exactly k zeros, which is 10^k. From there, we can scale this number to ensure it's divisible by n.\n", "Clue of Step 2: A more efficient way could be to leverage the properties of divisibility and use modulo operations to determine m directly rather than iterating through each possibility.\n", "Clue of Step 2: We need to find the smallest multiple of n that ends with at least k zeros. To achieve this, we can start with the number 10^k and keep multiplying it by 10 until the result is divisible by n.\n"], ["\nYou will be given a problem desciption.\n\nPlease analyze the problem and generate step-by-step clues of how to solve the problem with executable python code.\n\nThe problem:\n\n\nQUESTION:\nFor a given positive integer n denote its k-rounding as the minimum positive integer x, such that x ends with k or more zeros in base 10 and is divisible by n.\n\nFor example, 4-rounding of 375 is 375\u00b780 = 30000. 30000 is the minimum integer such that it ends with 4 or more zeros and is divisible by 375.\n\nWrite a program that will perform the k-rounding of n.\n\n\n-----Input-----\n\nThe only line contains two integers n and k (1 \u2264 n \u2264 10^9, 0 \u2264 k \u2264 8).\n\n\n-----Output-----\n\nPrint the k-rounding of n.\n\n\n-----Examples-----\nInput\n375 4\n\nOutput\n30000\n\nInput\n10000 1\n\nOutput\n10000\n\nInput\n38101 0\n\nOutput\n38101\n\nInput\n123456789 8\n\nOutput\n12345678900000000\nUse Standard Input format\nANSWER:\n\n\nAn example of step-by-step clues for finding the longest palindrome substring is displayed below:\n\n```json\n[\n{\"Clue of Step 1\": \"For a substring, if it is a palindrome and the length is greater than 2, it is still a palindrome after the first and last letters are removed. According to this idea, we can use dynamic programming to solve this problem.\"},\n{\"Clue of Step 2\": \"Then we should consider the state transition function. We use P(i,j) to indicate whether the string composed of the i-th to j-th letters of the string s (denoted as as s[i:j]) is a palindrome string. s[i:j] is a palindrome only if s[i+1:j\u22121] is a palindrome and the i and j letters of s are the same.\"},\n{\"Clue of Step 3\": \"We also need to consider the boundary conditions in dynamic programming. For a substring of length 1, it is obviously a palindrome string; For a substring of length 2, it is a palindrome as long as its two letters are the same.\"},\n{\"Clue of Step 4\": \"We also need to consider the the cyclic order of dynamic programming. In the state transition equation, we are moving from a shorter string to a longer string.\"},\n{\"Clue of Step 5\": \"The final answer is the maximum length of the valid sub-strings.\"}\n]\n```\nYou can refer to the following example and generate step-by-step clues for the given problem.\n\n\n-----Clues-----\nClue of Step 1: The problem requires finding a number that ends with at least k zeros and is divisible by n. We can start by determining the smallest number that ends with exactly k zeros, which is 10^k. From there, we can scale this number to ensure it's divisible by n.\n", "Clue of Step 2: A more efficient way could be to leverage the properties of divisibility and use modulo operations to determine m directly rather than iterating through each possibility.\n", "Clue of Step 2: Once we have ensured that the number ends with at least k zeros, we need to adjust this number to be the smallest multiple of n. This can be done by finding the ceiling multiple of n that is greater than or equal to 10^k using the modulus operation.\n"], ["\nYou will be given a problem desciption.\n\nPlease analyze the problem and generate step-by-step clues of how to solve the problem with executable python code.\n\nThe problem:\n\n\nQUESTION:\nFor a given positive integer n denote its k-rounding as the minimum positive integer x, such that x ends with k or more zeros in base 10 and is divisible by n.\n\nFor example, 4-rounding of 375 is 375\u00b780 = 30000. 30000 is the minimum integer such that it ends with 4 or more zeros and is divisible by 375.\n\nWrite a program that will perform the k-rounding of n.\n\n\n-----Input-----\n\nThe only line contains two integers n and k (1 \u2264 n \u2264 10^9, 0 \u2264 k \u2264 8).\n\n\n-----Output-----\n\nPrint the k-rounding of n.\n\n\n-----Examples-----\nInput\n375 4\n\nOutput\n30000\n\nInput\n10000 1\n\nOutput\n10000\n\nInput\n38101 0\n\nOutput\n38101\n\nInput\n123456789 8\n\nOutput\n12345678900000000\nUse Standard Input format\nANSWER:\n\n\nAn example of step-by-step clues for finding the longest palindrome substring is displayed below:\n\n```json\n[\n{\"Clue of Step 1\": \"For a substring, if it is a palindrome and the length is greater than 2, it is still a palindrome after the first and last letters are removed. According to this idea, we can use dynamic programming to solve this problem.\"},\n{\"Clue of Step 2\": \"Then we should consider the state transition function. We use P(i,j) to indicate whether the string composed of the i-th to j-th letters of the string s (denoted as as s[i:j]) is a palindrome string. s[i:j] is a palindrome only if s[i+1:j\u22121] is a palindrome and the i and j letters of s are the same.\"},\n{\"Clue of Step 3\": \"We also need to consider the boundary conditions in dynamic programming. For a substring of length 1, it is obviously a palindrome string; For a substring of length 2, it is a palindrome as long as its two letters are the same.\"},\n{\"Clue of Step 4\": \"We also need to consider the the cyclic order of dynamic programming. In the state transition equation, we are moving from a shorter string to a longer string.\"},\n{\"Clue of Step 5\": \"The final answer is the maximum length of the valid sub-strings.\"}\n]\n```\nYou can refer to the following example and generate step-by-step clues for the given problem.\n\n\n-----Clues-----\nClue of Step 1: The problem requires finding a number that ends with at least k zeros and is divisible by n. We can start by determining the smallest number that ends with exactly k zeros, which is 10^k. From there, we can scale this number to ensure it's divisible by n.\n", "Clue of Step 2: Since 10^k is the smallest number with k zeros, we can check its divisibility by n. If 10^k is not divisible by n, we increment by multiplying it by 10 (effectively adding another zero) until the condition is satisfied.\n", "Clue of Step 2: We need to find the smallest multiple of n that ends with at least k zeros. To achieve this, we can start with the number 10^k and keep multiplying it by 10 until the result is divisible by n.\n"], ["\nYou will be given a problem desciption.\n\nPlease analyze the problem and generate step-by-step clues of how to solve the problem with executable python code.\n\nThe problem:\n\n\nQUESTION:\nFor a given positive integer n denote its k-rounding as the minimum positive integer x, such that x ends with k or more zeros in base 10 and is divisible by n.\n\nFor example, 4-rounding of 375 is 375\u00b780 = 30000. 30000 is the minimum integer such that it ends with 4 or more zeros and is divisible by 375.\n\nWrite a program that will perform the k-rounding of n.\n\n\n-----Input-----\n\nThe only line contains two integers n and k (1 \u2264 n \u2264 10^9, 0 \u2264 k \u2264 8).\n\n\n-----Output-----\n\nPrint the k-rounding of n.\n\n\n-----Examples-----\nInput\n375 4\n\nOutput\n30000\n\nInput\n10000 1\n\nOutput\n10000\n\nInput\n38101 0\n\nOutput\n38101\n\nInput\n123456789 8\n\nOutput\n12345678900000000\nUse Standard Input format\nANSWER:\n\n\nAn example of step-by-step clues for finding the longest palindrome substring is displayed below:\n\n```json\n[\n{\"Clue of Step 1\": \"For a substring, if it is a palindrome and the length is greater than 2, it is still a palindrome after the first and last letters are removed. According to this idea, we can use dynamic programming to solve this problem.\"},\n{\"Clue of Step 2\": \"Then we should consider the state transition function. We use P(i,j) to indicate whether the string composed of the i-th to j-th letters of the string s (denoted as as s[i:j]) is a palindrome string. s[i:j] is a palindrome only if s[i+1:j\u22121] is a palindrome and the i and j letters of s are the same.\"},\n{\"Clue of Step 3\": \"We also need to consider the boundary conditions in dynamic programming. For a substring of length 1, it is obviously a palindrome string; For a substring of length 2, it is a palindrome as long as its two letters are the same.\"},\n{\"Clue of Step 4\": \"We also need to consider the the cyclic order of dynamic programming. In the state transition equation, we are moving from a shorter string to a longer string.\"},\n{\"Clue of Step 5\": \"The final answer is the maximum length of the valid sub-strings.\"}\n]\n```\nYou can refer to the following example and generate step-by-step clues for the given problem.\n\n\n-----Clues-----\nClue of Step 1: The problem requires finding a number that ends with at least k zeros and is divisible by n. We can start by determining the smallest number that ends with exactly k zeros, which is 10^k. From there, we can scale this number to ensure it's divisible by n.\n", "Clue of Step 2: Since 10^k is the smallest number with k zeros, we can check its divisibility by n. If 10^k is not divisible by n, we increment by multiplying it by 10 (effectively adding another zero) until the condition is satisfied.\n", "Clue of Step 2: Once we have ensured that the number ends with at least k zeros, we need to adjust this number to be the smallest multiple of n. This can be done by finding the ceiling multiple of n that is greater than or equal to 10^k using the modulus operation.\n"], ["\nYou will be given a problem desciption.\n\nPlease analyze the problem and generate step-by-step clues of how to solve the problem with executable python code.\n\nThe problem:\n\n\nQUESTION:\nFor a given positive integer n denote its k-rounding as the minimum positive integer x, such that x ends with k or more zeros in base 10 and is divisible by n.\n\nFor example, 4-rounding of 375 is 375\u00b780 = 30000. 30000 is the minimum integer such that it ends with 4 or more zeros and is divisible by 375.\n\nWrite a program that will perform the k-rounding of n.\n\n\n-----Input-----\n\nThe only line contains two integers n and k (1 \u2264 n \u2264 10^9, 0 \u2264 k \u2264 8).\n\n\n-----Output-----\n\nPrint the k-rounding of n.\n\n\n-----Examples-----\nInput\n375 4\n\nOutput\n30000\n\nInput\n10000 1\n\nOutput\n10000\n\nInput\n38101 0\n\nOutput\n38101\n\nInput\n123456789 8\n\nOutput\n12345678900000000\nUse Standard Input format\nANSWER:\n\n\nAn example of step-by-step clues for finding the longest palindrome substring is displayed below:\n\n```json\n[\n{\"Clue of Step 1\": \"For a substring, if it is a palindrome and the length is greater than 2, it is still a palindrome after the first and last letters are removed. According to this idea, we can use dynamic programming to solve this problem.\"},\n{\"Clue of Step 2\": \"Then we should consider the state transition function. We use P(i,j) to indicate whether the string composed of the i-th to j-th letters of the string s (denoted as as s[i:j]) is a palindrome string. s[i:j] is a palindrome only if s[i+1:j\u22121] is a palindrome and the i and j letters of s are the same.\"},\n{\"Clue of Step 3\": \"We also need to consider the boundary conditions in dynamic programming. For a substring of length 1, it is obviously a palindrome string; For a substring of length 2, it is a palindrome as long as its two letters are the same.\"},\n{\"Clue of Step 4\": \"We also need to consider the the cyclic order of dynamic programming. In the state transition equation, we are moving from a shorter string to a longer string.\"},\n{\"Clue of Step 5\": \"The final answer is the maximum length of the valid sub-strings.\"}\n]\n```\nYou can refer to the following example and generate step-by-step clues for the given problem.\n\n\n-----Clues-----\nClue of Step 1: To find the k-rounding of n, start by computing 10^k. Then, determine the smallest multiple of n that is greater than or equal to 10^k by using the formula: ceil(10^k / n) * n. This will give the required k-rounding.\n", "Clue of Step 2: After calculating 10^k, find the smallest integer m such that m * n >= 10^k. This will involve computing m as the ceiling of (10^k / n).\n", "Clue of Step 2: We can use mathematical division to get m = (10^k + n - 1) // n. This trick helps in finding the ceiling of the division without using floating-point operations.\n"], ["\nYou will be given a problem desciption.\n\nPlease analyze the problem and generate step-by-step clues of how to solve the problem with executable python code.\n\nThe problem:\n\n\nQUESTION:\nFor a given positive integer n denote its k-rounding as the minimum positive integer x, such that x ends with k or more zeros in base 10 and is divisible by n.\n\nFor example, 4-rounding of 375 is 375\u00b780 = 30000. 30000 is the minimum integer such that it ends with 4 or more zeros and is divisible by 375.\n\nWrite a program that will perform the k-rounding of n.\n\n\n-----Input-----\n\nThe only line contains two integers n and k (1 \u2264 n \u2264 10^9, 0 \u2264 k \u2264 8).\n\n\n-----Output-----\n\nPrint the k-rounding of n.\n\n\n-----Examples-----\nInput\n375 4\n\nOutput\n30000\n\nInput\n10000 1\n\nOutput\n10000\n\nInput\n38101 0\n\nOutput\n38101\n\nInput\n123456789 8\n\nOutput\n12345678900000000\nUse Standard Input format\nANSWER:\n\n\nAn example of step-by-step clues for finding the longest palindrome substring is displayed below:\n\n```json\n[\n{\"Clue of Step 1\": \"For a substring, if it is a palindrome and the length is greater than 2, it is still a palindrome after the first and last letters are removed. According to this idea, we can use dynamic programming to solve this problem.\"},\n{\"Clue of Step 2\": \"Then we should consider the state transition function. We use P(i,j) to indicate whether the string composed of the i-th to j-th letters of the string s (denoted as as s[i:j]) is a palindrome string. s[i:j] is a palindrome only if s[i+1:j\u22121] is a palindrome and the i and j letters of s are the same.\"},\n{\"Clue of Step 3\": \"We also need to consider the boundary conditions in dynamic programming. For a substring of length 1, it is obviously a palindrome string; For a substring of length 2, it is a palindrome as long as its two letters are the same.\"},\n{\"Clue of Step 4\": \"We also need to consider the the cyclic order of dynamic programming. In the state transition equation, we are moving from a shorter string to a longer string.\"},\n{\"Clue of Step 5\": \"The final answer is the maximum length of the valid sub-strings.\"}\n]\n```\nYou can refer to the following example and generate step-by-step clues for the given problem.\n\n\n-----Clues-----\nClue of Step 1: To find the k-rounding of n, start by computing 10^k. Then, determine the smallest multiple of n that is greater than or equal to 10^k by using the formula: ceil(10^k / n) * n. This will give the required k-rounding.\n", "Clue of Step 2: After calculating 10^k, find the smallest integer m such that m * n >= 10^k. This will involve computing m as the ceiling of (10^k / n).\n", "Clue of Step 2: To ensure that the result ends with at least k zeros, we need to check if the smallest multiple of n (which is ceil(10^k / n) * n) indeed ends with k or more zeros. This can be verified by checking if this multiple is divisible by 10^k.\n"], ["\nYou will be given a problem desciption.\n\nPlease analyze the problem and generate step-by-step clues of how to solve the problem with executable python code.\n\nThe problem:\n\n\nQUESTION:\nFor a given positive integer n denote its k-rounding as the minimum positive integer x, such that x ends with k or more zeros in base 10 and is divisible by n.\n\nFor example, 4-rounding of 375 is 375\u00b780 = 30000. 30000 is the minimum integer such that it ends with 4 or more zeros and is divisible by 375.\n\nWrite a program that will perform the k-rounding of n.\n\n\n-----Input-----\n\nThe only line contains two integers n and k (1 \u2264 n \u2264 10^9, 0 \u2264 k \u2264 8).\n\n\n-----Output-----\n\nPrint the k-rounding of n.\n\n\n-----Examples-----\nInput\n375 4\n\nOutput\n30000\n\nInput\n10000 1\n\nOutput\n10000\n\nInput\n38101 0\n\nOutput\n38101\n\nInput\n123456789 8\n\nOutput\n12345678900000000\nUse Standard Input format\nANSWER:\n\n\nAn example of step-by-step clues for finding the longest palindrome substring is displayed below:\n\n```json\n[\n{\"Clue of Step 1\": \"For a substring, if it is a palindrome and the length is greater than 2, it is still a palindrome after the first and last letters are removed. According to this idea, we can use dynamic programming to solve this problem.\"},\n{\"Clue of Step 2\": \"Then we should consider the state transition function. We use P(i,j) to indicate whether the string composed of the i-th to j-th letters of the string s (denoted as as s[i:j]) is a palindrome string. s[i:j] is a palindrome only if s[i+1:j\u22121] is a palindrome and the i and j letters of s are the same.\"},\n{\"Clue of Step 3\": \"We also need to consider the boundary conditions in dynamic programming. For a substring of length 1, it is obviously a palindrome string; For a substring of length 2, it is a palindrome as long as its two letters are the same.\"},\n{\"Clue of Step 4\": \"We also need to consider the the cyclic order of dynamic programming. In the state transition equation, we are moving from a shorter string to a longer string.\"},\n{\"Clue of Step 5\": \"The final answer is the maximum length of the valid sub-strings.\"}\n]\n```\nYou can refer to the following example and generate step-by-step clues for the given problem.\n\n\n-----Clues-----\nClue of Step 1: To find the k-rounding of n, start by computing 10^k. Then, determine the smallest multiple of n that is greater than or equal to 10^k by using the formula: ceil(10^k / n) * n. This will give the required k-rounding.\n", "Clue of Step 2: Finally, multiply the resultant m by n to get the k-rounding output: x = m * n, which should provide the smallest integer divisible by n and ending with k zeros.\n", "Clue of Step 2: We can use mathematical division to get m = (10^k + n - 1) // n. This trick helps in finding the ceiling of the division without using floating-point operations.\n"], ["\nYou will be given a problem desciption.\n\nPlease analyze the problem and generate step-by-step clues of how to solve the problem with executable python code.\n\nThe problem:\n\n\nQUESTION:\nFor a given positive integer n denote its k-rounding as the minimum positive integer x, such that x ends with k or more zeros in base 10 and is divisible by n.\n\nFor example, 4-rounding of 375 is 375\u00b780 = 30000. 30000 is the minimum integer such that it ends with 4 or more zeros and is divisible by 375.\n\nWrite a program that will perform the k-rounding of n.\n\n\n-----Input-----\n\nThe only line contains two integers n and k (1 \u2264 n \u2264 10^9, 0 \u2264 k \u2264 8).\n\n\n-----Output-----\n\nPrint the k-rounding of n.\n\n\n-----Examples-----\nInput\n375 4\n\nOutput\n30000\n\nInput\n10000 1\n\nOutput\n10000\n\nInput\n38101 0\n\nOutput\n38101\n\nInput\n123456789 8\n\nOutput\n12345678900000000\nUse Standard Input format\nANSWER:\n\n\nAn example of step-by-step clues for finding the longest palindrome substring is displayed below:\n\n```json\n[\n{\"Clue of Step 1\": \"For a substring, if it is a palindrome and the length is greater than 2, it is still a palindrome after the first and last letters are removed. According to this idea, we can use dynamic programming to solve this problem.\"},\n{\"Clue of Step 2\": \"Then we should consider the state transition function. We use P(i,j) to indicate whether the string composed of the i-th to j-th letters of the string s (denoted as as s[i:j]) is a palindrome string. s[i:j] is a palindrome only if s[i+1:j\u22121] is a palindrome and the i and j letters of s are the same.\"},\n{\"Clue of Step 3\": \"We also need to consider the boundary conditions in dynamic programming. For a substring of length 1, it is obviously a palindrome string; For a substring of length 2, it is a palindrome as long as its two letters are the same.\"},\n{\"Clue of Step 4\": \"We also need to consider the the cyclic order of dynamic programming. In the state transition equation, we are moving from a shorter string to a longer string.\"},\n{\"Clue of Step 5\": \"The final answer is the maximum length of the valid sub-strings.\"}\n]\n```\nYou can refer to the following example and generate step-by-step clues for the given problem.\n\n\n-----Clues-----\nClue of Step 1: To find the k-rounding of n, start by computing 10^k. Then, determine the smallest multiple of n that is greater than or equal to 10^k by using the formula: ceil(10^k / n) * n. This will give the required k-rounding.\n", "Clue of Step 2: Finally, multiply the resultant m by n to get the k-rounding output: x = m * n, which should provide the smallest integer divisible by n and ending with k zeros.\n", "Clue of Step 2: To ensure that the result ends with at least k zeros, we need to check if the smallest multiple of n (which is ceil(10^k / n) * n) indeed ends with k or more zeros. This can be verified by checking if this multiple is divisible by 10^k.\n"], ["\nYou will be given a problem desciption.\n\nPlease analyze the problem and generate step-by-step clues of how to solve the problem with executable python code.\n\nThe problem:\n\n\nQUESTION:\nFor a given positive integer n denote its k-rounding as the minimum positive integer x, such that x ends with k or more zeros in base 10 and is divisible by n.\n\nFor example, 4-rounding of 375 is 375\u00b780 = 30000. 30000 is the minimum integer such that it ends with 4 or more zeros and is divisible by 375.\n\nWrite a program that will perform the k-rounding of n.\n\n\n-----Input-----\n\nThe only line contains two integers n and k (1 \u2264 n \u2264 10^9, 0 \u2264 k \u2264 8).\n\n\n-----Output-----\n\nPrint the k-rounding of n.\n\n\n-----Examples-----\nInput\n375 4\n\nOutput\n30000\n\nInput\n10000 1\n\nOutput\n10000\n\nInput\n38101 0\n\nOutput\n38101\n\nInput\n123456789 8\n\nOutput\n12345678900000000\nUse Standard Input format\nANSWER:\n\n\nAn example of step-by-step clues for finding the longest palindrome substring is displayed below:\n\n```json\n[\n{\"Clue of Step 1\": \"For a substring, if it is a palindrome and the length is greater than 2, it is still a palindrome after the first and last letters are removed. According to this idea, we can use dynamic programming to solve this problem.\"},\n{\"Clue of Step 2\": \"Then we should consider the state transition function. We use P(i,j) to indicate whether the string composed of the i-th to j-th letters of the string s (denoted as as s[i:j]) is a palindrome string. s[i:j] is a palindrome only if s[i+1:j\u22121] is a palindrome and the i and j letters of s are the same.\"},\n{\"Clue of Step 3\": \"We also need to consider the boundary conditions in dynamic programming. For a substring of length 1, it is obviously a palindrome string; For a substring of length 2, it is a palindrome as long as its two letters are the same.\"},\n{\"Clue of Step 4\": \"We also need to consider the the cyclic order of dynamic programming. In the state transition equation, we are moving from a shorter string to a longer string.\"},\n{\"Clue of Step 5\": \"The final answer is the maximum length of the valid sub-strings.\"}\n]\n```\nYou can refer to the following example and generate step-by-step clues for the given problem.\n\n\n-----Clues-----\nClue of Step 1: To find the k-rounding of n, start by computing 10^k. Then, determine the smallest multiple of n that is greater than or equal to 10^k by using the formula: ceil(10^k / n) * n. This will give the required k-rounding.\n", "Clue of Step 2: Since n might already have some trailing zeros, it's important to first strip those zeros from n before calculating the ceil(10^k / n) * n, ensuring that the calculation focuses on adding the required zeros.\n", "Clue of Step 2: We can use mathematical division to get m = (10^k + n - 1) // n. This trick helps in finding the ceiling of the division without using floating-point operations.\n"], ["\nYou will be given a problem desciption.\n\nPlease analyze the problem and generate step-by-step clues of how to solve the problem with executable python code.\n\nThe problem:\n\n\nQUESTION:\nFor a given positive integer n denote its k-rounding as the minimum positive integer x, such that x ends with k or more zeros in base 10 and is divisible by n.\n\nFor example, 4-rounding of 375 is 375\u00b780 = 30000. 30000 is the minimum integer such that it ends with 4 or more zeros and is divisible by 375.\n\nWrite a program that will perform the k-rounding of n.\n\n\n-----Input-----\n\nThe only line contains two integers n and k (1 \u2264 n \u2264 10^9, 0 \u2264 k \u2264 8).\n\n\n-----Output-----\n\nPrint the k-rounding of n.\n\n\n-----Examples-----\nInput\n375 4\n\nOutput\n30000\n\nInput\n10000 1\n\nOutput\n10000\n\nInput\n38101 0\n\nOutput\n38101\n\nInput\n123456789 8\n\nOutput\n12345678900000000\nUse Standard Input format\nANSWER:\n\n\nAn example of step-by-step clues for finding the longest palindrome substring is displayed below:\n\n```json\n[\n{\"Clue of Step 1\": \"For a substring, if it is a palindrome and the length is greater than 2, it is still a palindrome after the first and last letters are removed. According to this idea, we can use dynamic programming to solve this problem.\"},\n{\"Clue of Step 2\": \"Then we should consider the state transition function. We use P(i,j) to indicate whether the string composed of the i-th to j-th letters of the string s (denoted as as s[i:j]) is a palindrome string. s[i:j] is a palindrome only if s[i+1:j\u22121] is a palindrome and the i and j letters of s are the same.\"},\n{\"Clue of Step 3\": \"We also need to consider the boundary conditions in dynamic programming. For a substring of length 1, it is obviously a palindrome string; For a substring of length 2, it is a palindrome as long as its two letters are the same.\"},\n{\"Clue of Step 4\": \"We also need to consider the the cyclic order of dynamic programming. In the state transition equation, we are moving from a shorter string to a longer string.\"},\n{\"Clue of Step 5\": \"The final answer is the maximum length of the valid sub-strings.\"}\n]\n```\nYou can refer to the following example and generate step-by-step clues for the given problem.\n\n\n-----Clues-----\nClue of Step 1: To find the k-rounding of n, start by computing 10^k. Then, determine the smallest multiple of n that is greater than or equal to 10^k by using the formula: ceil(10^k / n) * n. This will give the required k-rounding.\n", "Clue of Step 2: Since n might already have some trailing zeros, it's important to first strip those zeros from n before calculating the ceil(10^k / n) * n, ensuring that the calculation focuses on adding the required zeros.\n", "Clue of Step 2: To ensure that the result ends with at least k zeros, we need to check if the smallest multiple of n (which is ceil(10^k / n) * n) indeed ends with k or more zeros. This can be verified by checking if this multiple is divisible by 10^k.\n"], ["\nYou will be given a problem desciption.\n\nPlease analyze the problem and generate step-by-step clues of how to solve the problem with executable python code.\n\nThe problem:\n\n\nQUESTION:\nFor a given positive integer n denote its k-rounding as the minimum positive integer x, such that x ends with k or more zeros in base 10 and is divisible by n.\n\nFor example, 4-rounding of 375 is 375\u00b780 = 30000. 30000 is the minimum integer such that it ends with 4 or more zeros and is divisible by 375.\n\nWrite a program that will perform the k-rounding of n.\n\n\n-----Input-----\n\nThe only line contains two integers n and k (1 \u2264 n \u2264 10^9, 0 \u2264 k \u2264 8).\n\n\n-----Output-----\n\nPrint the k-rounding of n.\n\n\n-----Examples-----\nInput\n375 4\n\nOutput\n30000\n\nInput\n10000 1\n\nOutput\n10000\n\nInput\n38101 0\n\nOutput\n38101\n\nInput\n123456789 8\n\nOutput\n12345678900000000\nUse Standard Input format\nANSWER:\n\n\nAn example of step-by-step clues for finding the longest palindrome substring is displayed below:\n\n```json\n[\n{\"Clue of Step 1\": \"For a substring, if it is a palindrome and the length is greater than 2, it is still a palindrome after the first and last letters are removed. According to this idea, we can use dynamic programming to solve this problem.\"},\n{\"Clue of Step 2\": \"Then we should consider the state transition function. We use P(i,j) to indicate whether the string composed of the i-th to j-th letters of the string s (denoted as as s[i:j]) is a palindrome string. s[i:j] is a palindrome only if s[i+1:j\u22121] is a palindrome and the i and j letters of s are the same.\"},\n{\"Clue of Step 3\": \"We also need to consider the boundary conditions in dynamic programming. For a substring of length 1, it is obviously a palindrome string; For a substring of length 2, it is a palindrome as long as its two letters are the same.\"},\n{\"Clue of Step 4\": \"We also need to consider the the cyclic order of dynamic programming. In the state transition equation, we are moving from a shorter string to a longer string.\"},\n{\"Clue of Step 5\": \"The final answer is the maximum length of the valid sub-strings.\"}\n]\n```\nYou can refer to the following example and generate step-by-step clues for the given problem.\n\n\n-----Clues-----\nClue of Step 1: To find the k-rounding of n, start by computing 10^k. Then, determine the smallest multiple of n that is greater than or equal to 10^k by using the formula: ceil(10^k / n) * n. This will give the required k-rounding.\n", "Clue of Step 2: We should handle edge cases where k is 0 separately. If k is 0, the result should simply be n if it doesn't need additional zeros, otherwise follow the regular procedure to ensure no zeros are added unnecessarily.\n", "Clue of Step 2: We can use mathematical division to get m = (10^k + n - 1) // n. This trick helps in finding the ceiling of the division without using floating-point operations.\n"], ["\nYou will be given a problem desciption.\n\nPlease analyze the problem and generate step-by-step clues of how to solve the problem with executable python code.\n\nThe problem:\n\n\nQUESTION:\nFor a given positive integer n denote its k-rounding as the minimum positive integer x, such that x ends with k or more zeros in base 10 and is divisible by n.\n\nFor example, 4-rounding of 375 is 375\u00b780 = 30000. 30000 is the minimum integer such that it ends with 4 or more zeros and is divisible by 375.\n\nWrite a program that will perform the k-rounding of n.\n\n\n-----Input-----\n\nThe only line contains two integers n and k (1 \u2264 n \u2264 10^9, 0 \u2264 k \u2264 8).\n\n\n-----Output-----\n\nPrint the k-rounding of n.\n\n\n-----Examples-----\nInput\n375 4\n\nOutput\n30000\n\nInput\n10000 1\n\nOutput\n10000\n\nInput\n38101 0\n\nOutput\n38101\n\nInput\n123456789 8\n\nOutput\n12345678900000000\nUse Standard Input format\nANSWER:\n\n\nAn example of step-by-step clues for finding the longest palindrome substring is displayed below:\n\n```json\n[\n{\"Clue of Step 1\": \"For a substring, if it is a palindrome and the length is greater than 2, it is still a palindrome after the first and last letters are removed. According to this idea, we can use dynamic programming to solve this problem.\"},\n{\"Clue of Step 2\": \"Then we should consider the state transition function. We use P(i,j) to indicate whether the string composed of the i-th to j-th letters of the string s (denoted as as s[i:j]) is a palindrome string. s[i:j] is a palindrome only if s[i+1:j\u22121] is a palindrome and the i and j letters of s are the same.\"},\n{\"Clue of Step 3\": \"We also need to consider the boundary conditions in dynamic programming. For a substring of length 1, it is obviously a palindrome string; For a substring of length 2, it is a palindrome as long as its two letters are the same.\"},\n{\"Clue of Step 4\": \"We also need to consider the the cyclic order of dynamic programming. In the state transition equation, we are moving from a shorter string to a longer string.\"},\n{\"Clue of Step 5\": \"The final answer is the maximum length of the valid sub-strings.\"}\n]\n```\nYou can refer to the following example and generate step-by-step clues for the given problem.\n\n\n-----Clues-----\nClue of Step 1: To find the k-rounding of n, start by computing 10^k. Then, determine the smallest multiple of n that is greater than or equal to 10^k by using the formula: ceil(10^k / n) * n. This will give the required k-rounding.\n", "Clue of Step 2: We should handle edge cases where k is 0 separately. If k is 0, the result should simply be n if it doesn't need additional zeros, otherwise follow the regular procedure to ensure no zeros are added unnecessarily.\n", "Clue of Step 2: To ensure that the result ends with at least k zeros, we need to check if the smallest multiple of n (which is ceil(10^k / n) * n) indeed ends with k or more zeros. This can be verified by checking if this multiple is divisible by 10^k.\n"], ["\nYou will be given a problem desciption.\n\nPlease analyze the problem and generate step-by-step clues of how to solve the problem with executable python code.\n\nThe problem:\n\n\nQUESTION:\nFor a given positive integer n denote its k-rounding as the minimum positive integer x, such that x ends with k or more zeros in base 10 and is divisible by n.\n\nFor example, 4-rounding of 375 is 375\u00b780 = 30000. 30000 is the minimum integer such that it ends with 4 or more zeros and is divisible by 375.\n\nWrite a program that will perform the k-rounding of n.\n\n\n-----Input-----\n\nThe only line contains two integers n and k (1 \u2264 n \u2264 10^9, 0 \u2264 k \u2264 8).\n\n\n-----Output-----\n\nPrint the k-rounding of n.\n\n\n-----Examples-----\nInput\n375 4\n\nOutput\n30000\n\nInput\n10000 1\n\nOutput\n10000\n\nInput\n38101 0\n\nOutput\n38101\n\nInput\n123456789 8\n\nOutput\n12345678900000000\nUse Standard Input format\nANSWER:\n\n\nAn example of step-by-step clues for finding the longest palindrome substring is displayed below:\n\n```json\n[\n{\"Clue of Step 1\": \"For a substring, if it is a palindrome and the length is greater than 2, it is still a palindrome after the first and last letters are removed. According to this idea, we can use dynamic programming to solve this problem.\"},\n{\"Clue of Step 2\": \"Then we should consider the state transition function. We use P(i,j) to indicate whether the string composed of the i-th to j-th letters of the string s (denoted as as s[i:j]) is a palindrome string. s[i:j] is a palindrome only if s[i+1:j\u22121] is a palindrome and the i and j letters of s are the same.\"},\n{\"Clue of Step 3\": \"We also need to consider the boundary conditions in dynamic programming. For a substring of length 1, it is obviously a palindrome string; For a substring of length 2, it is a palindrome as long as its two letters are the same.\"},\n{\"Clue of Step 4\": \"We also need to consider the the cyclic order of dynamic programming. In the state transition equation, we are moving from a shorter string to a longer string.\"},\n{\"Clue of Step 5\": \"The final answer is the maximum length of the valid sub-strings.\"}\n]\n```\nYou can refer to the following example and generate step-by-step clues for the given problem.\n\n\n-----Clues-----\nClue of Step 1: Next, we need to find the least common multiple (LCM) of n and the factor (10^k) to ensure that the result is both divisible by n and has k or more trailing zeros.\n", "Clue of Step 2: Within the function, we will calculate the required factor as 10 raised to the power of k (i.e., factor = 10 ** k) to ensure we meet the trailing zero condition.\n", "Clue of Step 2: We should define a function that calculates the least common multiple (LCM) of two numbers using the formula LCM(a, b) = abs(a*b) // GCD(a, b).\n"], ["\nYou will be given a problem desciption.\n\nPlease analyze the problem and generate step-by-step clues of how to solve the problem with executable python code.\n\nThe problem:\n\n\nQUESTION:\nFor a given positive integer n denote its k-rounding as the minimum positive integer x, such that x ends with k or more zeros in base 10 and is divisible by n.\n\nFor example, 4-rounding of 375 is 375\u00b780 = 30000. 30000 is the minimum integer such that it ends with 4 or more zeros and is divisible by 375.\n\nWrite a program that will perform the k-rounding of n.\n\n\n-----Input-----\n\nThe only line contains two integers n and k (1 \u2264 n \u2264 10^9, 0 \u2264 k \u2264 8).\n\n\n-----Output-----\n\nPrint the k-rounding of n.\n\n\n-----Examples-----\nInput\n375 4\n\nOutput\n30000\n\nInput\n10000 1\n\nOutput\n10000\n\nInput\n38101 0\n\nOutput\n38101\n\nInput\n123456789 8\n\nOutput\n12345678900000000\nUse Standard Input format\nANSWER:\n\n\nAn example of step-by-step clues for finding the longest palindrome substring is displayed below:\n\n```json\n[\n{\"Clue of Step 1\": \"For a substring, if it is a palindrome and the length is greater than 2, it is still a palindrome after the first and last letters are removed. According to this idea, we can use dynamic programming to solve this problem.\"},\n{\"Clue of Step 2\": \"Then we should consider the state transition function. We use P(i,j) to indicate whether the string composed of the i-th to j-th letters of the string s (denoted as as s[i:j]) is a palindrome string. s[i:j] is a palindrome only if s[i+1:j\u22121] is a palindrome and the i and j letters of s are the same.\"},\n{\"Clue of Step 3\": \"We also need to consider the boundary conditions in dynamic programming. For a substring of length 1, it is obviously a palindrome string; For a substring of length 2, it is a palindrome as long as its two letters are the same.\"},\n{\"Clue of Step 4\": \"We also need to consider the the cyclic order of dynamic programming. In the state transition equation, we are moving from a shorter string to a longer string.\"},\n{\"Clue of Step 5\": \"The final answer is the maximum length of the valid sub-strings.\"}\n]\n```\nYou can refer to the following example and generate step-by-step clues for the given problem.\n\n\n-----Clues-----\nClue of Step 1: Next, we need to find the least common multiple (LCM) of n and the factor (10^k) to ensure that the result is both divisible by n and has k or more trailing zeros.\n", "Clue of Step 2: Within the function, we will calculate the required factor as 10 raised to the power of k (i.e., factor = 10 ** k) to ensure we meet the trailing zero condition.\n", "Clue of Step 2: Finally, we will use the LCM function with n and the calculated factor to find the minimum integer x that satisfies both conditions of divisibility and trailing zeros.\n"], ["\nYou will be given a problem desciption.\n\nPlease analyze the problem and generate step-by-step clues of how to solve the problem with executable python code.\n\nThe problem:\n\n\nQUESTION:\nFor a given positive integer n denote its k-rounding as the minimum positive integer x, such that x ends with k or more zeros in base 10 and is divisible by n.\n\nFor example, 4-rounding of 375 is 375\u00b780 = 30000. 30000 is the minimum integer such that it ends with 4 or more zeros and is divisible by 375.\n\nWrite a program that will perform the k-rounding of n.\n\n\n-----Input-----\n\nThe only line contains two integers n and k (1 \u2264 n \u2264 10^9, 0 \u2264 k \u2264 8).\n\n\n-----Output-----\n\nPrint the k-rounding of n.\n\n\n-----Examples-----\nInput\n375 4\n\nOutput\n30000\n\nInput\n10000 1\n\nOutput\n10000\n\nInput\n38101 0\n\nOutput\n38101\n\nInput\n123456789 8\n\nOutput\n12345678900000000\nUse Standard Input format\nANSWER:\n\n\nAn example of step-by-step clues for finding the longest palindrome substring is displayed below:\n\n```json\n[\n{\"Clue of Step 1\": \"For a substring, if it is a palindrome and the length is greater than 2, it is still a palindrome after the first and last letters are removed. According to this idea, we can use dynamic programming to solve this problem.\"},\n{\"Clue of Step 2\": \"Then we should consider the state transition function. We use P(i,j) to indicate whether the string composed of the i-th to j-th letters of the string s (denoted as as s[i:j]) is a palindrome string. s[i:j] is a palindrome only if s[i+1:j\u22121] is a palindrome and the i and j letters of s are the same.\"},\n{\"Clue of Step 3\": \"We also need to consider the boundary conditions in dynamic programming. For a substring of length 1, it is obviously a palindrome string; For a substring of length 2, it is a palindrome as long as its two letters are the same.\"},\n{\"Clue of Step 4\": \"We also need to consider the the cyclic order of dynamic programming. In the state transition equation, we are moving from a shorter string to a longer string.\"},\n{\"Clue of Step 5\": \"The final answer is the maximum length of the valid sub-strings.\"}\n]\n```\nYou can refer to the following example and generate step-by-step clues for the given problem.\n\n\n-----Clues-----\nClue of Step 1: Next, we need to find the least common multiple (LCM) of n and the factor (10^k) to ensure that the result is both divisible by n and has k or more trailing zeros.\n", "Clue of Step 2: We need to compute the LCM of n and 10^k using the formula LCM(a, b) = (a * b) // GCD(a, b), where GCD is the greatest common divisor of a and b. This ensures that the result is divisible by both n and 10^k.\n", "Clue of Step 2: We should define a function that calculates the least common multiple (LCM) of two numbers using the formula LCM(a, b) = abs(a*b) // GCD(a, b).\n"], ["\nYou will be given a problem desciption.\n\nPlease analyze the problem and generate step-by-step clues of how to solve the problem with executable python code.\n\nThe problem:\n\n\nQUESTION:\nFor a given positive integer n denote its k-rounding as the minimum positive integer x, such that x ends with k or more zeros in base 10 and is divisible by n.\n\nFor example, 4-rounding of 375 is 375\u00b780 = 30000. 30000 is the minimum integer such that it ends with 4 or more zeros and is divisible by 375.\n\nWrite a program that will perform the k-rounding of n.\n\n\n-----Input-----\n\nThe only line contains two integers n and k (1 \u2264 n \u2264 10^9, 0 \u2264 k \u2264 8).\n\n\n-----Output-----\n\nPrint the k-rounding of n.\n\n\n-----Examples-----\nInput\n375 4\n\nOutput\n30000\n\nInput\n10000 1\n\nOutput\n10000\n\nInput\n38101 0\n\nOutput\n38101\n\nInput\n123456789 8\n\nOutput\n12345678900000000\nUse Standard Input format\nANSWER:\n\n\nAn example of step-by-step clues for finding the longest palindrome substring is displayed below:\n\n```json\n[\n{\"Clue of Step 1\": \"For a substring, if it is a palindrome and the length is greater than 2, it is still a palindrome after the first and last letters are removed. According to this idea, we can use dynamic programming to solve this problem.\"},\n{\"Clue of Step 2\": \"Then we should consider the state transition function. We use P(i,j) to indicate whether the string composed of the i-th to j-th letters of the string s (denoted as as s[i:j]) is a palindrome string. s[i:j] is a palindrome only if s[i+1:j\u22121] is a palindrome and the i and j letters of s are the same.\"},\n{\"Clue of Step 3\": \"We also need to consider the boundary conditions in dynamic programming. For a substring of length 1, it is obviously a palindrome string; For a substring of length 2, it is a palindrome as long as its two letters are the same.\"},\n{\"Clue of Step 4\": \"We also need to consider the the cyclic order of dynamic programming. In the state transition equation, we are moving from a shorter string to a longer string.\"},\n{\"Clue of Step 5\": \"The final answer is the maximum length of the valid sub-strings.\"}\n]\n```\nYou can refer to the following example and generate step-by-step clues for the given problem.\n\n\n-----Clues-----\nClue of Step 1: Next, we need to find the least common multiple (LCM) of n and the factor (10^k) to ensure that the result is both divisible by n and has k or more trailing zeros.\n", "Clue of Step 2: We need to compute the LCM of n and 10^k using the formula LCM(a, b) = (a * b) // GCD(a, b), where GCD is the greatest common divisor of a and b. This ensures that the result is divisible by both n and 10^k.\n", "Clue of Step 2: Finally, we will use the LCM function with n and the calculated factor to find the minimum integer x that satisfies both conditions of divisibility and trailing zeros.\n"], ["\nYou will be given a problem desciption.\n\nPlease analyze the problem and generate step-by-step clues of how to solve the problem with executable python code.\n\nThe problem:\n\n\nQUESTION:\nFor a given positive integer n denote its k-rounding as the minimum positive integer x, such that x ends with k or more zeros in base 10 and is divisible by n.\n\nFor example, 4-rounding of 375 is 375\u00b780 = 30000. 30000 is the minimum integer such that it ends with 4 or more zeros and is divisible by 375.\n\nWrite a program that will perform the k-rounding of n.\n\n\n-----Input-----\n\nThe only line contains two integers n and k (1 \u2264 n \u2264 10^9, 0 \u2264 k \u2264 8).\n\n\n-----Output-----\n\nPrint the k-rounding of n.\n\n\n-----Examples-----\nInput\n375 4\n\nOutput\n30000\n\nInput\n10000 1\n\nOutput\n10000\n\nInput\n38101 0\n\nOutput\n38101\n\nInput\n123456789 8\n\nOutput\n12345678900000000\nUse Standard Input format\nANSWER:\n\n\nAn example of step-by-step clues for finding the longest palindrome substring is displayed below:\n\n```json\n[\n{\"Clue of Step 1\": \"For a substring, if it is a palindrome and the length is greater than 2, it is still a palindrome after the first and last letters are removed. According to this idea, we can use dynamic programming to solve this problem.\"},\n{\"Clue of Step 2\": \"Then we should consider the state transition function. We use P(i,j) to indicate whether the string composed of the i-th to j-th letters of the string s (denoted as as s[i:j]) is a palindrome string. s[i:j] is a palindrome only if s[i+1:j\u22121] is a palindrome and the i and j letters of s are the same.\"},\n{\"Clue of Step 3\": \"We also need to consider the boundary conditions in dynamic programming. For a substring of length 1, it is obviously a palindrome string; For a substring of length 2, it is a palindrome as long as its two letters are the same.\"},\n{\"Clue of Step 4\": \"We also need to consider the the cyclic order of dynamic programming. In the state transition equation, we are moving from a shorter string to a longer string.\"},\n{\"Clue of Step 5\": \"The final answer is the maximum length of the valid sub-strings.\"}\n]\n```\nYou can refer to the following example and generate step-by-step clues for the given problem.\n\n\n-----Clues-----\nClue of Step 1: Next, we need to find the least common multiple (LCM) of n and the factor (10^k) to ensure that the result is both divisible by n and has k or more trailing zeros.\n", "Clue of Step 2: To implement the LCM calculation, we can use Python's built-in functions from the math module, specifically math.gcd and custom LCM computation. This will give us the smallest number that is divisible by both n and 10^k.\n", "Clue of Step 2: We should define a function that calculates the least common multiple (LCM) of two numbers using the formula LCM(a, b) = abs(a*b) // GCD(a, b).\n"], ["\nYou will be given a problem desciption.\n\nPlease analyze the problem and generate step-by-step clues of how to solve the problem with executable python code.\n\nThe problem:\n\n\nQUESTION:\nFor a given positive integer n denote its k-rounding as the minimum positive integer x, such that x ends with k or more zeros in base 10 and is divisible by n.\n\nFor example, 4-rounding of 375 is 375\u00b780 = 30000. 30000 is the minimum integer such that it ends with 4 or more zeros and is divisible by 375.\n\nWrite a program that will perform the k-rounding of n.\n\n\n-----Input-----\n\nThe only line contains two integers n and k (1 \u2264 n \u2264 10^9, 0 \u2264 k \u2264 8).\n\n\n-----Output-----\n\nPrint the k-rounding of n.\n\n\n-----Examples-----\nInput\n375 4\n\nOutput\n30000\n\nInput\n10000 1\n\nOutput\n10000\n\nInput\n38101 0\n\nOutput\n38101\n\nInput\n123456789 8\n\nOutput\n12345678900000000\nUse Standard Input format\nANSWER:\n\n\nAn example of step-by-step clues for finding the longest palindrome substring is displayed below:\n\n```json\n[\n{\"Clue of Step 1\": \"For a substring, if it is a palindrome and the length is greater than 2, it is still a palindrome after the first and last letters are removed. According to this idea, we can use dynamic programming to solve this problem.\"},\n{\"Clue of Step 2\": \"Then we should consider the state transition function. We use P(i,j) to indicate whether the string composed of the i-th to j-th letters of the string s (denoted as as s[i:j]) is a palindrome string. s[i:j] is a palindrome only if s[i+1:j\u22121] is a palindrome and the i and j letters of s are the same.\"},\n{\"Clue of Step 3\": \"We also need to consider the boundary conditions in dynamic programming. For a substring of length 1, it is obviously a palindrome string; For a substring of length 2, it is a palindrome as long as its two letters are the same.\"},\n{\"Clue of Step 4\": \"We also need to consider the the cyclic order of dynamic programming. In the state transition equation, we are moving from a shorter string to a longer string.\"},\n{\"Clue of Step 5\": \"The final answer is the maximum length of the valid sub-strings.\"}\n]\n```\nYou can refer to the following example and generate step-by-step clues for the given problem.\n\n\n-----Clues-----\nClue of Step 1: Next, we need to find the least common multiple (LCM) of n and the factor (10^k) to ensure that the result is both divisible by n and has k or more trailing zeros.\n", "Clue of Step 2: To implement the LCM calculation, we can use Python's built-in functions from the math module, specifically math.gcd and custom LCM computation. This will give us the smallest number that is divisible by both n and 10^k.\n", "Clue of Step 2: Finally, we will use the LCM function with n and the calculated factor to find the minimum integer x that satisfies both conditions of divisibility and trailing zeros.\n"], ["\nYou will be given a problem desciption.\n\nPlease analyze the problem and generate step-by-step clues of how to solve the problem with executable python code.\n\nThe problem:\n\n\nQUESTION:\nFor a given positive integer n denote its k-rounding as the minimum positive integer x, such that x ends with k or more zeros in base 10 and is divisible by n.\n\nFor example, 4-rounding of 375 is 375\u00b780 = 30000. 30000 is the minimum integer such that it ends with 4 or more zeros and is divisible by 375.\n\nWrite a program that will perform the k-rounding of n.\n\n\n-----Input-----\n\nThe only line contains two integers n and k (1 \u2264 n \u2264 10^9, 0 \u2264 k \u2264 8).\n\n\n-----Output-----\n\nPrint the k-rounding of n.\n\n\n-----Examples-----\nInput\n375 4\n\nOutput\n30000\n\nInput\n10000 1\n\nOutput\n10000\n\nInput\n38101 0\n\nOutput\n38101\n\nInput\n123456789 8\n\nOutput\n12345678900000000\nUse Standard Input format\nANSWER:\n\n\nAn example of step-by-step clues for finding the longest palindrome substring is displayed below:\n\n```json\n[\n{\"Clue of Step 1\": \"For a substring, if it is a palindrome and the length is greater than 2, it is still a palindrome after the first and last letters are removed. According to this idea, we can use dynamic programming to solve this problem.\"},\n{\"Clue of Step 2\": \"Then we should consider the state transition function. We use P(i,j) to indicate whether the string composed of the i-th to j-th letters of the string s (denoted as as s[i:j]) is a palindrome string. s[i:j] is a palindrome only if s[i+1:j\u22121] is a palindrome and the i and j letters of s are the same.\"},\n{\"Clue of Step 3\": \"We also need to consider the boundary conditions in dynamic programming. For a substring of length 1, it is obviously a palindrome string; For a substring of length 2, it is a palindrome as long as its two letters are the same.\"},\n{\"Clue of Step 4\": \"We also need to consider the the cyclic order of dynamic programming. In the state transition equation, we are moving from a shorter string to a longer string.\"},\n{\"Clue of Step 5\": \"The final answer is the maximum length of the valid sub-strings.\"}\n]\n```\nYou can refer to the following example and generate step-by-step clues for the given problem.\n\n\n-----Clues-----\nClue of Step 1: Next, we need to find the least common multiple (LCM) of n and the factor (10^k) to ensure that the result is both divisible by n and has k or more trailing zeros.\n", "Clue of Step 2: Once we have the LCM, we need to check if the result has at least k trailing zeros by verifying that the LCM result is divisible by 10^k and ends with at least k zeros.\n", "Clue of Step 2: We should define a function that calculates the least common multiple (LCM) of two numbers using the formula LCM(a, b) = abs(a*b) // GCD(a, b).\n"], ["\nYou will be given a problem desciption.\n\nPlease analyze the problem and generate step-by-step clues of how to solve the problem with executable python code.\n\nThe problem:\n\n\nQUESTION:\nFor a given positive integer n denote its k-rounding as the minimum positive integer x, such that x ends with k or more zeros in base 10 and is divisible by n.\n\nFor example, 4-rounding of 375 is 375\u00b780 = 30000. 30000 is the minimum integer such that it ends with 4 or more zeros and is divisible by 375.\n\nWrite a program that will perform the k-rounding of n.\n\n\n-----Input-----\n\nThe only line contains two integers n and k (1 \u2264 n \u2264 10^9, 0 \u2264 k \u2264 8).\n\n\n-----Output-----\n\nPrint the k-rounding of n.\n\n\n-----Examples-----\nInput\n375 4\n\nOutput\n30000\n\nInput\n10000 1\n\nOutput\n10000\n\nInput\n38101 0\n\nOutput\n38101\n\nInput\n123456789 8\n\nOutput\n12345678900000000\nUse Standard Input format\nANSWER:\n\n\nAn example of step-by-step clues for finding the longest palindrome substring is displayed below:\n\n```json\n[\n{\"Clue of Step 1\": \"For a substring, if it is a palindrome and the length is greater than 2, it is still a palindrome after the first and last letters are removed. According to this idea, we can use dynamic programming to solve this problem.\"},\n{\"Clue of Step 2\": \"Then we should consider the state transition function. We use P(i,j) to indicate whether the string composed of the i-th to j-th letters of the string s (denoted as as s[i:j]) is a palindrome string. s[i:j] is a palindrome only if s[i+1:j\u22121] is a palindrome and the i and j letters of s are the same.\"},\n{\"Clue of Step 3\": \"We also need to consider the boundary conditions in dynamic programming. For a substring of length 1, it is obviously a palindrome string; For a substring of length 2, it is a palindrome as long as its two letters are the same.\"},\n{\"Clue of Step 4\": \"We also need to consider the the cyclic order of dynamic programming. In the state transition equation, we are moving from a shorter string to a longer string.\"},\n{\"Clue of Step 5\": \"The final answer is the maximum length of the valid sub-strings.\"}\n]\n```\nYou can refer to the following example and generate step-by-step clues for the given problem.\n\n\n-----Clues-----\nClue of Step 1: Next, we need to find the least common multiple (LCM) of n and the factor (10^k) to ensure that the result is both divisible by n and has k or more trailing zeros.\n", "Clue of Step 2: Once we have the LCM, we need to check if the result has at least k trailing zeros by verifying that the LCM result is divisible by 10^k and ends with at least k zeros.\n", "Clue of Step 2: Finally, we will use the LCM function with n and the calculated factor to find the minimum integer x that satisfies both conditions of divisibility and trailing zeros.\n"]], "SFT": ["\nYou will be given a problem desciption.\n\nPlease analyze the problem and generate step-by-step clues of how to solve the problem with executable python code.\n\nThe problem:\n\n\nQUESTION:\nFor a given positive integer n denote its k-rounding as the minimum positive integer x, such that x ends with k or more zeros in base 10 and is divisible by n.\n\nFor example, 4-rounding of 375 is 375\u00b780 = 30000. 30000 is the minimum integer such that it ends with 4 or more zeros and is divisible by 375.\n\nWrite a program that will perform the k-rounding of n.\n\n\n-----Input-----\n\nThe only line contains two integers n and k (1 \u2264 n \u2264 10^9, 0 \u2264 k \u2264 8).\n\n\n-----Output-----\n\nPrint the k-rounding of n.\n\n\n-----Examples-----\nInput\n375 4\n\nOutput\n30000\n\nInput\n10000 1\n\nOutput\n10000\n\nInput\n38101 0\n\nOutput\n38101\n\nInput\n123456789 8\n\nOutput\n12345678900000000\nUse Standard Input format\nANSWER:\n\n\nAn example of step-by-step clues for finding the longest palindrome substring is displayed below:\n\n```json\n[\n{\"Clue of Step 1\": \"For a substring, if it is a palindrome and the length is greater than 2, it is still a palindrome after the first and last letters are removed. According to this idea, we can use dynamic programming to solve this problem.\"},\n{\"Clue of Step 2\": \"Then we should consider the state transition function. We use P(i,j) to indicate whether the string composed of the i-th to j-th letters of the string s (denoted as as s[i:j]) is a palindrome string. s[i:j] is a palindrome only if s[i+1:j\u22121] is a palindrome and the i and j letters of s are the same.\"},\n{\"Clue of Step 3\": \"We also need to consider the boundary conditions in dynamic programming. For a substring of length 1, it is obviously a palindrome string; For a substring of length 2, it is a palindrome as long as its two letters are the same.\"},\n{\"Clue of Step 4\": \"We also need to consider the the cyclic order of dynamic programming. In the state transition equation, we are moving from a shorter string to a longer string.\"},\n{\"Clue of Step 5\": \"The final answer is the maximum length of the valid sub-strings.\"}\n]\n```\nYou can refer to the following example and generate step-by-step clues for the given problem.\n\n\n-----Clues-----\nClue of Step 1: We should first determine the number of zeros required, which is 10 raised to the power of k. This gives us the factor that represents how many trailing zeros we need in our result.\n\nClue of Step 2: To find the k-rounding of n, we need to compute the smallest multiple of n that ends with at least k zeros. We can do this by scaling n by a factor such that the resulting number ends with k or more zeros. This factor is derived from the number of zeros we need, i.e., 10^k, but we also need to ensure that the result is divisible by n. Therefore, we should compute the least common multiple (LCM) of n and 10^k to ensure that the result is divisible by n and has at least k trailing zeros.\n", "```python\ndef k_rounding(n, k):\n    if k == 0:\n        return n\n    \n    # We need a multiple of n that has at least k zeros at the end.\n    # This means we need at least 10^k as a factor.\n    required_zeros = 10 ** k\n    \n    # Find the smallest integer x such that x * n is divisible by required_zeros.\n    # We do this by finding the least m such that (n * m) is a multiple of required_zeros.\n    \n    # Calculate the gcd of n and required_zeros\n    import math\n    gcd_n_required = math.gcd(n, required_zeros)\n    \n    # The minimum m such that n * m is divisible by required_zeros\n    m = required_zeros // gcd_n_required\n    \n    # The result is n multiplied by that m\n    result = n * m\n    \n    return result\n\n# Input reading\ninput_data = input().strip()\nn, k = map(int, input_data.split())\n\n# Calculate and print the k-rounding of n\nprint(k_rounding(n, k))\n```"]}