{"StepDPO": [["\nYou will be given a problem desciption.\n\nPlease analyze the problem and generate step-by-step clues of how to solve the problem with executable python code.\n\nThe problem:\n\n\nQUESTION:\nYou are given a string s consisting of |s| small english letters.\n\nIn one move you can replace any character of this string to the next character in alphabetical order (a will be replaced with b, s will be replaced with t, etc.). You cannot replace letter z with any other letter.\n\nYour target is to make some number of moves (not necessary minimal) to get string abcdefghijklmnopqrstuvwxyz (english alphabet) as a subsequence. Subsequence of the string is the string that is obtained by deleting characters at some positions. You need to print the string that will be obtained from the given string and will be contain english alphabet as a subsequence or say that it is impossible.\n\n\n-----Input-----\n\nThe only one line of the input consisting of the string s consisting of |s| (1 \u2264 |s| \u2264 10^5) small english letters.\n\n\n-----Output-----\n\nIf you can get a string that can be obtained from the given string and will contain english alphabet as a subsequence, print it. Otherwise print \u00ab-1\u00bb (without quotes).\n\n\n-----Examples-----\nInput\naacceeggiikkmmooqqssuuwwyy\n\nOutput\nabcdefghijklmnopqrstuvwxyz\n\nInput\nthereisnoanswer\n\nOutput\n-1\nUse Standard Input format\nANSWER:\n\n\nAn example of step-by-step clues for finding the longest palindrome substring is displayed below:\n\n```json\n[\n{\"Clue of Step 1\": \"For a substring, if it is a palindrome and the length is greater than 2, it is still a palindrome after the first and last letters are removed. According to this idea, we can use dynamic programming to solve this problem.\"},\n{\"Clue of Step 2\": \"Then we should consider the state transition function. We use P(i,j) to indicate whether the string composed of the i-th to j-th letters of the string s (denoted as as s[i:j]) is a palindrome string. s[i:j] is a palindrome only if s[i+1:j\u22121] is a palindrome and the i and j letters of s are the same.\"},\n{\"Clue of Step 3\": \"We also need to consider the boundary conditions in dynamic programming. For a substring of length 1, it is obviously a palindrome string; For a substring of length 2, it is a palindrome as long as its two letters are the same.\"},\n{\"Clue of Step 4\": \"We also need to consider the the cyclic order of dynamic programming. In the state transition equation, we are moving from a shorter string to a longer string.\"},\n{\"Clue of Step 5\": \"The final answer is the maximum length of the valid sub-strings.\"}\n]\n```\nYou can refer to the following example and generate step-by-step clues for the given problem.\n\n\n-----Clues-----\nClue of Step 1: We should iterate over the characters of the string to track which letters from 'a' to 'z' are present and how many moves are needed to transform the characters of the string into those letters.\n", "Clue of Step 2: We need to create a list to represent the current state of each letter in the English alphabet, where each index corresponds to a letter from 'a' to 'z'.\n", "Clue of Step 2: We need to simulate the process of transforming the given string into a version that contains the alphabet 'abcdefghijklmnopqrstuvwxyz' as a subsequence. This can be done by maintaining a pointer that tracks the current target letter from the alphabet. As we iterate through the string, whenever we encounter a character that can be transformed into the current target letter, we move the pointer to the next letter in the alphabet.\n"], ["\nYou will be given a problem desciption.\n\nPlease analyze the problem and generate step-by-step clues of how to solve the problem with executable python code.\n\nThe problem:\n\n\nQUESTION:\nYou are given a string s consisting of |s| small english letters.\n\nIn one move you can replace any character of this string to the next character in alphabetical order (a will be replaced with b, s will be replaced with t, etc.). You cannot replace letter z with any other letter.\n\nYour target is to make some number of moves (not necessary minimal) to get string abcdefghijklmnopqrstuvwxyz (english alphabet) as a subsequence. Subsequence of the string is the string that is obtained by deleting characters at some positions. You need to print the string that will be obtained from the given string and will be contain english alphabet as a subsequence or say that it is impossible.\n\n\n-----Input-----\n\nThe only one line of the input consisting of the string s consisting of |s| (1 \u2264 |s| \u2264 10^5) small english letters.\n\n\n-----Output-----\n\nIf you can get a string that can be obtained from the given string and will contain english alphabet as a subsequence, print it. Otherwise print \u00ab-1\u00bb (without quotes).\n\n\n-----Examples-----\nInput\naacceeggiikkmmooqqssuuwwyy\n\nOutput\nabcdefghijklmnopqrstuvwxyz\n\nInput\nthereisnoanswer\n\nOutput\n-1\nUse Standard Input format\nANSWER:\n\n\nAn example of step-by-step clues for finding the longest palindrome substring is displayed below:\n\n```json\n[\n{\"Clue of Step 1\": \"For a substring, if it is a palindrome and the length is greater than 2, it is still a palindrome after the first and last letters are removed. According to this idea, we can use dynamic programming to solve this problem.\"},\n{\"Clue of Step 2\": \"Then we should consider the state transition function. We use P(i,j) to indicate whether the string composed of the i-th to j-th letters of the string s (denoted as as s[i:j]) is a palindrome string. s[i:j] is a palindrome only if s[i+1:j\u22121] is a palindrome and the i and j letters of s are the same.\"},\n{\"Clue of Step 3\": \"We also need to consider the boundary conditions in dynamic programming. For a substring of length 1, it is obviously a palindrome string; For a substring of length 2, it is a palindrome as long as its two letters are the same.\"},\n{\"Clue of Step 4\": \"We also need to consider the the cyclic order of dynamic programming. In the state transition equation, we are moving from a shorter string to a longer string.\"},\n{\"Clue of Step 5\": \"The final answer is the maximum length of the valid sub-strings.\"}\n]\n```\nYou can refer to the following example and generate step-by-step clues for the given problem.\n\n\n-----Clues-----\nClue of Step 1: We should iterate over the characters of the string to track which letters from 'a' to 'z' are present and how many moves are needed to transform the characters of the string into those letters.\n", "Clue of Step 2: We should iterate over the input string and for each character, check if it can be transformed into the next required letter in the sequence of 'a' to 'z', keeping track of the position in the target sequence.\n", "Clue of Step 2: We need to simulate the process of transforming the given string into a version that contains the alphabet 'abcdefghijklmnopqrstuvwxyz' as a subsequence. This can be done by maintaining a pointer that tracks the current target letter from the alphabet. As we iterate through the string, whenever we encounter a character that can be transformed into the current target letter, we move the pointer to the next letter in the alphabet.\n"], ["\nYou will be given a problem desciption.\n\nPlease analyze the problem and generate step-by-step clues of how to solve the problem with executable python code.\n\nThe problem:\n\n\nQUESTION:\nYou are given a string s consisting of |s| small english letters.\n\nIn one move you can replace any character of this string to the next character in alphabetical order (a will be replaced with b, s will be replaced with t, etc.). You cannot replace letter z with any other letter.\n\nYour target is to make some number of moves (not necessary minimal) to get string abcdefghijklmnopqrstuvwxyz (english alphabet) as a subsequence. Subsequence of the string is the string that is obtained by deleting characters at some positions. You need to print the string that will be obtained from the given string and will be contain english alphabet as a subsequence or say that it is impossible.\n\n\n-----Input-----\n\nThe only one line of the input consisting of the string s consisting of |s| (1 \u2264 |s| \u2264 10^5) small english letters.\n\n\n-----Output-----\n\nIf you can get a string that can be obtained from the given string and will contain english alphabet as a subsequence, print it. Otherwise print \u00ab-1\u00bb (without quotes).\n\n\n-----Examples-----\nInput\naacceeggiikkmmooqqssuuwwyy\n\nOutput\nabcdefghijklmnopqrstuvwxyz\n\nInput\nthereisnoanswer\n\nOutput\n-1\nUse Standard Input format\nANSWER:\n\n\nAn example of step-by-step clues for finding the longest palindrome substring is displayed below:\n\n```json\n[\n{\"Clue of Step 1\": \"For a substring, if it is a palindrome and the length is greater than 2, it is still a palindrome after the first and last letters are removed. According to this idea, we can use dynamic programming to solve this problem.\"},\n{\"Clue of Step 2\": \"Then we should consider the state transition function. We use P(i,j) to indicate whether the string composed of the i-th to j-th letters of the string s (denoted as as s[i:j]) is a palindrome string. s[i:j] is a palindrome only if s[i+1:j\u22121] is a palindrome and the i and j letters of s are the same.\"},\n{\"Clue of Step 3\": \"We also need to consider the boundary conditions in dynamic programming. For a substring of length 1, it is obviously a palindrome string; For a substring of length 2, it is a palindrome as long as its two letters are the same.\"},\n{\"Clue of Step 4\": \"We also need to consider the the cyclic order of dynamic programming. In the state transition equation, we are moving from a shorter string to a longer string.\"},\n{\"Clue of Step 5\": \"The final answer is the maximum length of the valid sub-strings.\"}\n]\n```\nYou can refer to the following example and generate step-by-step clues for the given problem.\n\n\n-----Clues-----\nClue of Step 1: We should iterate over the characters of the string to track which letters from 'a' to 'z' are present and how many moves are needed to transform the characters of the string into those letters.\n", "Clue of Step 2: We need to build the resultant string while ensuring that we can successfully transform the characters to form the subsequence 'abcdefghijklmnopqrstuvwxyz' by checking if we can continue to the next expected letter after each valid character transformation.\n", "Clue of Step 2: We need to simulate the process of transforming the given string into a version that contains the alphabet 'abcdefghijklmnopqrstuvwxyz' as a subsequence. This can be done by maintaining a pointer that tracks the current target letter from the alphabet. As we iterate through the string, whenever we encounter a character that can be transformed into the current target letter, we move the pointer to the next letter in the alphabet.\n"], ["\nYou will be given a problem desciption.\n\nPlease analyze the problem and generate step-by-step clues of how to solve the problem with executable python code.\n\nThe problem:\n\n\nQUESTION:\nYou are given a string s consisting of |s| small english letters.\n\nIn one move you can replace any character of this string to the next character in alphabetical order (a will be replaced with b, s will be replaced with t, etc.). You cannot replace letter z with any other letter.\n\nYour target is to make some number of moves (not necessary minimal) to get string abcdefghijklmnopqrstuvwxyz (english alphabet) as a subsequence. Subsequence of the string is the string that is obtained by deleting characters at some positions. You need to print the string that will be obtained from the given string and will be contain english alphabet as a subsequence or say that it is impossible.\n\n\n-----Input-----\n\nThe only one line of the input consisting of the string s consisting of |s| (1 \u2264 |s| \u2264 10^5) small english letters.\n\n\n-----Output-----\n\nIf you can get a string that can be obtained from the given string and will contain english alphabet as a subsequence, print it. Otherwise print \u00ab-1\u00bb (without quotes).\n\n\n-----Examples-----\nInput\naacceeggiikkmmooqqssuuwwyy\n\nOutput\nabcdefghijklmnopqrstuvwxyz\n\nInput\nthereisnoanswer\n\nOutput\n-1\nUse Standard Input format\nANSWER:\n\n\nAn example of step-by-step clues for finding the longest palindrome substring is displayed below:\n\n```json\n[\n{\"Clue of Step 1\": \"For a substring, if it is a palindrome and the length is greater than 2, it is still a palindrome after the first and last letters are removed. According to this idea, we can use dynamic programming to solve this problem.\"},\n{\"Clue of Step 2\": \"Then we should consider the state transition function. We use P(i,j) to indicate whether the string composed of the i-th to j-th letters of the string s (denoted as as s[i:j]) is a palindrome string. s[i:j] is a palindrome only if s[i+1:j\u22121] is a palindrome and the i and j letters of s are the same.\"},\n{\"Clue of Step 3\": \"We also need to consider the boundary conditions in dynamic programming. For a substring of length 1, it is obviously a palindrome string; For a substring of length 2, it is a palindrome as long as its two letters are the same.\"},\n{\"Clue of Step 4\": \"We also need to consider the the cyclic order of dynamic programming. In the state transition equation, we are moving from a shorter string to a longer string.\"},\n{\"Clue of Step 5\": \"The final answer is the maximum length of the valid sub-strings.\"}\n]\n```\nYou can refer to the following example and generate step-by-step clues for the given problem.\n\n\n-----Clues-----\nClue of Step 1: We should iterate over the characters of the string to track which letters from 'a' to 'z' are present and how many moves are needed to transform the characters of the string into those letters.\n", "Clue of Step 2: Since the target is to form a subsequence of the alphabet, we don't need to modify the string in-place. Instead, we can construct a new string that includes the necessary transformations to cover all the letters from 'a' to 'z'. If at any point we can't find a suitable character to transform into the next letter of the alphabet, it becomes impossible to form the sequence, and we should return '-1'.\n", "Clue of Step 2: We need to simulate the process of transforming the given string into a version that contains the alphabet 'abcdefghijklmnopqrstuvwxyz' as a subsequence. This can be done by maintaining a pointer that tracks the current target letter from the alphabet. As we iterate through the string, whenever we encounter a character that can be transformed into the current target letter, we move the pointer to the next letter in the alphabet.\n"], ["\nYou will be given a problem desciption.\n\nPlease analyze the problem and generate step-by-step clues of how to solve the problem with executable python code.\n\nThe problem:\n\n\nQUESTION:\nYou are given a string s consisting of |s| small english letters.\n\nIn one move you can replace any character of this string to the next character in alphabetical order (a will be replaced with b, s will be replaced with t, etc.). You cannot replace letter z with any other letter.\n\nYour target is to make some number of moves (not necessary minimal) to get string abcdefghijklmnopqrstuvwxyz (english alphabet) as a subsequence. Subsequence of the string is the string that is obtained by deleting characters at some positions. You need to print the string that will be obtained from the given string and will be contain english alphabet as a subsequence or say that it is impossible.\n\n\n-----Input-----\n\nThe only one line of the input consisting of the string s consisting of |s| (1 \u2264 |s| \u2264 10^5) small english letters.\n\n\n-----Output-----\n\nIf you can get a string that can be obtained from the given string and will contain english alphabet as a subsequence, print it. Otherwise print \u00ab-1\u00bb (without quotes).\n\n\n-----Examples-----\nInput\naacceeggiikkmmooqqssuuwwyy\n\nOutput\nabcdefghijklmnopqrstuvwxyz\n\nInput\nthereisnoanswer\n\nOutput\n-1\nUse Standard Input format\nANSWER:\n\n\nAn example of step-by-step clues for finding the longest palindrome substring is displayed below:\n\n```json\n[\n{\"Clue of Step 1\": \"For a substring, if it is a palindrome and the length is greater than 2, it is still a palindrome after the first and last letters are removed. According to this idea, we can use dynamic programming to solve this problem.\"},\n{\"Clue of Step 2\": \"Then we should consider the state transition function. We use P(i,j) to indicate whether the string composed of the i-th to j-th letters of the string s (denoted as as s[i:j]) is a palindrome string. s[i:j] is a palindrome only if s[i+1:j\u22121] is a palindrome and the i and j letters of s are the same.\"},\n{\"Clue of Step 3\": \"We also need to consider the boundary conditions in dynamic programming. For a substring of length 1, it is obviously a palindrome string; For a substring of length 2, it is a palindrome as long as its two letters are the same.\"},\n{\"Clue of Step 4\": \"We also need to consider the the cyclic order of dynamic programming. In the state transition equation, we are moving from a shorter string to a longer string.\"},\n{\"Clue of Step 5\": \"The final answer is the maximum length of the valid sub-strings.\"}\n]\n```\nYou can refer to the following example and generate step-by-step clues for the given problem.\n\n\n-----Clues-----\nClue of Step 1: We should iterate over the characters of the string to track which letters from 'a' to 'z' are present and how many moves are needed to transform the characters of the string into those letters.\n", "Clue of Step 2: After iterating through the entire string, if the pointer has successfully moved past 'z', then we have managed to form the alphabet as a subsequence. Otherwise, if the pointer stops before reaching 'z', it means the string cannot be transformed to meet the requirement, and we should output '-1'.\n", "Clue of Step 2: We need to simulate the process of transforming the given string into a version that contains the alphabet 'abcdefghijklmnopqrstuvwxyz' as a subsequence. This can be done by maintaining a pointer that tracks the current target letter from the alphabet. As we iterate through the string, whenever we encounter a character that can be transformed into the current target letter, we move the pointer to the next letter in the alphabet.\n"], ["\nYou will be given a problem desciption.\n\nPlease analyze the problem and generate step-by-step clues of how to solve the problem with executable python code.\n\nThe problem:\n\n\nQUESTION:\nYou are given a string s consisting of |s| small english letters.\n\nIn one move you can replace any character of this string to the next character in alphabetical order (a will be replaced with b, s will be replaced with t, etc.). You cannot replace letter z with any other letter.\n\nYour target is to make some number of moves (not necessary minimal) to get string abcdefghijklmnopqrstuvwxyz (english alphabet) as a subsequence. Subsequence of the string is the string that is obtained by deleting characters at some positions. You need to print the string that will be obtained from the given string and will be contain english alphabet as a subsequence or say that it is impossible.\n\n\n-----Input-----\n\nThe only one line of the input consisting of the string s consisting of |s| (1 \u2264 |s| \u2264 10^5) small english letters.\n\n\n-----Output-----\n\nIf you can get a string that can be obtained from the given string and will contain english alphabet as a subsequence, print it. Otherwise print \u00ab-1\u00bb (without quotes).\n\n\n-----Examples-----\nInput\naacceeggiikkmmooqqssuuwwyy\n\nOutput\nabcdefghijklmnopqrstuvwxyz\n\nInput\nthereisnoanswer\n\nOutput\n-1\nUse Standard Input format\nANSWER:\n\n\nAn example of step-by-step clues for finding the longest palindrome substring is displayed below:\n\n```json\n[\n{\"Clue of Step 1\": \"For a substring, if it is a palindrome and the length is greater than 2, it is still a palindrome after the first and last letters are removed. According to this idea, we can use dynamic programming to solve this problem.\"},\n{\"Clue of Step 2\": \"Then we should consider the state transition function. We use P(i,j) to indicate whether the string composed of the i-th to j-th letters of the string s (denoted as as s[i:j]) is a palindrome string. s[i:j] is a palindrome only if s[i+1:j\u22121] is a palindrome and the i and j letters of s are the same.\"},\n{\"Clue of Step 3\": \"We also need to consider the boundary conditions in dynamic programming. For a substring of length 1, it is obviously a palindrome string; For a substring of length 2, it is a palindrome as long as its two letters are the same.\"},\n{\"Clue of Step 4\": \"We also need to consider the the cyclic order of dynamic programming. In the state transition equation, we are moving from a shorter string to a longer string.\"},\n{\"Clue of Step 5\": \"The final answer is the maximum length of the valid sub-strings.\"}\n]\n```\nYou can refer to the following example and generate step-by-step clues for the given problem.\n\n\n-----Clues-----\nClue of Step 1: We need to iterate through the string and try to construct the target alphabet subsequence by selecting characters that can be incrementally moved to the next required character in the alphabet sequence.\n", "Clue of Step 2: We will maintain a list or a string to build our resulting sequence, progressively checking each character in the input string against the current required character in the alphabet.\n", "Clue of Step 2: We need to have a pointer or index that tracks our position in the target alphabet string, allowing us to confirm that we are building the sequence in the correct order.\n"], ["\nYou will be given a problem desciption.\n\nPlease analyze the problem and generate step-by-step clues of how to solve the problem with executable python code.\n\nThe problem:\n\n\nQUESTION:\nYou are given a string s consisting of |s| small english letters.\n\nIn one move you can replace any character of this string to the next character in alphabetical order (a will be replaced with b, s will be replaced with t, etc.). You cannot replace letter z with any other letter.\n\nYour target is to make some number of moves (not necessary minimal) to get string abcdefghijklmnopqrstuvwxyz (english alphabet) as a subsequence. Subsequence of the string is the string that is obtained by deleting characters at some positions. You need to print the string that will be obtained from the given string and will be contain english alphabet as a subsequence or say that it is impossible.\n\n\n-----Input-----\n\nThe only one line of the input consisting of the string s consisting of |s| (1 \u2264 |s| \u2264 10^5) small english letters.\n\n\n-----Output-----\n\nIf you can get a string that can be obtained from the given string and will contain english alphabet as a subsequence, print it. Otherwise print \u00ab-1\u00bb (without quotes).\n\n\n-----Examples-----\nInput\naacceeggiikkmmooqqssuuwwyy\n\nOutput\nabcdefghijklmnopqrstuvwxyz\n\nInput\nthereisnoanswer\n\nOutput\n-1\nUse Standard Input format\nANSWER:\n\n\nAn example of step-by-step clues for finding the longest palindrome substring is displayed below:\n\n```json\n[\n{\"Clue of Step 1\": \"For a substring, if it is a palindrome and the length is greater than 2, it is still a palindrome after the first and last letters are removed. According to this idea, we can use dynamic programming to solve this problem.\"},\n{\"Clue of Step 2\": \"Then we should consider the state transition function. We use P(i,j) to indicate whether the string composed of the i-th to j-th letters of the string s (denoted as as s[i:j]) is a palindrome string. s[i:j] is a palindrome only if s[i+1:j\u22121] is a palindrome and the i and j letters of s are the same.\"},\n{\"Clue of Step 3\": \"We also need to consider the boundary conditions in dynamic programming. For a substring of length 1, it is obviously a palindrome string; For a substring of length 2, it is a palindrome as long as its two letters are the same.\"},\n{\"Clue of Step 4\": \"We also need to consider the the cyclic order of dynamic programming. In the state transition equation, we are moving from a shorter string to a longer string.\"},\n{\"Clue of Step 5\": \"The final answer is the maximum length of the valid sub-strings.\"}\n]\n```\nYou can refer to the following example and generate step-by-step clues for the given problem.\n\n\n-----Clues-----\nClue of Step 1: We need to iterate through the string and try to construct the target alphabet subsequence by selecting characters that can be incrementally moved to the next required character in the alphabet sequence.\n", "Clue of Step 2: We will maintain a list or a string to build our resulting sequence, progressively checking each character in the input string against the current required character in the alphabet.\n", "Clue of Step 2: We need to maintain a pointer that tracks the current character we expect from the target alphabet sequence. As we iterate through the string, each time we encounter a character that can be incrementally moved to this expected character, we move the pointer forward in the alphabet.\n"], ["\nYou will be given a problem desciption.\n\nPlease analyze the problem and generate step-by-step clues of how to solve the problem with executable python code.\n\nThe problem:\n\n\nQUESTION:\nYou are given a string s consisting of |s| small english letters.\n\nIn one move you can replace any character of this string to the next character in alphabetical order (a will be replaced with b, s will be replaced with t, etc.). You cannot replace letter z with any other letter.\n\nYour target is to make some number of moves (not necessary minimal) to get string abcdefghijklmnopqrstuvwxyz (english alphabet) as a subsequence. Subsequence of the string is the string that is obtained by deleting characters at some positions. You need to print the string that will be obtained from the given string and will be contain english alphabet as a subsequence or say that it is impossible.\n\n\n-----Input-----\n\nThe only one line of the input consisting of the string s consisting of |s| (1 \u2264 |s| \u2264 10^5) small english letters.\n\n\n-----Output-----\n\nIf you can get a string that can be obtained from the given string and will contain english alphabet as a subsequence, print it. Otherwise print \u00ab-1\u00bb (without quotes).\n\n\n-----Examples-----\nInput\naacceeggiikkmmooqqssuuwwyy\n\nOutput\nabcdefghijklmnopqrstuvwxyz\n\nInput\nthereisnoanswer\n\nOutput\n-1\nUse Standard Input format\nANSWER:\n\n\nAn example of step-by-step clues for finding the longest palindrome substring is displayed below:\n\n```json\n[\n{\"Clue of Step 1\": \"For a substring, if it is a palindrome and the length is greater than 2, it is still a palindrome after the first and last letters are removed. According to this idea, we can use dynamic programming to solve this problem.\"},\n{\"Clue of Step 2\": \"Then we should consider the state transition function. We use P(i,j) to indicate whether the string composed of the i-th to j-th letters of the string s (denoted as as s[i:j]) is a palindrome string. s[i:j] is a palindrome only if s[i+1:j\u22121] is a palindrome and the i and j letters of s are the same.\"},\n{\"Clue of Step 3\": \"We also need to consider the boundary conditions in dynamic programming. For a substring of length 1, it is obviously a palindrome string; For a substring of length 2, it is a palindrome as long as its two letters are the same.\"},\n{\"Clue of Step 4\": \"We also need to consider the the cyclic order of dynamic programming. In the state transition equation, we are moving from a shorter string to a longer string.\"},\n{\"Clue of Step 5\": \"The final answer is the maximum length of the valid sub-strings.\"}\n]\n```\nYou can refer to the following example and generate step-by-step clues for the given problem.\n\n\n-----Clues-----\nClue of Step 1: We need to iterate through the string and try to construct the target alphabet subsequence by selecting characters that can be incrementally moved to the next required character in the alphabet sequence.\n", "Clue of Step 2: We will iterate through each character of the input string and check if it can be either the same as or converted to the next required character in the target sequence (e.g., if we need 'a', any 'a' can be used, or 'b' can be converted to 'a').\n", "Clue of Step 2: We need to have a pointer or index that tracks our position in the target alphabet string, allowing us to confirm that we are building the sequence in the correct order.\n"], ["\nYou will be given a problem desciption.\n\nPlease analyze the problem and generate step-by-step clues of how to solve the problem with executable python code.\n\nThe problem:\n\n\nQUESTION:\nYou are given a string s consisting of |s| small english letters.\n\nIn one move you can replace any character of this string to the next character in alphabetical order (a will be replaced with b, s will be replaced with t, etc.). You cannot replace letter z with any other letter.\n\nYour target is to make some number of moves (not necessary minimal) to get string abcdefghijklmnopqrstuvwxyz (english alphabet) as a subsequence. Subsequence of the string is the string that is obtained by deleting characters at some positions. You need to print the string that will be obtained from the given string and will be contain english alphabet as a subsequence or say that it is impossible.\n\n\n-----Input-----\n\nThe only one line of the input consisting of the string s consisting of |s| (1 \u2264 |s| \u2264 10^5) small english letters.\n\n\n-----Output-----\n\nIf you can get a string that can be obtained from the given string and will contain english alphabet as a subsequence, print it. Otherwise print \u00ab-1\u00bb (without quotes).\n\n\n-----Examples-----\nInput\naacceeggiikkmmooqqssuuwwyy\n\nOutput\nabcdefghijklmnopqrstuvwxyz\n\nInput\nthereisnoanswer\n\nOutput\n-1\nUse Standard Input format\nANSWER:\n\n\nAn example of step-by-step clues for finding the longest palindrome substring is displayed below:\n\n```json\n[\n{\"Clue of Step 1\": \"For a substring, if it is a palindrome and the length is greater than 2, it is still a palindrome after the first and last letters are removed. According to this idea, we can use dynamic programming to solve this problem.\"},\n{\"Clue of Step 2\": \"Then we should consider the state transition function. We use P(i,j) to indicate whether the string composed of the i-th to j-th letters of the string s (denoted as as s[i:j]) is a palindrome string. s[i:j] is a palindrome only if s[i+1:j\u22121] is a palindrome and the i and j letters of s are the same.\"},\n{\"Clue of Step 3\": \"We also need to consider the boundary conditions in dynamic programming. For a substring of length 1, it is obviously a palindrome string; For a substring of length 2, it is a palindrome as long as its two letters are the same.\"},\n{\"Clue of Step 4\": \"We also need to consider the the cyclic order of dynamic programming. In the state transition equation, we are moving from a shorter string to a longer string.\"},\n{\"Clue of Step 5\": \"The final answer is the maximum length of the valid sub-strings.\"}\n]\n```\nYou can refer to the following example and generate step-by-step clues for the given problem.\n\n\n-----Clues-----\nClue of Step 1: We need to iterate through the string and try to construct the target alphabet subsequence by selecting characters that can be incrementally moved to the next required character in the alphabet sequence.\n", "Clue of Step 2: We will iterate through each character of the input string and check if it can be either the same as or converted to the next required character in the target sequence (e.g., if we need 'a', any 'a' can be used, or 'b' can be converted to 'a').\n", "Clue of Step 2: We need to maintain a pointer that tracks the current character we expect from the target alphabet sequence. As we iterate through the string, each time we encounter a character that can be incrementally moved to this expected character, we move the pointer forward in the alphabet.\n"], ["\nYou will be given a problem desciption.\n\nPlease analyze the problem and generate step-by-step clues of how to solve the problem with executable python code.\n\nThe problem:\n\n\nQUESTION:\nYou are given a string s consisting of |s| small english letters.\n\nIn one move you can replace any character of this string to the next character in alphabetical order (a will be replaced with b, s will be replaced with t, etc.). You cannot replace letter z with any other letter.\n\nYour target is to make some number of moves (not necessary minimal) to get string abcdefghijklmnopqrstuvwxyz (english alphabet) as a subsequence. Subsequence of the string is the string that is obtained by deleting characters at some positions. You need to print the string that will be obtained from the given string and will be contain english alphabet as a subsequence or say that it is impossible.\n\n\n-----Input-----\n\nThe only one line of the input consisting of the string s consisting of |s| (1 \u2264 |s| \u2264 10^5) small english letters.\n\n\n-----Output-----\n\nIf you can get a string that can be obtained from the given string and will contain english alphabet as a subsequence, print it. Otherwise print \u00ab-1\u00bb (without quotes).\n\n\n-----Examples-----\nInput\naacceeggiikkmmooqqssuuwwyy\n\nOutput\nabcdefghijklmnopqrstuvwxyz\n\nInput\nthereisnoanswer\n\nOutput\n-1\nUse Standard Input format\nANSWER:\n\n\nAn example of step-by-step clues for finding the longest palindrome substring is displayed below:\n\n```json\n[\n{\"Clue of Step 1\": \"For a substring, if it is a palindrome and the length is greater than 2, it is still a palindrome after the first and last letters are removed. According to this idea, we can use dynamic programming to solve this problem.\"},\n{\"Clue of Step 2\": \"Then we should consider the state transition function. We use P(i,j) to indicate whether the string composed of the i-th to j-th letters of the string s (denoted as as s[i:j]) is a palindrome string. s[i:j] is a palindrome only if s[i+1:j\u22121] is a palindrome and the i and j letters of s are the same.\"},\n{\"Clue of Step 3\": \"We also need to consider the boundary conditions in dynamic programming. For a substring of length 1, it is obviously a palindrome string; For a substring of length 2, it is a palindrome as long as its two letters are the same.\"},\n{\"Clue of Step 4\": \"We also need to consider the the cyclic order of dynamic programming. In the state transition equation, we are moving from a shorter string to a longer string.\"},\n{\"Clue of Step 5\": \"The final answer is the maximum length of the valid sub-strings.\"}\n]\n```\nYou can refer to the following example and generate step-by-step clues for the given problem.\n\n\n-----Clues-----\nClue of Step 1: We need to iterate through the string and try to construct the target alphabet subsequence by selecting characters that can be incrementally moved to the next required character in the alphabet sequence.\n", "Clue of Step 2: If a character in the string can be transformed into the current expected alphabet character, we should replace it (mentally or by storing transformations). Once we have matched all characters in the alphabet sequence, we can stop the iteration early if the string is long enough.\n", "Clue of Step 2: We need to have a pointer or index that tracks our position in the target alphabet string, allowing us to confirm that we are building the sequence in the correct order.\n"], ["\nYou will be given a problem desciption.\n\nPlease analyze the problem and generate step-by-step clues of how to solve the problem with executable python code.\n\nThe problem:\n\n\nQUESTION:\nYou are given a string s consisting of |s| small english letters.\n\nIn one move you can replace any character of this string to the next character in alphabetical order (a will be replaced with b, s will be replaced with t, etc.). You cannot replace letter z with any other letter.\n\nYour target is to make some number of moves (not necessary minimal) to get string abcdefghijklmnopqrstuvwxyz (english alphabet) as a subsequence. Subsequence of the string is the string that is obtained by deleting characters at some positions. You need to print the string that will be obtained from the given string and will be contain english alphabet as a subsequence or say that it is impossible.\n\n\n-----Input-----\n\nThe only one line of the input consisting of the string s consisting of |s| (1 \u2264 |s| \u2264 10^5) small english letters.\n\n\n-----Output-----\n\nIf you can get a string that can be obtained from the given string and will contain english alphabet as a subsequence, print it. Otherwise print \u00ab-1\u00bb (without quotes).\n\n\n-----Examples-----\nInput\naacceeggiikkmmooqqssuuwwyy\n\nOutput\nabcdefghijklmnopqrstuvwxyz\n\nInput\nthereisnoanswer\n\nOutput\n-1\nUse Standard Input format\nANSWER:\n\n\nAn example of step-by-step clues for finding the longest palindrome substring is displayed below:\n\n```json\n[\n{\"Clue of Step 1\": \"For a substring, if it is a palindrome and the length is greater than 2, it is still a palindrome after the first and last letters are removed. According to this idea, we can use dynamic programming to solve this problem.\"},\n{\"Clue of Step 2\": \"Then we should consider the state transition function. We use P(i,j) to indicate whether the string composed of the i-th to j-th letters of the string s (denoted as as s[i:j]) is a palindrome string. s[i:j] is a palindrome only if s[i+1:j\u22121] is a palindrome and the i and j letters of s are the same.\"},\n{\"Clue of Step 3\": \"We also need to consider the boundary conditions in dynamic programming. For a substring of length 1, it is obviously a palindrome string; For a substring of length 2, it is a palindrome as long as its two letters are the same.\"},\n{\"Clue of Step 4\": \"We also need to consider the the cyclic order of dynamic programming. In the state transition equation, we are moving from a shorter string to a longer string.\"},\n{\"Clue of Step 5\": \"The final answer is the maximum length of the valid sub-strings.\"}\n]\n```\nYou can refer to the following example and generate step-by-step clues for the given problem.\n\n\n-----Clues-----\nClue of Step 1: We need to iterate through the string and try to construct the target alphabet subsequence by selecting characters that can be incrementally moved to the next required character in the alphabet sequence.\n", "Clue of Step 2: If a character in the string can be transformed into the current expected alphabet character, we should replace it (mentally or by storing transformations). Once we have matched all characters in the alphabet sequence, we can stop the iteration early if the string is long enough.\n", "Clue of Step 2: We need to maintain a pointer that tracks the current character we expect from the target alphabet sequence. As we iterate through the string, each time we encounter a character that can be incrementally moved to this expected character, we move the pointer forward in the alphabet.\n"], ["\nYou will be given a problem desciption.\n\nPlease analyze the problem and generate step-by-step clues of how to solve the problem with executable python code.\n\nThe problem:\n\n\nQUESTION:\nYou are given a string s consisting of |s| small english letters.\n\nIn one move you can replace any character of this string to the next character in alphabetical order (a will be replaced with b, s will be replaced with t, etc.). You cannot replace letter z with any other letter.\n\nYour target is to make some number of moves (not necessary minimal) to get string abcdefghijklmnopqrstuvwxyz (english alphabet) as a subsequence. Subsequence of the string is the string that is obtained by deleting characters at some positions. You need to print the string that will be obtained from the given string and will be contain english alphabet as a subsequence or say that it is impossible.\n\n\n-----Input-----\n\nThe only one line of the input consisting of the string s consisting of |s| (1 \u2264 |s| \u2264 10^5) small english letters.\n\n\n-----Output-----\n\nIf you can get a string that can be obtained from the given string and will contain english alphabet as a subsequence, print it. Otherwise print \u00ab-1\u00bb (without quotes).\n\n\n-----Examples-----\nInput\naacceeggiikkmmooqqssuuwwyy\n\nOutput\nabcdefghijklmnopqrstuvwxyz\n\nInput\nthereisnoanswer\n\nOutput\n-1\nUse Standard Input format\nANSWER:\n\n\nAn example of step-by-step clues for finding the longest palindrome substring is displayed below:\n\n```json\n[\n{\"Clue of Step 1\": \"For a substring, if it is a palindrome and the length is greater than 2, it is still a palindrome after the first and last letters are removed. According to this idea, we can use dynamic programming to solve this problem.\"},\n{\"Clue of Step 2\": \"Then we should consider the state transition function. We use P(i,j) to indicate whether the string composed of the i-th to j-th letters of the string s (denoted as as s[i:j]) is a palindrome string. s[i:j] is a palindrome only if s[i+1:j\u22121] is a palindrome and the i and j letters of s are the same.\"},\n{\"Clue of Step 3\": \"We also need to consider the boundary conditions in dynamic programming. For a substring of length 1, it is obviously a palindrome string; For a substring of length 2, it is a palindrome as long as its two letters are the same.\"},\n{\"Clue of Step 4\": \"We also need to consider the the cyclic order of dynamic programming. In the state transition equation, we are moving from a shorter string to a longer string.\"},\n{\"Clue of Step 5\": \"The final answer is the maximum length of the valid sub-strings.\"}\n]\n```\nYou can refer to the following example and generate step-by-step clues for the given problem.\n\n\n-----Clues-----\nClue of Step 1: We need to iterate through the string and try to construct the target alphabet subsequence by selecting characters that can be incrementally moved to the next required character in the alphabet sequence.\n", "Clue of Step 2: We should handle the case where some characters in the string cannot be transformed into any required alphabet character. In such cases, we continue iterating but do not move the pointer forward in the alphabet sequence.\n", "Clue of Step 2: We need to have a pointer or index that tracks our position in the target alphabet string, allowing us to confirm that we are building the sequence in the correct order.\n"], ["\nYou will be given a problem desciption.\n\nPlease analyze the problem and generate step-by-step clues of how to solve the problem with executable python code.\n\nThe problem:\n\n\nQUESTION:\nYou are given a string s consisting of |s| small english letters.\n\nIn one move you can replace any character of this string to the next character in alphabetical order (a will be replaced with b, s will be replaced with t, etc.). You cannot replace letter z with any other letter.\n\nYour target is to make some number of moves (not necessary minimal) to get string abcdefghijklmnopqrstuvwxyz (english alphabet) as a subsequence. Subsequence of the string is the string that is obtained by deleting characters at some positions. You need to print the string that will be obtained from the given string and will be contain english alphabet as a subsequence or say that it is impossible.\n\n\n-----Input-----\n\nThe only one line of the input consisting of the string s consisting of |s| (1 \u2264 |s| \u2264 10^5) small english letters.\n\n\n-----Output-----\n\nIf you can get a string that can be obtained from the given string and will contain english alphabet as a subsequence, print it. Otherwise print \u00ab-1\u00bb (without quotes).\n\n\n-----Examples-----\nInput\naacceeggiikkmmooqqssuuwwyy\n\nOutput\nabcdefghijklmnopqrstuvwxyz\n\nInput\nthereisnoanswer\n\nOutput\n-1\nUse Standard Input format\nANSWER:\n\n\nAn example of step-by-step clues for finding the longest palindrome substring is displayed below:\n\n```json\n[\n{\"Clue of Step 1\": \"For a substring, if it is a palindrome and the length is greater than 2, it is still a palindrome after the first and last letters are removed. According to this idea, we can use dynamic programming to solve this problem.\"},\n{\"Clue of Step 2\": \"Then we should consider the state transition function. We use P(i,j) to indicate whether the string composed of the i-th to j-th letters of the string s (denoted as as s[i:j]) is a palindrome string. s[i:j] is a palindrome only if s[i+1:j\u22121] is a palindrome and the i and j letters of s are the same.\"},\n{\"Clue of Step 3\": \"We also need to consider the boundary conditions in dynamic programming. For a substring of length 1, it is obviously a palindrome string; For a substring of length 2, it is a palindrome as long as its two letters are the same.\"},\n{\"Clue of Step 4\": \"We also need to consider the the cyclic order of dynamic programming. In the state transition equation, we are moving from a shorter string to a longer string.\"},\n{\"Clue of Step 5\": \"The final answer is the maximum length of the valid sub-strings.\"}\n]\n```\nYou can refer to the following example and generate step-by-step clues for the given problem.\n\n\n-----Clues-----\nClue of Step 1: We need to iterate through the string and try to construct the target alphabet subsequence by selecting characters that can be incrementally moved to the next required character in the alphabet sequence.\n", "Clue of Step 2: We should handle the case where some characters in the string cannot be transformed into any required alphabet character. In such cases, we continue iterating but do not move the pointer forward in the alphabet sequence.\n", "Clue of Step 2: We need to maintain a pointer that tracks the current character we expect from the target alphabet sequence. As we iterate through the string, each time we encounter a character that can be incrementally moved to this expected character, we move the pointer forward in the alphabet.\n"], ["\nYou will be given a problem desciption.\n\nPlease analyze the problem and generate step-by-step clues of how to solve the problem with executable python code.\n\nThe problem:\n\n\nQUESTION:\nYou are given a string s consisting of |s| small english letters.\n\nIn one move you can replace any character of this string to the next character in alphabetical order (a will be replaced with b, s will be replaced with t, etc.). You cannot replace letter z with any other letter.\n\nYour target is to make some number of moves (not necessary minimal) to get string abcdefghijklmnopqrstuvwxyz (english alphabet) as a subsequence. Subsequence of the string is the string that is obtained by deleting characters at some positions. You need to print the string that will be obtained from the given string and will be contain english alphabet as a subsequence or say that it is impossible.\n\n\n-----Input-----\n\nThe only one line of the input consisting of the string s consisting of |s| (1 \u2264 |s| \u2264 10^5) small english letters.\n\n\n-----Output-----\n\nIf you can get a string that can be obtained from the given string and will contain english alphabet as a subsequence, print it. Otherwise print \u00ab-1\u00bb (without quotes).\n\n\n-----Examples-----\nInput\naacceeggiikkmmooqqssuuwwyy\n\nOutput\nabcdefghijklmnopqrstuvwxyz\n\nInput\nthereisnoanswer\n\nOutput\n-1\nUse Standard Input format\nANSWER:\n\n\nAn example of step-by-step clues for finding the longest palindrome substring is displayed below:\n\n```json\n[\n{\"Clue of Step 1\": \"For a substring, if it is a palindrome and the length is greater than 2, it is still a palindrome after the first and last letters are removed. According to this idea, we can use dynamic programming to solve this problem.\"},\n{\"Clue of Step 2\": \"Then we should consider the state transition function. We use P(i,j) to indicate whether the string composed of the i-th to j-th letters of the string s (denoted as as s[i:j]) is a palindrome string. s[i:j] is a palindrome only if s[i+1:j\u22121] is a palindrome and the i and j letters of s are the same.\"},\n{\"Clue of Step 3\": \"We also need to consider the boundary conditions in dynamic programming. For a substring of length 1, it is obviously a palindrome string; For a substring of length 2, it is a palindrome as long as its two letters are the same.\"},\n{\"Clue of Step 4\": \"We also need to consider the the cyclic order of dynamic programming. In the state transition equation, we are moving from a shorter string to a longer string.\"},\n{\"Clue of Step 5\": \"The final answer is the maximum length of the valid sub-strings.\"}\n]\n```\nYou can refer to the following example and generate step-by-step clues for the given problem.\n\n\n-----Clues-----\nClue of Step 1: We should maintain a pointer or reference to the current character in the alphabet sequence that we are trying to match. As we iterate through the string, whenever we find a character that can be transformed into this target alphabet character, we include it in our result.\n", "Clue of Step 2: We need to initialize an empty result list that will eventually contain the characters of the resultant string, and start iterating through the given string 's'.\n", "Clue of Step 2: During the iteration of the string, for each character, we should check if it is equal to or comes before the current character in the target alphabet sequence we're aiming for.\n"], ["\nYou will be given a problem desciption.\n\nPlease analyze the problem and generate step-by-step clues of how to solve the problem with executable python code.\n\nThe problem:\n\n\nQUESTION:\nYou are given a string s consisting of |s| small english letters.\n\nIn one move you can replace any character of this string to the next character in alphabetical order (a will be replaced with b, s will be replaced with t, etc.). You cannot replace letter z with any other letter.\n\nYour target is to make some number of moves (not necessary minimal) to get string abcdefghijklmnopqrstuvwxyz (english alphabet) as a subsequence. Subsequence of the string is the string that is obtained by deleting characters at some positions. You need to print the string that will be obtained from the given string and will be contain english alphabet as a subsequence or say that it is impossible.\n\n\n-----Input-----\n\nThe only one line of the input consisting of the string s consisting of |s| (1 \u2264 |s| \u2264 10^5) small english letters.\n\n\n-----Output-----\n\nIf you can get a string that can be obtained from the given string and will contain english alphabet as a subsequence, print it. Otherwise print \u00ab-1\u00bb (without quotes).\n\n\n-----Examples-----\nInput\naacceeggiikkmmooqqssuuwwyy\n\nOutput\nabcdefghijklmnopqrstuvwxyz\n\nInput\nthereisnoanswer\n\nOutput\n-1\nUse Standard Input format\nANSWER:\n\n\nAn example of step-by-step clues for finding the longest palindrome substring is displayed below:\n\n```json\n[\n{\"Clue of Step 1\": \"For a substring, if it is a palindrome and the length is greater than 2, it is still a palindrome after the first and last letters are removed. According to this idea, we can use dynamic programming to solve this problem.\"},\n{\"Clue of Step 2\": \"Then we should consider the state transition function. We use P(i,j) to indicate whether the string composed of the i-th to j-th letters of the string s (denoted as as s[i:j]) is a palindrome string. s[i:j] is a palindrome only if s[i+1:j\u22121] is a palindrome and the i and j letters of s are the same.\"},\n{\"Clue of Step 3\": \"We also need to consider the boundary conditions in dynamic programming. For a substring of length 1, it is obviously a palindrome string; For a substring of length 2, it is a palindrome as long as its two letters are the same.\"},\n{\"Clue of Step 4\": \"We also need to consider the the cyclic order of dynamic programming. In the state transition equation, we are moving from a shorter string to a longer string.\"},\n{\"Clue of Step 5\": \"The final answer is the maximum length of the valid sub-strings.\"}\n]\n```\nYou can refer to the following example and generate step-by-step clues for the given problem.\n\n\n-----Clues-----\nClue of Step 1: We should maintain a pointer or reference to the current character in the alphabet sequence that we are trying to match. As we iterate through the string, whenever we find a character that can be transformed into this target alphabet character, we include it in our result.\n", "Clue of Step 2: If the current character in the iteration can be transformed to match the target letter, we should add it to our result list and advance our pointer to the next letter in the alphabet target.\n", "Clue of Step 2: During the iteration of the string, for each character, we should check if it is equal to or comes before the current character in the target alphabet sequence we're aiming for.\n"], ["\nYou will be given a problem desciption.\n\nPlease analyze the problem and generate step-by-step clues of how to solve the problem with executable python code.\n\nThe problem:\n\n\nQUESTION:\nYou are given a string s consisting of |s| small english letters.\n\nIn one move you can replace any character of this string to the next character in alphabetical order (a will be replaced with b, s will be replaced with t, etc.). You cannot replace letter z with any other letter.\n\nYour target is to make some number of moves (not necessary minimal) to get string abcdefghijklmnopqrstuvwxyz (english alphabet) as a subsequence. Subsequence of the string is the string that is obtained by deleting characters at some positions. You need to print the string that will be obtained from the given string and will be contain english alphabet as a subsequence or say that it is impossible.\n\n\n-----Input-----\n\nThe only one line of the input consisting of the string s consisting of |s| (1 \u2264 |s| \u2264 10^5) small english letters.\n\n\n-----Output-----\n\nIf you can get a string that can be obtained from the given string and will contain english alphabet as a subsequence, print it. Otherwise print \u00ab-1\u00bb (without quotes).\n\n\n-----Examples-----\nInput\naacceeggiikkmmooqqssuuwwyy\n\nOutput\nabcdefghijklmnopqrstuvwxyz\n\nInput\nthereisnoanswer\n\nOutput\n-1\nUse Standard Input format\nANSWER:\n\n\nAn example of step-by-step clues for finding the longest palindrome substring is displayed below:\n\n```json\n[\n{\"Clue of Step 1\": \"For a substring, if it is a palindrome and the length is greater than 2, it is still a palindrome after the first and last letters are removed. According to this idea, we can use dynamic programming to solve this problem.\"},\n{\"Clue of Step 2\": \"Then we should consider the state transition function. We use P(i,j) to indicate whether the string composed of the i-th to j-th letters of the string s (denoted as as s[i:j]) is a palindrome string. s[i:j] is a palindrome only if s[i+1:j\u22121] is a palindrome and the i and j letters of s are the same.\"},\n{\"Clue of Step 3\": \"We also need to consider the boundary conditions in dynamic programming. For a substring of length 1, it is obviously a palindrome string; For a substring of length 2, it is a palindrome as long as its two letters are the same.\"},\n{\"Clue of Step 4\": \"We also need to consider the the cyclic order of dynamic programming. In the state transition equation, we are moving from a shorter string to a longer string.\"},\n{\"Clue of Step 5\": \"The final answer is the maximum length of the valid sub-strings.\"}\n]\n```\nYou can refer to the following example and generate step-by-step clues for the given problem.\n\n\n-----Clues-----\nClue of Step 1: We should maintain a pointer or reference to the current character in the alphabet sequence that we are trying to match. As we iterate through the string, whenever we find a character that can be transformed into this target alphabet character, we include it in our result.\n", "Clue of Step 2: We need to ensure that after transformation, each character in the string can be mapped to the corresponding character in the alphabet sequence (i.e., 'a' to 'b', 'b' to 'c', ..., 'y' to 'z'). Thus, we should iterate over the input string and check if the current character can be incremented to match the current target alphabet character.\n", "Clue of Step 2: During the iteration of the string, for each character, we should check if it is equal to or comes before the current character in the target alphabet sequence we're aiming for.\n"], ["\nYou will be given a problem desciption.\n\nPlease analyze the problem and generate step-by-step clues of how to solve the problem with executable python code.\n\nThe problem:\n\n\nQUESTION:\nYou are given a string s consisting of |s| small english letters.\n\nIn one move you can replace any character of this string to the next character in alphabetical order (a will be replaced with b, s will be replaced with t, etc.). You cannot replace letter z with any other letter.\n\nYour target is to make some number of moves (not necessary minimal) to get string abcdefghijklmnopqrstuvwxyz (english alphabet) as a subsequence. Subsequence of the string is the string that is obtained by deleting characters at some positions. You need to print the string that will be obtained from the given string and will be contain english alphabet as a subsequence or say that it is impossible.\n\n\n-----Input-----\n\nThe only one line of the input consisting of the string s consisting of |s| (1 \u2264 |s| \u2264 10^5) small english letters.\n\n\n-----Output-----\n\nIf you can get a string that can be obtained from the given string and will contain english alphabet as a subsequence, print it. Otherwise print \u00ab-1\u00bb (without quotes).\n\n\n-----Examples-----\nInput\naacceeggiikkmmooqqssuuwwyy\n\nOutput\nabcdefghijklmnopqrstuvwxyz\n\nInput\nthereisnoanswer\n\nOutput\n-1\nUse Standard Input format\nANSWER:\n\n\nAn example of step-by-step clues for finding the longest palindrome substring is displayed below:\n\n```json\n[\n{\"Clue of Step 1\": \"For a substring, if it is a palindrome and the length is greater than 2, it is still a palindrome after the first and last letters are removed. According to this idea, we can use dynamic programming to solve this problem.\"},\n{\"Clue of Step 2\": \"Then we should consider the state transition function. We use P(i,j) to indicate whether the string composed of the i-th to j-th letters of the string s (denoted as as s[i:j]) is a palindrome string. s[i:j] is a palindrome only if s[i+1:j\u22121] is a palindrome and the i and j letters of s are the same.\"},\n{\"Clue of Step 3\": \"We also need to consider the boundary conditions in dynamic programming. For a substring of length 1, it is obviously a palindrome string; For a substring of length 2, it is a palindrome as long as its two letters are the same.\"},\n{\"Clue of Step 4\": \"We also need to consider the the cyclic order of dynamic programming. In the state transition equation, we are moving from a shorter string to a longer string.\"},\n{\"Clue of Step 5\": \"The final answer is the maximum length of the valid sub-strings.\"}\n]\n```\nYou can refer to the following example and generate step-by-step clues for the given problem.\n\n\n-----Clues-----\nClue of Step 1: We should maintain a pointer or reference to the current character in the alphabet sequence that we are trying to match. As we iterate through the string, whenever we find a character that can be transformed into this target alphabet character, we include it in our result.\n", "Clue of Step 2: To maintain the subsequence property, we should skip some characters in the input string when they cannot be transformed into the current target alphabet character. Thus, we need to filter the input string and keep only those characters that can contribute to forming the alphabet sequence.\n", "Clue of Step 2: During the iteration of the string, for each character, we should check if it is equal to or comes before the current character in the target alphabet sequence we're aiming for.\n"], ["\nYou will be given a problem desciption.\n\nPlease analyze the problem and generate step-by-step clues of how to solve the problem with executable python code.\n\nThe problem:\n\n\nQUESTION:\nYou are given a string s consisting of |s| small english letters.\n\nIn one move you can replace any character of this string to the next character in alphabetical order (a will be replaced with b, s will be replaced with t, etc.). You cannot replace letter z with any other letter.\n\nYour target is to make some number of moves (not necessary minimal) to get string abcdefghijklmnopqrstuvwxyz (english alphabet) as a subsequence. Subsequence of the string is the string that is obtained by deleting characters at some positions. You need to print the string that will be obtained from the given string and will be contain english alphabet as a subsequence or say that it is impossible.\n\n\n-----Input-----\n\nThe only one line of the input consisting of the string s consisting of |s| (1 \u2264 |s| \u2264 10^5) small english letters.\n\n\n-----Output-----\n\nIf you can get a string that can be obtained from the given string and will contain english alphabet as a subsequence, print it. Otherwise print \u00ab-1\u00bb (without quotes).\n\n\n-----Examples-----\nInput\naacceeggiikkmmooqqssuuwwyy\n\nOutput\nabcdefghijklmnopqrstuvwxyz\n\nInput\nthereisnoanswer\n\nOutput\n-1\nUse Standard Input format\nANSWER:\n\n\nAn example of step-by-step clues for finding the longest palindrome substring is displayed below:\n\n```json\n[\n{\"Clue of Step 1\": \"For a substring, if it is a palindrome and the length is greater than 2, it is still a palindrome after the first and last letters are removed. According to this idea, we can use dynamic programming to solve this problem.\"},\n{\"Clue of Step 2\": \"Then we should consider the state transition function. We use P(i,j) to indicate whether the string composed of the i-th to j-th letters of the string s (denoted as as s[i:j]) is a palindrome string. s[i:j] is a palindrome only if s[i+1:j\u22121] is a palindrome and the i and j letters of s are the same.\"},\n{\"Clue of Step 3\": \"We also need to consider the boundary conditions in dynamic programming. For a substring of length 1, it is obviously a palindrome string; For a substring of length 2, it is a palindrome as long as its two letters are the same.\"},\n{\"Clue of Step 4\": \"We also need to consider the the cyclic order of dynamic programming. In the state transition equation, we are moving from a shorter string to a longer string.\"},\n{\"Clue of Step 5\": \"The final answer is the maximum length of the valid sub-strings.\"}\n]\n```\nYou can refer to the following example and generate step-by-step clues for the given problem.\n\n\n-----Clues-----\nClue of Step 1: We should maintain a pointer or reference to the current character in the alphabet sequence that we are trying to match. As we iterate through the string, whenever we find a character that can be transformed into this target alphabet character, we include it in our result.\n", "Clue of Step 2: If at any point, we encounter a character in the input string that cannot be transformed into the current target alphabet character and there are remaining letters in the alphabet sequence that haven't been matched, it is impossible to form the alphabet subsequence. In such cases, we should output '-1'.\n", "Clue of Step 2: During the iteration of the string, for each character, we should check if it is equal to or comes before the current character in the target alphabet sequence we're aiming for.\n"], ["\nYou will be given a problem desciption.\n\nPlease analyze the problem and generate step-by-step clues of how to solve the problem with executable python code.\n\nThe problem:\n\n\nQUESTION:\nYou are given a string s consisting of |s| small english letters.\n\nIn one move you can replace any character of this string to the next character in alphabetical order (a will be replaced with b, s will be replaced with t, etc.). You cannot replace letter z with any other letter.\n\nYour target is to make some number of moves (not necessary minimal) to get string abcdefghijklmnopqrstuvwxyz (english alphabet) as a subsequence. Subsequence of the string is the string that is obtained by deleting characters at some positions. You need to print the string that will be obtained from the given string and will be contain english alphabet as a subsequence or say that it is impossible.\n\n\n-----Input-----\n\nThe only one line of the input consisting of the string s consisting of |s| (1 \u2264 |s| \u2264 10^5) small english letters.\n\n\n-----Output-----\n\nIf you can get a string that can be obtained from the given string and will contain english alphabet as a subsequence, print it. Otherwise print \u00ab-1\u00bb (without quotes).\n\n\n-----Examples-----\nInput\naacceeggiikkmmooqqssuuwwyy\n\nOutput\nabcdefghijklmnopqrstuvwxyz\n\nInput\nthereisnoanswer\n\nOutput\n-1\nUse Standard Input format\nANSWER:\n\n\nAn example of step-by-step clues for finding the longest palindrome substring is displayed below:\n\n```json\n[\n{\"Clue of Step 1\": \"For a substring, if it is a palindrome and the length is greater than 2, it is still a palindrome after the first and last letters are removed. According to this idea, we can use dynamic programming to solve this problem.\"},\n{\"Clue of Step 2\": \"Then we should consider the state transition function. We use P(i,j) to indicate whether the string composed of the i-th to j-th letters of the string s (denoted as as s[i:j]) is a palindrome string. s[i:j] is a palindrome only if s[i+1:j\u22121] is a palindrome and the i and j letters of s are the same.\"},\n{\"Clue of Step 3\": \"We also need to consider the boundary conditions in dynamic programming. For a substring of length 1, it is obviously a palindrome string; For a substring of length 2, it is a palindrome as long as its two letters are the same.\"},\n{\"Clue of Step 4\": \"We also need to consider the the cyclic order of dynamic programming. In the state transition equation, we are moving from a shorter string to a longer string.\"},\n{\"Clue of Step 5\": \"The final answer is the maximum length of the valid sub-strings.\"}\n]\n```\nYou can refer to the following example and generate step-by-step clues for the given problem.\n\n\n-----Clues-----\nClue of Step 1: We can keep track of the minimum set of transformations needed for each letter in the string to match the required alphabet sequence. If at any point we cannot match the next required alphabet character, we should output -1.\n", "Clue of Step 2: We need to create a pointer or index for the target alphabet (abcdefghijklmnopqrstuvwxyz) and iterate through the given string while checking if the current character can be transformed to the current target character.\n", "Clue of Step 2: We should iterate over the given string and check if we can find characters in sequential alphabetical order. Keep track of the current target character from the alphabet sequence that we are looking for.\n"], ["\nYou will be given a problem desciption.\n\nPlease analyze the problem and generate step-by-step clues of how to solve the problem with executable python code.\n\nThe problem:\n\n\nQUESTION:\nYou are given a string s consisting of |s| small english letters.\n\nIn one move you can replace any character of this string to the next character in alphabetical order (a will be replaced with b, s will be replaced with t, etc.). You cannot replace letter z with any other letter.\n\nYour target is to make some number of moves (not necessary minimal) to get string abcdefghijklmnopqrstuvwxyz (english alphabet) as a subsequence. Subsequence of the string is the string that is obtained by deleting characters at some positions. You need to print the string that will be obtained from the given string and will be contain english alphabet as a subsequence or say that it is impossible.\n\n\n-----Input-----\n\nThe only one line of the input consisting of the string s consisting of |s| (1 \u2264 |s| \u2264 10^5) small english letters.\n\n\n-----Output-----\n\nIf you can get a string that can be obtained from the given string and will contain english alphabet as a subsequence, print it. Otherwise print \u00ab-1\u00bb (without quotes).\n\n\n-----Examples-----\nInput\naacceeggiikkmmooqqssuuwwyy\n\nOutput\nabcdefghijklmnopqrstuvwxyz\n\nInput\nthereisnoanswer\n\nOutput\n-1\nUse Standard Input format\nANSWER:\n\n\nAn example of step-by-step clues for finding the longest palindrome substring is displayed below:\n\n```json\n[\n{\"Clue of Step 1\": \"For a substring, if it is a palindrome and the length is greater than 2, it is still a palindrome after the first and last letters are removed. According to this idea, we can use dynamic programming to solve this problem.\"},\n{\"Clue of Step 2\": \"Then we should consider the state transition function. We use P(i,j) to indicate whether the string composed of the i-th to j-th letters of the string s (denoted as as s[i:j]) is a palindrome string. s[i:j] is a palindrome only if s[i+1:j\u22121] is a palindrome and the i and j letters of s are the same.\"},\n{\"Clue of Step 3\": \"We also need to consider the boundary conditions in dynamic programming. For a substring of length 1, it is obviously a palindrome string; For a substring of length 2, it is a palindrome as long as its two letters are the same.\"},\n{\"Clue of Step 4\": \"We also need to consider the the cyclic order of dynamic programming. In the state transition equation, we are moving from a shorter string to a longer string.\"},\n{\"Clue of Step 5\": \"The final answer is the maximum length of the valid sub-strings.\"}\n]\n```\nYou can refer to the following example and generate step-by-step clues for the given problem.\n\n\n-----Clues-----\nClue of Step 1: We can keep track of the minimum set of transformations needed for each letter in the string to match the required alphabet sequence. If at any point we cannot match the next required alphabet character, we should output -1.\n", "Clue of Step 2: For each character in the input string, if it can be transformed to match the current target character (i.e., the current character is less than or equal to the target character), we should proceed to the next character in both the input string and the target string.\n", "Clue of Step 2: We should iterate over the given string and check if we can find characters in sequential alphabetical order. Keep track of the current target character from the alphabet sequence that we are looking for.\n"], ["\nYou will be given a problem desciption.\n\nPlease analyze the problem and generate step-by-step clues of how to solve the problem with executable python code.\n\nThe problem:\n\n\nQUESTION:\nYou are given a string s consisting of |s| small english letters.\n\nIn one move you can replace any character of this string to the next character in alphabetical order (a will be replaced with b, s will be replaced with t, etc.). You cannot replace letter z with any other letter.\n\nYour target is to make some number of moves (not necessary minimal) to get string abcdefghijklmnopqrstuvwxyz (english alphabet) as a subsequence. Subsequence of the string is the string that is obtained by deleting characters at some positions. You need to print the string that will be obtained from the given string and will be contain english alphabet as a subsequence or say that it is impossible.\n\n\n-----Input-----\n\nThe only one line of the input consisting of the string s consisting of |s| (1 \u2264 |s| \u2264 10^5) small english letters.\n\n\n-----Output-----\n\nIf you can get a string that can be obtained from the given string and will contain english alphabet as a subsequence, print it. Otherwise print \u00ab-1\u00bb (without quotes).\n\n\n-----Examples-----\nInput\naacceeggiikkmmooqqssuuwwyy\n\nOutput\nabcdefghijklmnopqrstuvwxyz\n\nInput\nthereisnoanswer\n\nOutput\n-1\nUse Standard Input format\nANSWER:\n\n\nAn example of step-by-step clues for finding the longest palindrome substring is displayed below:\n\n```json\n[\n{\"Clue of Step 1\": \"For a substring, if it is a palindrome and the length is greater than 2, it is still a palindrome after the first and last letters are removed. According to this idea, we can use dynamic programming to solve this problem.\"},\n{\"Clue of Step 2\": \"Then we should consider the state transition function. We use P(i,j) to indicate whether the string composed of the i-th to j-th letters of the string s (denoted as as s[i:j]) is a palindrome string. s[i:j] is a palindrome only if s[i+1:j\u22121] is a palindrome and the i and j letters of s are the same.\"},\n{\"Clue of Step 3\": \"We also need to consider the boundary conditions in dynamic programming. For a substring of length 1, it is obviously a palindrome string; For a substring of length 2, it is a palindrome as long as its two letters are the same.\"},\n{\"Clue of Step 4\": \"We also need to consider the the cyclic order of dynamic programming. In the state transition equation, we are moving from a shorter string to a longer string.\"},\n{\"Clue of Step 5\": \"The final answer is the maximum length of the valid sub-strings.\"}\n]\n```\nYou can refer to the following example and generate step-by-step clues for the given problem.\n\n\n-----Clues-----\nClue of Step 1: We can keep track of the minimum set of transformations needed for each letter in the string to match the required alphabet sequence. If at any point we cannot match the next required alphabet character, we should output -1.\n", "Clue of Step 2: We should build a new string that collects all transformed characters that correspond to the sequence in the target alphabet, making sure to include each character only if we can transform it as we go along.\n", "Clue of Step 2: We should iterate over the given string and check if we can find characters in sequential alphabetical order. Keep track of the current target character from the alphabet sequence that we are looking for.\n"], ["\nYou will be given a problem desciption.\n\nPlease analyze the problem and generate step-by-step clues of how to solve the problem with executable python code.\n\nThe problem:\n\n\nQUESTION:\nYou are given a string s consisting of |s| small english letters.\n\nIn one move you can replace any character of this string to the next character in alphabetical order (a will be replaced with b, s will be replaced with t, etc.). You cannot replace letter z with any other letter.\n\nYour target is to make some number of moves (not necessary minimal) to get string abcdefghijklmnopqrstuvwxyz (english alphabet) as a subsequence. Subsequence of the string is the string that is obtained by deleting characters at some positions. You need to print the string that will be obtained from the given string and will be contain english alphabet as a subsequence or say that it is impossible.\n\n\n-----Input-----\n\nThe only one line of the input consisting of the string s consisting of |s| (1 \u2264 |s| \u2264 10^5) small english letters.\n\n\n-----Output-----\n\nIf you can get a string that can be obtained from the given string and will contain english alphabet as a subsequence, print it. Otherwise print \u00ab-1\u00bb (without quotes).\n\n\n-----Examples-----\nInput\naacceeggiikkmmooqqssuuwwyy\n\nOutput\nabcdefghijklmnopqrstuvwxyz\n\nInput\nthereisnoanswer\n\nOutput\n-1\nUse Standard Input format\nANSWER:\n\n\nAn example of step-by-step clues for finding the longest palindrome substring is displayed below:\n\n```json\n[\n{\"Clue of Step 1\": \"For a substring, if it is a palindrome and the length is greater than 2, it is still a palindrome after the first and last letters are removed. According to this idea, we can use dynamic programming to solve this problem.\"},\n{\"Clue of Step 2\": \"Then we should consider the state transition function. We use P(i,j) to indicate whether the string composed of the i-th to j-th letters of the string s (denoted as as s[i:j]) is a palindrome string. s[i:j] is a palindrome only if s[i+1:j\u22121] is a palindrome and the i and j letters of s are the same.\"},\n{\"Clue of Step 3\": \"We also need to consider the boundary conditions in dynamic programming. For a substring of length 1, it is obviously a palindrome string; For a substring of length 2, it is a palindrome as long as its two letters are the same.\"},\n{\"Clue of Step 4\": \"We also need to consider the the cyclic order of dynamic programming. In the state transition equation, we are moving from a shorter string to a longer string.\"},\n{\"Clue of Step 5\": \"The final answer is the maximum length of the valid sub-strings.\"}\n]\n```\nYou can refer to the following example and generate step-by-step clues for the given problem.\n\n\n-----Clues-----\nClue of Step 1: We can keep track of the minimum set of transformations needed for each letter in the string to match the required alphabet sequence. If at any point we cannot match the next required alphabet character, we should output -1.\n", "Clue of Step 2: If the current character in the string matches the target alphabet character, move to the next target character. If it doesn't match, check if it can be transformed to the target character using the problem's allowed transformation rules.\n", "Clue of Step 2: We should iterate over the given string and check if we can find characters in sequential alphabetical order. Keep track of the current target character from the alphabet sequence that we are looking for.\n"], ["\nYou will be given a problem desciption.\n\nPlease analyze the problem and generate step-by-step clues of how to solve the problem with executable python code.\n\nThe problem:\n\n\nQUESTION:\nYou are given a string s consisting of |s| small english letters.\n\nIn one move you can replace any character of this string to the next character in alphabetical order (a will be replaced with b, s will be replaced with t, etc.). You cannot replace letter z with any other letter.\n\nYour target is to make some number of moves (not necessary minimal) to get string abcdefghijklmnopqrstuvwxyz (english alphabet) as a subsequence. Subsequence of the string is the string that is obtained by deleting characters at some positions. You need to print the string that will be obtained from the given string and will be contain english alphabet as a subsequence or say that it is impossible.\n\n\n-----Input-----\n\nThe only one line of the input consisting of the string s consisting of |s| (1 \u2264 |s| \u2264 10^5) small english letters.\n\n\n-----Output-----\n\nIf you can get a string that can be obtained from the given string and will contain english alphabet as a subsequence, print it. Otherwise print \u00ab-1\u00bb (without quotes).\n\n\n-----Examples-----\nInput\naacceeggiikkmmooqqssuuwwyy\n\nOutput\nabcdefghijklmnopqrstuvwxyz\n\nInput\nthereisnoanswer\n\nOutput\n-1\nUse Standard Input format\nANSWER:\n\n\nAn example of step-by-step clues for finding the longest palindrome substring is displayed below:\n\n```json\n[\n{\"Clue of Step 1\": \"For a substring, if it is a palindrome and the length is greater than 2, it is still a palindrome after the first and last letters are removed. According to this idea, we can use dynamic programming to solve this problem.\"},\n{\"Clue of Step 2\": \"Then we should consider the state transition function. We use P(i,j) to indicate whether the string composed of the i-th to j-th letters of the string s (denoted as as s[i:j]) is a palindrome string. s[i:j] is a palindrome only if s[i+1:j\u22121] is a palindrome and the i and j letters of s are the same.\"},\n{\"Clue of Step 3\": \"We also need to consider the boundary conditions in dynamic programming. For a substring of length 1, it is obviously a palindrome string; For a substring of length 2, it is a palindrome as long as its two letters are the same.\"},\n{\"Clue of Step 4\": \"We also need to consider the the cyclic order of dynamic programming. In the state transition equation, we are moving from a shorter string to a longer string.\"},\n{\"Clue of Step 5\": \"The final answer is the maximum length of the valid sub-strings.\"}\n]\n```\nYou can refer to the following example and generate step-by-step clues for the given problem.\n\n\n-----Clues-----\nClue of Step 1: We can keep track of the minimum set of transformations needed for each letter in the string to match the required alphabet sequence. If at any point we cannot match the next required alphabet character, we should output -1.\n", "Clue of Step 2: If we encounter a character that cannot be transformed into the current target alphabet character, it is impossible to form the required subsequence, and we should output '-1'.\n", "Clue of Step 2: We should iterate over the given string and check if we can find characters in sequential alphabetical order. Keep track of the current target character from the alphabet sequence that we are looking for.\n"]], "SFT": ["\nYou will be given a problem desciption.\n\nPlease analyze the problem and generate step-by-step clues of how to solve the problem with executable python code.\n\nThe problem:\n\n\nQUESTION:\nYou are given a string s consisting of |s| small english letters.\n\nIn one move you can replace any character of this string to the next character in alphabetical order (a will be replaced with b, s will be replaced with t, etc.). You cannot replace letter z with any other letter.\n\nYour target is to make some number of moves (not necessary minimal) to get string abcdefghijklmnopqrstuvwxyz (english alphabet) as a subsequence. Subsequence of the string is the string that is obtained by deleting characters at some positions. You need to print the string that will be obtained from the given string and will be contain english alphabet as a subsequence or say that it is impossible.\n\n\n-----Input-----\n\nThe only one line of the input consisting of the string s consisting of |s| (1 \u2264 |s| \u2264 10^5) small english letters.\n\n\n-----Output-----\n\nIf you can get a string that can be obtained from the given string and will contain english alphabet as a subsequence, print it. Otherwise print \u00ab-1\u00bb (without quotes).\n\n\n-----Examples-----\nInput\naacceeggiikkmmooqqssuuwwyy\n\nOutput\nabcdefghijklmnopqrstuvwxyz\n\nInput\nthereisnoanswer\n\nOutput\n-1\nUse Standard Input format\nANSWER:\n\n\nAn example of step-by-step clues for finding the longest palindrome substring is displayed below:\n\n```json\n[\n{\"Clue of Step 1\": \"For a substring, if it is a palindrome and the length is greater than 2, it is still a palindrome after the first and last letters are removed. According to this idea, we can use dynamic programming to solve this problem.\"},\n{\"Clue of Step 2\": \"Then we should consider the state transition function. We use P(i,j) to indicate whether the string composed of the i-th to j-th letters of the string s (denoted as as s[i:j]) is a palindrome string. s[i:j] is a palindrome only if s[i+1:j\u22121] is a palindrome and the i and j letters of s are the same.\"},\n{\"Clue of Step 3\": \"We also need to consider the boundary conditions in dynamic programming. For a substring of length 1, it is obviously a palindrome string; For a substring of length 2, it is a palindrome as long as its two letters are the same.\"},\n{\"Clue of Step 4\": \"We also need to consider the the cyclic order of dynamic programming. In the state transition equation, we are moving from a shorter string to a longer string.\"},\n{\"Clue of Step 5\": \"The final answer is the maximum length of the valid sub-strings.\"}\n]\n```\nYou can refer to the following example and generate step-by-step clues for the given problem.\n\n\n-----Clues-----\nClue of Step 1: We can maintain a pointer to the current target character in the sequence 'abcdefghijklmnopqrstuvwxyz' and try to replace characters in the string while keeping the sequence in mind.\n\nClue of Step 2: Initialize a pointer to the start of the target string 'abcdefghijklmnopqrstuvwxyz'. For each character in the input string, check if it can match or be transformed into the current target character. If it can, move the pointer to the next target character.\n", "```python\ndef can_construct_alphabet_subsequence(s):\n    target = 'abcdefghijklmnopqrstuvwxyz'\n    target_index = 0\n    result = list(s)\n\n    for i in range(len(s)):\n        if target_index < len(target) and s[i] <= target[target_index]:\n            result[i] = target[target_index]\n            target_index += 1\n\n    if target_index == len(target):\n        return ''.join(result)\n    else:\n        return '-1'\n\n# Reading input\ns = input().strip()\n# Output the result\nprint(can_construct_alphabet_subsequence(s))\n```"]}