{"StepDPO": [["\nYou will be given a problem desciption.\n\nPlease analyze the problem and generate step-by-step clues of how to solve the problem with executable python code.\n\nThe problem:\n\n\nQUESTION:\nOn the way to Rio de Janeiro Ostap kills time playing with a grasshopper he took with him in a special box. Ostap builds a line of length n such that some cells of this line are empty and some contain obstacles. Then, he places his grasshopper to one of the empty cells and a small insect in another empty cell. The grasshopper wants to eat the insect.\n\nOstap knows that grasshopper is able to jump to any empty cell that is exactly k cells away from the current (to the left or to the right). Note that it doesn't matter whether intermediate cells are empty or not as the grasshopper makes a jump over them. For example, if k = 1 the grasshopper can jump to a neighboring cell only, and if k = 2 the grasshopper can jump over a single cell.\n\nYour goal is to determine whether there is a sequence of jumps such that grasshopper will get from his initial position to the cell with an insect.\n\n\n-----Input-----\n\nThe first line of the input contains two integers n and k (2 \u2264 n \u2264 100, 1 \u2264 k \u2264 n - 1)\u00a0\u2014 the number of cells in the line and the length of one grasshopper's jump.\n\nThe second line contains a string of length n consisting of characters '.', '#', 'G' and 'T'. Character '.' means that the corresponding cell is empty, character '#' means that the corresponding cell contains an obstacle and grasshopper can't jump there. Character 'G' means that the grasshopper starts at this position and, finally, 'T' means that the target insect is located at this cell. It's guaranteed that characters 'G' and 'T' appear in this line exactly once.\n\n\n-----Output-----\n\nIf there exists a sequence of jumps (each jump of length k), such that the grasshopper can get from his initial position to the cell with the insect, print \"YES\" (without quotes) in the only line of the input. Otherwise, print \"NO\" (without quotes).\n\n\n-----Examples-----\nInput\n5 2\n#G#T#\n\nOutput\nYES\n\nInput\n6 1\nT....G\n\nOutput\nYES\n\nInput\n7 3\nT..#..G\n\nOutput\nNO\n\nInput\n6 2\n..GT..\n\nOutput\nNO\n\n\n\n-----Note-----\n\nIn the first sample, the grasshopper can make one jump to the right in order to get from cell 2 to cell 4.\n\nIn the second sample, the grasshopper is only able to jump to neighboring cells but the way to the insect is free\u00a0\u2014 he can get there by jumping left 5 times.\n\nIn the third sample, the grasshopper can't make a single jump.\n\nIn the fourth sample, the grasshopper can only jump to the cells with odd indices, thus he won't be able to reach the insect.\nUse Standard Input format\nANSWER:\n\n\nAn example of step-by-step clues for finding the longest palindrome substring is displayed below:\n\n```json\n[\n{\"Clue of Step 1\": \"For a substring, if it is a palindrome and the length is greater than 2, it is still a palindrome after the first and last letters are removed. According to this idea, we can use dynamic programming to solve this problem.\"},\n{\"Clue of Step 2\": \"Then we should consider the state transition function. We use P(i,j) to indicate whether the string composed of the i-th to j-th letters of the string s (denoted as as s[i:j]) is a palindrome string. s[i:j] is a palindrome only if s[i+1:j\u22121] is a palindrome and the i and j letters of s are the same.\"},\n{\"Clue of Step 3\": \"We also need to consider the boundary conditions in dynamic programming. For a substring of length 1, it is obviously a palindrome string; For a substring of length 2, it is a palindrome as long as its two letters are the same.\"},\n{\"Clue of Step 4\": \"We also need to consider the the cyclic order of dynamic programming. In the state transition equation, we are moving from a shorter string to a longer string.\"},\n{\"Clue of Step 5\": \"The final answer is the maximum length of the valid sub-strings.\"}\n]\n```\nYou can refer to the following example and generate step-by-step clues for the given problem.\n\n\n-----Clues-----\nClue of Step 1: First, parse the input to extract the number of cells (n) and jump distance (k), and the grid layout represented as a string. We need to identify the positions of 'G' (grasshopper) and 'T' (target/insect) within the string, and also mark the positions of obstacles represented by '#'.\n", "Clue of Step 2: Iterate through the cells starting from the index of the grasshopper ('G') to check if it can reach the index of the target ('T') based on the jump distance (k). For each step, check if the cell is either empty or the target, and if it is not an obstacle ('#').\n", "Clue of Step 2: Check if any of the possible jump positions (calculated based on k) matches the position of 'T' (the target/insect). If one of these positions matches the position of 'T', the grasshopper can reach the insect, and we can output 'YES'.\n"], ["\nYou will be given a problem desciption.\n\nPlease analyze the problem and generate step-by-step clues of how to solve the problem with executable python code.\n\nThe problem:\n\n\nQUESTION:\nOn the way to Rio de Janeiro Ostap kills time playing with a grasshopper he took with him in a special box. Ostap builds a line of length n such that some cells of this line are empty and some contain obstacles. Then, he places his grasshopper to one of the empty cells and a small insect in another empty cell. The grasshopper wants to eat the insect.\n\nOstap knows that grasshopper is able to jump to any empty cell that is exactly k cells away from the current (to the left or to the right). Note that it doesn't matter whether intermediate cells are empty or not as the grasshopper makes a jump over them. For example, if k = 1 the grasshopper can jump to a neighboring cell only, and if k = 2 the grasshopper can jump over a single cell.\n\nYour goal is to determine whether there is a sequence of jumps such that grasshopper will get from his initial position to the cell with an insect.\n\n\n-----Input-----\n\nThe first line of the input contains two integers n and k (2 \u2264 n \u2264 100, 1 \u2264 k \u2264 n - 1)\u00a0\u2014 the number of cells in the line and the length of one grasshopper's jump.\n\nThe second line contains a string of length n consisting of characters '.', '#', 'G' and 'T'. Character '.' means that the corresponding cell is empty, character '#' means that the corresponding cell contains an obstacle and grasshopper can't jump there. Character 'G' means that the grasshopper starts at this position and, finally, 'T' means that the target insect is located at this cell. It's guaranteed that characters 'G' and 'T' appear in this line exactly once.\n\n\n-----Output-----\n\nIf there exists a sequence of jumps (each jump of length k), such that the grasshopper can get from his initial position to the cell with the insect, print \"YES\" (without quotes) in the only line of the input. Otherwise, print \"NO\" (without quotes).\n\n\n-----Examples-----\nInput\n5 2\n#G#T#\n\nOutput\nYES\n\nInput\n6 1\nT....G\n\nOutput\nYES\n\nInput\n7 3\nT..#..G\n\nOutput\nNO\n\nInput\n6 2\n..GT..\n\nOutput\nNO\n\n\n\n-----Note-----\n\nIn the first sample, the grasshopper can make one jump to the right in order to get from cell 2 to cell 4.\n\nIn the second sample, the grasshopper is only able to jump to neighboring cells but the way to the insect is free\u00a0\u2014 he can get there by jumping left 5 times.\n\nIn the third sample, the grasshopper can't make a single jump.\n\nIn the fourth sample, the grasshopper can only jump to the cells with odd indices, thus he won't be able to reach the insect.\nUse Standard Input format\nANSWER:\n\n\nAn example of step-by-step clues for finding the longest palindrome substring is displayed below:\n\n```json\n[\n{\"Clue of Step 1\": \"For a substring, if it is a palindrome and the length is greater than 2, it is still a palindrome after the first and last letters are removed. According to this idea, we can use dynamic programming to solve this problem.\"},\n{\"Clue of Step 2\": \"Then we should consider the state transition function. We use P(i,j) to indicate whether the string composed of the i-th to j-th letters of the string s (denoted as as s[i:j]) is a palindrome string. s[i:j] is a palindrome only if s[i+1:j\u22121] is a palindrome and the i and j letters of s are the same.\"},\n{\"Clue of Step 3\": \"We also need to consider the boundary conditions in dynamic programming. For a substring of length 1, it is obviously a palindrome string; For a substring of length 2, it is a palindrome as long as its two letters are the same.\"},\n{\"Clue of Step 4\": \"We also need to consider the the cyclic order of dynamic programming. In the state transition equation, we are moving from a shorter string to a longer string.\"},\n{\"Clue of Step 5\": \"The final answer is the maximum length of the valid sub-strings.\"}\n]\n```\nYou can refer to the following example and generate step-by-step clues for the given problem.\n\n\n-----Clues-----\nClue of Step 1: First, parse the input to extract the number of cells (n) and jump distance (k), and the grid layout represented as a string. We need to identify the positions of 'G' (grasshopper) and 'T' (target/insect) within the string, and also mark the positions of obstacles represented by '#'.\n", "Clue of Step 2: During the iteration, compute both left and right jumps based on the value of k. For each position calculated, check if the current position is valid and if it matches the position of 'T'.\n", "Clue of Step 2: Check if any of the possible jump positions (calculated based on k) matches the position of 'T' (the target/insect). If one of these positions matches the position of 'T', the grasshopper can reach the insect, and we can output 'YES'.\n"], ["\nYou will be given a problem desciption.\n\nPlease analyze the problem and generate step-by-step clues of how to solve the problem with executable python code.\n\nThe problem:\n\n\nQUESTION:\nOn the way to Rio de Janeiro Ostap kills time playing with a grasshopper he took with him in a special box. Ostap builds a line of length n such that some cells of this line are empty and some contain obstacles. Then, he places his grasshopper to one of the empty cells and a small insect in another empty cell. The grasshopper wants to eat the insect.\n\nOstap knows that grasshopper is able to jump to any empty cell that is exactly k cells away from the current (to the left or to the right). Note that it doesn't matter whether intermediate cells are empty or not as the grasshopper makes a jump over them. For example, if k = 1 the grasshopper can jump to a neighboring cell only, and if k = 2 the grasshopper can jump over a single cell.\n\nYour goal is to determine whether there is a sequence of jumps such that grasshopper will get from his initial position to the cell with an insect.\n\n\n-----Input-----\n\nThe first line of the input contains two integers n and k (2 \u2264 n \u2264 100, 1 \u2264 k \u2264 n - 1)\u00a0\u2014 the number of cells in the line and the length of one grasshopper's jump.\n\nThe second line contains a string of length n consisting of characters '.', '#', 'G' and 'T'. Character '.' means that the corresponding cell is empty, character '#' means that the corresponding cell contains an obstacle and grasshopper can't jump there. Character 'G' means that the grasshopper starts at this position and, finally, 'T' means that the target insect is located at this cell. It's guaranteed that characters 'G' and 'T' appear in this line exactly once.\n\n\n-----Output-----\n\nIf there exists a sequence of jumps (each jump of length k), such that the grasshopper can get from his initial position to the cell with the insect, print \"YES\" (without quotes) in the only line of the input. Otherwise, print \"NO\" (without quotes).\n\n\n-----Examples-----\nInput\n5 2\n#G#T#\n\nOutput\nYES\n\nInput\n6 1\nT....G\n\nOutput\nYES\n\nInput\n7 3\nT..#..G\n\nOutput\nNO\n\nInput\n6 2\n..GT..\n\nOutput\nNO\n\n\n\n-----Note-----\n\nIn the first sample, the grasshopper can make one jump to the right in order to get from cell 2 to cell 4.\n\nIn the second sample, the grasshopper is only able to jump to neighboring cells but the way to the insect is free\u00a0\u2014 he can get there by jumping left 5 times.\n\nIn the third sample, the grasshopper can't make a single jump.\n\nIn the fourth sample, the grasshopper can only jump to the cells with odd indices, thus he won't be able to reach the insect.\nUse Standard Input format\nANSWER:\n\n\nAn example of step-by-step clues for finding the longest palindrome substring is displayed below:\n\n```json\n[\n{\"Clue of Step 1\": \"For a substring, if it is a palindrome and the length is greater than 2, it is still a palindrome after the first and last letters are removed. According to this idea, we can use dynamic programming to solve this problem.\"},\n{\"Clue of Step 2\": \"Then we should consider the state transition function. We use P(i,j) to indicate whether the string composed of the i-th to j-th letters of the string s (denoted as as s[i:j]) is a palindrome string. s[i:j] is a palindrome only if s[i+1:j\u22121] is a palindrome and the i and j letters of s are the same.\"},\n{\"Clue of Step 3\": \"We also need to consider the boundary conditions in dynamic programming. For a substring of length 1, it is obviously a palindrome string; For a substring of length 2, it is a palindrome as long as its two letters are the same.\"},\n{\"Clue of Step 4\": \"We also need to consider the the cyclic order of dynamic programming. In the state transition equation, we are moving from a shorter string to a longer string.\"},\n{\"Clue of Step 5\": \"The final answer is the maximum length of the valid sub-strings.\"}\n]\n```\nYou can refer to the following example and generate step-by-step clues for the given problem.\n\n\n-----Clues-----\nClue of Step 1: First, parse the input to extract the number of cells (n) and jump distance (k), and the grid layout represented as a string. We need to identify the positions of 'G' (grasshopper) and 'T' (target/insect) within the string, and also mark the positions of obstacles represented by '#'.\n", "Clue of Step 2: If a valid position of 'T' is reached during the iterations, print 'YES'. If the loop completes without reaching 'T', print 'NO'.\n", "Clue of Step 2: Check if any of the possible jump positions (calculated based on k) matches the position of 'T' (the target/insect). If one of these positions matches the position of 'T', the grasshopper can reach the insect, and we can output 'YES'.\n"], ["\nYou will be given a problem desciption.\n\nPlease analyze the problem and generate step-by-step clues of how to solve the problem with executable python code.\n\nThe problem:\n\n\nQUESTION:\nOn the way to Rio de Janeiro Ostap kills time playing with a grasshopper he took with him in a special box. Ostap builds a line of length n such that some cells of this line are empty and some contain obstacles. Then, he places his grasshopper to one of the empty cells and a small insect in another empty cell. The grasshopper wants to eat the insect.\n\nOstap knows that grasshopper is able to jump to any empty cell that is exactly k cells away from the current (to the left or to the right). Note that it doesn't matter whether intermediate cells are empty or not as the grasshopper makes a jump over them. For example, if k = 1 the grasshopper can jump to a neighboring cell only, and if k = 2 the grasshopper can jump over a single cell.\n\nYour goal is to determine whether there is a sequence of jumps such that grasshopper will get from his initial position to the cell with an insect.\n\n\n-----Input-----\n\nThe first line of the input contains two integers n and k (2 \u2264 n \u2264 100, 1 \u2264 k \u2264 n - 1)\u00a0\u2014 the number of cells in the line and the length of one grasshopper's jump.\n\nThe second line contains a string of length n consisting of characters '.', '#', 'G' and 'T'. Character '.' means that the corresponding cell is empty, character '#' means that the corresponding cell contains an obstacle and grasshopper can't jump there. Character 'G' means that the grasshopper starts at this position and, finally, 'T' means that the target insect is located at this cell. It's guaranteed that characters 'G' and 'T' appear in this line exactly once.\n\n\n-----Output-----\n\nIf there exists a sequence of jumps (each jump of length k), such that the grasshopper can get from his initial position to the cell with the insect, print \"YES\" (without quotes) in the only line of the input. Otherwise, print \"NO\" (without quotes).\n\n\n-----Examples-----\nInput\n5 2\n#G#T#\n\nOutput\nYES\n\nInput\n6 1\nT....G\n\nOutput\nYES\n\nInput\n7 3\nT..#..G\n\nOutput\nNO\n\nInput\n6 2\n..GT..\n\nOutput\nNO\n\n\n\n-----Note-----\n\nIn the first sample, the grasshopper can make one jump to the right in order to get from cell 2 to cell 4.\n\nIn the second sample, the grasshopper is only able to jump to neighboring cells but the way to the insect is free\u00a0\u2014 he can get there by jumping left 5 times.\n\nIn the third sample, the grasshopper can't make a single jump.\n\nIn the fourth sample, the grasshopper can only jump to the cells with odd indices, thus he won't be able to reach the insect.\nUse Standard Input format\nANSWER:\n\n\nAn example of step-by-step clues for finding the longest palindrome substring is displayed below:\n\n```json\n[\n{\"Clue of Step 1\": \"For a substring, if it is a palindrome and the length is greater than 2, it is still a palindrome after the first and last letters are removed. According to this idea, we can use dynamic programming to solve this problem.\"},\n{\"Clue of Step 2\": \"Then we should consider the state transition function. We use P(i,j) to indicate whether the string composed of the i-th to j-th letters of the string s (denoted as as s[i:j]) is a palindrome string. s[i:j] is a palindrome only if s[i+1:j\u22121] is a palindrome and the i and j letters of s are the same.\"},\n{\"Clue of Step 3\": \"We also need to consider the boundary conditions in dynamic programming. For a substring of length 1, it is obviously a palindrome string; For a substring of length 2, it is a palindrome as long as its two letters are the same.\"},\n{\"Clue of Step 4\": \"We also need to consider the the cyclic order of dynamic programming. In the state transition equation, we are moving from a shorter string to a longer string.\"},\n{\"Clue of Step 5\": \"The final answer is the maximum length of the valid sub-strings.\"}\n]\n```\nYou can refer to the following example and generate step-by-step clues for the given problem.\n\n\n-----Clues-----\nClue of Step 1: First, parse the input to extract the number of cells (n) and jump distance (k), and the grid layout represented as a string. We need to identify the positions of 'G' (grasshopper) and 'T' (target/insect) within the string, and also mark the positions of obstacles represented by '#'.\n", "Clue of Step 2: After identifying the positions of 'G' (grasshopper) and 'T' (target/insect), calculate the possible positions the grasshopper can jump to using the jump distance (k). The grasshopper can jump to any position that is exactly k cells away, either to the left or right, ignoring obstacles since it jumps over them.\n", "Clue of Step 2: Check if any of the possible jump positions (calculated based on k) matches the position of 'T' (the target/insect). If one of these positions matches the position of 'T', the grasshopper can reach the insect, and we can output 'YES'.\n"], ["\nYou will be given a problem desciption.\n\nPlease analyze the problem and generate step-by-step clues of how to solve the problem with executable python code.\n\nThe problem:\n\n\nQUESTION:\nOn the way to Rio de Janeiro Ostap kills time playing with a grasshopper he took with him in a special box. Ostap builds a line of length n such that some cells of this line are empty and some contain obstacles. Then, he places his grasshopper to one of the empty cells and a small insect in another empty cell. The grasshopper wants to eat the insect.\n\nOstap knows that grasshopper is able to jump to any empty cell that is exactly k cells away from the current (to the left or to the right). Note that it doesn't matter whether intermediate cells are empty or not as the grasshopper makes a jump over them. For example, if k = 1 the grasshopper can jump to a neighboring cell only, and if k = 2 the grasshopper can jump over a single cell.\n\nYour goal is to determine whether there is a sequence of jumps such that grasshopper will get from his initial position to the cell with an insect.\n\n\n-----Input-----\n\nThe first line of the input contains two integers n and k (2 \u2264 n \u2264 100, 1 \u2264 k \u2264 n - 1)\u00a0\u2014 the number of cells in the line and the length of one grasshopper's jump.\n\nThe second line contains a string of length n consisting of characters '.', '#', 'G' and 'T'. Character '.' means that the corresponding cell is empty, character '#' means that the corresponding cell contains an obstacle and grasshopper can't jump there. Character 'G' means that the grasshopper starts at this position and, finally, 'T' means that the target insect is located at this cell. It's guaranteed that characters 'G' and 'T' appear in this line exactly once.\n\n\n-----Output-----\n\nIf there exists a sequence of jumps (each jump of length k), such that the grasshopper can get from his initial position to the cell with the insect, print \"YES\" (without quotes) in the only line of the input. Otherwise, print \"NO\" (without quotes).\n\n\n-----Examples-----\nInput\n5 2\n#G#T#\n\nOutput\nYES\n\nInput\n6 1\nT....G\n\nOutput\nYES\n\nInput\n7 3\nT..#..G\n\nOutput\nNO\n\nInput\n6 2\n..GT..\n\nOutput\nNO\n\n\n\n-----Note-----\n\nIn the first sample, the grasshopper can make one jump to the right in order to get from cell 2 to cell 4.\n\nIn the second sample, the grasshopper is only able to jump to neighboring cells but the way to the insect is free\u00a0\u2014 he can get there by jumping left 5 times.\n\nIn the third sample, the grasshopper can't make a single jump.\n\nIn the fourth sample, the grasshopper can only jump to the cells with odd indices, thus he won't be able to reach the insect.\nUse Standard Input format\nANSWER:\n\n\nAn example of step-by-step clues for finding the longest palindrome substring is displayed below:\n\n```json\n[\n{\"Clue of Step 1\": \"For a substring, if it is a palindrome and the length is greater than 2, it is still a palindrome after the first and last letters are removed. According to this idea, we can use dynamic programming to solve this problem.\"},\n{\"Clue of Step 2\": \"Then we should consider the state transition function. We use P(i,j) to indicate whether the string composed of the i-th to j-th letters of the string s (denoted as as s[i:j]) is a palindrome string. s[i:j] is a palindrome only if s[i+1:j\u22121] is a palindrome and the i and j letters of s are the same.\"},\n{\"Clue of Step 3\": \"We also need to consider the boundary conditions in dynamic programming. For a substring of length 1, it is obviously a palindrome string; For a substring of length 2, it is a palindrome as long as its two letters are the same.\"},\n{\"Clue of Step 4\": \"We also need to consider the the cyclic order of dynamic programming. In the state transition equation, we are moving from a shorter string to a longer string.\"},\n{\"Clue of Step 5\": \"The final answer is the maximum length of the valid sub-strings.\"}\n]\n```\nYou can refer to the following example and generate step-by-step clues for the given problem.\n\n\n-----Clues-----\nClue of Step 1: First, parse the input to extract the number of cells (n) and jump distance (k), and the grid layout represented as a string. We need to identify the positions of 'G' (grasshopper) and 'T' (target/insect) within the string, and also mark the positions of obstacles represented by '#'.\n", "Clue of Step 2: Ensure that the grasshopper does not land on cells containing obstacles ('#'). While calculating possible jump positions, skip any position that contains an obstacle.\n", "Clue of Step 2: Check if any of the possible jump positions (calculated based on k) matches the position of 'T' (the target/insect). If one of these positions matches the position of 'T', the grasshopper can reach the insect, and we can output 'YES'.\n"], ["\nYou will be given a problem desciption.\n\nPlease analyze the problem and generate step-by-step clues of how to solve the problem with executable python code.\n\nThe problem:\n\n\nQUESTION:\nOn the way to Rio de Janeiro Ostap kills time playing with a grasshopper he took with him in a special box. Ostap builds a line of length n such that some cells of this line are empty and some contain obstacles. Then, he places his grasshopper to one of the empty cells and a small insect in another empty cell. The grasshopper wants to eat the insect.\n\nOstap knows that grasshopper is able to jump to any empty cell that is exactly k cells away from the current (to the left or to the right). Note that it doesn't matter whether intermediate cells are empty or not as the grasshopper makes a jump over them. For example, if k = 1 the grasshopper can jump to a neighboring cell only, and if k = 2 the grasshopper can jump over a single cell.\n\nYour goal is to determine whether there is a sequence of jumps such that grasshopper will get from his initial position to the cell with an insect.\n\n\n-----Input-----\n\nThe first line of the input contains two integers n and k (2 \u2264 n \u2264 100, 1 \u2264 k \u2264 n - 1)\u00a0\u2014 the number of cells in the line and the length of one grasshopper's jump.\n\nThe second line contains a string of length n consisting of characters '.', '#', 'G' and 'T'. Character '.' means that the corresponding cell is empty, character '#' means that the corresponding cell contains an obstacle and grasshopper can't jump there. Character 'G' means that the grasshopper starts at this position and, finally, 'T' means that the target insect is located at this cell. It's guaranteed that characters 'G' and 'T' appear in this line exactly once.\n\n\n-----Output-----\n\nIf there exists a sequence of jumps (each jump of length k), such that the grasshopper can get from his initial position to the cell with the insect, print \"YES\" (without quotes) in the only line of the input. Otherwise, print \"NO\" (without quotes).\n\n\n-----Examples-----\nInput\n5 2\n#G#T#\n\nOutput\nYES\n\nInput\n6 1\nT....G\n\nOutput\nYES\n\nInput\n7 3\nT..#..G\n\nOutput\nNO\n\nInput\n6 2\n..GT..\n\nOutput\nNO\n\n\n\n-----Note-----\n\nIn the first sample, the grasshopper can make one jump to the right in order to get from cell 2 to cell 4.\n\nIn the second sample, the grasshopper is only able to jump to neighboring cells but the way to the insect is free\u00a0\u2014 he can get there by jumping left 5 times.\n\nIn the third sample, the grasshopper can't make a single jump.\n\nIn the fourth sample, the grasshopper can only jump to the cells with odd indices, thus he won't be able to reach the insect.\nUse Standard Input format\nANSWER:\n\n\nAn example of step-by-step clues for finding the longest palindrome substring is displayed below:\n\n```json\n[\n{\"Clue of Step 1\": \"For a substring, if it is a palindrome and the length is greater than 2, it is still a palindrome after the first and last letters are removed. According to this idea, we can use dynamic programming to solve this problem.\"},\n{\"Clue of Step 2\": \"Then we should consider the state transition function. We use P(i,j) to indicate whether the string composed of the i-th to j-th letters of the string s (denoted as as s[i:j]) is a palindrome string. s[i:j] is a palindrome only if s[i+1:j\u22121] is a palindrome and the i and j letters of s are the same.\"},\n{\"Clue of Step 3\": \"We also need to consider the boundary conditions in dynamic programming. For a substring of length 1, it is obviously a palindrome string; For a substring of length 2, it is a palindrome as long as its two letters are the same.\"},\n{\"Clue of Step 4\": \"We also need to consider the the cyclic order of dynamic programming. In the state transition equation, we are moving from a shorter string to a longer string.\"},\n{\"Clue of Step 5\": \"The final answer is the maximum length of the valid sub-strings.\"}\n]\n```\nYou can refer to the following example and generate step-by-step clues for the given problem.\n\n\n-----Clues-----\nClue of Step 1: We should scan the input string to find the starting position of the grasshopper ('G') and the target position ('T'). Any cells containing obstacles ('#') should be noted as blocked and unreachable for the grasshopper.\n", "Clue of Step 2: Next, we should implement a loop to check each possible jump from the grasshopper's position. Starting from index 'G', we can use both right and left jumps with a distance of 'k' until we either find 'T' or reach the boundaries of the line.\n", "Clue of Step 2: We should maintain a while loop that continues as long as the current position is within the valid range of the line. For each valid jump (either to the right or left), we should check if that position contains 'T' or an obstacle '#'.\n"], ["\nYou will be given a problem desciption.\n\nPlease analyze the problem and generate step-by-step clues of how to solve the problem with executable python code.\n\nThe problem:\n\n\nQUESTION:\nOn the way to Rio de Janeiro Ostap kills time playing with a grasshopper he took with him in a special box. Ostap builds a line of length n such that some cells of this line are empty and some contain obstacles. Then, he places his grasshopper to one of the empty cells and a small insect in another empty cell. The grasshopper wants to eat the insect.\n\nOstap knows that grasshopper is able to jump to any empty cell that is exactly k cells away from the current (to the left or to the right). Note that it doesn't matter whether intermediate cells are empty or not as the grasshopper makes a jump over them. For example, if k = 1 the grasshopper can jump to a neighboring cell only, and if k = 2 the grasshopper can jump over a single cell.\n\nYour goal is to determine whether there is a sequence of jumps such that grasshopper will get from his initial position to the cell with an insect.\n\n\n-----Input-----\n\nThe first line of the input contains two integers n and k (2 \u2264 n \u2264 100, 1 \u2264 k \u2264 n - 1)\u00a0\u2014 the number of cells in the line and the length of one grasshopper's jump.\n\nThe second line contains a string of length n consisting of characters '.', '#', 'G' and 'T'. Character '.' means that the corresponding cell is empty, character '#' means that the corresponding cell contains an obstacle and grasshopper can't jump there. Character 'G' means that the grasshopper starts at this position and, finally, 'T' means that the target insect is located at this cell. It's guaranteed that characters 'G' and 'T' appear in this line exactly once.\n\n\n-----Output-----\n\nIf there exists a sequence of jumps (each jump of length k), such that the grasshopper can get from his initial position to the cell with the insect, print \"YES\" (without quotes) in the only line of the input. Otherwise, print \"NO\" (without quotes).\n\n\n-----Examples-----\nInput\n5 2\n#G#T#\n\nOutput\nYES\n\nInput\n6 1\nT....G\n\nOutput\nYES\n\nInput\n7 3\nT..#..G\n\nOutput\nNO\n\nInput\n6 2\n..GT..\n\nOutput\nNO\n\n\n\n-----Note-----\n\nIn the first sample, the grasshopper can make one jump to the right in order to get from cell 2 to cell 4.\n\nIn the second sample, the grasshopper is only able to jump to neighboring cells but the way to the insect is free\u00a0\u2014 he can get there by jumping left 5 times.\n\nIn the third sample, the grasshopper can't make a single jump.\n\nIn the fourth sample, the grasshopper can only jump to the cells with odd indices, thus he won't be able to reach the insect.\nUse Standard Input format\nANSWER:\n\n\nAn example of step-by-step clues for finding the longest palindrome substring is displayed below:\n\n```json\n[\n{\"Clue of Step 1\": \"For a substring, if it is a palindrome and the length is greater than 2, it is still a palindrome after the first and last letters are removed. According to this idea, we can use dynamic programming to solve this problem.\"},\n{\"Clue of Step 2\": \"Then we should consider the state transition function. We use P(i,j) to indicate whether the string composed of the i-th to j-th letters of the string s (denoted as as s[i:j]) is a palindrome string. s[i:j] is a palindrome only if s[i+1:j\u22121] is a palindrome and the i and j letters of s are the same.\"},\n{\"Clue of Step 3\": \"We also need to consider the boundary conditions in dynamic programming. For a substring of length 1, it is obviously a palindrome string; For a substring of length 2, it is a palindrome as long as its two letters are the same.\"},\n{\"Clue of Step 4\": \"We also need to consider the the cyclic order of dynamic programming. In the state transition equation, we are moving from a shorter string to a longer string.\"},\n{\"Clue of Step 5\": \"The final answer is the maximum length of the valid sub-strings.\"}\n]\n```\nYou can refer to the following example and generate step-by-step clues for the given problem.\n\n\n-----Clues-----\nClue of Step 1: We should scan the input string to find the starting position of the grasshopper ('G') and the target position ('T'). Any cells containing obstacles ('#') should be noted as blocked and unreachable for the grasshopper.\n", "Clue of Step 2: Next, we should implement a loop to check each possible jump from the grasshopper's position. Starting from index 'G', we can use both right and left jumps with a distance of 'k' until we either find 'T' or reach the boundaries of the line.\n", "Clue of Step 2: Given the jump length k, the grasshopper can jump to positions that are k cells away. We should generate all possible positions the grasshopper can jump to from its current position and check if any of these positions are within bounds and not blocked by obstacles ('#').\n"], ["\nYou will be given a problem desciption.\n\nPlease analyze the problem and generate step-by-step clues of how to solve the problem with executable python code.\n\nThe problem:\n\n\nQUESTION:\nOn the way to Rio de Janeiro Ostap kills time playing with a grasshopper he took with him in a special box. Ostap builds a line of length n such that some cells of this line are empty and some contain obstacles. Then, he places his grasshopper to one of the empty cells and a small insect in another empty cell. The grasshopper wants to eat the insect.\n\nOstap knows that grasshopper is able to jump to any empty cell that is exactly k cells away from the current (to the left or to the right). Note that it doesn't matter whether intermediate cells are empty or not as the grasshopper makes a jump over them. For example, if k = 1 the grasshopper can jump to a neighboring cell only, and if k = 2 the grasshopper can jump over a single cell.\n\nYour goal is to determine whether there is a sequence of jumps such that grasshopper will get from his initial position to the cell with an insect.\n\n\n-----Input-----\n\nThe first line of the input contains two integers n and k (2 \u2264 n \u2264 100, 1 \u2264 k \u2264 n - 1)\u00a0\u2014 the number of cells in the line and the length of one grasshopper's jump.\n\nThe second line contains a string of length n consisting of characters '.', '#', 'G' and 'T'. Character '.' means that the corresponding cell is empty, character '#' means that the corresponding cell contains an obstacle and grasshopper can't jump there. Character 'G' means that the grasshopper starts at this position and, finally, 'T' means that the target insect is located at this cell. It's guaranteed that characters 'G' and 'T' appear in this line exactly once.\n\n\n-----Output-----\n\nIf there exists a sequence of jumps (each jump of length k), such that the grasshopper can get from his initial position to the cell with the insect, print \"YES\" (without quotes) in the only line of the input. Otherwise, print \"NO\" (without quotes).\n\n\n-----Examples-----\nInput\n5 2\n#G#T#\n\nOutput\nYES\n\nInput\n6 1\nT....G\n\nOutput\nYES\n\nInput\n7 3\nT..#..G\n\nOutput\nNO\n\nInput\n6 2\n..GT..\n\nOutput\nNO\n\n\n\n-----Note-----\n\nIn the first sample, the grasshopper can make one jump to the right in order to get from cell 2 to cell 4.\n\nIn the second sample, the grasshopper is only able to jump to neighboring cells but the way to the insect is free\u00a0\u2014 he can get there by jumping left 5 times.\n\nIn the third sample, the grasshopper can't make a single jump.\n\nIn the fourth sample, the grasshopper can only jump to the cells with odd indices, thus he won't be able to reach the insect.\nUse Standard Input format\nANSWER:\n\n\nAn example of step-by-step clues for finding the longest palindrome substring is displayed below:\n\n```json\n[\n{\"Clue of Step 1\": \"For a substring, if it is a palindrome and the length is greater than 2, it is still a palindrome after the first and last letters are removed. According to this idea, we can use dynamic programming to solve this problem.\"},\n{\"Clue of Step 2\": \"Then we should consider the state transition function. We use P(i,j) to indicate whether the string composed of the i-th to j-th letters of the string s (denoted as as s[i:j]) is a palindrome string. s[i:j] is a palindrome only if s[i+1:j\u22121] is a palindrome and the i and j letters of s are the same.\"},\n{\"Clue of Step 3\": \"We also need to consider the boundary conditions in dynamic programming. For a substring of length 1, it is obviously a palindrome string; For a substring of length 2, it is a palindrome as long as its two letters are the same.\"},\n{\"Clue of Step 4\": \"We also need to consider the the cyclic order of dynamic programming. In the state transition equation, we are moving from a shorter string to a longer string.\"},\n{\"Clue of Step 5\": \"The final answer is the maximum length of the valid sub-strings.\"}\n]\n```\nYou can refer to the following example and generate step-by-step clues for the given problem.\n\n\n-----Clues-----\nClue of Step 1: We should scan the input string to find the starting position of the grasshopper ('G') and the target position ('T'). Any cells containing obstacles ('#') should be noted as blocked and unreachable for the grasshopper.\n", "Clue of Step 2: Finally, if we land on 'T' during our jump checks, we print 'YES'. If we exit the loop without finding 'T', we print 'NO'. It\u2019s important to check the constraints that prevent jumping to '#'.\n", "Clue of Step 2: We should maintain a while loop that continues as long as the current position is within the valid range of the line. For each valid jump (either to the right or left), we should check if that position contains 'T' or an obstacle '#'.\n"], ["\nYou will be given a problem desciption.\n\nPlease analyze the problem and generate step-by-step clues of how to solve the problem with executable python code.\n\nThe problem:\n\n\nQUESTION:\nOn the way to Rio de Janeiro Ostap kills time playing with a grasshopper he took with him in a special box. Ostap builds a line of length n such that some cells of this line are empty and some contain obstacles. Then, he places his grasshopper to one of the empty cells and a small insect in another empty cell. The grasshopper wants to eat the insect.\n\nOstap knows that grasshopper is able to jump to any empty cell that is exactly k cells away from the current (to the left or to the right). Note that it doesn't matter whether intermediate cells are empty or not as the grasshopper makes a jump over them. For example, if k = 1 the grasshopper can jump to a neighboring cell only, and if k = 2 the grasshopper can jump over a single cell.\n\nYour goal is to determine whether there is a sequence of jumps such that grasshopper will get from his initial position to the cell with an insect.\n\n\n-----Input-----\n\nThe first line of the input contains two integers n and k (2 \u2264 n \u2264 100, 1 \u2264 k \u2264 n - 1)\u00a0\u2014 the number of cells in the line and the length of one grasshopper's jump.\n\nThe second line contains a string of length n consisting of characters '.', '#', 'G' and 'T'. Character '.' means that the corresponding cell is empty, character '#' means that the corresponding cell contains an obstacle and grasshopper can't jump there. Character 'G' means that the grasshopper starts at this position and, finally, 'T' means that the target insect is located at this cell. It's guaranteed that characters 'G' and 'T' appear in this line exactly once.\n\n\n-----Output-----\n\nIf there exists a sequence of jumps (each jump of length k), such that the grasshopper can get from his initial position to the cell with the insect, print \"YES\" (without quotes) in the only line of the input. Otherwise, print \"NO\" (without quotes).\n\n\n-----Examples-----\nInput\n5 2\n#G#T#\n\nOutput\nYES\n\nInput\n6 1\nT....G\n\nOutput\nYES\n\nInput\n7 3\nT..#..G\n\nOutput\nNO\n\nInput\n6 2\n..GT..\n\nOutput\nNO\n\n\n\n-----Note-----\n\nIn the first sample, the grasshopper can make one jump to the right in order to get from cell 2 to cell 4.\n\nIn the second sample, the grasshopper is only able to jump to neighboring cells but the way to the insect is free\u00a0\u2014 he can get there by jumping left 5 times.\n\nIn the third sample, the grasshopper can't make a single jump.\n\nIn the fourth sample, the grasshopper can only jump to the cells with odd indices, thus he won't be able to reach the insect.\nUse Standard Input format\nANSWER:\n\n\nAn example of step-by-step clues for finding the longest palindrome substring is displayed below:\n\n```json\n[\n{\"Clue of Step 1\": \"For a substring, if it is a palindrome and the length is greater than 2, it is still a palindrome after the first and last letters are removed. According to this idea, we can use dynamic programming to solve this problem.\"},\n{\"Clue of Step 2\": \"Then we should consider the state transition function. We use P(i,j) to indicate whether the string composed of the i-th to j-th letters of the string s (denoted as as s[i:j]) is a palindrome string. s[i:j] is a palindrome only if s[i+1:j\u22121] is a palindrome and the i and j letters of s are the same.\"},\n{\"Clue of Step 3\": \"We also need to consider the boundary conditions in dynamic programming. For a substring of length 1, it is obviously a palindrome string; For a substring of length 2, it is a palindrome as long as its two letters are the same.\"},\n{\"Clue of Step 4\": \"We also need to consider the the cyclic order of dynamic programming. In the state transition equation, we are moving from a shorter string to a longer string.\"},\n{\"Clue of Step 5\": \"The final answer is the maximum length of the valid sub-strings.\"}\n]\n```\nYou can refer to the following example and generate step-by-step clues for the given problem.\n\n\n-----Clues-----\nClue of Step 1: We should scan the input string to find the starting position of the grasshopper ('G') and the target position ('T'). Any cells containing obstacles ('#') should be noted as blocked and unreachable for the grasshopper.\n", "Clue of Step 2: Finally, if we land on 'T' during our jump checks, we print 'YES'. If we exit the loop without finding 'T', we print 'NO'. It\u2019s important to check the constraints that prevent jumping to '#'.\n", "Clue of Step 2: Given the jump length k, the grasshopper can jump to positions that are k cells away. We should generate all possible positions the grasshopper can jump to from its current position and check if any of these positions are within bounds and not blocked by obstacles ('#').\n"], ["\nYou will be given a problem desciption.\n\nPlease analyze the problem and generate step-by-step clues of how to solve the problem with executable python code.\n\nThe problem:\n\n\nQUESTION:\nOn the way to Rio de Janeiro Ostap kills time playing with a grasshopper he took with him in a special box. Ostap builds a line of length n such that some cells of this line are empty and some contain obstacles. Then, he places his grasshopper to one of the empty cells and a small insect in another empty cell. The grasshopper wants to eat the insect.\n\nOstap knows that grasshopper is able to jump to any empty cell that is exactly k cells away from the current (to the left or to the right). Note that it doesn't matter whether intermediate cells are empty or not as the grasshopper makes a jump over them. For example, if k = 1 the grasshopper can jump to a neighboring cell only, and if k = 2 the grasshopper can jump over a single cell.\n\nYour goal is to determine whether there is a sequence of jumps such that grasshopper will get from his initial position to the cell with an insect.\n\n\n-----Input-----\n\nThe first line of the input contains two integers n and k (2 \u2264 n \u2264 100, 1 \u2264 k \u2264 n - 1)\u00a0\u2014 the number of cells in the line and the length of one grasshopper's jump.\n\nThe second line contains a string of length n consisting of characters '.', '#', 'G' and 'T'. Character '.' means that the corresponding cell is empty, character '#' means that the corresponding cell contains an obstacle and grasshopper can't jump there. Character 'G' means that the grasshopper starts at this position and, finally, 'T' means that the target insect is located at this cell. It's guaranteed that characters 'G' and 'T' appear in this line exactly once.\n\n\n-----Output-----\n\nIf there exists a sequence of jumps (each jump of length k), such that the grasshopper can get from his initial position to the cell with the insect, print \"YES\" (without quotes) in the only line of the input. Otherwise, print \"NO\" (without quotes).\n\n\n-----Examples-----\nInput\n5 2\n#G#T#\n\nOutput\nYES\n\nInput\n6 1\nT....G\n\nOutput\nYES\n\nInput\n7 3\nT..#..G\n\nOutput\nNO\n\nInput\n6 2\n..GT..\n\nOutput\nNO\n\n\n\n-----Note-----\n\nIn the first sample, the grasshopper can make one jump to the right in order to get from cell 2 to cell 4.\n\nIn the second sample, the grasshopper is only able to jump to neighboring cells but the way to the insect is free\u00a0\u2014 he can get there by jumping left 5 times.\n\nIn the third sample, the grasshopper can't make a single jump.\n\nIn the fourth sample, the grasshopper can only jump to the cells with odd indices, thus he won't be able to reach the insect.\nUse Standard Input format\nANSWER:\n\n\nAn example of step-by-step clues for finding the longest palindrome substring is displayed below:\n\n```json\n[\n{\"Clue of Step 1\": \"For a substring, if it is a palindrome and the length is greater than 2, it is still a palindrome after the first and last letters are removed. According to this idea, we can use dynamic programming to solve this problem.\"},\n{\"Clue of Step 2\": \"Then we should consider the state transition function. We use P(i,j) to indicate whether the string composed of the i-th to j-th letters of the string s (denoted as as s[i:j]) is a palindrome string. s[i:j] is a palindrome only if s[i+1:j\u22121] is a palindrome and the i and j letters of s are the same.\"},\n{\"Clue of Step 3\": \"We also need to consider the boundary conditions in dynamic programming. For a substring of length 1, it is obviously a palindrome string; For a substring of length 2, it is a palindrome as long as its two letters are the same.\"},\n{\"Clue of Step 4\": \"We also need to consider the the cyclic order of dynamic programming. In the state transition equation, we are moving from a shorter string to a longer string.\"},\n{\"Clue of Step 5\": \"The final answer is the maximum length of the valid sub-strings.\"}\n]\n```\nYou can refer to the following example and generate step-by-step clues for the given problem.\n\n\n-----Clues-----\nClue of Step 1: We should scan the input string to find the starting position of the grasshopper ('G') and the target position ('T'). Any cells containing obstacles ('#') should be noted as blocked and unreachable for the grasshopper.\n", "Clue of Step 2: We can model the problem as a graph traversal problem where each empty cell ('.' or 'G' or 'T') is a node, and there is an edge between nodes if the distance between them is exactly k. We need to perform a search (like BFS or DFS) starting from the grasshopper's initial position and try to reach the target ('T').\n", "Clue of Step 2: We should maintain a while loop that continues as long as the current position is within the valid range of the line. For each valid jump (either to the right or left), we should check if that position contains 'T' or an obstacle '#'.\n"], ["\nYou will be given a problem desciption.\n\nPlease analyze the problem and generate step-by-step clues of how to solve the problem with executable python code.\n\nThe problem:\n\n\nQUESTION:\nOn the way to Rio de Janeiro Ostap kills time playing with a grasshopper he took with him in a special box. Ostap builds a line of length n such that some cells of this line are empty and some contain obstacles. Then, he places his grasshopper to one of the empty cells and a small insect in another empty cell. The grasshopper wants to eat the insect.\n\nOstap knows that grasshopper is able to jump to any empty cell that is exactly k cells away from the current (to the left or to the right). Note that it doesn't matter whether intermediate cells are empty or not as the grasshopper makes a jump over them. For example, if k = 1 the grasshopper can jump to a neighboring cell only, and if k = 2 the grasshopper can jump over a single cell.\n\nYour goal is to determine whether there is a sequence of jumps such that grasshopper will get from his initial position to the cell with an insect.\n\n\n-----Input-----\n\nThe first line of the input contains two integers n and k (2 \u2264 n \u2264 100, 1 \u2264 k \u2264 n - 1)\u00a0\u2014 the number of cells in the line and the length of one grasshopper's jump.\n\nThe second line contains a string of length n consisting of characters '.', '#', 'G' and 'T'. Character '.' means that the corresponding cell is empty, character '#' means that the corresponding cell contains an obstacle and grasshopper can't jump there. Character 'G' means that the grasshopper starts at this position and, finally, 'T' means that the target insect is located at this cell. It's guaranteed that characters 'G' and 'T' appear in this line exactly once.\n\n\n-----Output-----\n\nIf there exists a sequence of jumps (each jump of length k), such that the grasshopper can get from his initial position to the cell with the insect, print \"YES\" (without quotes) in the only line of the input. Otherwise, print \"NO\" (without quotes).\n\n\n-----Examples-----\nInput\n5 2\n#G#T#\n\nOutput\nYES\n\nInput\n6 1\nT....G\n\nOutput\nYES\n\nInput\n7 3\nT..#..G\n\nOutput\nNO\n\nInput\n6 2\n..GT..\n\nOutput\nNO\n\n\n\n-----Note-----\n\nIn the first sample, the grasshopper can make one jump to the right in order to get from cell 2 to cell 4.\n\nIn the second sample, the grasshopper is only able to jump to neighboring cells but the way to the insect is free\u00a0\u2014 he can get there by jumping left 5 times.\n\nIn the third sample, the grasshopper can't make a single jump.\n\nIn the fourth sample, the grasshopper can only jump to the cells with odd indices, thus he won't be able to reach the insect.\nUse Standard Input format\nANSWER:\n\n\nAn example of step-by-step clues for finding the longest palindrome substring is displayed below:\n\n```json\n[\n{\"Clue of Step 1\": \"For a substring, if it is a palindrome and the length is greater than 2, it is still a palindrome after the first and last letters are removed. According to this idea, we can use dynamic programming to solve this problem.\"},\n{\"Clue of Step 2\": \"Then we should consider the state transition function. We use P(i,j) to indicate whether the string composed of the i-th to j-th letters of the string s (denoted as as s[i:j]) is a palindrome string. s[i:j] is a palindrome only if s[i+1:j\u22121] is a palindrome and the i and j letters of s are the same.\"},\n{\"Clue of Step 3\": \"We also need to consider the boundary conditions in dynamic programming. For a substring of length 1, it is obviously a palindrome string; For a substring of length 2, it is a palindrome as long as its two letters are the same.\"},\n{\"Clue of Step 4\": \"We also need to consider the the cyclic order of dynamic programming. In the state transition equation, we are moving from a shorter string to a longer string.\"},\n{\"Clue of Step 5\": \"The final answer is the maximum length of the valid sub-strings.\"}\n]\n```\nYou can refer to the following example and generate step-by-step clues for the given problem.\n\n\n-----Clues-----\nClue of Step 1: We should scan the input string to find the starting position of the grasshopper ('G') and the target position ('T'). Any cells containing obstacles ('#') should be noted as blocked and unreachable for the grasshopper.\n", "Clue of Step 2: We can model the problem as a graph traversal problem where each empty cell ('.' or 'G' or 'T') is a node, and there is an edge between nodes if the distance between them is exactly k. We need to perform a search (like BFS or DFS) starting from the grasshopper's initial position and try to reach the target ('T').\n", "Clue of Step 2: Given the jump length k, the grasshopper can jump to positions that are k cells away. We should generate all possible positions the grasshopper can jump to from its current position and check if any of these positions are within bounds and not blocked by obstacles ('#').\n"], ["\nYou will be given a problem desciption.\n\nPlease analyze the problem and generate step-by-step clues of how to solve the problem with executable python code.\n\nThe problem:\n\n\nQUESTION:\nOn the way to Rio de Janeiro Ostap kills time playing with a grasshopper he took with him in a special box. Ostap builds a line of length n such that some cells of this line are empty and some contain obstacles. Then, he places his grasshopper to one of the empty cells and a small insect in another empty cell. The grasshopper wants to eat the insect.\n\nOstap knows that grasshopper is able to jump to any empty cell that is exactly k cells away from the current (to the left or to the right). Note that it doesn't matter whether intermediate cells are empty or not as the grasshopper makes a jump over them. For example, if k = 1 the grasshopper can jump to a neighboring cell only, and if k = 2 the grasshopper can jump over a single cell.\n\nYour goal is to determine whether there is a sequence of jumps such that grasshopper will get from his initial position to the cell with an insect.\n\n\n-----Input-----\n\nThe first line of the input contains two integers n and k (2 \u2264 n \u2264 100, 1 \u2264 k \u2264 n - 1)\u00a0\u2014 the number of cells in the line and the length of one grasshopper's jump.\n\nThe second line contains a string of length n consisting of characters '.', '#', 'G' and 'T'. Character '.' means that the corresponding cell is empty, character '#' means that the corresponding cell contains an obstacle and grasshopper can't jump there. Character 'G' means that the grasshopper starts at this position and, finally, 'T' means that the target insect is located at this cell. It's guaranteed that characters 'G' and 'T' appear in this line exactly once.\n\n\n-----Output-----\n\nIf there exists a sequence of jumps (each jump of length k), such that the grasshopper can get from his initial position to the cell with the insect, print \"YES\" (without quotes) in the only line of the input. Otherwise, print \"NO\" (without quotes).\n\n\n-----Examples-----\nInput\n5 2\n#G#T#\n\nOutput\nYES\n\nInput\n6 1\nT....G\n\nOutput\nYES\n\nInput\n7 3\nT..#..G\n\nOutput\nNO\n\nInput\n6 2\n..GT..\n\nOutput\nNO\n\n\n\n-----Note-----\n\nIn the first sample, the grasshopper can make one jump to the right in order to get from cell 2 to cell 4.\n\nIn the second sample, the grasshopper is only able to jump to neighboring cells but the way to the insect is free\u00a0\u2014 he can get there by jumping left 5 times.\n\nIn the third sample, the grasshopper can't make a single jump.\n\nIn the fourth sample, the grasshopper can only jump to the cells with odd indices, thus he won't be able to reach the insect.\nUse Standard Input format\nANSWER:\n\n\nAn example of step-by-step clues for finding the longest palindrome substring is displayed below:\n\n```json\n[\n{\"Clue of Step 1\": \"For a substring, if it is a palindrome and the length is greater than 2, it is still a palindrome after the first and last letters are removed. According to this idea, we can use dynamic programming to solve this problem.\"},\n{\"Clue of Step 2\": \"Then we should consider the state transition function. We use P(i,j) to indicate whether the string composed of the i-th to j-th letters of the string s (denoted as as s[i:j]) is a palindrome string. s[i:j] is a palindrome only if s[i+1:j\u22121] is a palindrome and the i and j letters of s are the same.\"},\n{\"Clue of Step 3\": \"We also need to consider the boundary conditions in dynamic programming. For a substring of length 1, it is obviously a palindrome string; For a substring of length 2, it is a palindrome as long as its two letters are the same.\"},\n{\"Clue of Step 4\": \"We also need to consider the the cyclic order of dynamic programming. In the state transition equation, we are moving from a shorter string to a longer string.\"},\n{\"Clue of Step 5\": \"The final answer is the maximum length of the valid sub-strings.\"}\n]\n```\nYou can refer to the following example and generate step-by-step clues for the given problem.\n\n\n-----Clues-----\nClue of Step 1: We should scan the input string to find the starting position of the grasshopper ('G') and the target position ('T'). Any cells containing obstacles ('#') should be noted as blocked and unreachable for the grasshopper.\n", "Clue of Step 2: To avoid revisiting cells, we should maintain a visited set to keep track of cells we have already checked. The search should stop either when we find the target ('T') or when no more valid jumps can be made.\n", "Clue of Step 2: We should maintain a while loop that continues as long as the current position is within the valid range of the line. For each valid jump (either to the right or left), we should check if that position contains 'T' or an obstacle '#'.\n"], ["\nYou will be given a problem desciption.\n\nPlease analyze the problem and generate step-by-step clues of how to solve the problem with executable python code.\n\nThe problem:\n\n\nQUESTION:\nOn the way to Rio de Janeiro Ostap kills time playing with a grasshopper he took with him in a special box. Ostap builds a line of length n such that some cells of this line are empty and some contain obstacles. Then, he places his grasshopper to one of the empty cells and a small insect in another empty cell. The grasshopper wants to eat the insect.\n\nOstap knows that grasshopper is able to jump to any empty cell that is exactly k cells away from the current (to the left or to the right). Note that it doesn't matter whether intermediate cells are empty or not as the grasshopper makes a jump over them. For example, if k = 1 the grasshopper can jump to a neighboring cell only, and if k = 2 the grasshopper can jump over a single cell.\n\nYour goal is to determine whether there is a sequence of jumps such that grasshopper will get from his initial position to the cell with an insect.\n\n\n-----Input-----\n\nThe first line of the input contains two integers n and k (2 \u2264 n \u2264 100, 1 \u2264 k \u2264 n - 1)\u00a0\u2014 the number of cells in the line and the length of one grasshopper's jump.\n\nThe second line contains a string of length n consisting of characters '.', '#', 'G' and 'T'. Character '.' means that the corresponding cell is empty, character '#' means that the corresponding cell contains an obstacle and grasshopper can't jump there. Character 'G' means that the grasshopper starts at this position and, finally, 'T' means that the target insect is located at this cell. It's guaranteed that characters 'G' and 'T' appear in this line exactly once.\n\n\n-----Output-----\n\nIf there exists a sequence of jumps (each jump of length k), such that the grasshopper can get from his initial position to the cell with the insect, print \"YES\" (without quotes) in the only line of the input. Otherwise, print \"NO\" (without quotes).\n\n\n-----Examples-----\nInput\n5 2\n#G#T#\n\nOutput\nYES\n\nInput\n6 1\nT....G\n\nOutput\nYES\n\nInput\n7 3\nT..#..G\n\nOutput\nNO\n\nInput\n6 2\n..GT..\n\nOutput\nNO\n\n\n\n-----Note-----\n\nIn the first sample, the grasshopper can make one jump to the right in order to get from cell 2 to cell 4.\n\nIn the second sample, the grasshopper is only able to jump to neighboring cells but the way to the insect is free\u00a0\u2014 he can get there by jumping left 5 times.\n\nIn the third sample, the grasshopper can't make a single jump.\n\nIn the fourth sample, the grasshopper can only jump to the cells with odd indices, thus he won't be able to reach the insect.\nUse Standard Input format\nANSWER:\n\n\nAn example of step-by-step clues for finding the longest palindrome substring is displayed below:\n\n```json\n[\n{\"Clue of Step 1\": \"For a substring, if it is a palindrome and the length is greater than 2, it is still a palindrome after the first and last letters are removed. According to this idea, we can use dynamic programming to solve this problem.\"},\n{\"Clue of Step 2\": \"Then we should consider the state transition function. We use P(i,j) to indicate whether the string composed of the i-th to j-th letters of the string s (denoted as as s[i:j]) is a palindrome string. s[i:j] is a palindrome only if s[i+1:j\u22121] is a palindrome and the i and j letters of s are the same.\"},\n{\"Clue of Step 3\": \"We also need to consider the boundary conditions in dynamic programming. For a substring of length 1, it is obviously a palindrome string; For a substring of length 2, it is a palindrome as long as its two letters are the same.\"},\n{\"Clue of Step 4\": \"We also need to consider the the cyclic order of dynamic programming. In the state transition equation, we are moving from a shorter string to a longer string.\"},\n{\"Clue of Step 5\": \"The final answer is the maximum length of the valid sub-strings.\"}\n]\n```\nYou can refer to the following example and generate step-by-step clues for the given problem.\n\n\n-----Clues-----\nClue of Step 1: We should scan the input string to find the starting position of the grasshopper ('G') and the target position ('T'). Any cells containing obstacles ('#') should be noted as blocked and unreachable for the grasshopper.\n", "Clue of Step 2: To avoid revisiting cells, we should maintain a visited set to keep track of cells we have already checked. The search should stop either when we find the target ('T') or when no more valid jumps can be made.\n", "Clue of Step 2: Given the jump length k, the grasshopper can jump to positions that are k cells away. We should generate all possible positions the grasshopper can jump to from its current position and check if any of these positions are within bounds and not blocked by obstacles ('#').\n"], ["\nYou will be given a problem desciption.\n\nPlease analyze the problem and generate step-by-step clues of how to solve the problem with executable python code.\n\nThe problem:\n\n\nQUESTION:\nOn the way to Rio de Janeiro Ostap kills time playing with a grasshopper he took with him in a special box. Ostap builds a line of length n such that some cells of this line are empty and some contain obstacles. Then, he places his grasshopper to one of the empty cells and a small insect in another empty cell. The grasshopper wants to eat the insect.\n\nOstap knows that grasshopper is able to jump to any empty cell that is exactly k cells away from the current (to the left or to the right). Note that it doesn't matter whether intermediate cells are empty or not as the grasshopper makes a jump over them. For example, if k = 1 the grasshopper can jump to a neighboring cell only, and if k = 2 the grasshopper can jump over a single cell.\n\nYour goal is to determine whether there is a sequence of jumps such that grasshopper will get from his initial position to the cell with an insect.\n\n\n-----Input-----\n\nThe first line of the input contains two integers n and k (2 \u2264 n \u2264 100, 1 \u2264 k \u2264 n - 1)\u00a0\u2014 the number of cells in the line and the length of one grasshopper's jump.\n\nThe second line contains a string of length n consisting of characters '.', '#', 'G' and 'T'. Character '.' means that the corresponding cell is empty, character '#' means that the corresponding cell contains an obstacle and grasshopper can't jump there. Character 'G' means that the grasshopper starts at this position and, finally, 'T' means that the target insect is located at this cell. It's guaranteed that characters 'G' and 'T' appear in this line exactly once.\n\n\n-----Output-----\n\nIf there exists a sequence of jumps (each jump of length k), such that the grasshopper can get from his initial position to the cell with the insect, print \"YES\" (without quotes) in the only line of the input. Otherwise, print \"NO\" (without quotes).\n\n\n-----Examples-----\nInput\n5 2\n#G#T#\n\nOutput\nYES\n\nInput\n6 1\nT....G\n\nOutput\nYES\n\nInput\n7 3\nT..#..G\n\nOutput\nNO\n\nInput\n6 2\n..GT..\n\nOutput\nNO\n\n\n\n-----Note-----\n\nIn the first sample, the grasshopper can make one jump to the right in order to get from cell 2 to cell 4.\n\nIn the second sample, the grasshopper is only able to jump to neighboring cells but the way to the insect is free\u00a0\u2014 he can get there by jumping left 5 times.\n\nIn the third sample, the grasshopper can't make a single jump.\n\nIn the fourth sample, the grasshopper can only jump to the cells with odd indices, thus he won't be able to reach the insect.\nUse Standard Input format\nANSWER:\n\n\nAn example of step-by-step clues for finding the longest palindrome substring is displayed below:\n\n```json\n[\n{\"Clue of Step 1\": \"For a substring, if it is a palindrome and the length is greater than 2, it is still a palindrome after the first and last letters are removed. According to this idea, we can use dynamic programming to solve this problem.\"},\n{\"Clue of Step 2\": \"Then we should consider the state transition function. We use P(i,j) to indicate whether the string composed of the i-th to j-th letters of the string s (denoted as as s[i:j]) is a palindrome string. s[i:j] is a palindrome only if s[i+1:j\u22121] is a palindrome and the i and j letters of s are the same.\"},\n{\"Clue of Step 3\": \"We also need to consider the boundary conditions in dynamic programming. For a substring of length 1, it is obviously a palindrome string; For a substring of length 2, it is a palindrome as long as its two letters are the same.\"},\n{\"Clue of Step 4\": \"We also need to consider the the cyclic order of dynamic programming. In the state transition equation, we are moving from a shorter string to a longer string.\"},\n{\"Clue of Step 5\": \"The final answer is the maximum length of the valid sub-strings.\"}\n]\n```\nYou can refer to the following example and generate step-by-step clues for the given problem.\n\n\n-----Clues-----\nClue of Step 1: We should check all possible positions that the grasshopper can reach by jumping k steps to the left or right from its starting position, tracking if any of these positions leads to the target 'T'.\n", "Clue of Step 2: Next, we should iterate through potential jumping positions starting from 'G' and check the positions that are reachable by calculating current position + k and current position - k until we either reach 'T' or run out of bounds.\n", "Clue of Step 2: We should first identify the positions of 'G' (the grasshopper's position) and 'T' (the insect's position) in the string to know the starting and target indices.\n"], ["\nYou will be given a problem desciption.\n\nPlease analyze the problem and generate step-by-step clues of how to solve the problem with executable python code.\n\nThe problem:\n\n\nQUESTION:\nOn the way to Rio de Janeiro Ostap kills time playing with a grasshopper he took with him in a special box. Ostap builds a line of length n such that some cells of this line are empty and some contain obstacles. Then, he places his grasshopper to one of the empty cells and a small insect in another empty cell. The grasshopper wants to eat the insect.\n\nOstap knows that grasshopper is able to jump to any empty cell that is exactly k cells away from the current (to the left or to the right). Note that it doesn't matter whether intermediate cells are empty or not as the grasshopper makes a jump over them. For example, if k = 1 the grasshopper can jump to a neighboring cell only, and if k = 2 the grasshopper can jump over a single cell.\n\nYour goal is to determine whether there is a sequence of jumps such that grasshopper will get from his initial position to the cell with an insect.\n\n\n-----Input-----\n\nThe first line of the input contains two integers n and k (2 \u2264 n \u2264 100, 1 \u2264 k \u2264 n - 1)\u00a0\u2014 the number of cells in the line and the length of one grasshopper's jump.\n\nThe second line contains a string of length n consisting of characters '.', '#', 'G' and 'T'. Character '.' means that the corresponding cell is empty, character '#' means that the corresponding cell contains an obstacle and grasshopper can't jump there. Character 'G' means that the grasshopper starts at this position and, finally, 'T' means that the target insect is located at this cell. It's guaranteed that characters 'G' and 'T' appear in this line exactly once.\n\n\n-----Output-----\n\nIf there exists a sequence of jumps (each jump of length k), such that the grasshopper can get from his initial position to the cell with the insect, print \"YES\" (without quotes) in the only line of the input. Otherwise, print \"NO\" (without quotes).\n\n\n-----Examples-----\nInput\n5 2\n#G#T#\n\nOutput\nYES\n\nInput\n6 1\nT....G\n\nOutput\nYES\n\nInput\n7 3\nT..#..G\n\nOutput\nNO\n\nInput\n6 2\n..GT..\n\nOutput\nNO\n\n\n\n-----Note-----\n\nIn the first sample, the grasshopper can make one jump to the right in order to get from cell 2 to cell 4.\n\nIn the second sample, the grasshopper is only able to jump to neighboring cells but the way to the insect is free\u00a0\u2014 he can get there by jumping left 5 times.\n\nIn the third sample, the grasshopper can't make a single jump.\n\nIn the fourth sample, the grasshopper can only jump to the cells with odd indices, thus he won't be able to reach the insect.\nUse Standard Input format\nANSWER:\n\n\nAn example of step-by-step clues for finding the longest palindrome substring is displayed below:\n\n```json\n[\n{\"Clue of Step 1\": \"For a substring, if it is a palindrome and the length is greater than 2, it is still a palindrome after the first and last letters are removed. According to this idea, we can use dynamic programming to solve this problem.\"},\n{\"Clue of Step 2\": \"Then we should consider the state transition function. We use P(i,j) to indicate whether the string composed of the i-th to j-th letters of the string s (denoted as as s[i:j]) is a palindrome string. s[i:j] is a palindrome only if s[i+1:j\u22121] is a palindrome and the i and j letters of s are the same.\"},\n{\"Clue of Step 3\": \"We also need to consider the boundary conditions in dynamic programming. For a substring of length 1, it is obviously a palindrome string; For a substring of length 2, it is a palindrome as long as its two letters are the same.\"},\n{\"Clue of Step 4\": \"We also need to consider the the cyclic order of dynamic programming. In the state transition equation, we are moving from a shorter string to a longer string.\"},\n{\"Clue of Step 5\": \"The final answer is the maximum length of the valid sub-strings.\"}\n]\n```\nYou can refer to the following example and generate step-by-step clues for the given problem.\n\n\n-----Clues-----\nClue of Step 1: We should check all possible positions that the grasshopper can reach by jumping k steps to the left or right from its starting position, tracking if any of these positions leads to the target 'T'.\n", "Clue of Step 2: While iterating through the positions, we need to check if the positions reached are not obstacles '#' and are within the bounds of the string, ensuring valid jumps only.\n", "Clue of Step 2: We should first identify the positions of 'G' (the grasshopper's position) and 'T' (the insect's position) in the string to know the starting and target indices.\n"], ["\nYou will be given a problem desciption.\n\nPlease analyze the problem and generate step-by-step clues of how to solve the problem with executable python code.\n\nThe problem:\n\n\nQUESTION:\nOn the way to Rio de Janeiro Ostap kills time playing with a grasshopper he took with him in a special box. Ostap builds a line of length n such that some cells of this line are empty and some contain obstacles. Then, he places his grasshopper to one of the empty cells and a small insect in another empty cell. The grasshopper wants to eat the insect.\n\nOstap knows that grasshopper is able to jump to any empty cell that is exactly k cells away from the current (to the left or to the right). Note that it doesn't matter whether intermediate cells are empty or not as the grasshopper makes a jump over them. For example, if k = 1 the grasshopper can jump to a neighboring cell only, and if k = 2 the grasshopper can jump over a single cell.\n\nYour goal is to determine whether there is a sequence of jumps such that grasshopper will get from his initial position to the cell with an insect.\n\n\n-----Input-----\n\nThe first line of the input contains two integers n and k (2 \u2264 n \u2264 100, 1 \u2264 k \u2264 n - 1)\u00a0\u2014 the number of cells in the line and the length of one grasshopper's jump.\n\nThe second line contains a string of length n consisting of characters '.', '#', 'G' and 'T'. Character '.' means that the corresponding cell is empty, character '#' means that the corresponding cell contains an obstacle and grasshopper can't jump there. Character 'G' means that the grasshopper starts at this position and, finally, 'T' means that the target insect is located at this cell. It's guaranteed that characters 'G' and 'T' appear in this line exactly once.\n\n\n-----Output-----\n\nIf there exists a sequence of jumps (each jump of length k), such that the grasshopper can get from his initial position to the cell with the insect, print \"YES\" (without quotes) in the only line of the input. Otherwise, print \"NO\" (without quotes).\n\n\n-----Examples-----\nInput\n5 2\n#G#T#\n\nOutput\nYES\n\nInput\n6 1\nT....G\n\nOutput\nYES\n\nInput\n7 3\nT..#..G\n\nOutput\nNO\n\nInput\n6 2\n..GT..\n\nOutput\nNO\n\n\n\n-----Note-----\n\nIn the first sample, the grasshopper can make one jump to the right in order to get from cell 2 to cell 4.\n\nIn the second sample, the grasshopper is only able to jump to neighboring cells but the way to the insect is free\u00a0\u2014 he can get there by jumping left 5 times.\n\nIn the third sample, the grasshopper can't make a single jump.\n\nIn the fourth sample, the grasshopper can only jump to the cells with odd indices, thus he won't be able to reach the insect.\nUse Standard Input format\nANSWER:\n\n\nAn example of step-by-step clues for finding the longest palindrome substring is displayed below:\n\n```json\n[\n{\"Clue of Step 1\": \"For a substring, if it is a palindrome and the length is greater than 2, it is still a palindrome after the first and last letters are removed. According to this idea, we can use dynamic programming to solve this problem.\"},\n{\"Clue of Step 2\": \"Then we should consider the state transition function. We use P(i,j) to indicate whether the string composed of the i-th to j-th letters of the string s (denoted as as s[i:j]) is a palindrome string. s[i:j] is a palindrome only if s[i+1:j\u22121] is a palindrome and the i and j letters of s are the same.\"},\n{\"Clue of Step 3\": \"We also need to consider the boundary conditions in dynamic programming. For a substring of length 1, it is obviously a palindrome string; For a substring of length 2, it is a palindrome as long as its two letters are the same.\"},\n{\"Clue of Step 4\": \"We also need to consider the the cyclic order of dynamic programming. In the state transition equation, we are moving from a shorter string to a longer string.\"},\n{\"Clue of Step 5\": \"The final answer is the maximum length of the valid sub-strings.\"}\n]\n```\nYou can refer to the following example and generate step-by-step clues for the given problem.\n\n\n-----Clues-----\nClue of Step 1: We should check all possible positions that the grasshopper can reach by jumping k steps to the left or right from its starting position, tracking if any of these positions leads to the target 'T'.\n", "Clue of Step 2: We should simulate the grasshopper's jumps by iterating over all possible positions it can reach from the starting position 'G' by jumping k steps to the left and right, ensuring we do not land on obstacles or go out of bounds.\n", "Clue of Step 2: We should first identify the positions of 'G' (the grasshopper's position) and 'T' (the insect's position) in the string to know the starting and target indices.\n"], ["\nYou will be given a problem desciption.\n\nPlease analyze the problem and generate step-by-step clues of how to solve the problem with executable python code.\n\nThe problem:\n\n\nQUESTION:\nOn the way to Rio de Janeiro Ostap kills time playing with a grasshopper he took with him in a special box. Ostap builds a line of length n such that some cells of this line are empty and some contain obstacles. Then, he places his grasshopper to one of the empty cells and a small insect in another empty cell. The grasshopper wants to eat the insect.\n\nOstap knows that grasshopper is able to jump to any empty cell that is exactly k cells away from the current (to the left or to the right). Note that it doesn't matter whether intermediate cells are empty or not as the grasshopper makes a jump over them. For example, if k = 1 the grasshopper can jump to a neighboring cell only, and if k = 2 the grasshopper can jump over a single cell.\n\nYour goal is to determine whether there is a sequence of jumps such that grasshopper will get from his initial position to the cell with an insect.\n\n\n-----Input-----\n\nThe first line of the input contains two integers n and k (2 \u2264 n \u2264 100, 1 \u2264 k \u2264 n - 1)\u00a0\u2014 the number of cells in the line and the length of one grasshopper's jump.\n\nThe second line contains a string of length n consisting of characters '.', '#', 'G' and 'T'. Character '.' means that the corresponding cell is empty, character '#' means that the corresponding cell contains an obstacle and grasshopper can't jump there. Character 'G' means that the grasshopper starts at this position and, finally, 'T' means that the target insect is located at this cell. It's guaranteed that characters 'G' and 'T' appear in this line exactly once.\n\n\n-----Output-----\n\nIf there exists a sequence of jumps (each jump of length k), such that the grasshopper can get from his initial position to the cell with the insect, print \"YES\" (without quotes) in the only line of the input. Otherwise, print \"NO\" (without quotes).\n\n\n-----Examples-----\nInput\n5 2\n#G#T#\n\nOutput\nYES\n\nInput\n6 1\nT....G\n\nOutput\nYES\n\nInput\n7 3\nT..#..G\n\nOutput\nNO\n\nInput\n6 2\n..GT..\n\nOutput\nNO\n\n\n\n-----Note-----\n\nIn the first sample, the grasshopper can make one jump to the right in order to get from cell 2 to cell 4.\n\nIn the second sample, the grasshopper is only able to jump to neighboring cells but the way to the insect is free\u00a0\u2014 he can get there by jumping left 5 times.\n\nIn the third sample, the grasshopper can't make a single jump.\n\nIn the fourth sample, the grasshopper can only jump to the cells with odd indices, thus he won't be able to reach the insect.\nUse Standard Input format\nANSWER:\n\n\nAn example of step-by-step clues for finding the longest palindrome substring is displayed below:\n\n```json\n[\n{\"Clue of Step 1\": \"For a substring, if it is a palindrome and the length is greater than 2, it is still a palindrome after the first and last letters are removed. According to this idea, we can use dynamic programming to solve this problem.\"},\n{\"Clue of Step 2\": \"Then we should consider the state transition function. We use P(i,j) to indicate whether the string composed of the i-th to j-th letters of the string s (denoted as as s[i:j]) is a palindrome string. s[i:j] is a palindrome only if s[i+1:j\u22121] is a palindrome and the i and j letters of s are the same.\"},\n{\"Clue of Step 3\": \"We also need to consider the boundary conditions in dynamic programming. For a substring of length 1, it is obviously a palindrome string; For a substring of length 2, it is a palindrome as long as its two letters are the same.\"},\n{\"Clue of Step 4\": \"We also need to consider the the cyclic order of dynamic programming. In the state transition equation, we are moving from a shorter string to a longer string.\"},\n{\"Clue of Step 5\": \"The final answer is the maximum length of the valid sub-strings.\"}\n]\n```\nYou can refer to the following example and generate step-by-step clues for the given problem.\n\n\n-----Clues-----\nClue of Step 1: We should check all possible positions that the grasshopper can reach by jumping k steps to the left or right from its starting position, tracking if any of these positions leads to the target 'T'.\n", "Clue of Step 2: We should maintain a set of visited positions to avoid redundant checks and ensure that we do not re-evaluate positions that have already been checked, improving the efficiency of the solution.\n", "Clue of Step 2: We should first identify the positions of 'G' (the grasshopper's position) and 'T' (the insect's position) in the string to know the starting and target indices.\n"], ["\nYou will be given a problem desciption.\n\nPlease analyze the problem and generate step-by-step clues of how to solve the problem with executable python code.\n\nThe problem:\n\n\nQUESTION:\nOn the way to Rio de Janeiro Ostap kills time playing with a grasshopper he took with him in a special box. Ostap builds a line of length n such that some cells of this line are empty and some contain obstacles. Then, he places his grasshopper to one of the empty cells and a small insect in another empty cell. The grasshopper wants to eat the insect.\n\nOstap knows that grasshopper is able to jump to any empty cell that is exactly k cells away from the current (to the left or to the right). Note that it doesn't matter whether intermediate cells are empty or not as the grasshopper makes a jump over them. For example, if k = 1 the grasshopper can jump to a neighboring cell only, and if k = 2 the grasshopper can jump over a single cell.\n\nYour goal is to determine whether there is a sequence of jumps such that grasshopper will get from his initial position to the cell with an insect.\n\n\n-----Input-----\n\nThe first line of the input contains two integers n and k (2 \u2264 n \u2264 100, 1 \u2264 k \u2264 n - 1)\u00a0\u2014 the number of cells in the line and the length of one grasshopper's jump.\n\nThe second line contains a string of length n consisting of characters '.', '#', 'G' and 'T'. Character '.' means that the corresponding cell is empty, character '#' means that the corresponding cell contains an obstacle and grasshopper can't jump there. Character 'G' means that the grasshopper starts at this position and, finally, 'T' means that the target insect is located at this cell. It's guaranteed that characters 'G' and 'T' appear in this line exactly once.\n\n\n-----Output-----\n\nIf there exists a sequence of jumps (each jump of length k), such that the grasshopper can get from his initial position to the cell with the insect, print \"YES\" (without quotes) in the only line of the input. Otherwise, print \"NO\" (without quotes).\n\n\n-----Examples-----\nInput\n5 2\n#G#T#\n\nOutput\nYES\n\nInput\n6 1\nT....G\n\nOutput\nYES\n\nInput\n7 3\nT..#..G\n\nOutput\nNO\n\nInput\n6 2\n..GT..\n\nOutput\nNO\n\n\n\n-----Note-----\n\nIn the first sample, the grasshopper can make one jump to the right in order to get from cell 2 to cell 4.\n\nIn the second sample, the grasshopper is only able to jump to neighboring cells but the way to the insect is free\u00a0\u2014 he can get there by jumping left 5 times.\n\nIn the third sample, the grasshopper can't make a single jump.\n\nIn the fourth sample, the grasshopper can only jump to the cells with odd indices, thus he won't be able to reach the insect.\nUse Standard Input format\nANSWER:\n\n\nAn example of step-by-step clues for finding the longest palindrome substring is displayed below:\n\n```json\n[\n{\"Clue of Step 1\": \"For a substring, if it is a palindrome and the length is greater than 2, it is still a palindrome after the first and last letters are removed. According to this idea, we can use dynamic programming to solve this problem.\"},\n{\"Clue of Step 2\": \"Then we should consider the state transition function. We use P(i,j) to indicate whether the string composed of the i-th to j-th letters of the string s (denoted as as s[i:j]) is a palindrome string. s[i:j] is a palindrome only if s[i+1:j\u22121] is a palindrome and the i and j letters of s are the same.\"},\n{\"Clue of Step 3\": \"We also need to consider the boundary conditions in dynamic programming. For a substring of length 1, it is obviously a palindrome string; For a substring of length 2, it is a palindrome as long as its two letters are the same.\"},\n{\"Clue of Step 4\": \"We also need to consider the the cyclic order of dynamic programming. In the state transition equation, we are moving from a shorter string to a longer string.\"},\n{\"Clue of Step 5\": \"The final answer is the maximum length of the valid sub-strings.\"}\n]\n```\nYou can refer to the following example and generate step-by-step clues for the given problem.\n\n\n-----Clues-----\nClue of Step 1: We should check all possible positions that the grasshopper can reach by jumping k steps to the left or right from its starting position, tracking if any of these positions leads to the target 'T'.\n", "Clue of Step 2: We can use a loop that checks both leftward and rightward jumps from the grasshopper's current position, stopping if we either land on the target 'T' or exhaust all valid jumps without finding a solution.\n", "Clue of Step 2: We should first identify the positions of 'G' (the grasshopper's position) and 'T' (the insect's position) in the string to know the starting and target indices.\n"]], "SFT": ["\nYou will be given a problem desciption.\n\nPlease analyze the problem and generate step-by-step clues of how to solve the problem with executable python code.\n\nThe problem:\n\n\nQUESTION:\nOn the way to Rio de Janeiro Ostap kills time playing with a grasshopper he took with him in a special box. Ostap builds a line of length n such that some cells of this line are empty and some contain obstacles. Then, he places his grasshopper to one of the empty cells and a small insect in another empty cell. The grasshopper wants to eat the insect.\n\nOstap knows that grasshopper is able to jump to any empty cell that is exactly k cells away from the current (to the left or to the right). Note that it doesn't matter whether intermediate cells are empty or not as the grasshopper makes a jump over them. For example, if k = 1 the grasshopper can jump to a neighboring cell only, and if k = 2 the grasshopper can jump over a single cell.\n\nYour goal is to determine whether there is a sequence of jumps such that grasshopper will get from his initial position to the cell with an insect.\n\n\n-----Input-----\n\nThe first line of the input contains two integers n and k (2 \u2264 n \u2264 100, 1 \u2264 k \u2264 n - 1)\u00a0\u2014 the number of cells in the line and the length of one grasshopper's jump.\n\nThe second line contains a string of length n consisting of characters '.', '#', 'G' and 'T'. Character '.' means that the corresponding cell is empty, character '#' means that the corresponding cell contains an obstacle and grasshopper can't jump there. Character 'G' means that the grasshopper starts at this position and, finally, 'T' means that the target insect is located at this cell. It's guaranteed that characters 'G' and 'T' appear in this line exactly once.\n\n\n-----Output-----\n\nIf there exists a sequence of jumps (each jump of length k), such that the grasshopper can get from his initial position to the cell with the insect, print \"YES\" (without quotes) in the only line of the input. Otherwise, print \"NO\" (without quotes).\n\n\n-----Examples-----\nInput\n5 2\n#G#T#\n\nOutput\nYES\n\nInput\n6 1\nT....G\n\nOutput\nYES\n\nInput\n7 3\nT..#..G\n\nOutput\nNO\n\nInput\n6 2\n..GT..\n\nOutput\nNO\n\n\n\n-----Note-----\n\nIn the first sample, the grasshopper can make one jump to the right in order to get from cell 2 to cell 4.\n\nIn the second sample, the grasshopper is only able to jump to neighboring cells but the way to the insect is free\u00a0\u2014 he can get there by jumping left 5 times.\n\nIn the third sample, the grasshopper can't make a single jump.\n\nIn the fourth sample, the grasshopper can only jump to the cells with odd indices, thus he won't be able to reach the insect.\nUse Standard Input format\nANSWER:\n\n\nAn example of step-by-step clues for finding the longest palindrome substring is displayed below:\n\n```json\n[\n{\"Clue of Step 1\": \"For a substring, if it is a palindrome and the length is greater than 2, it is still a palindrome after the first and last letters are removed. According to this idea, we can use dynamic programming to solve this problem.\"},\n{\"Clue of Step 2\": \"Then we should consider the state transition function. We use P(i,j) to indicate whether the string composed of the i-th to j-th letters of the string s (denoted as as s[i:j]) is a palindrome string. s[i:j] is a palindrome only if s[i+1:j\u22121] is a palindrome and the i and j letters of s are the same.\"},\n{\"Clue of Step 3\": \"We also need to consider the boundary conditions in dynamic programming. For a substring of length 1, it is obviously a palindrome string; For a substring of length 2, it is a palindrome as long as its two letters are the same.\"},\n{\"Clue of Step 4\": \"We also need to consider the the cyclic order of dynamic programming. In the state transition equation, we are moving from a shorter string to a longer string.\"},\n{\"Clue of Step 5\": \"The final answer is the maximum length of the valid sub-strings.\"}\n]\n```\nYou can refer to the following example and generate step-by-step clues for the given problem.\n\n\n-----Clues-----\nClue of Step 1: We should scan the input string to find the starting position of the grasshopper ('G') and the target position ('T'). Any cells containing obstacles ('#') should be noted as blocked and unreachable for the grasshopper.\n", "```python\n# Read input\nn, k = map(int, input().split())\nline = input().strip()\n\n# Find the positions of 'G' (grasshopper) and 'T' (target insect)\nfor i, ch in enumerate(line):\n    if ch == 'G':\n        grasshopper_pos = i\n    elif ch == 'T':\n        target_pos = i\n\n# Check if the grasshopper can reach the target\ndef can_reach_target(pos, k, line, n):\n    # We can jump to the right or left\n    jump_positions = [pos + k, pos - k]\n    for new_pos in jump_positions:\n        if new_pos == target_pos and line[new_pos] != '#':\n            return True\n        if 0 <= new_pos < n and line[new_pos] == '.':\n            line = line[:new_pos] + '#' + line[new_pos + 1:]  # Mark as visited\n            if can_reach_target(new_pos, k, line, n):\n                return True\n    return False\n\n# Start the recursive check from the grasshopper's initial position\nif can_reach_target(grasshopper_pos, k, line, n):\n    print(\"YES\")\nelse:\n    print(\"NO\")\n```"]}