{"StepDPO": [["\nYou will be given a problem desciption.\n\nPlease analyze the problem and generate step-by-step clues of how to solve the problem with executable python code.\n\nThe problem:\n\n\nQUESTION:\nPolycarp has a checkered sheet of paper of size n \u00d7 m. Polycarp painted some of cells with black, the others remained white. Inspired by Malevich's \"Black Square\", Polycarp wants to paint minimum possible number of white cells with black so that all black cells form a square.\n\nYou are to determine the minimum possible number of cells needed to be painted black so that the black cells form a black square with sides parallel to the painting's sides. All the cells that do not belong to the square should be white. The square's side should have positive length.\n\n\n-----Input-----\n\nThe first line contains two integers n and m (1 \u2264 n, m \u2264 100) \u2014 the sizes of the sheet.\n\nThe next n lines contain m letters 'B' or 'W' each \u2014 the description of initial cells' colors. If a letter is 'B', then the corresponding cell is painted black, otherwise it is painted white.\n\n\n-----Output-----\n\nPrint the minimum number of cells needed to be painted black so that the black cells form a black square with sides parallel to the painting's sides. All the cells that do not belong to the square should be white. If it is impossible, print -1.\n\n\n-----Examples-----\nInput\n5 4\nWWWW\nWWWB\nWWWB\nWWBB\nWWWW\n\nOutput\n5\n\nInput\n1 2\nBB\n\nOutput\n-1\n\nInput\n3 3\nWWW\nWWW\nWWW\n\nOutput\n1\n\n\n\n-----Note-----\n\nIn the first example it is needed to paint 5 cells \u2014 (2, 2), (2, 3), (3, 2), (3, 3) and (4, 2). Then there will be a square with side equal to three, and the upper left corner in (2, 2).\n\nIn the second example all the cells are painted black and form a rectangle, so it's impossible to get a square.\n\nIn the third example all cells are colored white, so it's sufficient to color any cell black.\nUse Standard Input format\nANSWER:\n\n\nAn example of step-by-step clues for finding the longest palindrome substring is displayed below:\n\n```json\n[\n{\"Clue of Step 1\": \"For a substring, if it is a palindrome and the length is greater than 2, it is still a palindrome after the first and last letters are removed. According to this idea, we can use dynamic programming to solve this problem.\"},\n{\"Clue of Step 2\": \"Then we should consider the state transition function. We use P(i,j) to indicate whether the string composed of the i-th to j-th letters of the string s (denoted as as s[i:j]) is a palindrome string. s[i:j] is a palindrome only if s[i+1:j\u22121] is a palindrome and the i and j letters of s are the same.\"},\n{\"Clue of Step 3\": \"We also need to consider the boundary conditions in dynamic programming. For a substring of length 1, it is obviously a palindrome string; For a substring of length 2, it is a palindrome as long as its two letters are the same.\"},\n{\"Clue of Step 4\": \"We also need to consider the the cyclic order of dynamic programming. In the state transition equation, we are moving from a shorter string to a longer string.\"},\n{\"Clue of Step 5\": \"The final answer is the maximum length of the valid sub-strings.\"}\n]\n```\nYou can refer to the following example and generate step-by-step clues for the given problem.\n\n\n-----Clues-----\nClue of Step 1: A brute-force approach would be to check all possible squares in the grid. For each possible square, we need to count how many cells are not black and calculate the number of cells that need to be painted black to form a complete square.\n", "Clue of Step 2: To check for all possible square positions in the grid, we should iterate over all possible top-left corners of squares and determine the maximum size of the square we can form from that position based on the constraints of the grid size and the existing black cells.\n", "Clue of Step 2: For each potential square in the grid, calculate the number of white cells that need to be painted black. This can be done by iterating over the cells inside the square and counting the white cells.\n"], ["\nYou will be given a problem desciption.\n\nPlease analyze the problem and generate step-by-step clues of how to solve the problem with executable python code.\n\nThe problem:\n\n\nQUESTION:\nPolycarp has a checkered sheet of paper of size n \u00d7 m. Polycarp painted some of cells with black, the others remained white. Inspired by Malevich's \"Black Square\", Polycarp wants to paint minimum possible number of white cells with black so that all black cells form a square.\n\nYou are to determine the minimum possible number of cells needed to be painted black so that the black cells form a black square with sides parallel to the painting's sides. All the cells that do not belong to the square should be white. The square's side should have positive length.\n\n\n-----Input-----\n\nThe first line contains two integers n and m (1 \u2264 n, m \u2264 100) \u2014 the sizes of the sheet.\n\nThe next n lines contain m letters 'B' or 'W' each \u2014 the description of initial cells' colors. If a letter is 'B', then the corresponding cell is painted black, otherwise it is painted white.\n\n\n-----Output-----\n\nPrint the minimum number of cells needed to be painted black so that the black cells form a black square with sides parallel to the painting's sides. All the cells that do not belong to the square should be white. If it is impossible, print -1.\n\n\n-----Examples-----\nInput\n5 4\nWWWW\nWWWB\nWWWB\nWWBB\nWWWW\n\nOutput\n5\n\nInput\n1 2\nBB\n\nOutput\n-1\n\nInput\n3 3\nWWW\nWWW\nWWW\n\nOutput\n1\n\n\n\n-----Note-----\n\nIn the first example it is needed to paint 5 cells \u2014 (2, 2), (2, 3), (3, 2), (3, 3) and (4, 2). Then there will be a square with side equal to three, and the upper left corner in (2, 2).\n\nIn the second example all the cells are painted black and form a rectangle, so it's impossible to get a square.\n\nIn the third example all cells are colored white, so it's sufficient to color any cell black.\nUse Standard Input format\nANSWER:\n\n\nAn example of step-by-step clues for finding the longest palindrome substring is displayed below:\n\n```json\n[\n{\"Clue of Step 1\": \"For a substring, if it is a palindrome and the length is greater than 2, it is still a palindrome after the first and last letters are removed. According to this idea, we can use dynamic programming to solve this problem.\"},\n{\"Clue of Step 2\": \"Then we should consider the state transition function. We use P(i,j) to indicate whether the string composed of the i-th to j-th letters of the string s (denoted as as s[i:j]) is a palindrome string. s[i:j] is a palindrome only if s[i+1:j\u22121] is a palindrome and the i and j letters of s are the same.\"},\n{\"Clue of Step 3\": \"We also need to consider the boundary conditions in dynamic programming. For a substring of length 1, it is obviously a palindrome string; For a substring of length 2, it is a palindrome as long as its two letters are the same.\"},\n{\"Clue of Step 4\": \"We also need to consider the the cyclic order of dynamic programming. In the state transition equation, we are moving from a shorter string to a longer string.\"},\n{\"Clue of Step 5\": \"The final answer is the maximum length of the valid sub-strings.\"}\n]\n```\nYou can refer to the following example and generate step-by-step clues for the given problem.\n\n\n-----Clues-----\nClue of Step 1: A brute-force approach would be to check all possible squares in the grid. For each possible square, we need to count how many cells are not black and calculate the number of cells that need to be painted black to form a complete square.\n", "Clue of Step 2: We can define a function that takes a given top-left corner and size of the square, iterates over the subgrid, counts how many white cells are in that region, and returns the count. This count represents the number of cells that need to be painted black.\n", "Clue of Step 2: For each potential square in the grid, calculate the number of white cells that need to be painted black. This can be done by iterating over the cells inside the square and counting the white cells.\n"], ["\nYou will be given a problem desciption.\n\nPlease analyze the problem and generate step-by-step clues of how to solve the problem with executable python code.\n\nThe problem:\n\n\nQUESTION:\nPolycarp has a checkered sheet of paper of size n \u00d7 m. Polycarp painted some of cells with black, the others remained white. Inspired by Malevich's \"Black Square\", Polycarp wants to paint minimum possible number of white cells with black so that all black cells form a square.\n\nYou are to determine the minimum possible number of cells needed to be painted black so that the black cells form a black square with sides parallel to the painting's sides. All the cells that do not belong to the square should be white. The square's side should have positive length.\n\n\n-----Input-----\n\nThe first line contains two integers n and m (1 \u2264 n, m \u2264 100) \u2014 the sizes of the sheet.\n\nThe next n lines contain m letters 'B' or 'W' each \u2014 the description of initial cells' colors. If a letter is 'B', then the corresponding cell is painted black, otherwise it is painted white.\n\n\n-----Output-----\n\nPrint the minimum number of cells needed to be painted black so that the black cells form a black square with sides parallel to the painting's sides. All the cells that do not belong to the square should be white. If it is impossible, print -1.\n\n\n-----Examples-----\nInput\n5 4\nWWWW\nWWWB\nWWWB\nWWBB\nWWWW\n\nOutput\n5\n\nInput\n1 2\nBB\n\nOutput\n-1\n\nInput\n3 3\nWWW\nWWW\nWWW\n\nOutput\n1\n\n\n\n-----Note-----\n\nIn the first example it is needed to paint 5 cells \u2014 (2, 2), (2, 3), (3, 2), (3, 3) and (4, 2). Then there will be a square with side equal to three, and the upper left corner in (2, 2).\n\nIn the second example all the cells are painted black and form a rectangle, so it's impossible to get a square.\n\nIn the third example all cells are colored white, so it's sufficient to color any cell black.\nUse Standard Input format\nANSWER:\n\n\nAn example of step-by-step clues for finding the longest palindrome substring is displayed below:\n\n```json\n[\n{\"Clue of Step 1\": \"For a substring, if it is a palindrome and the length is greater than 2, it is still a palindrome after the first and last letters are removed. According to this idea, we can use dynamic programming to solve this problem.\"},\n{\"Clue of Step 2\": \"Then we should consider the state transition function. We use P(i,j) to indicate whether the string composed of the i-th to j-th letters of the string s (denoted as as s[i:j]) is a palindrome string. s[i:j] is a palindrome only if s[i+1:j\u22121] is a palindrome and the i and j letters of s are the same.\"},\n{\"Clue of Step 3\": \"We also need to consider the boundary conditions in dynamic programming. For a substring of length 1, it is obviously a palindrome string; For a substring of length 2, it is a palindrome as long as its two letters are the same.\"},\n{\"Clue of Step 4\": \"We also need to consider the the cyclic order of dynamic programming. In the state transition equation, we are moving from a shorter string to a longer string.\"},\n{\"Clue of Step 5\": \"The final answer is the maximum length of the valid sub-strings.\"}\n]\n```\nYou can refer to the following example and generate step-by-step clues for the given problem.\n\n\n-----Clues-----\nClue of Step 1: A brute-force approach would be to check all possible squares in the grid. For each possible square, we need to count how many cells are not black and calculate the number of cells that need to be painted black to form a complete square.\n", "Clue of Step 2: After testing all possible squares from all possible starting points, we should keep track of the minimum number of white cells that need to be painted across all valid square positions to determine the overall minimum required.\n", "Clue of Step 2: For each potential square in the grid, calculate the number of white cells that need to be painted black. This can be done by iterating over the cells inside the square and counting the white cells.\n"], ["\nYou will be given a problem desciption.\n\nPlease analyze the problem and generate step-by-step clues of how to solve the problem with executable python code.\n\nThe problem:\n\n\nQUESTION:\nPolycarp has a checkered sheet of paper of size n \u00d7 m. Polycarp painted some of cells with black, the others remained white. Inspired by Malevich's \"Black Square\", Polycarp wants to paint minimum possible number of white cells with black so that all black cells form a square.\n\nYou are to determine the minimum possible number of cells needed to be painted black so that the black cells form a black square with sides parallel to the painting's sides. All the cells that do not belong to the square should be white. The square's side should have positive length.\n\n\n-----Input-----\n\nThe first line contains two integers n and m (1 \u2264 n, m \u2264 100) \u2014 the sizes of the sheet.\n\nThe next n lines contain m letters 'B' or 'W' each \u2014 the description of initial cells' colors. If a letter is 'B', then the corresponding cell is painted black, otherwise it is painted white.\n\n\n-----Output-----\n\nPrint the minimum number of cells needed to be painted black so that the black cells form a black square with sides parallel to the painting's sides. All the cells that do not belong to the square should be white. If it is impossible, print -1.\n\n\n-----Examples-----\nInput\n5 4\nWWWW\nWWWB\nWWWB\nWWBB\nWWWW\n\nOutput\n5\n\nInput\n1 2\nBB\n\nOutput\n-1\n\nInput\n3 3\nWWW\nWWW\nWWW\n\nOutput\n1\n\n\n\n-----Note-----\n\nIn the first example it is needed to paint 5 cells \u2014 (2, 2), (2, 3), (3, 2), (3, 3) and (4, 2). Then there will be a square with side equal to three, and the upper left corner in (2, 2).\n\nIn the second example all the cells are painted black and form a rectangle, so it's impossible to get a square.\n\nIn the third example all cells are colored white, so it's sufficient to color any cell black.\nUse Standard Input format\nANSWER:\n\n\nAn example of step-by-step clues for finding the longest palindrome substring is displayed below:\n\n```json\n[\n{\"Clue of Step 1\": \"For a substring, if it is a palindrome and the length is greater than 2, it is still a palindrome after the first and last letters are removed. According to this idea, we can use dynamic programming to solve this problem.\"},\n{\"Clue of Step 2\": \"Then we should consider the state transition function. We use P(i,j) to indicate whether the string composed of the i-th to j-th letters of the string s (denoted as as s[i:j]) is a palindrome string. s[i:j] is a palindrome only if s[i+1:j\u22121] is a palindrome and the i and j letters of s are the same.\"},\n{\"Clue of Step 3\": \"We also need to consider the boundary conditions in dynamic programming. For a substring of length 1, it is obviously a palindrome string; For a substring of length 2, it is a palindrome as long as its two letters are the same.\"},\n{\"Clue of Step 4\": \"We also need to consider the the cyclic order of dynamic programming. In the state transition equation, we are moving from a shorter string to a longer string.\"},\n{\"Clue of Step 5\": \"The final answer is the maximum length of the valid sub-strings.\"}\n]\n```\nYou can refer to the following example and generate step-by-step clues for the given problem.\n\n\n-----Clues-----\nClue of Step 1: A brute-force approach would be to check all possible squares in the grid. For each possible square, we need to count how many cells are not black and calculate the number of cells that need to be painted black to form a complete square.\n", "Clue of Step 2: To efficiently check all possible squares, we can use a sliding window approach over all possible top-left corners of the grid. For each top-left corner, try all possible square sizes that can fit starting from that corner.\n", "Clue of Step 2: For each potential square in the grid, calculate the number of white cells that need to be painted black. This can be done by iterating over the cells inside the square and counting the white cells.\n"], ["\nYou will be given a problem desciption.\n\nPlease analyze the problem and generate step-by-step clues of how to solve the problem with executable python code.\n\nThe problem:\n\n\nQUESTION:\nPolycarp has a checkered sheet of paper of size n \u00d7 m. Polycarp painted some of cells with black, the others remained white. Inspired by Malevich's \"Black Square\", Polycarp wants to paint minimum possible number of white cells with black so that all black cells form a square.\n\nYou are to determine the minimum possible number of cells needed to be painted black so that the black cells form a black square with sides parallel to the painting's sides. All the cells that do not belong to the square should be white. The square's side should have positive length.\n\n\n-----Input-----\n\nThe first line contains two integers n and m (1 \u2264 n, m \u2264 100) \u2014 the sizes of the sheet.\n\nThe next n lines contain m letters 'B' or 'W' each \u2014 the description of initial cells' colors. If a letter is 'B', then the corresponding cell is painted black, otherwise it is painted white.\n\n\n-----Output-----\n\nPrint the minimum number of cells needed to be painted black so that the black cells form a black square with sides parallel to the painting's sides. All the cells that do not belong to the square should be white. If it is impossible, print -1.\n\n\n-----Examples-----\nInput\n5 4\nWWWW\nWWWB\nWWWB\nWWBB\nWWWW\n\nOutput\n5\n\nInput\n1 2\nBB\n\nOutput\n-1\n\nInput\n3 3\nWWW\nWWW\nWWW\n\nOutput\n1\n\n\n\n-----Note-----\n\nIn the first example it is needed to paint 5 cells \u2014 (2, 2), (2, 3), (3, 2), (3, 3) and (4, 2). Then there will be a square with side equal to three, and the upper left corner in (2, 2).\n\nIn the second example all the cells are painted black and form a rectangle, so it's impossible to get a square.\n\nIn the third example all cells are colored white, so it's sufficient to color any cell black.\nUse Standard Input format\nANSWER:\n\n\nAn example of step-by-step clues for finding the longest palindrome substring is displayed below:\n\n```json\n[\n{\"Clue of Step 1\": \"For a substring, if it is a palindrome and the length is greater than 2, it is still a palindrome after the first and last letters are removed. According to this idea, we can use dynamic programming to solve this problem.\"},\n{\"Clue of Step 2\": \"Then we should consider the state transition function. We use P(i,j) to indicate whether the string composed of the i-th to j-th letters of the string s (denoted as as s[i:j]) is a palindrome string. s[i:j] is a palindrome only if s[i+1:j\u22121] is a palindrome and the i and j letters of s are the same.\"},\n{\"Clue of Step 3\": \"We also need to consider the boundary conditions in dynamic programming. For a substring of length 1, it is obviously a palindrome string; For a substring of length 2, it is a palindrome as long as its two letters are the same.\"},\n{\"Clue of Step 4\": \"We also need to consider the the cyclic order of dynamic programming. In the state transition equation, we are moving from a shorter string to a longer string.\"},\n{\"Clue of Step 5\": \"The final answer is the maximum length of the valid sub-strings.\"}\n]\n```\nYou can refer to the following example and generate step-by-step clues for the given problem.\n\n\n-----Clues-----\nClue of Step 1: A brute-force approach would be to check all possible squares in the grid. For each possible square, we need to count how many cells are not black and calculate the number of cells that need to be painted black to form a complete square.\n", "Clue of Step 2: To avoid redundant calculations, maintain a prefix sum array that helps quickly count the number of white cells in any arbitrary sub-rectangle of the grid. This will allow you to determine the number of white cells in a square in constant time after the prefix sum array is built.\n", "Clue of Step 2: For each potential square in the grid, calculate the number of white cells that need to be painted black. This can be done by iterating over the cells inside the square and counting the white cells.\n"], ["\nYou will be given a problem desciption.\n\nPlease analyze the problem and generate step-by-step clues of how to solve the problem with executable python code.\n\nThe problem:\n\n\nQUESTION:\nPolycarp has a checkered sheet of paper of size n \u00d7 m. Polycarp painted some of cells with black, the others remained white. Inspired by Malevich's \"Black Square\", Polycarp wants to paint minimum possible number of white cells with black so that all black cells form a square.\n\nYou are to determine the minimum possible number of cells needed to be painted black so that the black cells form a black square with sides parallel to the painting's sides. All the cells that do not belong to the square should be white. The square's side should have positive length.\n\n\n-----Input-----\n\nThe first line contains two integers n and m (1 \u2264 n, m \u2264 100) \u2014 the sizes of the sheet.\n\nThe next n lines contain m letters 'B' or 'W' each \u2014 the description of initial cells' colors. If a letter is 'B', then the corresponding cell is painted black, otherwise it is painted white.\n\n\n-----Output-----\n\nPrint the minimum number of cells needed to be painted black so that the black cells form a black square with sides parallel to the painting's sides. All the cells that do not belong to the square should be white. If it is impossible, print -1.\n\n\n-----Examples-----\nInput\n5 4\nWWWW\nWWWB\nWWWB\nWWBB\nWWWW\n\nOutput\n5\n\nInput\n1 2\nBB\n\nOutput\n-1\n\nInput\n3 3\nWWW\nWWW\nWWW\n\nOutput\n1\n\n\n\n-----Note-----\n\nIn the first example it is needed to paint 5 cells \u2014 (2, 2), (2, 3), (3, 2), (3, 3) and (4, 2). Then there will be a square with side equal to three, and the upper left corner in (2, 2).\n\nIn the second example all the cells are painted black and form a rectangle, so it's impossible to get a square.\n\nIn the third example all cells are colored white, so it's sufficient to color any cell black.\nUse Standard Input format\nANSWER:\n\n\nAn example of step-by-step clues for finding the longest palindrome substring is displayed below:\n\n```json\n[\n{\"Clue of Step 1\": \"For a substring, if it is a palindrome and the length is greater than 2, it is still a palindrome after the first and last letters are removed. According to this idea, we can use dynamic programming to solve this problem.\"},\n{\"Clue of Step 2\": \"Then we should consider the state transition function. We use P(i,j) to indicate whether the string composed of the i-th to j-th letters of the string s (denoted as as s[i:j]) is a palindrome string. s[i:j] is a palindrome only if s[i+1:j\u22121] is a palindrome and the i and j letters of s are the same.\"},\n{\"Clue of Step 3\": \"We also need to consider the boundary conditions in dynamic programming. For a substring of length 1, it is obviously a palindrome string; For a substring of length 2, it is a palindrome as long as its two letters are the same.\"},\n{\"Clue of Step 4\": \"We also need to consider the the cyclic order of dynamic programming. In the state transition equation, we are moving from a shorter string to a longer string.\"},\n{\"Clue of Step 5\": \"The final answer is the maximum length of the valid sub-strings.\"}\n]\n```\nYou can refer to the following example and generate step-by-step clues for the given problem.\n\n\n-----Clues-----\nClue of Step 1: Identify the minimum and maximum row and column indices of the 'B' cells to find bounds for the square.\n", "Clue of Step 2: Calculate the width and height of the bounding box that encloses all 'B' cells to determine the minimum side length of the square needed.\n", "Clue of Step 2: Check if the maximum width and height of the bounding box are equal; if they are not, it's impossible to form a square, and the answer should be -1.\n"], ["\nYou will be given a problem desciption.\n\nPlease analyze the problem and generate step-by-step clues of how to solve the problem with executable python code.\n\nThe problem:\n\n\nQUESTION:\nPolycarp has a checkered sheet of paper of size n \u00d7 m. Polycarp painted some of cells with black, the others remained white. Inspired by Malevich's \"Black Square\", Polycarp wants to paint minimum possible number of white cells with black so that all black cells form a square.\n\nYou are to determine the minimum possible number of cells needed to be painted black so that the black cells form a black square with sides parallel to the painting's sides. All the cells that do not belong to the square should be white. The square's side should have positive length.\n\n\n-----Input-----\n\nThe first line contains two integers n and m (1 \u2264 n, m \u2264 100) \u2014 the sizes of the sheet.\n\nThe next n lines contain m letters 'B' or 'W' each \u2014 the description of initial cells' colors. If a letter is 'B', then the corresponding cell is painted black, otherwise it is painted white.\n\n\n-----Output-----\n\nPrint the minimum number of cells needed to be painted black so that the black cells form a black square with sides parallel to the painting's sides. All the cells that do not belong to the square should be white. If it is impossible, print -1.\n\n\n-----Examples-----\nInput\n5 4\nWWWW\nWWWB\nWWWB\nWWBB\nWWWW\n\nOutput\n5\n\nInput\n1 2\nBB\n\nOutput\n-1\n\nInput\n3 3\nWWW\nWWW\nWWW\n\nOutput\n1\n\n\n\n-----Note-----\n\nIn the first example it is needed to paint 5 cells \u2014 (2, 2), (2, 3), (3, 2), (3, 3) and (4, 2). Then there will be a square with side equal to three, and the upper left corner in (2, 2).\n\nIn the second example all the cells are painted black and form a rectangle, so it's impossible to get a square.\n\nIn the third example all cells are colored white, so it's sufficient to color any cell black.\nUse Standard Input format\nANSWER:\n\n\nAn example of step-by-step clues for finding the longest palindrome substring is displayed below:\n\n```json\n[\n{\"Clue of Step 1\": \"For a substring, if it is a palindrome and the length is greater than 2, it is still a palindrome after the first and last letters are removed. According to this idea, we can use dynamic programming to solve this problem.\"},\n{\"Clue of Step 2\": \"Then we should consider the state transition function. We use P(i,j) to indicate whether the string composed of the i-th to j-th letters of the string s (denoted as as s[i:j]) is a palindrome string. s[i:j] is a palindrome only if s[i+1:j\u22121] is a palindrome and the i and j letters of s are the same.\"},\n{\"Clue of Step 3\": \"We also need to consider the boundary conditions in dynamic programming. For a substring of length 1, it is obviously a palindrome string; For a substring of length 2, it is a palindrome as long as its two letters are the same.\"},\n{\"Clue of Step 4\": \"We also need to consider the the cyclic order of dynamic programming. In the state transition equation, we are moving from a shorter string to a longer string.\"},\n{\"Clue of Step 5\": \"The final answer is the maximum length of the valid sub-strings.\"}\n]\n```\nYou can refer to the following example and generate step-by-step clues for the given problem.\n\n\n-----Clues-----\nClue of Step 1: Identify the minimum and maximum row and column indices of the 'B' cells to find bounds for the square.\n", "Clue of Step 2: If the bounding box can form a square, compute the number of additional cells that need to be painted by considering the total area of the square minus the number of existing 'B' cells inside the square's area.\n", "Clue of Step 2: Check if the maximum width and height of the bounding box are equal; if they are not, it's impossible to form a square, and the answer should be -1.\n"], ["\nYou will be given a problem desciption.\n\nPlease analyze the problem and generate step-by-step clues of how to solve the problem with executable python code.\n\nThe problem:\n\n\nQUESTION:\nPolycarp has a checkered sheet of paper of size n \u00d7 m. Polycarp painted some of cells with black, the others remained white. Inspired by Malevich's \"Black Square\", Polycarp wants to paint minimum possible number of white cells with black so that all black cells form a square.\n\nYou are to determine the minimum possible number of cells needed to be painted black so that the black cells form a black square with sides parallel to the painting's sides. All the cells that do not belong to the square should be white. The square's side should have positive length.\n\n\n-----Input-----\n\nThe first line contains two integers n and m (1 \u2264 n, m \u2264 100) \u2014 the sizes of the sheet.\n\nThe next n lines contain m letters 'B' or 'W' each \u2014 the description of initial cells' colors. If a letter is 'B', then the corresponding cell is painted black, otherwise it is painted white.\n\n\n-----Output-----\n\nPrint the minimum number of cells needed to be painted black so that the black cells form a black square with sides parallel to the painting's sides. All the cells that do not belong to the square should be white. If it is impossible, print -1.\n\n\n-----Examples-----\nInput\n5 4\nWWWW\nWWWB\nWWWB\nWWBB\nWWWW\n\nOutput\n5\n\nInput\n1 2\nBB\n\nOutput\n-1\n\nInput\n3 3\nWWW\nWWW\nWWW\n\nOutput\n1\n\n\n\n-----Note-----\n\nIn the first example it is needed to paint 5 cells \u2014 (2, 2), (2, 3), (3, 2), (3, 3) and (4, 2). Then there will be a square with side equal to three, and the upper left corner in (2, 2).\n\nIn the second example all the cells are painted black and form a rectangle, so it's impossible to get a square.\n\nIn the third example all cells are colored white, so it's sufficient to color any cell black.\nUse Standard Input format\nANSWER:\n\n\nAn example of step-by-step clues for finding the longest palindrome substring is displayed below:\n\n```json\n[\n{\"Clue of Step 1\": \"For a substring, if it is a palindrome and the length is greater than 2, it is still a palindrome after the first and last letters are removed. According to this idea, we can use dynamic programming to solve this problem.\"},\n{\"Clue of Step 2\": \"Then we should consider the state transition function. We use P(i,j) to indicate whether the string composed of the i-th to j-th letters of the string s (denoted as as s[i:j]) is a palindrome string. s[i:j] is a palindrome only if s[i+1:j\u22121] is a palindrome and the i and j letters of s are the same.\"},\n{\"Clue of Step 3\": \"We also need to consider the boundary conditions in dynamic programming. For a substring of length 1, it is obviously a palindrome string; For a substring of length 2, it is a palindrome as long as its two letters are the same.\"},\n{\"Clue of Step 4\": \"We also need to consider the the cyclic order of dynamic programming. In the state transition equation, we are moving from a shorter string to a longer string.\"},\n{\"Clue of Step 5\": \"The final answer is the maximum length of the valid sub-strings.\"}\n]\n```\nYou can refer to the following example and generate step-by-step clues for the given problem.\n\n\n-----Clues-----\nClue of Step 1: Identify the minimum and maximum row and column indices of the 'B' cells to find bounds for the square.\n", "Clue of Step 2: We need to calculate the maximum possible square side length that can fit within the bounds identified in Step 1. This involves checking all possible square sizes from the smallest to the largest that can fit within the identified row and column ranges.\n", "Clue of Step 2: Check if the maximum width and height of the bounding box are equal; if they are not, it's impossible to form a square, and the answer should be -1.\n"], ["\nYou will be given a problem desciption.\n\nPlease analyze the problem and generate step-by-step clues of how to solve the problem with executable python code.\n\nThe problem:\n\n\nQUESTION:\nPolycarp has a checkered sheet of paper of size n \u00d7 m. Polycarp painted some of cells with black, the others remained white. Inspired by Malevich's \"Black Square\", Polycarp wants to paint minimum possible number of white cells with black so that all black cells form a square.\n\nYou are to determine the minimum possible number of cells needed to be painted black so that the black cells form a black square with sides parallel to the painting's sides. All the cells that do not belong to the square should be white. The square's side should have positive length.\n\n\n-----Input-----\n\nThe first line contains two integers n and m (1 \u2264 n, m \u2264 100) \u2014 the sizes of the sheet.\n\nThe next n lines contain m letters 'B' or 'W' each \u2014 the description of initial cells' colors. If a letter is 'B', then the corresponding cell is painted black, otherwise it is painted white.\n\n\n-----Output-----\n\nPrint the minimum number of cells needed to be painted black so that the black cells form a black square with sides parallel to the painting's sides. All the cells that do not belong to the square should be white. If it is impossible, print -1.\n\n\n-----Examples-----\nInput\n5 4\nWWWW\nWWWB\nWWWB\nWWBB\nWWWW\n\nOutput\n5\n\nInput\n1 2\nBB\n\nOutput\n-1\n\nInput\n3 3\nWWW\nWWW\nWWW\n\nOutput\n1\n\n\n\n-----Note-----\n\nIn the first example it is needed to paint 5 cells \u2014 (2, 2), (2, 3), (3, 2), (3, 3) and (4, 2). Then there will be a square with side equal to three, and the upper left corner in (2, 2).\n\nIn the second example all the cells are painted black and form a rectangle, so it's impossible to get a square.\n\nIn the third example all cells are colored white, so it's sufficient to color any cell black.\nUse Standard Input format\nANSWER:\n\n\nAn example of step-by-step clues for finding the longest palindrome substring is displayed below:\n\n```json\n[\n{\"Clue of Step 1\": \"For a substring, if it is a palindrome and the length is greater than 2, it is still a palindrome after the first and last letters are removed. According to this idea, we can use dynamic programming to solve this problem.\"},\n{\"Clue of Step 2\": \"Then we should consider the state transition function. We use P(i,j) to indicate whether the string composed of the i-th to j-th letters of the string s (denoted as as s[i:j]) is a palindrome string. s[i:j] is a palindrome only if s[i+1:j\u22121] is a palindrome and the i and j letters of s are the same.\"},\n{\"Clue of Step 3\": \"We also need to consider the boundary conditions in dynamic programming. For a substring of length 1, it is obviously a palindrome string; For a substring of length 2, it is a palindrome as long as its two letters are the same.\"},\n{\"Clue of Step 4\": \"We also need to consider the the cyclic order of dynamic programming. In the state transition equation, we are moving from a shorter string to a longer string.\"},\n{\"Clue of Step 5\": \"The final answer is the maximum length of the valid sub-strings.\"}\n]\n```\nYou can refer to the following example and generate step-by-step clues for the given problem.\n\n\n-----Clues-----\nClue of Step 1: Identify the minimum and maximum row and column indices of the 'B' cells to find bounds for the square.\n", "Clue of Step 2: For each possible square size, we should check if it can form a complete black square by ensuring all cells within that square are either black or can be painted black with minimal additional painting.\n", "Clue of Step 2: Check if the maximum width and height of the bounding box are equal; if they are not, it's impossible to form a square, and the answer should be -1.\n"], ["\nYou will be given a problem desciption.\n\nPlease analyze the problem and generate step-by-step clues of how to solve the problem with executable python code.\n\nThe problem:\n\n\nQUESTION:\nPolycarp has a checkered sheet of paper of size n \u00d7 m. Polycarp painted some of cells with black, the others remained white. Inspired by Malevich's \"Black Square\", Polycarp wants to paint minimum possible number of white cells with black so that all black cells form a square.\n\nYou are to determine the minimum possible number of cells needed to be painted black so that the black cells form a black square with sides parallel to the painting's sides. All the cells that do not belong to the square should be white. The square's side should have positive length.\n\n\n-----Input-----\n\nThe first line contains two integers n and m (1 \u2264 n, m \u2264 100) \u2014 the sizes of the sheet.\n\nThe next n lines contain m letters 'B' or 'W' each \u2014 the description of initial cells' colors. If a letter is 'B', then the corresponding cell is painted black, otherwise it is painted white.\n\n\n-----Output-----\n\nPrint the minimum number of cells needed to be painted black so that the black cells form a black square with sides parallel to the painting's sides. All the cells that do not belong to the square should be white. If it is impossible, print -1.\n\n\n-----Examples-----\nInput\n5 4\nWWWW\nWWWB\nWWWB\nWWBB\nWWWW\n\nOutput\n5\n\nInput\n1 2\nBB\n\nOutput\n-1\n\nInput\n3 3\nWWW\nWWW\nWWW\n\nOutput\n1\n\n\n\n-----Note-----\n\nIn the first example it is needed to paint 5 cells \u2014 (2, 2), (2, 3), (3, 2), (3, 3) and (4, 2). Then there will be a square with side equal to three, and the upper left corner in (2, 2).\n\nIn the second example all the cells are painted black and form a rectangle, so it's impossible to get a square.\n\nIn the third example all cells are colored white, so it's sufficient to color any cell black.\nUse Standard Input format\nANSWER:\n\n\nAn example of step-by-step clues for finding the longest palindrome substring is displayed below:\n\n```json\n[\n{\"Clue of Step 1\": \"For a substring, if it is a palindrome and the length is greater than 2, it is still a palindrome after the first and last letters are removed. According to this idea, we can use dynamic programming to solve this problem.\"},\n{\"Clue of Step 2\": \"Then we should consider the state transition function. We use P(i,j) to indicate whether the string composed of the i-th to j-th letters of the string s (denoted as as s[i:j]) is a palindrome string. s[i:j] is a palindrome only if s[i+1:j\u22121] is a palindrome and the i and j letters of s are the same.\"},\n{\"Clue of Step 3\": \"We also need to consider the boundary conditions in dynamic programming. For a substring of length 1, it is obviously a palindrome string; For a substring of length 2, it is a palindrome as long as its two letters are the same.\"},\n{\"Clue of Step 4\": \"We also need to consider the the cyclic order of dynamic programming. In the state transition equation, we are moving from a shorter string to a longer string.\"},\n{\"Clue of Step 5\": \"The final answer is the maximum length of the valid sub-strings.\"}\n]\n```\nYou can refer to the following example and generate step-by-step clues for the given problem.\n\n\n-----Clues-----\nClue of Step 1: Identify the minimum and maximum row and column indices of the 'B' cells to find bounds for the square.\n", "Clue of Step 2: We should keep track of the minimum number of cells that need to be painted black to form a valid square as we iterate through possible square sizes and positions.\n", "Clue of Step 2: Check if the maximum width and height of the bounding box are equal; if they are not, it's impossible to form a square, and the answer should be -1.\n"], ["\nYou will be given a problem desciption.\n\nPlease analyze the problem and generate step-by-step clues of how to solve the problem with executable python code.\n\nThe problem:\n\n\nQUESTION:\nPolycarp has a checkered sheet of paper of size n \u00d7 m. Polycarp painted some of cells with black, the others remained white. Inspired by Malevich's \"Black Square\", Polycarp wants to paint minimum possible number of white cells with black so that all black cells form a square.\n\nYou are to determine the minimum possible number of cells needed to be painted black so that the black cells form a black square with sides parallel to the painting's sides. All the cells that do not belong to the square should be white. The square's side should have positive length.\n\n\n-----Input-----\n\nThe first line contains two integers n and m (1 \u2264 n, m \u2264 100) \u2014 the sizes of the sheet.\n\nThe next n lines contain m letters 'B' or 'W' each \u2014 the description of initial cells' colors. If a letter is 'B', then the corresponding cell is painted black, otherwise it is painted white.\n\n\n-----Output-----\n\nPrint the minimum number of cells needed to be painted black so that the black cells form a black square with sides parallel to the painting's sides. All the cells that do not belong to the square should be white. If it is impossible, print -1.\n\n\n-----Examples-----\nInput\n5 4\nWWWW\nWWWB\nWWWB\nWWBB\nWWWW\n\nOutput\n5\n\nInput\n1 2\nBB\n\nOutput\n-1\n\nInput\n3 3\nWWW\nWWW\nWWW\n\nOutput\n1\n\n\n\n-----Note-----\n\nIn the first example it is needed to paint 5 cells \u2014 (2, 2), (2, 3), (3, 2), (3, 3) and (4, 2). Then there will be a square with side equal to three, and the upper left corner in (2, 2).\n\nIn the second example all the cells are painted black and form a rectangle, so it's impossible to get a square.\n\nIn the third example all cells are colored white, so it's sufficient to color any cell black.\nUse Standard Input format\nANSWER:\n\n\nAn example of step-by-step clues for finding the longest palindrome substring is displayed below:\n\n```json\n[\n{\"Clue of Step 1\": \"For a substring, if it is a palindrome and the length is greater than 2, it is still a palindrome after the first and last letters are removed. According to this idea, we can use dynamic programming to solve this problem.\"},\n{\"Clue of Step 2\": \"Then we should consider the state transition function. We use P(i,j) to indicate whether the string composed of the i-th to j-th letters of the string s (denoted as as s[i:j]) is a palindrome string. s[i:j] is a palindrome only if s[i+1:j\u22121] is a palindrome and the i and j letters of s are the same.\"},\n{\"Clue of Step 3\": \"We also need to consider the boundary conditions in dynamic programming. For a substring of length 1, it is obviously a palindrome string; For a substring of length 2, it is a palindrome as long as its two letters are the same.\"},\n{\"Clue of Step 4\": \"We also need to consider the the cyclic order of dynamic programming. In the state transition equation, we are moving from a shorter string to a longer string.\"},\n{\"Clue of Step 5\": \"The final answer is the maximum length of the valid sub-strings.\"}\n]\n```\nYou can refer to the following example and generate step-by-step clues for the given problem.\n\n\n-----Clues-----\nClue of Step 1: Check if the number of 'B' cells forms a perfect square shape, if not, we will need to calculate how many additional white ('W') cells need to be painted black to achieve this.\n", "Clue of Step 2: Determine the minimum bounding rectangle that contains all 'B' cells. This will help to calculate the size of the smallest square that can encompass all black cells.\n", "Clue of Step 2: Count the number of white cells ('W') within the area of the calculated square to find out how many cells need to be painted black.\n"], ["\nYou will be given a problem desciption.\n\nPlease analyze the problem and generate step-by-step clues of how to solve the problem with executable python code.\n\nThe problem:\n\n\nQUESTION:\nPolycarp has a checkered sheet of paper of size n \u00d7 m. Polycarp painted some of cells with black, the others remained white. Inspired by Malevich's \"Black Square\", Polycarp wants to paint minimum possible number of white cells with black so that all black cells form a square.\n\nYou are to determine the minimum possible number of cells needed to be painted black so that the black cells form a black square with sides parallel to the painting's sides. All the cells that do not belong to the square should be white. The square's side should have positive length.\n\n\n-----Input-----\n\nThe first line contains two integers n and m (1 \u2264 n, m \u2264 100) \u2014 the sizes of the sheet.\n\nThe next n lines contain m letters 'B' or 'W' each \u2014 the description of initial cells' colors. If a letter is 'B', then the corresponding cell is painted black, otherwise it is painted white.\n\n\n-----Output-----\n\nPrint the minimum number of cells needed to be painted black so that the black cells form a black square with sides parallel to the painting's sides. All the cells that do not belong to the square should be white. If it is impossible, print -1.\n\n\n-----Examples-----\nInput\n5 4\nWWWW\nWWWB\nWWWB\nWWBB\nWWWW\n\nOutput\n5\n\nInput\n1 2\nBB\n\nOutput\n-1\n\nInput\n3 3\nWWW\nWWW\nWWW\n\nOutput\n1\n\n\n\n-----Note-----\n\nIn the first example it is needed to paint 5 cells \u2014 (2, 2), (2, 3), (3, 2), (3, 3) and (4, 2). Then there will be a square with side equal to three, and the upper left corner in (2, 2).\n\nIn the second example all the cells are painted black and form a rectangle, so it's impossible to get a square.\n\nIn the third example all cells are colored white, so it's sufficient to color any cell black.\nUse Standard Input format\nANSWER:\n\n\nAn example of step-by-step clues for finding the longest palindrome substring is displayed below:\n\n```json\n[\n{\"Clue of Step 1\": \"For a substring, if it is a palindrome and the length is greater than 2, it is still a palindrome after the first and last letters are removed. According to this idea, we can use dynamic programming to solve this problem.\"},\n{\"Clue of Step 2\": \"Then we should consider the state transition function. We use P(i,j) to indicate whether the string composed of the i-th to j-th letters of the string s (denoted as as s[i:j]) is a palindrome string. s[i:j] is a palindrome only if s[i+1:j\u22121] is a palindrome and the i and j letters of s are the same.\"},\n{\"Clue of Step 3\": \"We also need to consider the boundary conditions in dynamic programming. For a substring of length 1, it is obviously a palindrome string; For a substring of length 2, it is a palindrome as long as its two letters are the same.\"},\n{\"Clue of Step 4\": \"We also need to consider the the cyclic order of dynamic programming. In the state transition equation, we are moving from a shorter string to a longer string.\"},\n{\"Clue of Step 5\": \"The final answer is the maximum length of the valid sub-strings.\"}\n]\n```\nYou can refer to the following example and generate step-by-step clues for the given problem.\n\n\n-----Clues-----\nClue of Step 1: Check if the number of 'B' cells forms a perfect square shape, if not, we will need to calculate how many additional white ('W') cells need to be painted black to achieve this.\n", "Clue of Step 2: Determine the minimum bounding rectangle that contains all 'B' cells. This will help to calculate the size of the smallest square that can encompass all black cells.\n", "Clue of Step 2: For each top-left corner and potential square size, count the number of black ('B') cells that already exist within that square and calculate how many more are needed to turn all cells black within that square.\n"], ["\nYou will be given a problem desciption.\n\nPlease analyze the problem and generate step-by-step clues of how to solve the problem with executable python code.\n\nThe problem:\n\n\nQUESTION:\nPolycarp has a checkered sheet of paper of size n \u00d7 m. Polycarp painted some of cells with black, the others remained white. Inspired by Malevich's \"Black Square\", Polycarp wants to paint minimum possible number of white cells with black so that all black cells form a square.\n\nYou are to determine the minimum possible number of cells needed to be painted black so that the black cells form a black square with sides parallel to the painting's sides. All the cells that do not belong to the square should be white. The square's side should have positive length.\n\n\n-----Input-----\n\nThe first line contains two integers n and m (1 \u2264 n, m \u2264 100) \u2014 the sizes of the sheet.\n\nThe next n lines contain m letters 'B' or 'W' each \u2014 the description of initial cells' colors. If a letter is 'B', then the corresponding cell is painted black, otherwise it is painted white.\n\n\n-----Output-----\n\nPrint the minimum number of cells needed to be painted black so that the black cells form a black square with sides parallel to the painting's sides. All the cells that do not belong to the square should be white. If it is impossible, print -1.\n\n\n-----Examples-----\nInput\n5 4\nWWWW\nWWWB\nWWWB\nWWBB\nWWWW\n\nOutput\n5\n\nInput\n1 2\nBB\n\nOutput\n-1\n\nInput\n3 3\nWWW\nWWW\nWWW\n\nOutput\n1\n\n\n\n-----Note-----\n\nIn the first example it is needed to paint 5 cells \u2014 (2, 2), (2, 3), (3, 2), (3, 3) and (4, 2). Then there will be a square with side equal to three, and the upper left corner in (2, 2).\n\nIn the second example all the cells are painted black and form a rectangle, so it's impossible to get a square.\n\nIn the third example all cells are colored white, so it's sufficient to color any cell black.\nUse Standard Input format\nANSWER:\n\n\nAn example of step-by-step clues for finding the longest palindrome substring is displayed below:\n\n```json\n[\n{\"Clue of Step 1\": \"For a substring, if it is a palindrome and the length is greater than 2, it is still a palindrome after the first and last letters are removed. According to this idea, we can use dynamic programming to solve this problem.\"},\n{\"Clue of Step 2\": \"Then we should consider the state transition function. We use P(i,j) to indicate whether the string composed of the i-th to j-th letters of the string s (denoted as as s[i:j]) is a palindrome string. s[i:j] is a palindrome only if s[i+1:j\u22121] is a palindrome and the i and j letters of s are the same.\"},\n{\"Clue of Step 3\": \"We also need to consider the boundary conditions in dynamic programming. For a substring of length 1, it is obviously a palindrome string; For a substring of length 2, it is a palindrome as long as its two letters are the same.\"},\n{\"Clue of Step 4\": \"We also need to consider the the cyclic order of dynamic programming. In the state transition equation, we are moving from a shorter string to a longer string.\"},\n{\"Clue of Step 5\": \"The final answer is the maximum length of the valid sub-strings.\"}\n]\n```\nYou can refer to the following example and generate step-by-step clues for the given problem.\n\n\n-----Clues-----\nClue of Step 1: Check if the number of 'B' cells forms a perfect square shape, if not, we will need to calculate how many additional white ('W') cells need to be painted black to achieve this.\n", "Clue of Step 2: Calculate the side length of the square needed to cover the rectangle found in Clue 1. The side length should be the maximum of the rectangle's width and height.\n", "Clue of Step 2: Count the number of white cells ('W') within the area of the calculated square to find out how many cells need to be painted black.\n"], ["\nYou will be given a problem desciption.\n\nPlease analyze the problem and generate step-by-step clues of how to solve the problem with executable python code.\n\nThe problem:\n\n\nQUESTION:\nPolycarp has a checkered sheet of paper of size n \u00d7 m. Polycarp painted some of cells with black, the others remained white. Inspired by Malevich's \"Black Square\", Polycarp wants to paint minimum possible number of white cells with black so that all black cells form a square.\n\nYou are to determine the minimum possible number of cells needed to be painted black so that the black cells form a black square with sides parallel to the painting's sides. All the cells that do not belong to the square should be white. The square's side should have positive length.\n\n\n-----Input-----\n\nThe first line contains two integers n and m (1 \u2264 n, m \u2264 100) \u2014 the sizes of the sheet.\n\nThe next n lines contain m letters 'B' or 'W' each \u2014 the description of initial cells' colors. If a letter is 'B', then the corresponding cell is painted black, otherwise it is painted white.\n\n\n-----Output-----\n\nPrint the minimum number of cells needed to be painted black so that the black cells form a black square with sides parallel to the painting's sides. All the cells that do not belong to the square should be white. If it is impossible, print -1.\n\n\n-----Examples-----\nInput\n5 4\nWWWW\nWWWB\nWWWB\nWWBB\nWWWW\n\nOutput\n5\n\nInput\n1 2\nBB\n\nOutput\n-1\n\nInput\n3 3\nWWW\nWWW\nWWW\n\nOutput\n1\n\n\n\n-----Note-----\n\nIn the first example it is needed to paint 5 cells \u2014 (2, 2), (2, 3), (3, 2), (3, 3) and (4, 2). Then there will be a square with side equal to three, and the upper left corner in (2, 2).\n\nIn the second example all the cells are painted black and form a rectangle, so it's impossible to get a square.\n\nIn the third example all cells are colored white, so it's sufficient to color any cell black.\nUse Standard Input format\nANSWER:\n\n\nAn example of step-by-step clues for finding the longest palindrome substring is displayed below:\n\n```json\n[\n{\"Clue of Step 1\": \"For a substring, if it is a palindrome and the length is greater than 2, it is still a palindrome after the first and last letters are removed. According to this idea, we can use dynamic programming to solve this problem.\"},\n{\"Clue of Step 2\": \"Then we should consider the state transition function. We use P(i,j) to indicate whether the string composed of the i-th to j-th letters of the string s (denoted as as s[i:j]) is a palindrome string. s[i:j] is a palindrome only if s[i+1:j\u22121] is a palindrome and the i and j letters of s are the same.\"},\n{\"Clue of Step 3\": \"We also need to consider the boundary conditions in dynamic programming. For a substring of length 1, it is obviously a palindrome string; For a substring of length 2, it is a palindrome as long as its two letters are the same.\"},\n{\"Clue of Step 4\": \"We also need to consider the the cyclic order of dynamic programming. In the state transition equation, we are moving from a shorter string to a longer string.\"},\n{\"Clue of Step 5\": \"The final answer is the maximum length of the valid sub-strings.\"}\n]\n```\nYou can refer to the following example and generate step-by-step clues for the given problem.\n\n\n-----Clues-----\nClue of Step 1: Check if the number of 'B' cells forms a perfect square shape, if not, we will need to calculate how many additional white ('W') cells need to be painted black to achieve this.\n", "Clue of Step 2: Calculate the side length of the square needed to cover the rectangle found in Clue 1. The side length should be the maximum of the rectangle's width and height.\n", "Clue of Step 2: For each top-left corner and potential square size, count the number of black ('B') cells that already exist within that square and calculate how many more are needed to turn all cells black within that square.\n"], ["\nYou will be given a problem desciption.\n\nPlease analyze the problem and generate step-by-step clues of how to solve the problem with executable python code.\n\nThe problem:\n\n\nQUESTION:\nPolycarp has a checkered sheet of paper of size n \u00d7 m. Polycarp painted some of cells with black, the others remained white. Inspired by Malevich's \"Black Square\", Polycarp wants to paint minimum possible number of white cells with black so that all black cells form a square.\n\nYou are to determine the minimum possible number of cells needed to be painted black so that the black cells form a black square with sides parallel to the painting's sides. All the cells that do not belong to the square should be white. The square's side should have positive length.\n\n\n-----Input-----\n\nThe first line contains two integers n and m (1 \u2264 n, m \u2264 100) \u2014 the sizes of the sheet.\n\nThe next n lines contain m letters 'B' or 'W' each \u2014 the description of initial cells' colors. If a letter is 'B', then the corresponding cell is painted black, otherwise it is painted white.\n\n\n-----Output-----\n\nPrint the minimum number of cells needed to be painted black so that the black cells form a black square with sides parallel to the painting's sides. All the cells that do not belong to the square should be white. If it is impossible, print -1.\n\n\n-----Examples-----\nInput\n5 4\nWWWW\nWWWB\nWWWB\nWWBB\nWWWW\n\nOutput\n5\n\nInput\n1 2\nBB\n\nOutput\n-1\n\nInput\n3 3\nWWW\nWWW\nWWW\n\nOutput\n1\n\n\n\n-----Note-----\n\nIn the first example it is needed to paint 5 cells \u2014 (2, 2), (2, 3), (3, 2), (3, 3) and (4, 2). Then there will be a square with side equal to three, and the upper left corner in (2, 2).\n\nIn the second example all the cells are painted black and form a rectangle, so it's impossible to get a square.\n\nIn the third example all cells are colored white, so it's sufficient to color any cell black.\nUse Standard Input format\nANSWER:\n\n\nAn example of step-by-step clues for finding the longest palindrome substring is displayed below:\n\n```json\n[\n{\"Clue of Step 1\": \"For a substring, if it is a palindrome and the length is greater than 2, it is still a palindrome after the first and last letters are removed. According to this idea, we can use dynamic programming to solve this problem.\"},\n{\"Clue of Step 2\": \"Then we should consider the state transition function. We use P(i,j) to indicate whether the string composed of the i-th to j-th letters of the string s (denoted as as s[i:j]) is a palindrome string. s[i:j] is a palindrome only if s[i+1:j\u22121] is a palindrome and the i and j letters of s are the same.\"},\n{\"Clue of Step 3\": \"We also need to consider the boundary conditions in dynamic programming. For a substring of length 1, it is obviously a palindrome string; For a substring of length 2, it is a palindrome as long as its two letters are the same.\"},\n{\"Clue of Step 4\": \"We also need to consider the the cyclic order of dynamic programming. In the state transition equation, we are moving from a shorter string to a longer string.\"},\n{\"Clue of Step 5\": \"The final answer is the maximum length of the valid sub-strings.\"}\n]\n```\nYou can refer to the following example and generate step-by-step clues for the given problem.\n\n\n-----Clues-----\nClue of Step 1: Check if the number of 'B' cells forms a perfect square shape, if not, we will need to calculate how many additional white ('W') cells need to be painted black to achieve this.\n", "Clue of Step 2: To find the minimum number of cells that need to be painted black, we should iterate over all possible top-left corners of potential squares, and for each top-left corner, check all possible square sizes that can fit in the grid starting from that corner.\n", "Clue of Step 2: Count the number of white cells ('W') within the area of the calculated square to find out how many cells need to be painted black.\n"], ["\nYou will be given a problem desciption.\n\nPlease analyze the problem and generate step-by-step clues of how to solve the problem with executable python code.\n\nThe problem:\n\n\nQUESTION:\nPolycarp has a checkered sheet of paper of size n \u00d7 m. Polycarp painted some of cells with black, the others remained white. Inspired by Malevich's \"Black Square\", Polycarp wants to paint minimum possible number of white cells with black so that all black cells form a square.\n\nYou are to determine the minimum possible number of cells needed to be painted black so that the black cells form a black square with sides parallel to the painting's sides. All the cells that do not belong to the square should be white. The square's side should have positive length.\n\n\n-----Input-----\n\nThe first line contains two integers n and m (1 \u2264 n, m \u2264 100) \u2014 the sizes of the sheet.\n\nThe next n lines contain m letters 'B' or 'W' each \u2014 the description of initial cells' colors. If a letter is 'B', then the corresponding cell is painted black, otherwise it is painted white.\n\n\n-----Output-----\n\nPrint the minimum number of cells needed to be painted black so that the black cells form a black square with sides parallel to the painting's sides. All the cells that do not belong to the square should be white. If it is impossible, print -1.\n\n\n-----Examples-----\nInput\n5 4\nWWWW\nWWWB\nWWWB\nWWBB\nWWWW\n\nOutput\n5\n\nInput\n1 2\nBB\n\nOutput\n-1\n\nInput\n3 3\nWWW\nWWW\nWWW\n\nOutput\n1\n\n\n\n-----Note-----\n\nIn the first example it is needed to paint 5 cells \u2014 (2, 2), (2, 3), (3, 2), (3, 3) and (4, 2). Then there will be a square with side equal to three, and the upper left corner in (2, 2).\n\nIn the second example all the cells are painted black and form a rectangle, so it's impossible to get a square.\n\nIn the third example all cells are colored white, so it's sufficient to color any cell black.\nUse Standard Input format\nANSWER:\n\n\nAn example of step-by-step clues for finding the longest palindrome substring is displayed below:\n\n```json\n[\n{\"Clue of Step 1\": \"For a substring, if it is a palindrome and the length is greater than 2, it is still a palindrome after the first and last letters are removed. According to this idea, we can use dynamic programming to solve this problem.\"},\n{\"Clue of Step 2\": \"Then we should consider the state transition function. We use P(i,j) to indicate whether the string composed of the i-th to j-th letters of the string s (denoted as as s[i:j]) is a palindrome string. s[i:j] is a palindrome only if s[i+1:j\u22121] is a palindrome and the i and j letters of s are the same.\"},\n{\"Clue of Step 3\": \"We also need to consider the boundary conditions in dynamic programming. For a substring of length 1, it is obviously a palindrome string; For a substring of length 2, it is a palindrome as long as its two letters are the same.\"},\n{\"Clue of Step 4\": \"We also need to consider the the cyclic order of dynamic programming. In the state transition equation, we are moving from a shorter string to a longer string.\"},\n{\"Clue of Step 5\": \"The final answer is the maximum length of the valid sub-strings.\"}\n]\n```\nYou can refer to the following example and generate step-by-step clues for the given problem.\n\n\n-----Clues-----\nClue of Step 1: Check if the number of 'B' cells forms a perfect square shape, if not, we will need to calculate how many additional white ('W') cells need to be painted black to achieve this.\n", "Clue of Step 2: To find the minimum number of cells that need to be painted black, we should iterate over all possible top-left corners of potential squares, and for each top-left corner, check all possible square sizes that can fit in the grid starting from that corner.\n", "Clue of Step 2: For each top-left corner and potential square size, count the number of black ('B') cells that already exist within that square and calculate how many more are needed to turn all cells black within that square.\n"], ["\nYou will be given a problem desciption.\n\nPlease analyze the problem and generate step-by-step clues of how to solve the problem with executable python code.\n\nThe problem:\n\n\nQUESTION:\nPolycarp has a checkered sheet of paper of size n \u00d7 m. Polycarp painted some of cells with black, the others remained white. Inspired by Malevich's \"Black Square\", Polycarp wants to paint minimum possible number of white cells with black so that all black cells form a square.\n\nYou are to determine the minimum possible number of cells needed to be painted black so that the black cells form a black square with sides parallel to the painting's sides. All the cells that do not belong to the square should be white. The square's side should have positive length.\n\n\n-----Input-----\n\nThe first line contains two integers n and m (1 \u2264 n, m \u2264 100) \u2014 the sizes of the sheet.\n\nThe next n lines contain m letters 'B' or 'W' each \u2014 the description of initial cells' colors. If a letter is 'B', then the corresponding cell is painted black, otherwise it is painted white.\n\n\n-----Output-----\n\nPrint the minimum number of cells needed to be painted black so that the black cells form a black square with sides parallel to the painting's sides. All the cells that do not belong to the square should be white. If it is impossible, print -1.\n\n\n-----Examples-----\nInput\n5 4\nWWWW\nWWWB\nWWWB\nWWBB\nWWWW\n\nOutput\n5\n\nInput\n1 2\nBB\n\nOutput\n-1\n\nInput\n3 3\nWWW\nWWW\nWWW\n\nOutput\n1\n\n\n\n-----Note-----\n\nIn the first example it is needed to paint 5 cells \u2014 (2, 2), (2, 3), (3, 2), (3, 3) and (4, 2). Then there will be a square with side equal to three, and the upper left corner in (2, 2).\n\nIn the second example all the cells are painted black and form a rectangle, so it's impossible to get a square.\n\nIn the third example all cells are colored white, so it's sufficient to color any cell black.\nUse Standard Input format\nANSWER:\n\n\nAn example of step-by-step clues for finding the longest palindrome substring is displayed below:\n\n```json\n[\n{\"Clue of Step 1\": \"For a substring, if it is a palindrome and the length is greater than 2, it is still a palindrome after the first and last letters are removed. According to this idea, we can use dynamic programming to solve this problem.\"},\n{\"Clue of Step 2\": \"Then we should consider the state transition function. We use P(i,j) to indicate whether the string composed of the i-th to j-th letters of the string s (denoted as as s[i:j]) is a palindrome string. s[i:j] is a palindrome only if s[i+1:j\u22121] is a palindrome and the i and j letters of s are the same.\"},\n{\"Clue of Step 3\": \"We also need to consider the boundary conditions in dynamic programming. For a substring of length 1, it is obviously a palindrome string; For a substring of length 2, it is a palindrome as long as its two letters are the same.\"},\n{\"Clue of Step 4\": \"We also need to consider the the cyclic order of dynamic programming. In the state transition equation, we are moving from a shorter string to a longer string.\"},\n{\"Clue of Step 5\": \"The final answer is the maximum length of the valid sub-strings.\"}\n]\n```\nYou can refer to the following example and generate step-by-step clues for the given problem.\n\n\n-----Clues-----\nClue of Step 1: Check if the number of 'B' cells forms a perfect square shape, if not, we will need to calculate how many additional white ('W') cells need to be painted black to achieve this.\n", "Clue of Step 2: Track the minimum number of additional cells that need to be painted black by comparing the current count of white ('W') cells in each potential square and ensure that the square contains only black cells.\n", "Clue of Step 2: Count the number of white cells ('W') within the area of the calculated square to find out how many cells need to be painted black.\n"], ["\nYou will be given a problem desciption.\n\nPlease analyze the problem and generate step-by-step clues of how to solve the problem with executable python code.\n\nThe problem:\n\n\nQUESTION:\nPolycarp has a checkered sheet of paper of size n \u00d7 m. Polycarp painted some of cells with black, the others remained white. Inspired by Malevich's \"Black Square\", Polycarp wants to paint minimum possible number of white cells with black so that all black cells form a square.\n\nYou are to determine the minimum possible number of cells needed to be painted black so that the black cells form a black square with sides parallel to the painting's sides. All the cells that do not belong to the square should be white. The square's side should have positive length.\n\n\n-----Input-----\n\nThe first line contains two integers n and m (1 \u2264 n, m \u2264 100) \u2014 the sizes of the sheet.\n\nThe next n lines contain m letters 'B' or 'W' each \u2014 the description of initial cells' colors. If a letter is 'B', then the corresponding cell is painted black, otherwise it is painted white.\n\n\n-----Output-----\n\nPrint the minimum number of cells needed to be painted black so that the black cells form a black square with sides parallel to the painting's sides. All the cells that do not belong to the square should be white. If it is impossible, print -1.\n\n\n-----Examples-----\nInput\n5 4\nWWWW\nWWWB\nWWWB\nWWBB\nWWWW\n\nOutput\n5\n\nInput\n1 2\nBB\n\nOutput\n-1\n\nInput\n3 3\nWWW\nWWW\nWWW\n\nOutput\n1\n\n\n\n-----Note-----\n\nIn the first example it is needed to paint 5 cells \u2014 (2, 2), (2, 3), (3, 2), (3, 3) and (4, 2). Then there will be a square with side equal to three, and the upper left corner in (2, 2).\n\nIn the second example all the cells are painted black and form a rectangle, so it's impossible to get a square.\n\nIn the third example all cells are colored white, so it's sufficient to color any cell black.\nUse Standard Input format\nANSWER:\n\n\nAn example of step-by-step clues for finding the longest palindrome substring is displayed below:\n\n```json\n[\n{\"Clue of Step 1\": \"For a substring, if it is a palindrome and the length is greater than 2, it is still a palindrome after the first and last letters are removed. According to this idea, we can use dynamic programming to solve this problem.\"},\n{\"Clue of Step 2\": \"Then we should consider the state transition function. We use P(i,j) to indicate whether the string composed of the i-th to j-th letters of the string s (denoted as as s[i:j]) is a palindrome string. s[i:j] is a palindrome only if s[i+1:j\u22121] is a palindrome and the i and j letters of s are the same.\"},\n{\"Clue of Step 3\": \"We also need to consider the boundary conditions in dynamic programming. For a substring of length 1, it is obviously a palindrome string; For a substring of length 2, it is a palindrome as long as its two letters are the same.\"},\n{\"Clue of Step 4\": \"We also need to consider the the cyclic order of dynamic programming. In the state transition equation, we are moving from a shorter string to a longer string.\"},\n{\"Clue of Step 5\": \"The final answer is the maximum length of the valid sub-strings.\"}\n]\n```\nYou can refer to the following example and generate step-by-step clues for the given problem.\n\n\n-----Clues-----\nClue of Step 1: Check if the number of 'B' cells forms a perfect square shape, if not, we will need to calculate how many additional white ('W') cells need to be painted black to achieve this.\n", "Clue of Step 2: Track the minimum number of additional cells that need to be painted black by comparing the current count of white ('W') cells in each potential square and ensure that the square contains only black cells.\n", "Clue of Step 2: For each top-left corner and potential square size, count the number of black ('B') cells that already exist within that square and calculate how many more are needed to turn all cells black within that square.\n"]], "SFT": ["\nYou will be given a problem desciption.\n\nPlease analyze the problem and generate step-by-step clues of how to solve the problem with executable python code.\n\nThe problem:\n\n\nQUESTION:\nPolycarp has a checkered sheet of paper of size n \u00d7 m. Polycarp painted some of cells with black, the others remained white. Inspired by Malevich's \"Black Square\", Polycarp wants to paint minimum possible number of white cells with black so that all black cells form a square.\n\nYou are to determine the minimum possible number of cells needed to be painted black so that the black cells form a black square with sides parallel to the painting's sides. All the cells that do not belong to the square should be white. The square's side should have positive length.\n\n\n-----Input-----\n\nThe first line contains two integers n and m (1 \u2264 n, m \u2264 100) \u2014 the sizes of the sheet.\n\nThe next n lines contain m letters 'B' or 'W' each \u2014 the description of initial cells' colors. If a letter is 'B', then the corresponding cell is painted black, otherwise it is painted white.\n\n\n-----Output-----\n\nPrint the minimum number of cells needed to be painted black so that the black cells form a black square with sides parallel to the painting's sides. All the cells that do not belong to the square should be white. If it is impossible, print -1.\n\n\n-----Examples-----\nInput\n5 4\nWWWW\nWWWB\nWWWB\nWWBB\nWWWW\n\nOutput\n5\n\nInput\n1 2\nBB\n\nOutput\n-1\n\nInput\n3 3\nWWW\nWWW\nWWW\n\nOutput\n1\n\n\n\n-----Note-----\n\nIn the first example it is needed to paint 5 cells \u2014 (2, 2), (2, 3), (3, 2), (3, 3) and (4, 2). Then there will be a square with side equal to three, and the upper left corner in (2, 2).\n\nIn the second example all the cells are painted black and form a rectangle, so it's impossible to get a square.\n\nIn the third example all cells are colored white, so it's sufficient to color any cell black.\nUse Standard Input format\nANSWER:\n\n\nAn example of step-by-step clues for finding the longest palindrome substring is displayed below:\n\n```json\n[\n{\"Clue of Step 1\": \"For a substring, if it is a palindrome and the length is greater than 2, it is still a palindrome after the first and last letters are removed. According to this idea, we can use dynamic programming to solve this problem.\"},\n{\"Clue of Step 2\": \"Then we should consider the state transition function. We use P(i,j) to indicate whether the string composed of the i-th to j-th letters of the string s (denoted as as s[i:j]) is a palindrome string. s[i:j] is a palindrome only if s[i+1:j\u22121] is a palindrome and the i and j letters of s are the same.\"},\n{\"Clue of Step 3\": \"We also need to consider the boundary conditions in dynamic programming. For a substring of length 1, it is obviously a palindrome string; For a substring of length 2, it is a palindrome as long as its two letters are the same.\"},\n{\"Clue of Step 4\": \"We also need to consider the the cyclic order of dynamic programming. In the state transition equation, we are moving from a shorter string to a longer string.\"},\n{\"Clue of Step 5\": \"The final answer is the maximum length of the valid sub-strings.\"}\n]\n```\nYou can refer to the following example and generate step-by-step clues for the given problem.\n\n\n-----Clues-----\nClue of Step 1: We can start by finding all the black cells and use them as potential top-left corners of squares. Then, for each potential top-left corner, try to expand it to the largest possible square and calculate how many cells need to be painted black to form a valid square.\n\nClue of Step 2: We should find the boundaries of the current black cells to determine the minimum square that can encompass them. This includes finding the minimum and maximum row and column for all black cells.\n", "```python\ndef min_cells_to_paint(n, m, grid):\n    black_cells = [(i, j) for i in range(n) for j in range(m) if grid[i][j] == 'B']\n    \n    # Check if there are any black cells\n    if not black_cells:\n        return 1\n    \n    # Calculate bounds of the black cells\n    min_row = min(x[0] for x in black_cells)\n    max_row = max(x[0] for x in black_cells)\n    min_col = min(x[1] for x in black_cells)\n    max_col = max(x[1] for x in black_cells)\n    \n    # Calculate necessary side length of the square\n    side_length = max(max_row - min_row + 1, max_col - min_col + 1)\n    \n    # If the square exceeds the grid bounds\n    if side_length > n or side_length > m:\n        return -1\n    \n    # Calculate the number of cells that need to be painted\n    total_cells_in_square = side_length * side_length\n    current_black_cells = len(black_cells)\n    cells_to_paint = total_cells_in_square - current_black_cells\n    \n    return cells_to_paint\n\n# Reading input\nn, m = map(int, input().split())\ngrid = [input().strip() for _ in range(n)]\n\n# Getting the minimum number of cells to be painted\nresult = min_cells_to_paint(n, m, grid)\nprint(result)\n```"]}