{"StepDPO": [["\nYou will be given a problem desciption.\n\nPlease analyze the problem and generate step-by-step clues of how to solve the problem with executable python code.\n\nThe problem:\n\n\nQUESTION:\nStudents Vasya and Petya are studying at the BSU (Byteland State University). At one of the breaks they decided to order a pizza. In this problem pizza is a circle of some radius. The pizza was delivered already cut into n pieces. The i-th piece is a sector of angle equal to a_{i}. Vasya and Petya want to divide all pieces of pizza into two continuous sectors in such way that the difference between angles of these sectors is minimal. Sector angle is sum of angles of all pieces in it. Pay attention, that one of sectors can be empty.\n\n\n-----Input-----\n\nThe first line contains one integer n (1 \u2264 n \u2264 360) \u00a0\u2014 the number of pieces into which the delivered pizza was cut.\n\nThe second line contains n integers a_{i} (1 \u2264 a_{i} \u2264 360) \u00a0\u2014 the angles of the sectors into which the pizza was cut. The sum of all a_{i} is 360.\n\n\n-----Output-----\n\nPrint one integer \u00a0\u2014 the minimal difference between angles of sectors that will go to Vasya and Petya.\n\n\n-----Examples-----\nInput\n4\n90 90 90 90\n\nOutput\n0\n\nInput\n3\n100 100 160\n\nOutput\n40\n\nInput\n1\n360\n\nOutput\n360\n\nInput\n4\n170 30 150 10\n\nOutput\n0\n\n\n\n-----Note-----\n\nIn first sample Vasya can take 1 and 2 pieces, Petya can take 3 and 4 pieces. Then the answer is |(90 + 90) - (90 + 90)| = 0.\n\nIn third sample there is only one piece of pizza that can be taken by only one from Vasya and Petya. So the answer is |360 - 0| = 360.\n\nIn fourth sample Vasya can take 1 and 4 pieces, then Petya will take 2 and 3 pieces. So the answer is |(170 + 10) - (30 + 150)| = 0.\n\nPicture explaning fourth sample:\n\n[Image]\n\nBoth red and green sectors consist of two adjacent pieces of pizza. So Vasya can take green sector, then Petya will take red sector.\nUse Standard Input format\nANSWER:\n\n\nAn example of step-by-step clues for finding the longest palindrome substring is displayed below:\n\n```json\n[\n{\"Clue of Step 1\": \"For a substring, if it is a palindrome and the length is greater than 2, it is still a palindrome after the first and last letters are removed. According to this idea, we can use dynamic programming to solve this problem.\"},\n{\"Clue of Step 2\": \"Then we should consider the state transition function. We use P(i,j) to indicate whether the string composed of the i-th to j-th letters of the string s (denoted as as s[i:j]) is a palindrome string. s[i:j] is a palindrome only if s[i+1:j\u22121] is a palindrome and the i and j letters of s are the same.\"},\n{\"Clue of Step 3\": \"We also need to consider the boundary conditions in dynamic programming. For a substring of length 1, it is obviously a palindrome string; For a substring of length 2, it is a palindrome as long as its two letters are the same.\"},\n{\"Clue of Step 4\": \"We also need to consider the the cyclic order of dynamic programming. In the state transition equation, we are moving from a shorter string to a longer string.\"},\n{\"Clue of Step 5\": \"The final answer is the maximum length of the valid sub-strings.\"}\n]\n```\nYou can refer to the following example and generate step-by-step clues for the given problem.\n\n\n-----Clues-----\nClue of Step 1: We can represent the pizza pieces as a circular array, where each piece contributes to a cumulative angle. This allows us to consider different continuous segments of pizza for both Vasya and Petya.\n", "Clue of Step 2: We can use a prefix sum array to calculate the cumulative angles for the pizza pieces. This will help in efficiently determining the angle of continuous segments.\n", "Clue of Step 2: Finally, we should keep track of the minimal difference between the two angles as we explore the possible segments created by the prefix sums, ensuring we consider the circular nature of the pizza in our calculations.\n"], ["\nYou will be given a problem desciption.\n\nPlease analyze the problem and generate step-by-step clues of how to solve the problem with executable python code.\n\nThe problem:\n\n\nQUESTION:\nStudents Vasya and Petya are studying at the BSU (Byteland State University). At one of the breaks they decided to order a pizza. In this problem pizza is a circle of some radius. The pizza was delivered already cut into n pieces. The i-th piece is a sector of angle equal to a_{i}. Vasya and Petya want to divide all pieces of pizza into two continuous sectors in such way that the difference between angles of these sectors is minimal. Sector angle is sum of angles of all pieces in it. Pay attention, that one of sectors can be empty.\n\n\n-----Input-----\n\nThe first line contains one integer n (1 \u2264 n \u2264 360) \u00a0\u2014 the number of pieces into which the delivered pizza was cut.\n\nThe second line contains n integers a_{i} (1 \u2264 a_{i} \u2264 360) \u00a0\u2014 the angles of the sectors into which the pizza was cut. The sum of all a_{i} is 360.\n\n\n-----Output-----\n\nPrint one integer \u00a0\u2014 the minimal difference between angles of sectors that will go to Vasya and Petya.\n\n\n-----Examples-----\nInput\n4\n90 90 90 90\n\nOutput\n0\n\nInput\n3\n100 100 160\n\nOutput\n40\n\nInput\n1\n360\n\nOutput\n360\n\nInput\n4\n170 30 150 10\n\nOutput\n0\n\n\n\n-----Note-----\n\nIn first sample Vasya can take 1 and 2 pieces, Petya can take 3 and 4 pieces. Then the answer is |(90 + 90) - (90 + 90)| = 0.\n\nIn third sample there is only one piece of pizza that can be taken by only one from Vasya and Petya. So the answer is |360 - 0| = 360.\n\nIn fourth sample Vasya can take 1 and 4 pieces, then Petya will take 2 and 3 pieces. So the answer is |(170 + 10) - (30 + 150)| = 0.\n\nPicture explaning fourth sample:\n\n[Image]\n\nBoth red and green sectors consist of two adjacent pieces of pizza. So Vasya can take green sector, then Petya will take red sector.\nUse Standard Input format\nANSWER:\n\n\nAn example of step-by-step clues for finding the longest palindrome substring is displayed below:\n\n```json\n[\n{\"Clue of Step 1\": \"For a substring, if it is a palindrome and the length is greater than 2, it is still a palindrome after the first and last letters are removed. According to this idea, we can use dynamic programming to solve this problem.\"},\n{\"Clue of Step 2\": \"Then we should consider the state transition function. We use P(i,j) to indicate whether the string composed of the i-th to j-th letters of the string s (denoted as as s[i:j]) is a palindrome string. s[i:j] is a palindrome only if s[i+1:j\u22121] is a palindrome and the i and j letters of s are the same.\"},\n{\"Clue of Step 3\": \"We also need to consider the boundary conditions in dynamic programming. For a substring of length 1, it is obviously a palindrome string; For a substring of length 2, it is a palindrome as long as its two letters are the same.\"},\n{\"Clue of Step 4\": \"We also need to consider the the cyclic order of dynamic programming. In the state transition equation, we are moving from a shorter string to a longer string.\"},\n{\"Clue of Step 5\": \"The final answer is the maximum length of the valid sub-strings.\"}\n]\n```\nYou can refer to the following example and generate step-by-step clues for the given problem.\n\n\n-----Clues-----\nClue of Step 1: We can represent the pizza pieces as a circular array, where each piece contributes to a cumulative angle. This allows us to consider different continuous segments of pizza for both Vasya and Petya.\n", "Clue of Step 2: Next, we can iterate through all possible starting points for the segments, and for each starting point, calculate the sum of angles for continuous segments to derive the possible sector angles for both Vasya and Petya.\n", "Clue of Step 2: Finally, we should keep track of the minimal difference between the two angles as we explore the possible segments created by the prefix sums, ensuring we consider the circular nature of the pizza in our calculations.\n"], ["\nYou will be given a problem desciption.\n\nPlease analyze the problem and generate step-by-step clues of how to solve the problem with executable python code.\n\nThe problem:\n\n\nQUESTION:\nStudents Vasya and Petya are studying at the BSU (Byteland State University). At one of the breaks they decided to order a pizza. In this problem pizza is a circle of some radius. The pizza was delivered already cut into n pieces. The i-th piece is a sector of angle equal to a_{i}. Vasya and Petya want to divide all pieces of pizza into two continuous sectors in such way that the difference between angles of these sectors is minimal. Sector angle is sum of angles of all pieces in it. Pay attention, that one of sectors can be empty.\n\n\n-----Input-----\n\nThe first line contains one integer n (1 \u2264 n \u2264 360) \u00a0\u2014 the number of pieces into which the delivered pizza was cut.\n\nThe second line contains n integers a_{i} (1 \u2264 a_{i} \u2264 360) \u00a0\u2014 the angles of the sectors into which the pizza was cut. The sum of all a_{i} is 360.\n\n\n-----Output-----\n\nPrint one integer \u00a0\u2014 the minimal difference between angles of sectors that will go to Vasya and Petya.\n\n\n-----Examples-----\nInput\n4\n90 90 90 90\n\nOutput\n0\n\nInput\n3\n100 100 160\n\nOutput\n40\n\nInput\n1\n360\n\nOutput\n360\n\nInput\n4\n170 30 150 10\n\nOutput\n0\n\n\n\n-----Note-----\n\nIn first sample Vasya can take 1 and 2 pieces, Petya can take 3 and 4 pieces. Then the answer is |(90 + 90) - (90 + 90)| = 0.\n\nIn third sample there is only one piece of pizza that can be taken by only one from Vasya and Petya. So the answer is |360 - 0| = 360.\n\nIn fourth sample Vasya can take 1 and 4 pieces, then Petya will take 2 and 3 pieces. So the answer is |(170 + 10) - (30 + 150)| = 0.\n\nPicture explaning fourth sample:\n\n[Image]\n\nBoth red and green sectors consist of two adjacent pieces of pizza. So Vasya can take green sector, then Petya will take red sector.\nUse Standard Input format\nANSWER:\n\n\nAn example of step-by-step clues for finding the longest palindrome substring is displayed below:\n\n```json\n[\n{\"Clue of Step 1\": \"For a substring, if it is a palindrome and the length is greater than 2, it is still a palindrome after the first and last letters are removed. According to this idea, we can use dynamic programming to solve this problem.\"},\n{\"Clue of Step 2\": \"Then we should consider the state transition function. We use P(i,j) to indicate whether the string composed of the i-th to j-th letters of the string s (denoted as as s[i:j]) is a palindrome string. s[i:j] is a palindrome only if s[i+1:j\u22121] is a palindrome and the i and j letters of s are the same.\"},\n{\"Clue of Step 3\": \"We also need to consider the boundary conditions in dynamic programming. For a substring of length 1, it is obviously a palindrome string; For a substring of length 2, it is a palindrome as long as its two letters are the same.\"},\n{\"Clue of Step 4\": \"We also need to consider the the cyclic order of dynamic programming. In the state transition equation, we are moving from a shorter string to a longer string.\"},\n{\"Clue of Step 5\": \"The final answer is the maximum length of the valid sub-strings.\"}\n]\n```\nYou can refer to the following example and generate step-by-step clues for the given problem.\n\n\n-----Clues-----\nClue of Step 1: We can represent the pizza pieces as a circular array, where each piece contributes to a cumulative angle. This allows us to consider different continuous segments of pizza for both Vasya and Petya.\n", "Clue of Step 2: Since the pizza is circular, a natural approach is to 'break' the circle into a linear array by considering each possible starting point of a continuous segment. We can imagine 'unwrapping' the circle into a linear sequence twice (i.e., concatenating the array to itself) to handle the wrap-around nature of the problem.\n", "Clue of Step 2: Finally, we should keep track of the minimal difference between the two angles as we explore the possible segments created by the prefix sums, ensuring we consider the circular nature of the pizza in our calculations.\n"], ["\nYou will be given a problem desciption.\n\nPlease analyze the problem and generate step-by-step clues of how to solve the problem with executable python code.\n\nThe problem:\n\n\nQUESTION:\nStudents Vasya and Petya are studying at the BSU (Byteland State University). At one of the breaks they decided to order a pizza. In this problem pizza is a circle of some radius. The pizza was delivered already cut into n pieces. The i-th piece is a sector of angle equal to a_{i}. Vasya and Petya want to divide all pieces of pizza into two continuous sectors in such way that the difference between angles of these sectors is minimal. Sector angle is sum of angles of all pieces in it. Pay attention, that one of sectors can be empty.\n\n\n-----Input-----\n\nThe first line contains one integer n (1 \u2264 n \u2264 360) \u00a0\u2014 the number of pieces into which the delivered pizza was cut.\n\nThe second line contains n integers a_{i} (1 \u2264 a_{i} \u2264 360) \u00a0\u2014 the angles of the sectors into which the pizza was cut. The sum of all a_{i} is 360.\n\n\n-----Output-----\n\nPrint one integer \u00a0\u2014 the minimal difference between angles of sectors that will go to Vasya and Petya.\n\n\n-----Examples-----\nInput\n4\n90 90 90 90\n\nOutput\n0\n\nInput\n3\n100 100 160\n\nOutput\n40\n\nInput\n1\n360\n\nOutput\n360\n\nInput\n4\n170 30 150 10\n\nOutput\n0\n\n\n\n-----Note-----\n\nIn first sample Vasya can take 1 and 2 pieces, Petya can take 3 and 4 pieces. Then the answer is |(90 + 90) - (90 + 90)| = 0.\n\nIn third sample there is only one piece of pizza that can be taken by only one from Vasya and Petya. So the answer is |360 - 0| = 360.\n\nIn fourth sample Vasya can take 1 and 4 pieces, then Petya will take 2 and 3 pieces. So the answer is |(170 + 10) - (30 + 150)| = 0.\n\nPicture explaning fourth sample:\n\n[Image]\n\nBoth red and green sectors consist of two adjacent pieces of pizza. So Vasya can take green sector, then Petya will take red sector.\nUse Standard Input format\nANSWER:\n\n\nAn example of step-by-step clues for finding the longest palindrome substring is displayed below:\n\n```json\n[\n{\"Clue of Step 1\": \"For a substring, if it is a palindrome and the length is greater than 2, it is still a palindrome after the first and last letters are removed. According to this idea, we can use dynamic programming to solve this problem.\"},\n{\"Clue of Step 2\": \"Then we should consider the state transition function. We use P(i,j) to indicate whether the string composed of the i-th to j-th letters of the string s (denoted as as s[i:j]) is a palindrome string. s[i:j] is a palindrome only if s[i+1:j\u22121] is a palindrome and the i and j letters of s are the same.\"},\n{\"Clue of Step 3\": \"We also need to consider the boundary conditions in dynamic programming. For a substring of length 1, it is obviously a palindrome string; For a substring of length 2, it is a palindrome as long as its two letters are the same.\"},\n{\"Clue of Step 4\": \"We also need to consider the the cyclic order of dynamic programming. In the state transition equation, we are moving from a shorter string to a longer string.\"},\n{\"Clue of Step 5\": \"The final answer is the maximum length of the valid sub-strings.\"}\n]\n```\nYou can refer to the following example and generate step-by-step clues for the given problem.\n\n\n-----Clues-----\nClue of Step 1: We can represent the pizza pieces as a circular array, where each piece contributes to a cumulative angle. This allows us to consider different continuous segments of pizza for both Vasya and Petya.\n", "Clue of Step 2: To minimize the difference between the two sectors, we need to find a point in this 'doubled' array where we can split it into two parts such that the absolute difference between the sum of angles in each part is minimized. This can be done using a sliding window or two-pointer technique to efficiently track the sums.\n", "Clue of Step 2: Finally, we should keep track of the minimal difference between the two angles as we explore the possible segments created by the prefix sums, ensuring we consider the circular nature of the pizza in our calculations.\n"], ["\nYou will be given a problem desciption.\n\nPlease analyze the problem and generate step-by-step clues of how to solve the problem with executable python code.\n\nThe problem:\n\n\nQUESTION:\nStudents Vasya and Petya are studying at the BSU (Byteland State University). At one of the breaks they decided to order a pizza. In this problem pizza is a circle of some radius. The pizza was delivered already cut into n pieces. The i-th piece is a sector of angle equal to a_{i}. Vasya and Petya want to divide all pieces of pizza into two continuous sectors in such way that the difference between angles of these sectors is minimal. Sector angle is sum of angles of all pieces in it. Pay attention, that one of sectors can be empty.\n\n\n-----Input-----\n\nThe first line contains one integer n (1 \u2264 n \u2264 360) \u00a0\u2014 the number of pieces into which the delivered pizza was cut.\n\nThe second line contains n integers a_{i} (1 \u2264 a_{i} \u2264 360) \u00a0\u2014 the angles of the sectors into which the pizza was cut. The sum of all a_{i} is 360.\n\n\n-----Output-----\n\nPrint one integer \u00a0\u2014 the minimal difference between angles of sectors that will go to Vasya and Petya.\n\n\n-----Examples-----\nInput\n4\n90 90 90 90\n\nOutput\n0\n\nInput\n3\n100 100 160\n\nOutput\n40\n\nInput\n1\n360\n\nOutput\n360\n\nInput\n4\n170 30 150 10\n\nOutput\n0\n\n\n\n-----Note-----\n\nIn first sample Vasya can take 1 and 2 pieces, Petya can take 3 and 4 pieces. Then the answer is |(90 + 90) - (90 + 90)| = 0.\n\nIn third sample there is only one piece of pizza that can be taken by only one from Vasya and Petya. So the answer is |360 - 0| = 360.\n\nIn fourth sample Vasya can take 1 and 4 pieces, then Petya will take 2 and 3 pieces. So the answer is |(170 + 10) - (30 + 150)| = 0.\n\nPicture explaning fourth sample:\n\n[Image]\n\nBoth red and green sectors consist of two adjacent pieces of pizza. So Vasya can take green sector, then Petya will take red sector.\nUse Standard Input format\nANSWER:\n\n\nAn example of step-by-step clues for finding the longest palindrome substring is displayed below:\n\n```json\n[\n{\"Clue of Step 1\": \"For a substring, if it is a palindrome and the length is greater than 2, it is still a palindrome after the first and last letters are removed. According to this idea, we can use dynamic programming to solve this problem.\"},\n{\"Clue of Step 2\": \"Then we should consider the state transition function. We use P(i,j) to indicate whether the string composed of the i-th to j-th letters of the string s (denoted as as s[i:j]) is a palindrome string. s[i:j] is a palindrome only if s[i+1:j\u22121] is a palindrome and the i and j letters of s are the same.\"},\n{\"Clue of Step 3\": \"We also need to consider the boundary conditions in dynamic programming. For a substring of length 1, it is obviously a palindrome string; For a substring of length 2, it is a palindrome as long as its two letters are the same.\"},\n{\"Clue of Step 4\": \"We also need to consider the the cyclic order of dynamic programming. In the state transition equation, we are moving from a shorter string to a longer string.\"},\n{\"Clue of Step 5\": \"The final answer is the maximum length of the valid sub-strings.\"}\n]\n```\nYou can refer to the following example and generate step-by-step clues for the given problem.\n\n\n-----Clues-----\nClue of Step 1: We can represent the pizza pieces as a circular array, where each piece contributes to a cumulative angle. This allows us to consider different continuous segments of pizza for both Vasya and Petya.\n", "Clue of Step 2: Given that the total sum of the angles is 360 degrees, once we compute the sum of one continuous segment, the sum of the other segment is automatically determined (as it's 360 minus the first segment's sum). Thus, we only need to compute the sum for one segment and minimize the absolute difference from 360 degrees.\n", "Clue of Step 2: Finally, we should keep track of the minimal difference between the two angles as we explore the possible segments created by the prefix sums, ensuring we consider the circular nature of the pizza in our calculations.\n"], ["\nYou will be given a problem desciption.\n\nPlease analyze the problem and generate step-by-step clues of how to solve the problem with executable python code.\n\nThe problem:\n\n\nQUESTION:\nStudents Vasya and Petya are studying at the BSU (Byteland State University). At one of the breaks they decided to order a pizza. In this problem pizza is a circle of some radius. The pizza was delivered already cut into n pieces. The i-th piece is a sector of angle equal to a_{i}. Vasya and Petya want to divide all pieces of pizza into two continuous sectors in such way that the difference between angles of these sectors is minimal. Sector angle is sum of angles of all pieces in it. Pay attention, that one of sectors can be empty.\n\n\n-----Input-----\n\nThe first line contains one integer n (1 \u2264 n \u2264 360) \u00a0\u2014 the number of pieces into which the delivered pizza was cut.\n\nThe second line contains n integers a_{i} (1 \u2264 a_{i} \u2264 360) \u00a0\u2014 the angles of the sectors into which the pizza was cut. The sum of all a_{i} is 360.\n\n\n-----Output-----\n\nPrint one integer \u00a0\u2014 the minimal difference between angles of sectors that will go to Vasya and Petya.\n\n\n-----Examples-----\nInput\n4\n90 90 90 90\n\nOutput\n0\n\nInput\n3\n100 100 160\n\nOutput\n40\n\nInput\n1\n360\n\nOutput\n360\n\nInput\n4\n170 30 150 10\n\nOutput\n0\n\n\n\n-----Note-----\n\nIn first sample Vasya can take 1 and 2 pieces, Petya can take 3 and 4 pieces. Then the answer is |(90 + 90) - (90 + 90)| = 0.\n\nIn third sample there is only one piece of pizza that can be taken by only one from Vasya and Petya. So the answer is |360 - 0| = 360.\n\nIn fourth sample Vasya can take 1 and 4 pieces, then Petya will take 2 and 3 pieces. So the answer is |(170 + 10) - (30 + 150)| = 0.\n\nPicture explaning fourth sample:\n\n[Image]\n\nBoth red and green sectors consist of two adjacent pieces of pizza. So Vasya can take green sector, then Petya will take red sector.\nUse Standard Input format\nANSWER:\n\n\nAn example of step-by-step clues for finding the longest palindrome substring is displayed below:\n\n```json\n[\n{\"Clue of Step 1\": \"For a substring, if it is a palindrome and the length is greater than 2, it is still a palindrome after the first and last letters are removed. According to this idea, we can use dynamic programming to solve this problem.\"},\n{\"Clue of Step 2\": \"Then we should consider the state transition function. We use P(i,j) to indicate whether the string composed of the i-th to j-th letters of the string s (denoted as as s[i:j]) is a palindrome string. s[i:j] is a palindrome only if s[i+1:j\u22121] is a palindrome and the i and j letters of s are the same.\"},\n{\"Clue of Step 3\": \"We also need to consider the boundary conditions in dynamic programming. For a substring of length 1, it is obviously a palindrome string; For a substring of length 2, it is a palindrome as long as its two letters are the same.\"},\n{\"Clue of Step 4\": \"We also need to consider the the cyclic order of dynamic programming. In the state transition equation, we are moving from a shorter string to a longer string.\"},\n{\"Clue of Step 5\": \"The final answer is the maximum length of the valid sub-strings.\"}\n]\n```\nYou can refer to the following example and generate step-by-step clues for the given problem.\n\n\n-----Clues-----\nClue of Step 1: The problem can be viewed as partitioning the array of pizza piece angles into two contiguous subarrays such that the absolute difference between the sum of angles in each subarray is minimized. We need to find the best split point where the difference between the sum of angles in the left part and the right part is minimal.\n", "Clue of Step 2: We should calculate the prefix sums of the pizza piece angles to facilitate quick sum calculations for any contiguous segment of the angle array.\n", "Clue of Step 2: We can maintain a variable to track the minimum difference found between the two segments as we iterate through possible partition points in the prefix sums.\n"], ["\nYou will be given a problem desciption.\n\nPlease analyze the problem and generate step-by-step clues of how to solve the problem with executable python code.\n\nThe problem:\n\n\nQUESTION:\nStudents Vasya and Petya are studying at the BSU (Byteland State University). At one of the breaks they decided to order a pizza. In this problem pizza is a circle of some radius. The pizza was delivered already cut into n pieces. The i-th piece is a sector of angle equal to a_{i}. Vasya and Petya want to divide all pieces of pizza into two continuous sectors in such way that the difference between angles of these sectors is minimal. Sector angle is sum of angles of all pieces in it. Pay attention, that one of sectors can be empty.\n\n\n-----Input-----\n\nThe first line contains one integer n (1 \u2264 n \u2264 360) \u00a0\u2014 the number of pieces into which the delivered pizza was cut.\n\nThe second line contains n integers a_{i} (1 \u2264 a_{i} \u2264 360) \u00a0\u2014 the angles of the sectors into which the pizza was cut. The sum of all a_{i} is 360.\n\n\n-----Output-----\n\nPrint one integer \u00a0\u2014 the minimal difference between angles of sectors that will go to Vasya and Petya.\n\n\n-----Examples-----\nInput\n4\n90 90 90 90\n\nOutput\n0\n\nInput\n3\n100 100 160\n\nOutput\n40\n\nInput\n1\n360\n\nOutput\n360\n\nInput\n4\n170 30 150 10\n\nOutput\n0\n\n\n\n-----Note-----\n\nIn first sample Vasya can take 1 and 2 pieces, Petya can take 3 and 4 pieces. Then the answer is |(90 + 90) - (90 + 90)| = 0.\n\nIn third sample there is only one piece of pizza that can be taken by only one from Vasya and Petya. So the answer is |360 - 0| = 360.\n\nIn fourth sample Vasya can take 1 and 4 pieces, then Petya will take 2 and 3 pieces. So the answer is |(170 + 10) - (30 + 150)| = 0.\n\nPicture explaning fourth sample:\n\n[Image]\n\nBoth red and green sectors consist of two adjacent pieces of pizza. So Vasya can take green sector, then Petya will take red sector.\nUse Standard Input format\nANSWER:\n\n\nAn example of step-by-step clues for finding the longest palindrome substring is displayed below:\n\n```json\n[\n{\"Clue of Step 1\": \"For a substring, if it is a palindrome and the length is greater than 2, it is still a palindrome after the first and last letters are removed. According to this idea, we can use dynamic programming to solve this problem.\"},\n{\"Clue of Step 2\": \"Then we should consider the state transition function. We use P(i,j) to indicate whether the string composed of the i-th to j-th letters of the string s (denoted as as s[i:j]) is a palindrome string. s[i:j] is a palindrome only if s[i+1:j\u22121] is a palindrome and the i and j letters of s are the same.\"},\n{\"Clue of Step 3\": \"We also need to consider the boundary conditions in dynamic programming. For a substring of length 1, it is obviously a palindrome string; For a substring of length 2, it is a palindrome as long as its two letters are the same.\"},\n{\"Clue of Step 4\": \"We also need to consider the the cyclic order of dynamic programming. In the state transition equation, we are moving from a shorter string to a longer string.\"},\n{\"Clue of Step 5\": \"The final answer is the maximum length of the valid sub-strings.\"}\n]\n```\nYou can refer to the following example and generate step-by-step clues for the given problem.\n\n\n-----Clues-----\nClue of Step 1: The problem can be viewed as partitioning the array of pizza piece angles into two contiguous subarrays such that the absolute difference between the sum of angles in each subarray is minimized. We need to find the best split point where the difference between the sum of angles in the left part and the right part is minimal.\n", "Clue of Step 2: We could structure a loop to iterate through the prefix sums and calculate the total angle for each segment, finding the complementary segment simultaneously to minimize the difference.\n", "Clue of Step 2: We can maintain a variable to track the minimum difference found between the two segments as we iterate through possible partition points in the prefix sums.\n"], ["\nYou will be given a problem desciption.\n\nPlease analyze the problem and generate step-by-step clues of how to solve the problem with executable python code.\n\nThe problem:\n\n\nQUESTION:\nStudents Vasya and Petya are studying at the BSU (Byteland State University). At one of the breaks they decided to order a pizza. In this problem pizza is a circle of some radius. The pizza was delivered already cut into n pieces. The i-th piece is a sector of angle equal to a_{i}. Vasya and Petya want to divide all pieces of pizza into two continuous sectors in such way that the difference between angles of these sectors is minimal. Sector angle is sum of angles of all pieces in it. Pay attention, that one of sectors can be empty.\n\n\n-----Input-----\n\nThe first line contains one integer n (1 \u2264 n \u2264 360) \u00a0\u2014 the number of pieces into which the delivered pizza was cut.\n\nThe second line contains n integers a_{i} (1 \u2264 a_{i} \u2264 360) \u00a0\u2014 the angles of the sectors into which the pizza was cut. The sum of all a_{i} is 360.\n\n\n-----Output-----\n\nPrint one integer \u00a0\u2014 the minimal difference between angles of sectors that will go to Vasya and Petya.\n\n\n-----Examples-----\nInput\n4\n90 90 90 90\n\nOutput\n0\n\nInput\n3\n100 100 160\n\nOutput\n40\n\nInput\n1\n360\n\nOutput\n360\n\nInput\n4\n170 30 150 10\n\nOutput\n0\n\n\n\n-----Note-----\n\nIn first sample Vasya can take 1 and 2 pieces, Petya can take 3 and 4 pieces. Then the answer is |(90 + 90) - (90 + 90)| = 0.\n\nIn third sample there is only one piece of pizza that can be taken by only one from Vasya and Petya. So the answer is |360 - 0| = 360.\n\nIn fourth sample Vasya can take 1 and 4 pieces, then Petya will take 2 and 3 pieces. So the answer is |(170 + 10) - (30 + 150)| = 0.\n\nPicture explaning fourth sample:\n\n[Image]\n\nBoth red and green sectors consist of two adjacent pieces of pizza. So Vasya can take green sector, then Petya will take red sector.\nUse Standard Input format\nANSWER:\n\n\nAn example of step-by-step clues for finding the longest palindrome substring is displayed below:\n\n```json\n[\n{\"Clue of Step 1\": \"For a substring, if it is a palindrome and the length is greater than 2, it is still a palindrome after the first and last letters are removed. According to this idea, we can use dynamic programming to solve this problem.\"},\n{\"Clue of Step 2\": \"Then we should consider the state transition function. We use P(i,j) to indicate whether the string composed of the i-th to j-th letters of the string s (denoted as as s[i:j]) is a palindrome string. s[i:j] is a palindrome only if s[i+1:j\u22121] is a palindrome and the i and j letters of s are the same.\"},\n{\"Clue of Step 3\": \"We also need to consider the boundary conditions in dynamic programming. For a substring of length 1, it is obviously a palindrome string; For a substring of length 2, it is a palindrome as long as its two letters are the same.\"},\n{\"Clue of Step 4\": \"We also need to consider the the cyclic order of dynamic programming. In the state transition equation, we are moving from a shorter string to a longer string.\"},\n{\"Clue of Step 5\": \"The final answer is the maximum length of the valid sub-strings.\"}\n]\n```\nYou can refer to the following example and generate step-by-step clues for the given problem.\n\n\n-----Clues-----\nClue of Step 1: The problem can be viewed as partitioning the array of pizza piece angles into two contiguous subarrays such that the absolute difference between the sum of angles in each subarray is minimized. We need to find the best split point where the difference between the sum of angles in the left part and the right part is minimal.\n", "Clue of Step 2: We can generate all possible partition points in the circular array of pizza slices, treating the array as linear by doubling it. This way, we simulate the circular nature of the pizza and check the absolute difference between the sum of angles in the two resulting contiguous subarrays for each partition point.\n", "Clue of Step 2: We can maintain a variable to track the minimum difference found between the two segments as we iterate through possible partition points in the prefix sums.\n"], ["\nYou will be given a problem desciption.\n\nPlease analyze the problem and generate step-by-step clues of how to solve the problem with executable python code.\n\nThe problem:\n\n\nQUESTION:\nStudents Vasya and Petya are studying at the BSU (Byteland State University). At one of the breaks they decided to order a pizza. In this problem pizza is a circle of some radius. The pizza was delivered already cut into n pieces. The i-th piece is a sector of angle equal to a_{i}. Vasya and Petya want to divide all pieces of pizza into two continuous sectors in such way that the difference between angles of these sectors is minimal. Sector angle is sum of angles of all pieces in it. Pay attention, that one of sectors can be empty.\n\n\n-----Input-----\n\nThe first line contains one integer n (1 \u2264 n \u2264 360) \u00a0\u2014 the number of pieces into which the delivered pizza was cut.\n\nThe second line contains n integers a_{i} (1 \u2264 a_{i} \u2264 360) \u00a0\u2014 the angles of the sectors into which the pizza was cut. The sum of all a_{i} is 360.\n\n\n-----Output-----\n\nPrint one integer \u00a0\u2014 the minimal difference between angles of sectors that will go to Vasya and Petya.\n\n\n-----Examples-----\nInput\n4\n90 90 90 90\n\nOutput\n0\n\nInput\n3\n100 100 160\n\nOutput\n40\n\nInput\n1\n360\n\nOutput\n360\n\nInput\n4\n170 30 150 10\n\nOutput\n0\n\n\n\n-----Note-----\n\nIn first sample Vasya can take 1 and 2 pieces, Petya can take 3 and 4 pieces. Then the answer is |(90 + 90) - (90 + 90)| = 0.\n\nIn third sample there is only one piece of pizza that can be taken by only one from Vasya and Petya. So the answer is |360 - 0| = 360.\n\nIn fourth sample Vasya can take 1 and 4 pieces, then Petya will take 2 and 3 pieces. So the answer is |(170 + 10) - (30 + 150)| = 0.\n\nPicture explaning fourth sample:\n\n[Image]\n\nBoth red and green sectors consist of two adjacent pieces of pizza. So Vasya can take green sector, then Petya will take red sector.\nUse Standard Input format\nANSWER:\n\n\nAn example of step-by-step clues for finding the longest palindrome substring is displayed below:\n\n```json\n[\n{\"Clue of Step 1\": \"For a substring, if it is a palindrome and the length is greater than 2, it is still a palindrome after the first and last letters are removed. According to this idea, we can use dynamic programming to solve this problem.\"},\n{\"Clue of Step 2\": \"Then we should consider the state transition function. We use P(i,j) to indicate whether the string composed of the i-th to j-th letters of the string s (denoted as as s[i:j]) is a palindrome string. s[i:j] is a palindrome only if s[i+1:j\u22121] is a palindrome and the i and j letters of s are the same.\"},\n{\"Clue of Step 3\": \"We also need to consider the boundary conditions in dynamic programming. For a substring of length 1, it is obviously a palindrome string; For a substring of length 2, it is a palindrome as long as its two letters are the same.\"},\n{\"Clue of Step 4\": \"We also need to consider the the cyclic order of dynamic programming. In the state transition equation, we are moving from a shorter string to a longer string.\"},\n{\"Clue of Step 5\": \"The final answer is the maximum length of the valid sub-strings.\"}\n]\n```\nYou can refer to the following example and generate step-by-step clues for the given problem.\n\n\n-----Clues-----\nClue of Step 1: The problem can be viewed as partitioning the array of pizza piece angles into two contiguous subarrays such that the absolute difference between the sum of angles in each subarray is minimized. We need to find the best split point where the difference between the sum of angles in the left part and the right part is minimal.\n", "Clue of Step 2: Since the sum of all pizza slice angles is 360 degrees, we only need to calculate the sum of one sector (Vasya's portion). The other sector's sum (Petya's portion) will automatically be 360 minus the first sector's sum. Thus, we only need to minimize the difference between a sector's sum and 360 minus that sum.\n", "Clue of Step 2: We can maintain a variable to track the minimum difference found between the two segments as we iterate through possible partition points in the prefix sums.\n"], ["\nYou will be given a problem desciption.\n\nPlease analyze the problem and generate step-by-step clues of how to solve the problem with executable python code.\n\nThe problem:\n\n\nQUESTION:\nStudents Vasya and Petya are studying at the BSU (Byteland State University). At one of the breaks they decided to order a pizza. In this problem pizza is a circle of some radius. The pizza was delivered already cut into n pieces. The i-th piece is a sector of angle equal to a_{i}. Vasya and Petya want to divide all pieces of pizza into two continuous sectors in such way that the difference between angles of these sectors is minimal. Sector angle is sum of angles of all pieces in it. Pay attention, that one of sectors can be empty.\n\n\n-----Input-----\n\nThe first line contains one integer n (1 \u2264 n \u2264 360) \u00a0\u2014 the number of pieces into which the delivered pizza was cut.\n\nThe second line contains n integers a_{i} (1 \u2264 a_{i} \u2264 360) \u00a0\u2014 the angles of the sectors into which the pizza was cut. The sum of all a_{i} is 360.\n\n\n-----Output-----\n\nPrint one integer \u00a0\u2014 the minimal difference between angles of sectors that will go to Vasya and Petya.\n\n\n-----Examples-----\nInput\n4\n90 90 90 90\n\nOutput\n0\n\nInput\n3\n100 100 160\n\nOutput\n40\n\nInput\n1\n360\n\nOutput\n360\n\nInput\n4\n170 30 150 10\n\nOutput\n0\n\n\n\n-----Note-----\n\nIn first sample Vasya can take 1 and 2 pieces, Petya can take 3 and 4 pieces. Then the answer is |(90 + 90) - (90 + 90)| = 0.\n\nIn third sample there is only one piece of pizza that can be taken by only one from Vasya and Petya. So the answer is |360 - 0| = 360.\n\nIn fourth sample Vasya can take 1 and 4 pieces, then Petya will take 2 and 3 pieces. So the answer is |(170 + 10) - (30 + 150)| = 0.\n\nPicture explaning fourth sample:\n\n[Image]\n\nBoth red and green sectors consist of two adjacent pieces of pizza. So Vasya can take green sector, then Petya will take red sector.\nUse Standard Input format\nANSWER:\n\n\nAn example of step-by-step clues for finding the longest palindrome substring is displayed below:\n\n```json\n[\n{\"Clue of Step 1\": \"For a substring, if it is a palindrome and the length is greater than 2, it is still a palindrome after the first and last letters are removed. According to this idea, we can use dynamic programming to solve this problem.\"},\n{\"Clue of Step 2\": \"Then we should consider the state transition function. We use P(i,j) to indicate whether the string composed of the i-th to j-th letters of the string s (denoted as as s[i:j]) is a palindrome string. s[i:j] is a palindrome only if s[i+1:j\u22121] is a palindrome and the i and j letters of s are the same.\"},\n{\"Clue of Step 3\": \"We also need to consider the boundary conditions in dynamic programming. For a substring of length 1, it is obviously a palindrome string; For a substring of length 2, it is a palindrome as long as its two letters are the same.\"},\n{\"Clue of Step 4\": \"We also need to consider the the cyclic order of dynamic programming. In the state transition equation, we are moving from a shorter string to a longer string.\"},\n{\"Clue of Step 5\": \"The final answer is the maximum length of the valid sub-strings.\"}\n]\n```\nYou can refer to the following example and generate step-by-step clues for the given problem.\n\n\n-----Clues-----\nClue of Step 1: The problem can be viewed as partitioning the array of pizza piece angles into two contiguous subarrays such that the absolute difference between the sum of angles in each subarray is minimized. We need to find the best split point where the difference between the sum of angles in the left part and the right part is minimal.\n", "Clue of Step 2: We can use a sliding window approach to explore all possible contiguous subarrays (sectors) of the given array, maintaining a running sum of the current sector's angles and calculating the difference with the complementary sector (whose sum is total sum minus the current sector's sum).\n", "Clue of Step 2: We can maintain a variable to track the minimum difference found between the two segments as we iterate through possible partition points in the prefix sums.\n"], ["\nYou will be given a problem desciption.\n\nPlease analyze the problem and generate step-by-step clues of how to solve the problem with executable python code.\n\nThe problem:\n\n\nQUESTION:\nStudents Vasya and Petya are studying at the BSU (Byteland State University). At one of the breaks they decided to order a pizza. In this problem pizza is a circle of some radius. The pizza was delivered already cut into n pieces. The i-th piece is a sector of angle equal to a_{i}. Vasya and Petya want to divide all pieces of pizza into two continuous sectors in such way that the difference between angles of these sectors is minimal. Sector angle is sum of angles of all pieces in it. Pay attention, that one of sectors can be empty.\n\n\n-----Input-----\n\nThe first line contains one integer n (1 \u2264 n \u2264 360) \u00a0\u2014 the number of pieces into which the delivered pizza was cut.\n\nThe second line contains n integers a_{i} (1 \u2264 a_{i} \u2264 360) \u00a0\u2014 the angles of the sectors into which the pizza was cut. The sum of all a_{i} is 360.\n\n\n-----Output-----\n\nPrint one integer \u00a0\u2014 the minimal difference between angles of sectors that will go to Vasya and Petya.\n\n\n-----Examples-----\nInput\n4\n90 90 90 90\n\nOutput\n0\n\nInput\n3\n100 100 160\n\nOutput\n40\n\nInput\n1\n360\n\nOutput\n360\n\nInput\n4\n170 30 150 10\n\nOutput\n0\n\n\n\n-----Note-----\n\nIn first sample Vasya can take 1 and 2 pieces, Petya can take 3 and 4 pieces. Then the answer is |(90 + 90) - (90 + 90)| = 0.\n\nIn third sample there is only one piece of pizza that can be taken by only one from Vasya and Petya. So the answer is |360 - 0| = 360.\n\nIn fourth sample Vasya can take 1 and 4 pieces, then Petya will take 2 and 3 pieces. So the answer is |(170 + 10) - (30 + 150)| = 0.\n\nPicture explaning fourth sample:\n\n[Image]\n\nBoth red and green sectors consist of two adjacent pieces of pizza. So Vasya can take green sector, then Petya will take red sector.\nUse Standard Input format\nANSWER:\n\n\nAn example of step-by-step clues for finding the longest palindrome substring is displayed below:\n\n```json\n[\n{\"Clue of Step 1\": \"For a substring, if it is a palindrome and the length is greater than 2, it is still a palindrome after the first and last letters are removed. According to this idea, we can use dynamic programming to solve this problem.\"},\n{\"Clue of Step 2\": \"Then we should consider the state transition function. We use P(i,j) to indicate whether the string composed of the i-th to j-th letters of the string s (denoted as as s[i:j]) is a palindrome string. s[i:j] is a palindrome only if s[i+1:j\u22121] is a palindrome and the i and j letters of s are the same.\"},\n{\"Clue of Step 3\": \"We also need to consider the boundary conditions in dynamic programming. For a substring of length 1, it is obviously a palindrome string; For a substring of length 2, it is a palindrome as long as its two letters are the same.\"},\n{\"Clue of Step 4\": \"We also need to consider the the cyclic order of dynamic programming. In the state transition equation, we are moving from a shorter string to a longer string.\"},\n{\"Clue of Step 5\": \"The final answer is the maximum length of the valid sub-strings.\"}\n]\n```\nYou can refer to the following example and generate step-by-step clues for the given problem.\n\n\n-----Clues-----\nClue of Step 1: Given that the total sum of angles is fixed at 360 degrees, we can approach this problem by calculating the cumulative sum of angles as we iterate through the pieces. At each step, we can check the absolute difference between the current sum and the remaining sum (360 - current sum).\n", "Clue of Step 2: We can use a loop to iterate through the pizza pieces and maintain a running total of the accumulated angles. For each accumulated angle, we can calculate the difference from the remaining angle (360 - accumulated angle) to compare sector sizes.\n", "Clue of Step 2: Since the total sum of angles is 360 degrees, one approach is to try all possible ways to split the pizza into two continuous sectors. This can be done by iterating through all possible split points and calculating the sum of angles for each sector, then finding the minimal difference between the two sector angles.\n"], ["\nYou will be given a problem desciption.\n\nPlease analyze the problem and generate step-by-step clues of how to solve the problem with executable python code.\n\nThe problem:\n\n\nQUESTION:\nStudents Vasya and Petya are studying at the BSU (Byteland State University). At one of the breaks they decided to order a pizza. In this problem pizza is a circle of some radius. The pizza was delivered already cut into n pieces. The i-th piece is a sector of angle equal to a_{i}. Vasya and Petya want to divide all pieces of pizza into two continuous sectors in such way that the difference between angles of these sectors is minimal. Sector angle is sum of angles of all pieces in it. Pay attention, that one of sectors can be empty.\n\n\n-----Input-----\n\nThe first line contains one integer n (1 \u2264 n \u2264 360) \u00a0\u2014 the number of pieces into which the delivered pizza was cut.\n\nThe second line contains n integers a_{i} (1 \u2264 a_{i} \u2264 360) \u00a0\u2014 the angles of the sectors into which the pizza was cut. The sum of all a_{i} is 360.\n\n\n-----Output-----\n\nPrint one integer \u00a0\u2014 the minimal difference between angles of sectors that will go to Vasya and Petya.\n\n\n-----Examples-----\nInput\n4\n90 90 90 90\n\nOutput\n0\n\nInput\n3\n100 100 160\n\nOutput\n40\n\nInput\n1\n360\n\nOutput\n360\n\nInput\n4\n170 30 150 10\n\nOutput\n0\n\n\n\n-----Note-----\n\nIn first sample Vasya can take 1 and 2 pieces, Petya can take 3 and 4 pieces. Then the answer is |(90 + 90) - (90 + 90)| = 0.\n\nIn third sample there is only one piece of pizza that can be taken by only one from Vasya and Petya. So the answer is |360 - 0| = 360.\n\nIn fourth sample Vasya can take 1 and 4 pieces, then Petya will take 2 and 3 pieces. So the answer is |(170 + 10) - (30 + 150)| = 0.\n\nPicture explaning fourth sample:\n\n[Image]\n\nBoth red and green sectors consist of two adjacent pieces of pizza. So Vasya can take green sector, then Petya will take red sector.\nUse Standard Input format\nANSWER:\n\n\nAn example of step-by-step clues for finding the longest palindrome substring is displayed below:\n\n```json\n[\n{\"Clue of Step 1\": \"For a substring, if it is a palindrome and the length is greater than 2, it is still a palindrome after the first and last letters are removed. According to this idea, we can use dynamic programming to solve this problem.\"},\n{\"Clue of Step 2\": \"Then we should consider the state transition function. We use P(i,j) to indicate whether the string composed of the i-th to j-th letters of the string s (denoted as as s[i:j]) is a palindrome string. s[i:j] is a palindrome only if s[i+1:j\u22121] is a palindrome and the i and j letters of s are the same.\"},\n{\"Clue of Step 3\": \"We also need to consider the boundary conditions in dynamic programming. For a substring of length 1, it is obviously a palindrome string; For a substring of length 2, it is a palindrome as long as its two letters are the same.\"},\n{\"Clue of Step 4\": \"We also need to consider the the cyclic order of dynamic programming. In the state transition equation, we are moving from a shorter string to a longer string.\"},\n{\"Clue of Step 5\": \"The final answer is the maximum length of the valid sub-strings.\"}\n]\n```\nYou can refer to the following example and generate step-by-step clues for the given problem.\n\n\n-----Clues-----\nClue of Step 1: Given that the total sum of angles is fixed at 360 degrees, we can approach this problem by calculating the cumulative sum of angles as we iterate through the pieces. At each step, we can check the absolute difference between the current sum and the remaining sum (360 - current sum).\n", "Clue of Step 2: We can use a loop to iterate through the pizza pieces and maintain a running total of the accumulated angles. For each accumulated angle, we can calculate the difference from the remaining angle (360 - accumulated angle) to compare sector sizes.\n", "Clue of Step 2: You can maintain a running sum of the angles as you iterate through the pieces. At each split point, the first sector's angle will be the running sum, and the second sector's angle will be the total sum (360) minus the running sum. Compute the absolute difference at each split point and track the minimum difference.\n"], ["\nYou will be given a problem desciption.\n\nPlease analyze the problem and generate step-by-step clues of how to solve the problem with executable python code.\n\nThe problem:\n\n\nQUESTION:\nStudents Vasya and Petya are studying at the BSU (Byteland State University). At one of the breaks they decided to order a pizza. In this problem pizza is a circle of some radius. The pizza was delivered already cut into n pieces. The i-th piece is a sector of angle equal to a_{i}. Vasya and Petya want to divide all pieces of pizza into two continuous sectors in such way that the difference between angles of these sectors is minimal. Sector angle is sum of angles of all pieces in it. Pay attention, that one of sectors can be empty.\n\n\n-----Input-----\n\nThe first line contains one integer n (1 \u2264 n \u2264 360) \u00a0\u2014 the number of pieces into which the delivered pizza was cut.\n\nThe second line contains n integers a_{i} (1 \u2264 a_{i} \u2264 360) \u00a0\u2014 the angles of the sectors into which the pizza was cut. The sum of all a_{i} is 360.\n\n\n-----Output-----\n\nPrint one integer \u00a0\u2014 the minimal difference between angles of sectors that will go to Vasya and Petya.\n\n\n-----Examples-----\nInput\n4\n90 90 90 90\n\nOutput\n0\n\nInput\n3\n100 100 160\n\nOutput\n40\n\nInput\n1\n360\n\nOutput\n360\n\nInput\n4\n170 30 150 10\n\nOutput\n0\n\n\n\n-----Note-----\n\nIn first sample Vasya can take 1 and 2 pieces, Petya can take 3 and 4 pieces. Then the answer is |(90 + 90) - (90 + 90)| = 0.\n\nIn third sample there is only one piece of pizza that can be taken by only one from Vasya and Petya. So the answer is |360 - 0| = 360.\n\nIn fourth sample Vasya can take 1 and 4 pieces, then Petya will take 2 and 3 pieces. So the answer is |(170 + 10) - (30 + 150)| = 0.\n\nPicture explaning fourth sample:\n\n[Image]\n\nBoth red and green sectors consist of two adjacent pieces of pizza. So Vasya can take green sector, then Petya will take red sector.\nUse Standard Input format\nANSWER:\n\n\nAn example of step-by-step clues for finding the longest palindrome substring is displayed below:\n\n```json\n[\n{\"Clue of Step 1\": \"For a substring, if it is a palindrome and the length is greater than 2, it is still a palindrome after the first and last letters are removed. According to this idea, we can use dynamic programming to solve this problem.\"},\n{\"Clue of Step 2\": \"Then we should consider the state transition function. We use P(i,j) to indicate whether the string composed of the i-th to j-th letters of the string s (denoted as as s[i:j]) is a palindrome string. s[i:j] is a palindrome only if s[i+1:j\u22121] is a palindrome and the i and j letters of s are the same.\"},\n{\"Clue of Step 3\": \"We also need to consider the boundary conditions in dynamic programming. For a substring of length 1, it is obviously a palindrome string; For a substring of length 2, it is a palindrome as long as its two letters are the same.\"},\n{\"Clue of Step 4\": \"We also need to consider the the cyclic order of dynamic programming. In the state transition equation, we are moving from a shorter string to a longer string.\"},\n{\"Clue of Step 5\": \"The final answer is the maximum length of the valid sub-strings.\"}\n]\n```\nYou can refer to the following example and generate step-by-step clues for the given problem.\n\n\n-----Clues-----\nClue of Step 1: Given that the total sum of angles is fixed at 360 degrees, we can approach this problem by calculating the cumulative sum of angles as we iterate through the pieces. At each step, we can check the absolute difference between the current sum and the remaining sum (360 - current sum).\n", "Clue of Step 2: We should use a variable to store the minimum difference found so far, and each time we calculate the difference between the current accumulated angle and the remaining angle, we can update this variable if the new difference is smaller.\n", "Clue of Step 2: Since the total sum of angles is 360 degrees, one approach is to try all possible ways to split the pizza into two continuous sectors. This can be done by iterating through all possible split points and calculating the sum of angles for each sector, then finding the minimal difference between the two sector angles.\n"], ["\nYou will be given a problem desciption.\n\nPlease analyze the problem and generate step-by-step clues of how to solve the problem with executable python code.\n\nThe problem:\n\n\nQUESTION:\nStudents Vasya and Petya are studying at the BSU (Byteland State University). At one of the breaks they decided to order a pizza. In this problem pizza is a circle of some radius. The pizza was delivered already cut into n pieces. The i-th piece is a sector of angle equal to a_{i}. Vasya and Petya want to divide all pieces of pizza into two continuous sectors in such way that the difference between angles of these sectors is minimal. Sector angle is sum of angles of all pieces in it. Pay attention, that one of sectors can be empty.\n\n\n-----Input-----\n\nThe first line contains one integer n (1 \u2264 n \u2264 360) \u00a0\u2014 the number of pieces into which the delivered pizza was cut.\n\nThe second line contains n integers a_{i} (1 \u2264 a_{i} \u2264 360) \u00a0\u2014 the angles of the sectors into which the pizza was cut. The sum of all a_{i} is 360.\n\n\n-----Output-----\n\nPrint one integer \u00a0\u2014 the minimal difference between angles of sectors that will go to Vasya and Petya.\n\n\n-----Examples-----\nInput\n4\n90 90 90 90\n\nOutput\n0\n\nInput\n3\n100 100 160\n\nOutput\n40\n\nInput\n1\n360\n\nOutput\n360\n\nInput\n4\n170 30 150 10\n\nOutput\n0\n\n\n\n-----Note-----\n\nIn first sample Vasya can take 1 and 2 pieces, Petya can take 3 and 4 pieces. Then the answer is |(90 + 90) - (90 + 90)| = 0.\n\nIn third sample there is only one piece of pizza that can be taken by only one from Vasya and Petya. So the answer is |360 - 0| = 360.\n\nIn fourth sample Vasya can take 1 and 4 pieces, then Petya will take 2 and 3 pieces. So the answer is |(170 + 10) - (30 + 150)| = 0.\n\nPicture explaning fourth sample:\n\n[Image]\n\nBoth red and green sectors consist of two adjacent pieces of pizza. So Vasya can take green sector, then Petya will take red sector.\nUse Standard Input format\nANSWER:\n\n\nAn example of step-by-step clues for finding the longest palindrome substring is displayed below:\n\n```json\n[\n{\"Clue of Step 1\": \"For a substring, if it is a palindrome and the length is greater than 2, it is still a palindrome after the first and last letters are removed. According to this idea, we can use dynamic programming to solve this problem.\"},\n{\"Clue of Step 2\": \"Then we should consider the state transition function. We use P(i,j) to indicate whether the string composed of the i-th to j-th letters of the string s (denoted as as s[i:j]) is a palindrome string. s[i:j] is a palindrome only if s[i+1:j\u22121] is a palindrome and the i and j letters of s are the same.\"},\n{\"Clue of Step 3\": \"We also need to consider the boundary conditions in dynamic programming. For a substring of length 1, it is obviously a palindrome string; For a substring of length 2, it is a palindrome as long as its two letters are the same.\"},\n{\"Clue of Step 4\": \"We also need to consider the the cyclic order of dynamic programming. In the state transition equation, we are moving from a shorter string to a longer string.\"},\n{\"Clue of Step 5\": \"The final answer is the maximum length of the valid sub-strings.\"}\n]\n```\nYou can refer to the following example and generate step-by-step clues for the given problem.\n\n\n-----Clues-----\nClue of Step 1: Given that the total sum of angles is fixed at 360 degrees, we can approach this problem by calculating the cumulative sum of angles as we iterate through the pieces. At each step, we can check the absolute difference between the current sum and the remaining sum (360 - current sum).\n", "Clue of Step 2: We should use a variable to store the minimum difference found so far, and each time we calculate the difference between the current accumulated angle and the remaining angle, we can update this variable if the new difference is smaller.\n", "Clue of Step 2: You can maintain a running sum of the angles as you iterate through the pieces. At each split point, the first sector's angle will be the running sum, and the second sector's angle will be the total sum (360) minus the running sum. Compute the absolute difference at each split point and track the minimum difference.\n"], ["\nYou will be given a problem desciption.\n\nPlease analyze the problem and generate step-by-step clues of how to solve the problem with executable python code.\n\nThe problem:\n\n\nQUESTION:\nStudents Vasya and Petya are studying at the BSU (Byteland State University). At one of the breaks they decided to order a pizza. In this problem pizza is a circle of some radius. The pizza was delivered already cut into n pieces. The i-th piece is a sector of angle equal to a_{i}. Vasya and Petya want to divide all pieces of pizza into two continuous sectors in such way that the difference between angles of these sectors is minimal. Sector angle is sum of angles of all pieces in it. Pay attention, that one of sectors can be empty.\n\n\n-----Input-----\n\nThe first line contains one integer n (1 \u2264 n \u2264 360) \u00a0\u2014 the number of pieces into which the delivered pizza was cut.\n\nThe second line contains n integers a_{i} (1 \u2264 a_{i} \u2264 360) \u00a0\u2014 the angles of the sectors into which the pizza was cut. The sum of all a_{i} is 360.\n\n\n-----Output-----\n\nPrint one integer \u00a0\u2014 the minimal difference between angles of sectors that will go to Vasya and Petya.\n\n\n-----Examples-----\nInput\n4\n90 90 90 90\n\nOutput\n0\n\nInput\n3\n100 100 160\n\nOutput\n40\n\nInput\n1\n360\n\nOutput\n360\n\nInput\n4\n170 30 150 10\n\nOutput\n0\n\n\n\n-----Note-----\n\nIn first sample Vasya can take 1 and 2 pieces, Petya can take 3 and 4 pieces. Then the answer is |(90 + 90) - (90 + 90)| = 0.\n\nIn third sample there is only one piece of pizza that can be taken by only one from Vasya and Petya. So the answer is |360 - 0| = 360.\n\nIn fourth sample Vasya can take 1 and 4 pieces, then Petya will take 2 and 3 pieces. So the answer is |(170 + 10) - (30 + 150)| = 0.\n\nPicture explaning fourth sample:\n\n[Image]\n\nBoth red and green sectors consist of two adjacent pieces of pizza. So Vasya can take green sector, then Petya will take red sector.\nUse Standard Input format\nANSWER:\n\n\nAn example of step-by-step clues for finding the longest palindrome substring is displayed below:\n\n```json\n[\n{\"Clue of Step 1\": \"For a substring, if it is a palindrome and the length is greater than 2, it is still a palindrome after the first and last letters are removed. According to this idea, we can use dynamic programming to solve this problem.\"},\n{\"Clue of Step 2\": \"Then we should consider the state transition function. We use P(i,j) to indicate whether the string composed of the i-th to j-th letters of the string s (denoted as as s[i:j]) is a palindrome string. s[i:j] is a palindrome only if s[i+1:j\u22121] is a palindrome and the i and j letters of s are the same.\"},\n{\"Clue of Step 3\": \"We also need to consider the boundary conditions in dynamic programming. For a substring of length 1, it is obviously a palindrome string; For a substring of length 2, it is a palindrome as long as its two letters are the same.\"},\n{\"Clue of Step 4\": \"We also need to consider the the cyclic order of dynamic programming. In the state transition equation, we are moving from a shorter string to a longer string.\"},\n{\"Clue of Step 5\": \"The final answer is the maximum length of the valid sub-strings.\"}\n]\n```\nYou can refer to the following example and generate step-by-step clues for the given problem.\n\n\n-----Clues-----\nClue of Step 1: Given that the total sum of angles is fixed at 360 degrees, we can approach this problem by calculating the cumulative sum of angles as we iterate through the pieces. At each step, we can check the absolute difference between the current sum and the remaining sum (360 - current sum).\n", "Clue of Step 2: We need to ensure that we consider the case where one of the sectors can be empty. This means we should include scenarios where the accumulated angle is zero or 360, leading us to account for all possible distributions of angles.\n", "Clue of Step 2: Since the total sum of angles is 360 degrees, one approach is to try all possible ways to split the pizza into two continuous sectors. This can be done by iterating through all possible split points and calculating the sum of angles for each sector, then finding the minimal difference between the two sector angles.\n"], ["\nYou will be given a problem desciption.\n\nPlease analyze the problem and generate step-by-step clues of how to solve the problem with executable python code.\n\nThe problem:\n\n\nQUESTION:\nStudents Vasya and Petya are studying at the BSU (Byteland State University). At one of the breaks they decided to order a pizza. In this problem pizza is a circle of some radius. The pizza was delivered already cut into n pieces. The i-th piece is a sector of angle equal to a_{i}. Vasya and Petya want to divide all pieces of pizza into two continuous sectors in such way that the difference between angles of these sectors is minimal. Sector angle is sum of angles of all pieces in it. Pay attention, that one of sectors can be empty.\n\n\n-----Input-----\n\nThe first line contains one integer n (1 \u2264 n \u2264 360) \u00a0\u2014 the number of pieces into which the delivered pizza was cut.\n\nThe second line contains n integers a_{i} (1 \u2264 a_{i} \u2264 360) \u00a0\u2014 the angles of the sectors into which the pizza was cut. The sum of all a_{i} is 360.\n\n\n-----Output-----\n\nPrint one integer \u00a0\u2014 the minimal difference between angles of sectors that will go to Vasya and Petya.\n\n\n-----Examples-----\nInput\n4\n90 90 90 90\n\nOutput\n0\n\nInput\n3\n100 100 160\n\nOutput\n40\n\nInput\n1\n360\n\nOutput\n360\n\nInput\n4\n170 30 150 10\n\nOutput\n0\n\n\n\n-----Note-----\n\nIn first sample Vasya can take 1 and 2 pieces, Petya can take 3 and 4 pieces. Then the answer is |(90 + 90) - (90 + 90)| = 0.\n\nIn third sample there is only one piece of pizza that can be taken by only one from Vasya and Petya. So the answer is |360 - 0| = 360.\n\nIn fourth sample Vasya can take 1 and 4 pieces, then Petya will take 2 and 3 pieces. So the answer is |(170 + 10) - (30 + 150)| = 0.\n\nPicture explaning fourth sample:\n\n[Image]\n\nBoth red and green sectors consist of two adjacent pieces of pizza. So Vasya can take green sector, then Petya will take red sector.\nUse Standard Input format\nANSWER:\n\n\nAn example of step-by-step clues for finding the longest palindrome substring is displayed below:\n\n```json\n[\n{\"Clue of Step 1\": \"For a substring, if it is a palindrome and the length is greater than 2, it is still a palindrome after the first and last letters are removed. According to this idea, we can use dynamic programming to solve this problem.\"},\n{\"Clue of Step 2\": \"Then we should consider the state transition function. We use P(i,j) to indicate whether the string composed of the i-th to j-th letters of the string s (denoted as as s[i:j]) is a palindrome string. s[i:j] is a palindrome only if s[i+1:j\u22121] is a palindrome and the i and j letters of s are the same.\"},\n{\"Clue of Step 3\": \"We also need to consider the boundary conditions in dynamic programming. For a substring of length 1, it is obviously a palindrome string; For a substring of length 2, it is a palindrome as long as its two letters are the same.\"},\n{\"Clue of Step 4\": \"We also need to consider the the cyclic order of dynamic programming. In the state transition equation, we are moving from a shorter string to a longer string.\"},\n{\"Clue of Step 5\": \"The final answer is the maximum length of the valid sub-strings.\"}\n]\n```\nYou can refer to the following example and generate step-by-step clues for the given problem.\n\n\n-----Clues-----\nClue of Step 1: Given that the total sum of angles is fixed at 360 degrees, we can approach this problem by calculating the cumulative sum of angles as we iterate through the pieces. At each step, we can check the absolute difference between the current sum and the remaining sum (360 - current sum).\n", "Clue of Step 2: We need to ensure that we consider the case where one of the sectors can be empty. This means we should include scenarios where the accumulated angle is zero or 360, leading us to account for all possible distributions of angles.\n", "Clue of Step 2: You can maintain a running sum of the angles as you iterate through the pieces. At each split point, the first sector's angle will be the running sum, and the second sector's angle will be the total sum (360) minus the running sum. Compute the absolute difference at each split point and track the minimum difference.\n"], ["\nYou will be given a problem desciption.\n\nPlease analyze the problem and generate step-by-step clues of how to solve the problem with executable python code.\n\nThe problem:\n\n\nQUESTION:\nStudents Vasya and Petya are studying at the BSU (Byteland State University). At one of the breaks they decided to order a pizza. In this problem pizza is a circle of some radius. The pizza was delivered already cut into n pieces. The i-th piece is a sector of angle equal to a_{i}. Vasya and Petya want to divide all pieces of pizza into two continuous sectors in such way that the difference between angles of these sectors is minimal. Sector angle is sum of angles of all pieces in it. Pay attention, that one of sectors can be empty.\n\n\n-----Input-----\n\nThe first line contains one integer n (1 \u2264 n \u2264 360) \u00a0\u2014 the number of pieces into which the delivered pizza was cut.\n\nThe second line contains n integers a_{i} (1 \u2264 a_{i} \u2264 360) \u00a0\u2014 the angles of the sectors into which the pizza was cut. The sum of all a_{i} is 360.\n\n\n-----Output-----\n\nPrint one integer \u00a0\u2014 the minimal difference between angles of sectors that will go to Vasya and Petya.\n\n\n-----Examples-----\nInput\n4\n90 90 90 90\n\nOutput\n0\n\nInput\n3\n100 100 160\n\nOutput\n40\n\nInput\n1\n360\n\nOutput\n360\n\nInput\n4\n170 30 150 10\n\nOutput\n0\n\n\n\n-----Note-----\n\nIn first sample Vasya can take 1 and 2 pieces, Petya can take 3 and 4 pieces. Then the answer is |(90 + 90) - (90 + 90)| = 0.\n\nIn third sample there is only one piece of pizza that can be taken by only one from Vasya and Petya. So the answer is |360 - 0| = 360.\n\nIn fourth sample Vasya can take 1 and 4 pieces, then Petya will take 2 and 3 pieces. So the answer is |(170 + 10) - (30 + 150)| = 0.\n\nPicture explaning fourth sample:\n\n[Image]\n\nBoth red and green sectors consist of two adjacent pieces of pizza. So Vasya can take green sector, then Petya will take red sector.\nUse Standard Input format\nANSWER:\n\n\nAn example of step-by-step clues for finding the longest palindrome substring is displayed below:\n\n```json\n[\n{\"Clue of Step 1\": \"For a substring, if it is a palindrome and the length is greater than 2, it is still a palindrome after the first and last letters are removed. According to this idea, we can use dynamic programming to solve this problem.\"},\n{\"Clue of Step 2\": \"Then we should consider the state transition function. We use P(i,j) to indicate whether the string composed of the i-th to j-th letters of the string s (denoted as as s[i:j]) is a palindrome string. s[i:j] is a palindrome only if s[i+1:j\u22121] is a palindrome and the i and j letters of s are the same.\"},\n{\"Clue of Step 3\": \"We also need to consider the boundary conditions in dynamic programming. For a substring of length 1, it is obviously a palindrome string; For a substring of length 2, it is a palindrome as long as its two letters are the same.\"},\n{\"Clue of Step 4\": \"We also need to consider the the cyclic order of dynamic programming. In the state transition equation, we are moving from a shorter string to a longer string.\"},\n{\"Clue of Step 5\": \"The final answer is the maximum length of the valid sub-strings.\"}\n]\n```\nYou can refer to the following example and generate step-by-step clues for the given problem.\n\n\n-----Clues-----\nClue of Step 1: Given that the total sum of angles is fixed at 360 degrees, we can approach this problem by calculating the cumulative sum of angles as we iterate through the pieces. At each step, we can check the absolute difference between the current sum and the remaining sum (360 - current sum).\n", "Clue of Step 2: Given that the pizza pieces form a circle, consider the possibility of a circular split. This means that after processing the last piece, you may want to wrap around to the beginning to check for a valid split that spans the first and last pieces.\n", "Clue of Step 2: Since the total sum of angles is 360 degrees, one approach is to try all possible ways to split the pizza into two continuous sectors. This can be done by iterating through all possible split points and calculating the sum of angles for each sector, then finding the minimal difference between the two sector angles.\n"], ["\nYou will be given a problem desciption.\n\nPlease analyze the problem and generate step-by-step clues of how to solve the problem with executable python code.\n\nThe problem:\n\n\nQUESTION:\nStudents Vasya and Petya are studying at the BSU (Byteland State University). At one of the breaks they decided to order a pizza. In this problem pizza is a circle of some radius. The pizza was delivered already cut into n pieces. The i-th piece is a sector of angle equal to a_{i}. Vasya and Petya want to divide all pieces of pizza into two continuous sectors in such way that the difference between angles of these sectors is minimal. Sector angle is sum of angles of all pieces in it. Pay attention, that one of sectors can be empty.\n\n\n-----Input-----\n\nThe first line contains one integer n (1 \u2264 n \u2264 360) \u00a0\u2014 the number of pieces into which the delivered pizza was cut.\n\nThe second line contains n integers a_{i} (1 \u2264 a_{i} \u2264 360) \u00a0\u2014 the angles of the sectors into which the pizza was cut. The sum of all a_{i} is 360.\n\n\n-----Output-----\n\nPrint one integer \u00a0\u2014 the minimal difference between angles of sectors that will go to Vasya and Petya.\n\n\n-----Examples-----\nInput\n4\n90 90 90 90\n\nOutput\n0\n\nInput\n3\n100 100 160\n\nOutput\n40\n\nInput\n1\n360\n\nOutput\n360\n\nInput\n4\n170 30 150 10\n\nOutput\n0\n\n\n\n-----Note-----\n\nIn first sample Vasya can take 1 and 2 pieces, Petya can take 3 and 4 pieces. Then the answer is |(90 + 90) - (90 + 90)| = 0.\n\nIn third sample there is only one piece of pizza that can be taken by only one from Vasya and Petya. So the answer is |360 - 0| = 360.\n\nIn fourth sample Vasya can take 1 and 4 pieces, then Petya will take 2 and 3 pieces. So the answer is |(170 + 10) - (30 + 150)| = 0.\n\nPicture explaning fourth sample:\n\n[Image]\n\nBoth red and green sectors consist of two adjacent pieces of pizza. So Vasya can take green sector, then Petya will take red sector.\nUse Standard Input format\nANSWER:\n\n\nAn example of step-by-step clues for finding the longest palindrome substring is displayed below:\n\n```json\n[\n{\"Clue of Step 1\": \"For a substring, if it is a palindrome and the length is greater than 2, it is still a palindrome after the first and last letters are removed. According to this idea, we can use dynamic programming to solve this problem.\"},\n{\"Clue of Step 2\": \"Then we should consider the state transition function. We use P(i,j) to indicate whether the string composed of the i-th to j-th letters of the string s (denoted as as s[i:j]) is a palindrome string. s[i:j] is a palindrome only if s[i+1:j\u22121] is a palindrome and the i and j letters of s are the same.\"},\n{\"Clue of Step 3\": \"We also need to consider the boundary conditions in dynamic programming. For a substring of length 1, it is obviously a palindrome string; For a substring of length 2, it is a palindrome as long as its two letters are the same.\"},\n{\"Clue of Step 4\": \"We also need to consider the the cyclic order of dynamic programming. In the state transition equation, we are moving from a shorter string to a longer string.\"},\n{\"Clue of Step 5\": \"The final answer is the maximum length of the valid sub-strings.\"}\n]\n```\nYou can refer to the following example and generate step-by-step clues for the given problem.\n\n\n-----Clues-----\nClue of Step 1: Given that the total sum of angles is fixed at 360 degrees, we can approach this problem by calculating the cumulative sum of angles as we iterate through the pieces. At each step, we can check the absolute difference between the current sum and the remaining sum (360 - current sum).\n", "Clue of Step 2: Given that the pizza pieces form a circle, consider the possibility of a circular split. This means that after processing the last piece, you may want to wrap around to the beginning to check for a valid split that spans the first and last pieces.\n", "Clue of Step 2: You can maintain a running sum of the angles as you iterate through the pieces. At each split point, the first sector's angle will be the running sum, and the second sector's angle will be the total sum (360) minus the running sum. Compute the absolute difference at each split point and track the minimum difference.\n"]], "SFT": ["\nYou will be given a problem desciption.\n\nPlease analyze the problem and generate step-by-step clues of how to solve the problem with executable python code.\n\nThe problem:\n\n\nQUESTION:\nStudents Vasya and Petya are studying at the BSU (Byteland State University). At one of the breaks they decided to order a pizza. In this problem pizza is a circle of some radius. The pizza was delivered already cut into n pieces. The i-th piece is a sector of angle equal to a_{i}. Vasya and Petya want to divide all pieces of pizza into two continuous sectors in such way that the difference between angles of these sectors is minimal. Sector angle is sum of angles of all pieces in it. Pay attention, that one of sectors can be empty.\n\n\n-----Input-----\n\nThe first line contains one integer n (1 \u2264 n \u2264 360) \u00a0\u2014 the number of pieces into which the delivered pizza was cut.\n\nThe second line contains n integers a_{i} (1 \u2264 a_{i} \u2264 360) \u00a0\u2014 the angles of the sectors into which the pizza was cut. The sum of all a_{i} is 360.\n\n\n-----Output-----\n\nPrint one integer \u00a0\u2014 the minimal difference between angles of sectors that will go to Vasya and Petya.\n\n\n-----Examples-----\nInput\n4\n90 90 90 90\n\nOutput\n0\n\nInput\n3\n100 100 160\n\nOutput\n40\n\nInput\n1\n360\n\nOutput\n360\n\nInput\n4\n170 30 150 10\n\nOutput\n0\n\n\n\n-----Note-----\n\nIn first sample Vasya can take 1 and 2 pieces, Petya can take 3 and 4 pieces. Then the answer is |(90 + 90) - (90 + 90)| = 0.\n\nIn third sample there is only one piece of pizza that can be taken by only one from Vasya and Petya. So the answer is |360 - 0| = 360.\n\nIn fourth sample Vasya can take 1 and 4 pieces, then Petya will take 2 and 3 pieces. So the answer is |(170 + 10) - (30 + 150)| = 0.\n\nPicture explaning fourth sample:\n\n[Image]\n\nBoth red and green sectors consist of two adjacent pieces of pizza. So Vasya can take green sector, then Petya will take red sector.\nUse Standard Input format\nANSWER:\n\n\nAn example of step-by-step clues for finding the longest palindrome substring is displayed below:\n\n```json\n[\n{\"Clue of Step 1\": \"For a substring, if it is a palindrome and the length is greater than 2, it is still a palindrome after the first and last letters are removed. According to this idea, we can use dynamic programming to solve this problem.\"},\n{\"Clue of Step 2\": \"Then we should consider the state transition function. We use P(i,j) to indicate whether the string composed of the i-th to j-th letters of the string s (denoted as as s[i:j]) is a palindrome string. s[i:j] is a palindrome only if s[i+1:j\u22121] is a palindrome and the i and j letters of s are the same.\"},\n{\"Clue of Step 3\": \"We also need to consider the boundary conditions in dynamic programming. For a substring of length 1, it is obviously a palindrome string; For a substring of length 2, it is a palindrome as long as its two letters are the same.\"},\n{\"Clue of Step 4\": \"We also need to consider the the cyclic order of dynamic programming. In the state transition equation, we are moving from a shorter string to a longer string.\"},\n{\"Clue of Step 5\": \"The final answer is the maximum length of the valid sub-strings.\"}\n]\n```\nYou can refer to the following example and generate step-by-step clues for the given problem.\n\n\n-----Clues-----\nClue of Step 1: Since the total sum of all angles is 360 degrees, if we find a subset of pieces such that the sum of angles in that subset is half of 360 (i.e., 180 degrees), the difference between the two sectors' angles will be minimized. We should try all possible subsets to find the closest sum to 180.\n\nClue of Step 2: We need to calculate the sum of angles in each of these contiguous sectors and store the absolute difference between this sum and 180 degrees to find the minimal difference.\n", "```python\ndef minimal_difference(n, angles):\n    total_angle = sum(angles)\n    min_difference = total_angle  # Start with the maximum possible difference\n\n    # We can use a prefix sum approach to calculate the angle sums\n    prefix_sum = [0] * (2 * n + 1)\n    for i in range(n):\n        prefix_sum[i + 1] = prefix_sum[i] + angles[i]\n        prefix_sum[i + n + 1] = prefix_sum[i + 1] + 360  # Append a wrap-around for circular behavior\n\n    # Check all sums of continuous pieces\n    for start in range(n):\n        for length in range(1, n + 1):\n            end = start + length\n            # Continuous segment from start to end (exclusive)\n            if end <= len(prefix_sum):\n                sector_angle = prefix_sum[end] - prefix_sum[start]\n                difference = abs(total_angle - 2 * sector_angle)  # Calculate the difference\n                min_difference = min(min_difference, difference)\n\n    return min_difference\n\n# Read input\nn = int(input())\nangles = list(map(int, input().split()))\n\n# Output the result\nprint(minimal_difference(n, angles))\n```"]}