{"StepDPO": [["\nYou will be given a problem desciption.\n\nPlease analyze the problem and generate step-by-step clues of how to solve the problem with executable python code.\n\nThe problem:\n\n\nQUESTION:\nTop-model Izabella participates in the competition. She wants to impress judges and show her mathematical skills.\n\nHer problem is following: for given string, consisting of only 0 and 1, tell if it's possible to remove some digits in such a way, that remaining number is a representation of some positive integer, divisible by 64, in the binary numerical system.\n\n\n-----Input-----\n\nIn the only line given a non-empty binary string s with length up to 100.\n\n\n-----Output-----\n\nPrint \u00abyes\u00bb (without quotes) if it's possible to remove digits required way and \u00abno\u00bb otherwise.\n\n\n-----Examples-----\nInput\n100010001\n\nOutput\nyes\nInput\n100\n\nOutput\nno\n\n\n-----Note-----\n\nIn the first test case, you can get string 1 000 000 after removing two ones which is a representation of number 64 in the binary numerical system.\n\nYou can read more about binary numeral system representation here: https://en.wikipedia.org/wiki/Binary_system\nUse Standard Input format\nANSWER:\n\n\nAn example of step-by-step clues for finding the longest palindrome substring is displayed below:\n\n```json\n[\n{\"Clue of Step 1\": \"For a substring, if it is a palindrome and the length is greater than 2, it is still a palindrome after the first and last letters are removed. According to this idea, we can use dynamic programming to solve this problem.\"},\n{\"Clue of Step 2\": \"Then we should consider the state transition function. We use P(i,j) to indicate whether the string composed of the i-th to j-th letters of the string s (denoted as as s[i:j]) is a palindrome string. s[i:j] is a palindrome only if s[i+1:j\u22121] is a palindrome and the i and j letters of s are the same.\"},\n{\"Clue of Step 3\": \"We also need to consider the boundary conditions in dynamic programming. For a substring of length 1, it is obviously a palindrome string; For a substring of length 2, it is a palindrome as long as its two letters are the same.\"},\n{\"Clue of Step 4\": \"We also need to consider the the cyclic order of dynamic programming. In the state transition equation, we are moving from a shorter string to a longer string.\"},\n{\"Clue of Step 5\": \"The final answer is the maximum length of the valid sub-strings.\"}\n]\n```\nYou can refer to the following example and generate step-by-step clues for the given problem.\n\n\n-----Clues-----\nClue of Step 1: First, identify that a binary string represents a number divisible by 64 if and only if the number it represents is divisible by 64 when converted to decimal. Since 64 is 2^6, the binary number must have at least 6 trailing zeros to be divisible by 64. Thus, check if it's possible to remove some digits to leave a binary number with at least 6 trailing zeros.\n", "Clue of Step 2: Scan the binary string from right to left to count the number of trailing zeros. Keep a counter that increments whenever you encounter a '0'.\n", "Clue of Step 2: To determine if we can form a binary number divisible by 64, check if after removing some digits, the remaining binary number ends with at least six zeros. This is because a binary number divisible by 64 must have at least six trailing zeros. We can iterate through all possible subsequences of the binary string and check if any subsequence ends with six zeros.\n"], ["\nYou will be given a problem desciption.\n\nPlease analyze the problem and generate step-by-step clues of how to solve the problem with executable python code.\n\nThe problem:\n\n\nQUESTION:\nTop-model Izabella participates in the competition. She wants to impress judges and show her mathematical skills.\n\nHer problem is following: for given string, consisting of only 0 and 1, tell if it's possible to remove some digits in such a way, that remaining number is a representation of some positive integer, divisible by 64, in the binary numerical system.\n\n\n-----Input-----\n\nIn the only line given a non-empty binary string s with length up to 100.\n\n\n-----Output-----\n\nPrint \u00abyes\u00bb (without quotes) if it's possible to remove digits required way and \u00abno\u00bb otherwise.\n\n\n-----Examples-----\nInput\n100010001\n\nOutput\nyes\nInput\n100\n\nOutput\nno\n\n\n-----Note-----\n\nIn the first test case, you can get string 1 000 000 after removing two ones which is a representation of number 64 in the binary numerical system.\n\nYou can read more about binary numeral system representation here: https://en.wikipedia.org/wiki/Binary_system\nUse Standard Input format\nANSWER:\n\n\nAn example of step-by-step clues for finding the longest palindrome substring is displayed below:\n\n```json\n[\n{\"Clue of Step 1\": \"For a substring, if it is a palindrome and the length is greater than 2, it is still a palindrome after the first and last letters are removed. According to this idea, we can use dynamic programming to solve this problem.\"},\n{\"Clue of Step 2\": \"Then we should consider the state transition function. We use P(i,j) to indicate whether the string composed of the i-th to j-th letters of the string s (denoted as as s[i:j]) is a palindrome string. s[i:j] is a palindrome only if s[i+1:j\u22121] is a palindrome and the i and j letters of s are the same.\"},\n{\"Clue of Step 3\": \"We also need to consider the boundary conditions in dynamic programming. For a substring of length 1, it is obviously a palindrome string; For a substring of length 2, it is a palindrome as long as its two letters are the same.\"},\n{\"Clue of Step 4\": \"We also need to consider the the cyclic order of dynamic programming. In the state transition equation, we are moving from a shorter string to a longer string.\"},\n{\"Clue of Step 5\": \"The final answer is the maximum length of the valid sub-strings.\"}\n]\n```\nYou can refer to the following example and generate step-by-step clues for the given problem.\n\n\n-----Clues-----\nClue of Step 1: First, identify that a binary string represents a number divisible by 64 if and only if the number it represents is divisible by 64 when converted to decimal. Since 64 is 2^6, the binary number must have at least 6 trailing zeros to be divisible by 64. Thus, check if it's possible to remove some digits to leave a binary number with at least 6 trailing zeros.\n", "Clue of Step 2: As you continue scanning the string, once you count 6 trailing zeros, you can conclude that it is possible to form a number divisible by 64 by leaving those zeros in the final representation, and you can stop further checks.\n", "Clue of Step 2: To determine if we can form a binary number divisible by 64, check if after removing some digits, the remaining binary number ends with at least six zeros. This is because a binary number divisible by 64 must have at least six trailing zeros. We can iterate through all possible subsequences of the binary string and check if any subsequence ends with six zeros.\n"], ["\nYou will be given a problem desciption.\n\nPlease analyze the problem and generate step-by-step clues of how to solve the problem with executable python code.\n\nThe problem:\n\n\nQUESTION:\nTop-model Izabella participates in the competition. She wants to impress judges and show her mathematical skills.\n\nHer problem is following: for given string, consisting of only 0 and 1, tell if it's possible to remove some digits in such a way, that remaining number is a representation of some positive integer, divisible by 64, in the binary numerical system.\n\n\n-----Input-----\n\nIn the only line given a non-empty binary string s with length up to 100.\n\n\n-----Output-----\n\nPrint \u00abyes\u00bb (without quotes) if it's possible to remove digits required way and \u00abno\u00bb otherwise.\n\n\n-----Examples-----\nInput\n100010001\n\nOutput\nyes\nInput\n100\n\nOutput\nno\n\n\n-----Note-----\n\nIn the first test case, you can get string 1 000 000 after removing two ones which is a representation of number 64 in the binary numerical system.\n\nYou can read more about binary numeral system representation here: https://en.wikipedia.org/wiki/Binary_system\nUse Standard Input format\nANSWER:\n\n\nAn example of step-by-step clues for finding the longest palindrome substring is displayed below:\n\n```json\n[\n{\"Clue of Step 1\": \"For a substring, if it is a palindrome and the length is greater than 2, it is still a palindrome after the first and last letters are removed. According to this idea, we can use dynamic programming to solve this problem.\"},\n{\"Clue of Step 2\": \"Then we should consider the state transition function. We use P(i,j) to indicate whether the string composed of the i-th to j-th letters of the string s (denoted as as s[i:j]) is a palindrome string. s[i:j] is a palindrome only if s[i+1:j\u22121] is a palindrome and the i and j letters of s are the same.\"},\n{\"Clue of Step 3\": \"We also need to consider the boundary conditions in dynamic programming. For a substring of length 1, it is obviously a palindrome string; For a substring of length 2, it is a palindrome as long as its two letters are the same.\"},\n{\"Clue of Step 4\": \"We also need to consider the the cyclic order of dynamic programming. In the state transition equation, we are moving from a shorter string to a longer string.\"},\n{\"Clue of Step 5\": \"The final answer is the maximum length of the valid sub-strings.\"}\n]\n```\nYou can refer to the following example and generate step-by-step clues for the given problem.\n\n\n-----Clues-----\nClue of Step 1: First, identify that a binary string represents a number divisible by 64 if and only if the number it represents is divisible by 64 when converted to decimal. Since 64 is 2^6, the binary number must have at least 6 trailing zeros to be divisible by 64. Thus, check if it's possible to remove some digits to leave a binary number with at least 6 trailing zeros.\n", "Clue of Step 2: If you finish scanning the string and have not counted at least 6 trailing zeros, then output 'no'. Otherwise, output 'yes'.\n", "Clue of Step 2: To determine if we can form a binary number divisible by 64, check if after removing some digits, the remaining binary number ends with at least six zeros. This is because a binary number divisible by 64 must have at least six trailing zeros. We can iterate through all possible subsequences of the binary string and check if any subsequence ends with six zeros.\n"], ["\nYou will be given a problem desciption.\n\nPlease analyze the problem and generate step-by-step clues of how to solve the problem with executable python code.\n\nThe problem:\n\n\nQUESTION:\nTop-model Izabella participates in the competition. She wants to impress judges and show her mathematical skills.\n\nHer problem is following: for given string, consisting of only 0 and 1, tell if it's possible to remove some digits in such a way, that remaining number is a representation of some positive integer, divisible by 64, in the binary numerical system.\n\n\n-----Input-----\n\nIn the only line given a non-empty binary string s with length up to 100.\n\n\n-----Output-----\n\nPrint \u00abyes\u00bb (without quotes) if it's possible to remove digits required way and \u00abno\u00bb otherwise.\n\n\n-----Examples-----\nInput\n100010001\n\nOutput\nyes\nInput\n100\n\nOutput\nno\n\n\n-----Note-----\n\nIn the first test case, you can get string 1 000 000 after removing two ones which is a representation of number 64 in the binary numerical system.\n\nYou can read more about binary numeral system representation here: https://en.wikipedia.org/wiki/Binary_system\nUse Standard Input format\nANSWER:\n\n\nAn example of step-by-step clues for finding the longest palindrome substring is displayed below:\n\n```json\n[\n{\"Clue of Step 1\": \"For a substring, if it is a palindrome and the length is greater than 2, it is still a palindrome after the first and last letters are removed. According to this idea, we can use dynamic programming to solve this problem.\"},\n{\"Clue of Step 2\": \"Then we should consider the state transition function. We use P(i,j) to indicate whether the string composed of the i-th to j-th letters of the string s (denoted as as s[i:j]) is a palindrome string. s[i:j] is a palindrome only if s[i+1:j\u22121] is a palindrome and the i and j letters of s are the same.\"},\n{\"Clue of Step 3\": \"We also need to consider the boundary conditions in dynamic programming. For a substring of length 1, it is obviously a palindrome string; For a substring of length 2, it is a palindrome as long as its two letters are the same.\"},\n{\"Clue of Step 4\": \"We also need to consider the the cyclic order of dynamic programming. In the state transition equation, we are moving from a shorter string to a longer string.\"},\n{\"Clue of Step 5\": \"The final answer is the maximum length of the valid sub-strings.\"}\n]\n```\nYou can refer to the following example and generate step-by-step clues for the given problem.\n\n\n-----Clues-----\nClue of Step 1: First, identify that a binary string represents a number divisible by 64 if and only if the number it represents is divisible by 64 when converted to decimal. Since 64 is 2^6, the binary number must have at least 6 trailing zeros to be divisible by 64. Thus, check if it's possible to remove some digits to leave a binary number with at least 6 trailing zeros.\n", "Clue of Step 2: Instead of checking all subsequences, which could be inefficient, focus on finding the longest suffix of zeros in the binary string. If the length of this suffix is at least 6, then it's possible to remove some digits to make the remaining number divisible by 64. This is because removing leading ones or zeros from a number doesn't affect the trailing zeros.\n", "Clue of Step 2: To determine if we can form a binary number divisible by 64, check if after removing some digits, the remaining binary number ends with at least six zeros. This is because a binary number divisible by 64 must have at least six trailing zeros. We can iterate through all possible subsequences of the binary string and check if any subsequence ends with six zeros.\n"], ["\nYou will be given a problem desciption.\n\nPlease analyze the problem and generate step-by-step clues of how to solve the problem with executable python code.\n\nThe problem:\n\n\nQUESTION:\nTop-model Izabella participates in the competition. She wants to impress judges and show her mathematical skills.\n\nHer problem is following: for given string, consisting of only 0 and 1, tell if it's possible to remove some digits in such a way, that remaining number is a representation of some positive integer, divisible by 64, in the binary numerical system.\n\n\n-----Input-----\n\nIn the only line given a non-empty binary string s with length up to 100.\n\n\n-----Output-----\n\nPrint \u00abyes\u00bb (without quotes) if it's possible to remove digits required way and \u00abno\u00bb otherwise.\n\n\n-----Examples-----\nInput\n100010001\n\nOutput\nyes\nInput\n100\n\nOutput\nno\n\n\n-----Note-----\n\nIn the first test case, you can get string 1 000 000 after removing two ones which is a representation of number 64 in the binary numerical system.\n\nYou can read more about binary numeral system representation here: https://en.wikipedia.org/wiki/Binary_system\nUse Standard Input format\nANSWER:\n\n\nAn example of step-by-step clues for finding the longest palindrome substring is displayed below:\n\n```json\n[\n{\"Clue of Step 1\": \"For a substring, if it is a palindrome and the length is greater than 2, it is still a palindrome after the first and last letters are removed. According to this idea, we can use dynamic programming to solve this problem.\"},\n{\"Clue of Step 2\": \"Then we should consider the state transition function. We use P(i,j) to indicate whether the string composed of the i-th to j-th letters of the string s (denoted as as s[i:j]) is a palindrome string. s[i:j] is a palindrome only if s[i+1:j\u22121] is a palindrome and the i and j letters of s are the same.\"},\n{\"Clue of Step 3\": \"We also need to consider the boundary conditions in dynamic programming. For a substring of length 1, it is obviously a palindrome string; For a substring of length 2, it is a palindrome as long as its two letters are the same.\"},\n{\"Clue of Step 4\": \"We also need to consider the the cyclic order of dynamic programming. In the state transition equation, we are moving from a shorter string to a longer string.\"},\n{\"Clue of Step 5\": \"The final answer is the maximum length of the valid sub-strings.\"}\n]\n```\nYou can refer to the following example and generate step-by-step clues for the given problem.\n\n\n-----Clues-----\nClue of Step 1: First, identify that a binary string represents a number divisible by 64 if and only if the number it represents is divisible by 64 when converted to decimal. Since 64 is 2^6, the binary number must have at least 6 trailing zeros to be divisible by 64. Thus, check if it's possible to remove some digits to leave a binary number with at least 6 trailing zeros.\n", "Clue of Step 2: Consider that any valid binary number divisible by 64 can be represented as a contiguous substring of the original string. Therefore, scan the binary string to find any substring that ends with at least six zeros. If such a substring exists, then the answer is 'yes'. This approach avoids checking unnecessary combinations and improves efficiency.\n", "Clue of Step 2: To determine if we can form a binary number divisible by 64, check if after removing some digits, the remaining binary number ends with at least six zeros. This is because a binary number divisible by 64 must have at least six trailing zeros. We can iterate through all possible subsequences of the binary string and check if any subsequence ends with six zeros.\n"], ["\nYou will be given a problem desciption.\n\nPlease analyze the problem and generate step-by-step clues of how to solve the problem with executable python code.\n\nThe problem:\n\n\nQUESTION:\nTop-model Izabella participates in the competition. She wants to impress judges and show her mathematical skills.\n\nHer problem is following: for given string, consisting of only 0 and 1, tell if it's possible to remove some digits in such a way, that remaining number is a representation of some positive integer, divisible by 64, in the binary numerical system.\n\n\n-----Input-----\n\nIn the only line given a non-empty binary string s with length up to 100.\n\n\n-----Output-----\n\nPrint \u00abyes\u00bb (without quotes) if it's possible to remove digits required way and \u00abno\u00bb otherwise.\n\n\n-----Examples-----\nInput\n100010001\n\nOutput\nyes\nInput\n100\n\nOutput\nno\n\n\n-----Note-----\n\nIn the first test case, you can get string 1 000 000 after removing two ones which is a representation of number 64 in the binary numerical system.\n\nYou can read more about binary numeral system representation here: https://en.wikipedia.org/wiki/Binary_system\nUse Standard Input format\nANSWER:\n\n\nAn example of step-by-step clues for finding the longest palindrome substring is displayed below:\n\n```json\n[\n{\"Clue of Step 1\": \"For a substring, if it is a palindrome and the length is greater than 2, it is still a palindrome after the first and last letters are removed. According to this idea, we can use dynamic programming to solve this problem.\"},\n{\"Clue of Step 2\": \"Then we should consider the state transition function. We use P(i,j) to indicate whether the string composed of the i-th to j-th letters of the string s (denoted as as s[i:j]) is a palindrome string. s[i:j] is a palindrome only if s[i+1:j\u22121] is a palindrome and the i and j letters of s are the same.\"},\n{\"Clue of Step 3\": \"We also need to consider the boundary conditions in dynamic programming. For a substring of length 1, it is obviously a palindrome string; For a substring of length 2, it is a palindrome as long as its two letters are the same.\"},\n{\"Clue of Step 4\": \"We also need to consider the the cyclic order of dynamic programming. In the state transition equation, we are moving from a shorter string to a longer string.\"},\n{\"Clue of Step 5\": \"The final answer is the maximum length of the valid sub-strings.\"}\n]\n```\nYou can refer to the following example and generate step-by-step clues for the given problem.\n\n\n-----Clues-----\nClue of Step 1: We can iterate through the binary string from the end to the start, counting zeros until we find the first '1'. If we count six or more zeros, then it is possible to form a number divisible by 64.\n", "Clue of Step 2: While iterating, if we find a '1' and have at least six '0's counted, then we can conclude that it's possible to form a number divisible by 64.\n", "Clue of Step 2: We should traverse the binary string from the end to the beginning, keeping track of the number of '0's and stopping when we find the first '1'.\n"], ["\nYou will be given a problem desciption.\n\nPlease analyze the problem and generate step-by-step clues of how to solve the problem with executable python code.\n\nThe problem:\n\n\nQUESTION:\nTop-model Izabella participates in the competition. She wants to impress judges and show her mathematical skills.\n\nHer problem is following: for given string, consisting of only 0 and 1, tell if it's possible to remove some digits in such a way, that remaining number is a representation of some positive integer, divisible by 64, in the binary numerical system.\n\n\n-----Input-----\n\nIn the only line given a non-empty binary string s with length up to 100.\n\n\n-----Output-----\n\nPrint \u00abyes\u00bb (without quotes) if it's possible to remove digits required way and \u00abno\u00bb otherwise.\n\n\n-----Examples-----\nInput\n100010001\n\nOutput\nyes\nInput\n100\n\nOutput\nno\n\n\n-----Note-----\n\nIn the first test case, you can get string 1 000 000 after removing two ones which is a representation of number 64 in the binary numerical system.\n\nYou can read more about binary numeral system representation here: https://en.wikipedia.org/wiki/Binary_system\nUse Standard Input format\nANSWER:\n\n\nAn example of step-by-step clues for finding the longest palindrome substring is displayed below:\n\n```json\n[\n{\"Clue of Step 1\": \"For a substring, if it is a palindrome and the length is greater than 2, it is still a palindrome after the first and last letters are removed. According to this idea, we can use dynamic programming to solve this problem.\"},\n{\"Clue of Step 2\": \"Then we should consider the state transition function. We use P(i,j) to indicate whether the string composed of the i-th to j-th letters of the string s (denoted as as s[i:j]) is a palindrome string. s[i:j] is a palindrome only if s[i+1:j\u22121] is a palindrome and the i and j letters of s are the same.\"},\n{\"Clue of Step 3\": \"We also need to consider the boundary conditions in dynamic programming. For a substring of length 1, it is obviously a palindrome string; For a substring of length 2, it is a palindrome as long as its two letters are the same.\"},\n{\"Clue of Step 4\": \"We also need to consider the the cyclic order of dynamic programming. In the state transition equation, we are moving from a shorter string to a longer string.\"},\n{\"Clue of Step 5\": \"The final answer is the maximum length of the valid sub-strings.\"}\n]\n```\nYou can refer to the following example and generate step-by-step clues for the given problem.\n\n\n-----Clues-----\nClue of Step 1: We can iterate through the binary string from the end to the start, counting zeros until we find the first '1'. If we count six or more zeros, then it is possible to form a number divisible by 64.\n", "Clue of Step 2: If we finish traversing the string without finding a '1' or without counting six '0's, we should return 'no' as the decision.\n", "Clue of Step 2: We should traverse the binary string from the end to the beginning, keeping track of the number of '0's and stopping when we find the first '1'.\n"], ["\nYou will be given a problem desciption.\n\nPlease analyze the problem and generate step-by-step clues of how to solve the problem with executable python code.\n\nThe problem:\n\n\nQUESTION:\nTop-model Izabella participates in the competition. She wants to impress judges and show her mathematical skills.\n\nHer problem is following: for given string, consisting of only 0 and 1, tell if it's possible to remove some digits in such a way, that remaining number is a representation of some positive integer, divisible by 64, in the binary numerical system.\n\n\n-----Input-----\n\nIn the only line given a non-empty binary string s with length up to 100.\n\n\n-----Output-----\n\nPrint \u00abyes\u00bb (without quotes) if it's possible to remove digits required way and \u00abno\u00bb otherwise.\n\n\n-----Examples-----\nInput\n100010001\n\nOutput\nyes\nInput\n100\n\nOutput\nno\n\n\n-----Note-----\n\nIn the first test case, you can get string 1 000 000 after removing two ones which is a representation of number 64 in the binary numerical system.\n\nYou can read more about binary numeral system representation here: https://en.wikipedia.org/wiki/Binary_system\nUse Standard Input format\nANSWER:\n\n\nAn example of step-by-step clues for finding the longest palindrome substring is displayed below:\n\n```json\n[\n{\"Clue of Step 1\": \"For a substring, if it is a palindrome and the length is greater than 2, it is still a palindrome after the first and last letters are removed. According to this idea, we can use dynamic programming to solve this problem.\"},\n{\"Clue of Step 2\": \"Then we should consider the state transition function. We use P(i,j) to indicate whether the string composed of the i-th to j-th letters of the string s (denoted as as s[i:j]) is a palindrome string. s[i:j] is a palindrome only if s[i+1:j\u22121] is a palindrome and the i and j letters of s are the same.\"},\n{\"Clue of Step 3\": \"We also need to consider the boundary conditions in dynamic programming. For a substring of length 1, it is obviously a palindrome string; For a substring of length 2, it is a palindrome as long as its two letters are the same.\"},\n{\"Clue of Step 4\": \"We also need to consider the the cyclic order of dynamic programming. In the state transition equation, we are moving from a shorter string to a longer string.\"},\n{\"Clue of Step 5\": \"The final answer is the maximum length of the valid sub-strings.\"}\n]\n```\nYou can refer to the following example and generate step-by-step clues for the given problem.\n\n\n-----Clues-----\nClue of Step 1: We can iterate through the binary string from the end to the start, counting zeros until we find the first '1'. If we count six or more zeros, then it is possible to form a number divisible by 64.\n", "Clue of Step 2: After counting the zeros from the end until the first '1', if there are at least 6 zeros, check if the binary number formed by the sequence from the first '1' to the last (inclusive) is divisible by 64. This can be done by converting the binary substring to an integer and checking if it modulo 64 equals zero.\n", "Clue of Step 2: We should traverse the binary string from the end to the beginning, keeping track of the number of '0's and stopping when we find the first '1'.\n"], ["\nYou will be given a problem desciption.\n\nPlease analyze the problem and generate step-by-step clues of how to solve the problem with executable python code.\n\nThe problem:\n\n\nQUESTION:\nTop-model Izabella participates in the competition. She wants to impress judges and show her mathematical skills.\n\nHer problem is following: for given string, consisting of only 0 and 1, tell if it's possible to remove some digits in such a way, that remaining number is a representation of some positive integer, divisible by 64, in the binary numerical system.\n\n\n-----Input-----\n\nIn the only line given a non-empty binary string s with length up to 100.\n\n\n-----Output-----\n\nPrint \u00abyes\u00bb (without quotes) if it's possible to remove digits required way and \u00abno\u00bb otherwise.\n\n\n-----Examples-----\nInput\n100010001\n\nOutput\nyes\nInput\n100\n\nOutput\nno\n\n\n-----Note-----\n\nIn the first test case, you can get string 1 000 000 after removing two ones which is a representation of number 64 in the binary numerical system.\n\nYou can read more about binary numeral system representation here: https://en.wikipedia.org/wiki/Binary_system\nUse Standard Input format\nANSWER:\n\n\nAn example of step-by-step clues for finding the longest palindrome substring is displayed below:\n\n```json\n[\n{\"Clue of Step 1\": \"For a substring, if it is a palindrome and the length is greater than 2, it is still a palindrome after the first and last letters are removed. According to this idea, we can use dynamic programming to solve this problem.\"},\n{\"Clue of Step 2\": \"Then we should consider the state transition function. We use P(i,j) to indicate whether the string composed of the i-th to j-th letters of the string s (denoted as as s[i:j]) is a palindrome string. s[i:j] is a palindrome only if s[i+1:j\u22121] is a palindrome and the i and j letters of s are the same.\"},\n{\"Clue of Step 3\": \"We also need to consider the boundary conditions in dynamic programming. For a substring of length 1, it is obviously a palindrome string; For a substring of length 2, it is a palindrome as long as its two letters are the same.\"},\n{\"Clue of Step 4\": \"We also need to consider the the cyclic order of dynamic programming. In the state transition equation, we are moving from a shorter string to a longer string.\"},\n{\"Clue of Step 5\": \"The final answer is the maximum length of the valid sub-strings.\"}\n]\n```\nYou can refer to the following example and generate step-by-step clues for the given problem.\n\n\n-----Clues-----\nClue of Step 1: We can iterate through the binary string from the end to the start, counting zeros until we find the first '1'. If we count six or more zeros, then it is possible to form a number divisible by 64.\n", "Clue of Step 2: If there are fewer than 6 zeros before encountering the first '1', it's impossible to form a number divisible by 64 since 64 in binary requires at least 6 trailing zeros. Therefore, you can short-circuit and return 'no' early in such cases.\n", "Clue of Step 2: We should traverse the binary string from the end to the beginning, keeping track of the number of '0's and stopping when we find the first '1'.\n"], ["\nYou will be given a problem desciption.\n\nPlease analyze the problem and generate step-by-step clues of how to solve the problem with executable python code.\n\nThe problem:\n\n\nQUESTION:\nTop-model Izabella participates in the competition. She wants to impress judges and show her mathematical skills.\n\nHer problem is following: for given string, consisting of only 0 and 1, tell if it's possible to remove some digits in such a way, that remaining number is a representation of some positive integer, divisible by 64, in the binary numerical system.\n\n\n-----Input-----\n\nIn the only line given a non-empty binary string s with length up to 100.\n\n\n-----Output-----\n\nPrint \u00abyes\u00bb (without quotes) if it's possible to remove digits required way and \u00abno\u00bb otherwise.\n\n\n-----Examples-----\nInput\n100010001\n\nOutput\nyes\nInput\n100\n\nOutput\nno\n\n\n-----Note-----\n\nIn the first test case, you can get string 1 000 000 after removing two ones which is a representation of number 64 in the binary numerical system.\n\nYou can read more about binary numeral system representation here: https://en.wikipedia.org/wiki/Binary_system\nUse Standard Input format\nANSWER:\n\n\nAn example of step-by-step clues for finding the longest palindrome substring is displayed below:\n\n```json\n[\n{\"Clue of Step 1\": \"For a substring, if it is a palindrome and the length is greater than 2, it is still a palindrome after the first and last letters are removed. According to this idea, we can use dynamic programming to solve this problem.\"},\n{\"Clue of Step 2\": \"Then we should consider the state transition function. We use P(i,j) to indicate whether the string composed of the i-th to j-th letters of the string s (denoted as as s[i:j]) is a palindrome string. s[i:j] is a palindrome only if s[i+1:j\u22121] is a palindrome and the i and j letters of s are the same.\"},\n{\"Clue of Step 3\": \"We also need to consider the boundary conditions in dynamic programming. For a substring of length 1, it is obviously a palindrome string; For a substring of length 2, it is a palindrome as long as its two letters are the same.\"},\n{\"Clue of Step 4\": \"We also need to consider the the cyclic order of dynamic programming. In the state transition equation, we are moving from a shorter string to a longer string.\"},\n{\"Clue of Step 5\": \"The final answer is the maximum length of the valid sub-strings.\"}\n]\n```\nYou can refer to the following example and generate step-by-step clues for the given problem.\n\n\n-----Clues-----\nClue of Step 1: We can iterate through the binary string from the end to the start, counting zeros until we find the first '1'. If we count six or more zeros, then it is possible to form a number divisible by 64.\n", "Clue of Step 2: Handling edge cases is important. If the binary string consists solely of zeros, it is impossible to form any valid number since we need at least one '1' to represent a positive integer. Similarly, very short binary sequences that cannot accommodate the required number of bits for divisibility by 64 should return 'no'.\n", "Clue of Step 2: We should traverse the binary string from the end to the beginning, keeping track of the number of '0's and stopping when we find the first '1'.\n"], ["\nYou will be given a problem desciption.\n\nPlease analyze the problem and generate step-by-step clues of how to solve the problem with executable python code.\n\nThe problem:\n\n\nQUESTION:\nTop-model Izabella participates in the competition. She wants to impress judges and show her mathematical skills.\n\nHer problem is following: for given string, consisting of only 0 and 1, tell if it's possible to remove some digits in such a way, that remaining number is a representation of some positive integer, divisible by 64, in the binary numerical system.\n\n\n-----Input-----\n\nIn the only line given a non-empty binary string s with length up to 100.\n\n\n-----Output-----\n\nPrint \u00abyes\u00bb (without quotes) if it's possible to remove digits required way and \u00abno\u00bb otherwise.\n\n\n-----Examples-----\nInput\n100010001\n\nOutput\nyes\nInput\n100\n\nOutput\nno\n\n\n-----Note-----\n\nIn the first test case, you can get string 1 000 000 after removing two ones which is a representation of number 64 in the binary numerical system.\n\nYou can read more about binary numeral system representation here: https://en.wikipedia.org/wiki/Binary_system\nUse Standard Input format\nANSWER:\n\n\nAn example of step-by-step clues for finding the longest palindrome substring is displayed below:\n\n```json\n[\n{\"Clue of Step 1\": \"For a substring, if it is a palindrome and the length is greater than 2, it is still a palindrome after the first and last letters are removed. According to this idea, we can use dynamic programming to solve this problem.\"},\n{\"Clue of Step 2\": \"Then we should consider the state transition function. We use P(i,j) to indicate whether the string composed of the i-th to j-th letters of the string s (denoted as as s[i:j]) is a palindrome string. s[i:j] is a palindrome only if s[i+1:j\u22121] is a palindrome and the i and j letters of s are the same.\"},\n{\"Clue of Step 3\": \"We also need to consider the boundary conditions in dynamic programming. For a substring of length 1, it is obviously a palindrome string; For a substring of length 2, it is a palindrome as long as its two letters are the same.\"},\n{\"Clue of Step 4\": \"We also need to consider the the cyclic order of dynamic programming. In the state transition equation, we are moving from a shorter string to a longer string.\"},\n{\"Clue of Step 5\": \"The final answer is the maximum length of the valid sub-strings.\"}\n]\n```\nYou can refer to the following example and generate step-by-step clues for the given problem.\n\n\n-----Clues-----\nClue of Step 1: To solve the problem, note that for a binary number to be divisible by 64, the number must be at least 64 (which is 1000000 in binary). Therefore, the task is to check if you can form a binary number that is equal to or greater than 1000000 by removing some digits from the given string.\n", "Clue of Step 2: We can iterate through the binary string and, whenever we find a '1', count the subsequent '0's until we reach six of them, as this indicates potential divisibility by 64.\n", "Clue of Step 2: We should look for the substring '1' followed by at least six '0's in the given binary string, since this represents the number 64 in binary.\n"], ["\nYou will be given a problem desciption.\n\nPlease analyze the problem and generate step-by-step clues of how to solve the problem with executable python code.\n\nThe problem:\n\n\nQUESTION:\nTop-model Izabella participates in the competition. She wants to impress judges and show her mathematical skills.\n\nHer problem is following: for given string, consisting of only 0 and 1, tell if it's possible to remove some digits in such a way, that remaining number is a representation of some positive integer, divisible by 64, in the binary numerical system.\n\n\n-----Input-----\n\nIn the only line given a non-empty binary string s with length up to 100.\n\n\n-----Output-----\n\nPrint \u00abyes\u00bb (without quotes) if it's possible to remove digits required way and \u00abno\u00bb otherwise.\n\n\n-----Examples-----\nInput\n100010001\n\nOutput\nyes\nInput\n100\n\nOutput\nno\n\n\n-----Note-----\n\nIn the first test case, you can get string 1 000 000 after removing two ones which is a representation of number 64 in the binary numerical system.\n\nYou can read more about binary numeral system representation here: https://en.wikipedia.org/wiki/Binary_system\nUse Standard Input format\nANSWER:\n\n\nAn example of step-by-step clues for finding the longest palindrome substring is displayed below:\n\n```json\n[\n{\"Clue of Step 1\": \"For a substring, if it is a palindrome and the length is greater than 2, it is still a palindrome after the first and last letters are removed. According to this idea, we can use dynamic programming to solve this problem.\"},\n{\"Clue of Step 2\": \"Then we should consider the state transition function. We use P(i,j) to indicate whether the string composed of the i-th to j-th letters of the string s (denoted as as s[i:j]) is a palindrome string. s[i:j] is a palindrome only if s[i+1:j\u22121] is a palindrome and the i and j letters of s are the same.\"},\n{\"Clue of Step 3\": \"We also need to consider the boundary conditions in dynamic programming. For a substring of length 1, it is obviously a palindrome string; For a substring of length 2, it is a palindrome as long as its two letters are the same.\"},\n{\"Clue of Step 4\": \"We also need to consider the the cyclic order of dynamic programming. In the state transition equation, we are moving from a shorter string to a longer string.\"},\n{\"Clue of Step 5\": \"The final answer is the maximum length of the valid sub-strings.\"}\n]\n```\nYou can refer to the following example and generate step-by-step clues for the given problem.\n\n\n-----Clues-----\nClue of Step 1: To solve the problem, note that for a binary number to be divisible by 64, the number must be at least 64 (which is 1000000 in binary). Therefore, the task is to check if you can form a binary number that is equal to or greater than 1000000 by removing some digits from the given string.\n", "Clue of Step 2: We can iterate through the binary string and, whenever we find a '1', count the subsequent '0's until we reach six of them, as this indicates potential divisibility by 64.\n", "Clue of Step 2: We need to ensure that the '1' appears before the last '0', which represents that we can form the number 64 or a higher multiple of 64 by arranging the remaining '0's.\n"], ["\nYou will be given a problem desciption.\n\nPlease analyze the problem and generate step-by-step clues of how to solve the problem with executable python code.\n\nThe problem:\n\n\nQUESTION:\nTop-model Izabella participates in the competition. She wants to impress judges and show her mathematical skills.\n\nHer problem is following: for given string, consisting of only 0 and 1, tell if it's possible to remove some digits in such a way, that remaining number is a representation of some positive integer, divisible by 64, in the binary numerical system.\n\n\n-----Input-----\n\nIn the only line given a non-empty binary string s with length up to 100.\n\n\n-----Output-----\n\nPrint \u00abyes\u00bb (without quotes) if it's possible to remove digits required way and \u00abno\u00bb otherwise.\n\n\n-----Examples-----\nInput\n100010001\n\nOutput\nyes\nInput\n100\n\nOutput\nno\n\n\n-----Note-----\n\nIn the first test case, you can get string 1 000 000 after removing two ones which is a representation of number 64 in the binary numerical system.\n\nYou can read more about binary numeral system representation here: https://en.wikipedia.org/wiki/Binary_system\nUse Standard Input format\nANSWER:\n\n\nAn example of step-by-step clues for finding the longest palindrome substring is displayed below:\n\n```json\n[\n{\"Clue of Step 1\": \"For a substring, if it is a palindrome and the length is greater than 2, it is still a palindrome after the first and last letters are removed. According to this idea, we can use dynamic programming to solve this problem.\"},\n{\"Clue of Step 2\": \"Then we should consider the state transition function. We use P(i,j) to indicate whether the string composed of the i-th to j-th letters of the string s (denoted as as s[i:j]) is a palindrome string. s[i:j] is a palindrome only if s[i+1:j\u22121] is a palindrome and the i and j letters of s are the same.\"},\n{\"Clue of Step 3\": \"We also need to consider the boundary conditions in dynamic programming. For a substring of length 1, it is obviously a palindrome string; For a substring of length 2, it is a palindrome as long as its two letters are the same.\"},\n{\"Clue of Step 4\": \"We also need to consider the the cyclic order of dynamic programming. In the state transition equation, we are moving from a shorter string to a longer string.\"},\n{\"Clue of Step 5\": \"The final answer is the maximum length of the valid sub-strings.\"}\n]\n```\nYou can refer to the following example and generate step-by-step clues for the given problem.\n\n\n-----Clues-----\nClue of Step 1: To solve the problem, note that for a binary number to be divisible by 64, the number must be at least 64 (which is 1000000 in binary). Therefore, the task is to check if you can form a binary number that is equal to or greater than 1000000 by removing some digits from the given string.\n", "Clue of Step 2: We need to check if the given binary string contains enough '1's and '0's to form the binary representation of a number that is at least 1000000 (which is 64 in decimal). This means the resulting binary number must have at least 7 bits, where the left-most bit is '1'.\n", "Clue of Step 2: We should look for the substring '1' followed by at least six '0's in the given binary string, since this represents the number 64 in binary.\n"], ["\nYou will be given a problem desciption.\n\nPlease analyze the problem and generate step-by-step clues of how to solve the problem with executable python code.\n\nThe problem:\n\n\nQUESTION:\nTop-model Izabella participates in the competition. She wants to impress judges and show her mathematical skills.\n\nHer problem is following: for given string, consisting of only 0 and 1, tell if it's possible to remove some digits in such a way, that remaining number is a representation of some positive integer, divisible by 64, in the binary numerical system.\n\n\n-----Input-----\n\nIn the only line given a non-empty binary string s with length up to 100.\n\n\n-----Output-----\n\nPrint \u00abyes\u00bb (without quotes) if it's possible to remove digits required way and \u00abno\u00bb otherwise.\n\n\n-----Examples-----\nInput\n100010001\n\nOutput\nyes\nInput\n100\n\nOutput\nno\n\n\n-----Note-----\n\nIn the first test case, you can get string 1 000 000 after removing two ones which is a representation of number 64 in the binary numerical system.\n\nYou can read more about binary numeral system representation here: https://en.wikipedia.org/wiki/Binary_system\nUse Standard Input format\nANSWER:\n\n\nAn example of step-by-step clues for finding the longest palindrome substring is displayed below:\n\n```json\n[\n{\"Clue of Step 1\": \"For a substring, if it is a palindrome and the length is greater than 2, it is still a palindrome after the first and last letters are removed. According to this idea, we can use dynamic programming to solve this problem.\"},\n{\"Clue of Step 2\": \"Then we should consider the state transition function. We use P(i,j) to indicate whether the string composed of the i-th to j-th letters of the string s (denoted as as s[i:j]) is a palindrome string. s[i:j] is a palindrome only if s[i+1:j\u22121] is a palindrome and the i and j letters of s are the same.\"},\n{\"Clue of Step 3\": \"We also need to consider the boundary conditions in dynamic programming. For a substring of length 1, it is obviously a palindrome string; For a substring of length 2, it is a palindrome as long as its two letters are the same.\"},\n{\"Clue of Step 4\": \"We also need to consider the the cyclic order of dynamic programming. In the state transition equation, we are moving from a shorter string to a longer string.\"},\n{\"Clue of Step 5\": \"The final answer is the maximum length of the valid sub-strings.\"}\n]\n```\nYou can refer to the following example and generate step-by-step clues for the given problem.\n\n\n-----Clues-----\nClue of Step 1: To solve the problem, note that for a binary number to be divisible by 64, the number must be at least 64 (which is 1000000 in binary). Therefore, the task is to check if you can form a binary number that is equal to or greater than 1000000 by removing some digits from the given string.\n", "Clue of Step 2: We need to check if the given binary string contains enough '1's and '0's to form the binary representation of a number that is at least 1000000 (which is 64 in decimal). This means the resulting binary number must have at least 7 bits, where the left-most bit is '1'.\n", "Clue of Step 2: We need to ensure that the '1' appears before the last '0', which represents that we can form the number 64 or a higher multiple of 64 by arranging the remaining '0's.\n"], ["\nYou will be given a problem desciption.\n\nPlease analyze the problem and generate step-by-step clues of how to solve the problem with executable python code.\n\nThe problem:\n\n\nQUESTION:\nTop-model Izabella participates in the competition. She wants to impress judges and show her mathematical skills.\n\nHer problem is following: for given string, consisting of only 0 and 1, tell if it's possible to remove some digits in such a way, that remaining number is a representation of some positive integer, divisible by 64, in the binary numerical system.\n\n\n-----Input-----\n\nIn the only line given a non-empty binary string s with length up to 100.\n\n\n-----Output-----\n\nPrint \u00abyes\u00bb (without quotes) if it's possible to remove digits required way and \u00abno\u00bb otherwise.\n\n\n-----Examples-----\nInput\n100010001\n\nOutput\nyes\nInput\n100\n\nOutput\nno\n\n\n-----Note-----\n\nIn the first test case, you can get string 1 000 000 after removing two ones which is a representation of number 64 in the binary numerical system.\n\nYou can read more about binary numeral system representation here: https://en.wikipedia.org/wiki/Binary_system\nUse Standard Input format\nANSWER:\n\n\nAn example of step-by-step clues for finding the longest palindrome substring is displayed below:\n\n```json\n[\n{\"Clue of Step 1\": \"For a substring, if it is a palindrome and the length is greater than 2, it is still a palindrome after the first and last letters are removed. According to this idea, we can use dynamic programming to solve this problem.\"},\n{\"Clue of Step 2\": \"Then we should consider the state transition function. We use P(i,j) to indicate whether the string composed of the i-th to j-th letters of the string s (denoted as as s[i:j]) is a palindrome string. s[i:j] is a palindrome only if s[i+1:j\u22121] is a palindrome and the i and j letters of s are the same.\"},\n{\"Clue of Step 3\": \"We also need to consider the boundary conditions in dynamic programming. For a substring of length 1, it is obviously a palindrome string; For a substring of length 2, it is a palindrome as long as its two letters are the same.\"},\n{\"Clue of Step 4\": \"We also need to consider the the cyclic order of dynamic programming. In the state transition equation, we are moving from a shorter string to a longer string.\"},\n{\"Clue of Step 5\": \"The final answer is the maximum length of the valid sub-strings.\"}\n]\n```\nYou can refer to the following example and generate step-by-step clues for the given problem.\n\n\n-----Clues-----\nClue of Step 1: To solve the problem, note that for a binary number to be divisible by 64, the number must be at least 64 (which is 1000000 in binary). Therefore, the task is to check if you can form a binary number that is equal to or greater than 1000000 by removing some digits from the given string.\n", "Clue of Step 2: We should iterate over all possible subsequences of the binary string and check if any of them form the binary number '1000000' or a larger binary number. This can be optimized by focusing only on subsequences of length 7 or more.\n", "Clue of Step 2: We should look for the substring '1' followed by at least six '0's in the given binary string, since this represents the number 64 in binary.\n"], ["\nYou will be given a problem desciption.\n\nPlease analyze the problem and generate step-by-step clues of how to solve the problem with executable python code.\n\nThe problem:\n\n\nQUESTION:\nTop-model Izabella participates in the competition. She wants to impress judges and show her mathematical skills.\n\nHer problem is following: for given string, consisting of only 0 and 1, tell if it's possible to remove some digits in such a way, that remaining number is a representation of some positive integer, divisible by 64, in the binary numerical system.\n\n\n-----Input-----\n\nIn the only line given a non-empty binary string s with length up to 100.\n\n\n-----Output-----\n\nPrint \u00abyes\u00bb (without quotes) if it's possible to remove digits required way and \u00abno\u00bb otherwise.\n\n\n-----Examples-----\nInput\n100010001\n\nOutput\nyes\nInput\n100\n\nOutput\nno\n\n\n-----Note-----\n\nIn the first test case, you can get string 1 000 000 after removing two ones which is a representation of number 64 in the binary numerical system.\n\nYou can read more about binary numeral system representation here: https://en.wikipedia.org/wiki/Binary_system\nUse Standard Input format\nANSWER:\n\n\nAn example of step-by-step clues for finding the longest palindrome substring is displayed below:\n\n```json\n[\n{\"Clue of Step 1\": \"For a substring, if it is a palindrome and the length is greater than 2, it is still a palindrome after the first and last letters are removed. According to this idea, we can use dynamic programming to solve this problem.\"},\n{\"Clue of Step 2\": \"Then we should consider the state transition function. We use P(i,j) to indicate whether the string composed of the i-th to j-th letters of the string s (denoted as as s[i:j]) is a palindrome string. s[i:j] is a palindrome only if s[i+1:j\u22121] is a palindrome and the i and j letters of s are the same.\"},\n{\"Clue of Step 3\": \"We also need to consider the boundary conditions in dynamic programming. For a substring of length 1, it is obviously a palindrome string; For a substring of length 2, it is a palindrome as long as its two letters are the same.\"},\n{\"Clue of Step 4\": \"We also need to consider the the cyclic order of dynamic programming. In the state transition equation, we are moving from a shorter string to a longer string.\"},\n{\"Clue of Step 5\": \"The final answer is the maximum length of the valid sub-strings.\"}\n]\n```\nYou can refer to the following example and generate step-by-step clues for the given problem.\n\n\n-----Clues-----\nClue of Step 1: To solve the problem, note that for a binary number to be divisible by 64, the number must be at least 64 (which is 1000000 in binary). Therefore, the task is to check if you can form a binary number that is equal to or greater than 1000000 by removing some digits from the given string.\n", "Clue of Step 2: We should iterate over all possible subsequences of the binary string and check if any of them form the binary number '1000000' or a larger binary number. This can be optimized by focusing only on subsequences of length 7 or more.\n", "Clue of Step 2: We need to ensure that the '1' appears before the last '0', which represents that we can form the number 64 or a higher multiple of 64 by arranging the remaining '0's.\n"], ["\nYou will be given a problem desciption.\n\nPlease analyze the problem and generate step-by-step clues of how to solve the problem with executable python code.\n\nThe problem:\n\n\nQUESTION:\nTop-model Izabella participates in the competition. She wants to impress judges and show her mathematical skills.\n\nHer problem is following: for given string, consisting of only 0 and 1, tell if it's possible to remove some digits in such a way, that remaining number is a representation of some positive integer, divisible by 64, in the binary numerical system.\n\n\n-----Input-----\n\nIn the only line given a non-empty binary string s with length up to 100.\n\n\n-----Output-----\n\nPrint \u00abyes\u00bb (without quotes) if it's possible to remove digits required way and \u00abno\u00bb otherwise.\n\n\n-----Examples-----\nInput\n100010001\n\nOutput\nyes\nInput\n100\n\nOutput\nno\n\n\n-----Note-----\n\nIn the first test case, you can get string 1 000 000 after removing two ones which is a representation of number 64 in the binary numerical system.\n\nYou can read more about binary numeral system representation here: https://en.wikipedia.org/wiki/Binary_system\nUse Standard Input format\nANSWER:\n\n\nAn example of step-by-step clues for finding the longest palindrome substring is displayed below:\n\n```json\n[\n{\"Clue of Step 1\": \"For a substring, if it is a palindrome and the length is greater than 2, it is still a palindrome after the first and last letters are removed. According to this idea, we can use dynamic programming to solve this problem.\"},\n{\"Clue of Step 2\": \"Then we should consider the state transition function. We use P(i,j) to indicate whether the string composed of the i-th to j-th letters of the string s (denoted as as s[i:j]) is a palindrome string. s[i:j] is a palindrome only if s[i+1:j\u22121] is a palindrome and the i and j letters of s are the same.\"},\n{\"Clue of Step 3\": \"We also need to consider the boundary conditions in dynamic programming. For a substring of length 1, it is obviously a palindrome string; For a substring of length 2, it is a palindrome as long as its two letters are the same.\"},\n{\"Clue of Step 4\": \"We also need to consider the the cyclic order of dynamic programming. In the state transition equation, we are moving from a shorter string to a longer string.\"},\n{\"Clue of Step 5\": \"The final answer is the maximum length of the valid sub-strings.\"}\n]\n```\nYou can refer to the following example and generate step-by-step clues for the given problem.\n\n\n-----Clues-----\nClue of Step 1: To solve the problem, note that for a binary number to be divisible by 64, the number must be at least 64 (which is 1000000 in binary). Therefore, the task is to check if you can form a binary number that is equal to or greater than 1000000 by removing some digits from the given string.\n", "Clue of Step 2: We can simulate the process of removing digits by treating the binary string as a list of characters and using combinations or recursive methods to explore all possible subsets of the string, checking if they form a valid binary number divisible by 64.\n", "Clue of Step 2: We should look for the substring '1' followed by at least six '0's in the given binary string, since this represents the number 64 in binary.\n"], ["\nYou will be given a problem desciption.\n\nPlease analyze the problem and generate step-by-step clues of how to solve the problem with executable python code.\n\nThe problem:\n\n\nQUESTION:\nTop-model Izabella participates in the competition. She wants to impress judges and show her mathematical skills.\n\nHer problem is following: for given string, consisting of only 0 and 1, tell if it's possible to remove some digits in such a way, that remaining number is a representation of some positive integer, divisible by 64, in the binary numerical system.\n\n\n-----Input-----\n\nIn the only line given a non-empty binary string s with length up to 100.\n\n\n-----Output-----\n\nPrint \u00abyes\u00bb (without quotes) if it's possible to remove digits required way and \u00abno\u00bb otherwise.\n\n\n-----Examples-----\nInput\n100010001\n\nOutput\nyes\nInput\n100\n\nOutput\nno\n\n\n-----Note-----\n\nIn the first test case, you can get string 1 000 000 after removing two ones which is a representation of number 64 in the binary numerical system.\n\nYou can read more about binary numeral system representation here: https://en.wikipedia.org/wiki/Binary_system\nUse Standard Input format\nANSWER:\n\n\nAn example of step-by-step clues for finding the longest palindrome substring is displayed below:\n\n```json\n[\n{\"Clue of Step 1\": \"For a substring, if it is a palindrome and the length is greater than 2, it is still a palindrome after the first and last letters are removed. According to this idea, we can use dynamic programming to solve this problem.\"},\n{\"Clue of Step 2\": \"Then we should consider the state transition function. We use P(i,j) to indicate whether the string composed of the i-th to j-th letters of the string s (denoted as as s[i:j]) is a palindrome string. s[i:j] is a palindrome only if s[i+1:j\u22121] is a palindrome and the i and j letters of s are the same.\"},\n{\"Clue of Step 3\": \"We also need to consider the boundary conditions in dynamic programming. For a substring of length 1, it is obviously a palindrome string; For a substring of length 2, it is a palindrome as long as its two letters are the same.\"},\n{\"Clue of Step 4\": \"We also need to consider the the cyclic order of dynamic programming. In the state transition equation, we are moving from a shorter string to a longer string.\"},\n{\"Clue of Step 5\": \"The final answer is the maximum length of the valid sub-strings.\"}\n]\n```\nYou can refer to the following example and generate step-by-step clues for the given problem.\n\n\n-----Clues-----\nClue of Step 1: To solve the problem, note that for a binary number to be divisible by 64, the number must be at least 64 (which is 1000000 in binary). Therefore, the task is to check if you can form a binary number that is equal to or greater than 1000000 by removing some digits from the given string.\n", "Clue of Step 2: We can simulate the process of removing digits by treating the binary string as a list of characters and using combinations or recursive methods to explore all possible subsets of the string, checking if they form a valid binary number divisible by 64.\n", "Clue of Step 2: We need to ensure that the '1' appears before the last '0', which represents that we can form the number 64 or a higher multiple of 64 by arranging the remaining '0's.\n"]], "SFT": ["\nYou will be given a problem desciption.\n\nPlease analyze the problem and generate step-by-step clues of how to solve the problem with executable python code.\n\nThe problem:\n\n\nQUESTION:\nTop-model Izabella participates in the competition. She wants to impress judges and show her mathematical skills.\n\nHer problem is following: for given string, consisting of only 0 and 1, tell if it's possible to remove some digits in such a way, that remaining number is a representation of some positive integer, divisible by 64, in the binary numerical system.\n\n\n-----Input-----\n\nIn the only line given a non-empty binary string s with length up to 100.\n\n\n-----Output-----\n\nPrint \u00abyes\u00bb (without quotes) if it's possible to remove digits required way and \u00abno\u00bb otherwise.\n\n\n-----Examples-----\nInput\n100010001\n\nOutput\nyes\nInput\n100\n\nOutput\nno\n\n\n-----Note-----\n\nIn the first test case, you can get string 1 000 000 after removing two ones which is a representation of number 64 in the binary numerical system.\n\nYou can read more about binary numeral system representation here: https://en.wikipedia.org/wiki/Binary_system\nUse Standard Input format\nANSWER:\n\n\nAn example of step-by-step clues for finding the longest palindrome substring is displayed below:\n\n```json\n[\n{\"Clue of Step 1\": \"For a substring, if it is a palindrome and the length is greater than 2, it is still a palindrome after the first and last letters are removed. According to this idea, we can use dynamic programming to solve this problem.\"},\n{\"Clue of Step 2\": \"Then we should consider the state transition function. We use P(i,j) to indicate whether the string composed of the i-th to j-th letters of the string s (denoted as as s[i:j]) is a palindrome string. s[i:j] is a palindrome only if s[i+1:j\u22121] is a palindrome and the i and j letters of s are the same.\"},\n{\"Clue of Step 3\": \"We also need to consider the boundary conditions in dynamic programming. For a substring of length 1, it is obviously a palindrome string; For a substring of length 2, it is a palindrome as long as its two letters are the same.\"},\n{\"Clue of Step 4\": \"We also need to consider the the cyclic order of dynamic programming. In the state transition equation, we are moving from a shorter string to a longer string.\"},\n{\"Clue of Step 5\": \"The final answer is the maximum length of the valid sub-strings.\"}\n]\n```\nYou can refer to the following example and generate step-by-step clues for the given problem.\n\n\n-----Clues-----\nClue of Step 1: To solve the problem, note that for a binary number to be divisible by 64, the number must be at least 64 (which is 1000000 in binary). Therefore, the task is to check if you can form a binary number that is equal to or greater than 1000000 by removing some digits from the given string.\n", "```python\ndef can_form_divisible_by_64(s):\n    # Check if there is at least one '1' in the string\n    if '1' not in s:\n        return \"no\"\n    \n    # Count the number of '0's after the first '1'\n    first_one_index = s.index('1')\n    zeros_count = s[first_one_index+1:].count('0')\n    \n    # We need at least 6 zeros after the first '1' to form a number that is divisible by 64\n    if zeros_count >= 6:\n        return \"yes\"\n    \n    return \"no\"\n\n# Read input\nbinary_string = input().strip()\n# Get and print result\nprint(can_form_divisible_by_64(binary_string))\n```"]}