{"StepDPO": [["\nYou will be given a problem desciption.\n\nPlease analyze the problem and generate step-by-step clues of how to solve the problem with executable python code.\n\nThe problem:\n\n\nQUESTION:\nIn a small restaurant there are a tables for one person and b tables for two persons. \n\nIt it known that n groups of people come today, each consisting of one or two people. \n\nIf a group consist of one person, it is seated at a vacant one-seater table. If there are none of them, it is seated at a vacant two-seater table. If there are none of them, it is seated at a two-seater table occupied by single person. If there are still none of them, the restaurant denies service to this group.\n\nIf a group consist of two people, it is seated at a vacant two-seater table. If there are none of them, the restaurant denies service to this group.\n\nYou are given a chronological order of groups coming. You are to determine the total number of people the restaurant denies service to.\n\n\n-----Input-----\n\nThe first line contains three integers n, a and b (1 \u2264 n \u2264 2\u00b710^5, 1 \u2264 a, b \u2264 2\u00b710^5) \u2014 the number of groups coming to the restaurant, the number of one-seater and the number of two-seater tables.\n\nThe second line contains a sequence of integers t_1, t_2, ..., t_{n} (1 \u2264 t_{i} \u2264 2) \u2014 the description of clients in chronological order. If t_{i} is equal to one, then the i-th group consists of one person, otherwise the i-th group consists of two people.\n\n\n-----Output-----\n\nPrint the total number of people the restaurant denies service to.\n\n\n-----Examples-----\nInput\n4 1 2\n1 2 1 1\n\nOutput\n0\n\nInput\n4 1 1\n1 1 2 1\n\nOutput\n2\n\n\n\n-----Note-----\n\nIn the first example the first group consists of one person, it is seated at a vacant one-seater table. The next group occupies a whole two-seater table. The third group consists of one person, it occupies one place at the remaining two-seater table. The fourth group consists of one person, he is seated at the remaining seat at the two-seater table. Thus, all clients are served.\n\nIn the second example the first group consists of one person, it is seated at the vacant one-seater table. The next group consists of one person, it occupies one place at the two-seater table. It's impossible to seat the next group of two people, so the restaurant denies service to them. The fourth group consists of one person, he is seated at the remaining seat at the two-seater table. Thus, the restaurant denies service to 2 clients.\nUse Standard Input format\nANSWER:\n\n\nAn example of step-by-step clues for finding the longest palindrome substring is displayed below:\n\n```json\n[\n{\"Clue of Step 1\": \"For a substring, if it is a palindrome and the length is greater than 2, it is still a palindrome after the first and last letters are removed. According to this idea, we can use dynamic programming to solve this problem.\"},\n{\"Clue of Step 2\": \"Then we should consider the state transition function. We use P(i,j) to indicate whether the string composed of the i-th to j-th letters of the string s (denoted as as s[i:j]) is a palindrome string. s[i:j] is a palindrome only if s[i+1:j\u22121] is a palindrome and the i and j letters of s are the same.\"},\n{\"Clue of Step 3\": \"We also need to consider the boundary conditions in dynamic programming. For a substring of length 1, it is obviously a palindrome string; For a substring of length 2, it is a palindrome as long as its two letters are the same.\"},\n{\"Clue of Step 4\": \"We also need to consider the the cyclic order of dynamic programming. In the state transition equation, we are moving from a shorter string to a longer string.\"},\n{\"Clue of Step 5\": \"The final answer is the maximum length of the valid sub-strings.\"}\n]\n```\nYou can refer to the following example and generate step-by-step clues for the given problem.\n\n\n-----Clues-----\nClue of Step 1: We can maintain separate counters for one-seater and two-seater tables to track their availability. As groups arrive, we decrement the appropriate counter based on the seating rules.\n", "Clue of Step 2: We can initialize a variable to track the number of denied customers and increment this whenever a group cannot be seated adequately.\n", "Clue of Step 2: We need to iterate over the list of incoming groups and apply the seating rules consecutively for each group.\n"], ["\nYou will be given a problem desciption.\n\nPlease analyze the problem and generate step-by-step clues of how to solve the problem with executable python code.\n\nThe problem:\n\n\nQUESTION:\nIn a small restaurant there are a tables for one person and b tables for two persons. \n\nIt it known that n groups of people come today, each consisting of one or two people. \n\nIf a group consist of one person, it is seated at a vacant one-seater table. If there are none of them, it is seated at a vacant two-seater table. If there are none of them, it is seated at a two-seater table occupied by single person. If there are still none of them, the restaurant denies service to this group.\n\nIf a group consist of two people, it is seated at a vacant two-seater table. If there are none of them, the restaurant denies service to this group.\n\nYou are given a chronological order of groups coming. You are to determine the total number of people the restaurant denies service to.\n\n\n-----Input-----\n\nThe first line contains three integers n, a and b (1 \u2264 n \u2264 2\u00b710^5, 1 \u2264 a, b \u2264 2\u00b710^5) \u2014 the number of groups coming to the restaurant, the number of one-seater and the number of two-seater tables.\n\nThe second line contains a sequence of integers t_1, t_2, ..., t_{n} (1 \u2264 t_{i} \u2264 2) \u2014 the description of clients in chronological order. If t_{i} is equal to one, then the i-th group consists of one person, otherwise the i-th group consists of two people.\n\n\n-----Output-----\n\nPrint the total number of people the restaurant denies service to.\n\n\n-----Examples-----\nInput\n4 1 2\n1 2 1 1\n\nOutput\n0\n\nInput\n4 1 1\n1 1 2 1\n\nOutput\n2\n\n\n\n-----Note-----\n\nIn the first example the first group consists of one person, it is seated at a vacant one-seater table. The next group occupies a whole two-seater table. The third group consists of one person, it occupies one place at the remaining two-seater table. The fourth group consists of one person, he is seated at the remaining seat at the two-seater table. Thus, all clients are served.\n\nIn the second example the first group consists of one person, it is seated at the vacant one-seater table. The next group consists of one person, it occupies one place at the two-seater table. It's impossible to seat the next group of two people, so the restaurant denies service to them. The fourth group consists of one person, he is seated at the remaining seat at the two-seater table. Thus, the restaurant denies service to 2 clients.\nUse Standard Input format\nANSWER:\n\n\nAn example of step-by-step clues for finding the longest palindrome substring is displayed below:\n\n```json\n[\n{\"Clue of Step 1\": \"For a substring, if it is a palindrome and the length is greater than 2, it is still a palindrome after the first and last letters are removed. According to this idea, we can use dynamic programming to solve this problem.\"},\n{\"Clue of Step 2\": \"Then we should consider the state transition function. We use P(i,j) to indicate whether the string composed of the i-th to j-th letters of the string s (denoted as as s[i:j]) is a palindrome string. s[i:j] is a palindrome only if s[i+1:j\u22121] is a palindrome and the i and j letters of s are the same.\"},\n{\"Clue of Step 3\": \"We also need to consider the boundary conditions in dynamic programming. For a substring of length 1, it is obviously a palindrome string; For a substring of length 2, it is a palindrome as long as its two letters are the same.\"},\n{\"Clue of Step 4\": \"We also need to consider the the cyclic order of dynamic programming. In the state transition equation, we are moving from a shorter string to a longer string.\"},\n{\"Clue of Step 5\": \"The final answer is the maximum length of the valid sub-strings.\"}\n]\n```\nYou can refer to the following example and generate step-by-step clues for the given problem.\n\n\n-----Clues-----\nClue of Step 1: We can maintain separate counters for one-seater and two-seater tables to track their availability. As groups arrive, we decrement the appropriate counter based on the seating rules.\n", "Clue of Step 2: We should specifically check the conditions for seating: for single-person groups, we need to consider one-seater availability first, followed by two-seaters and single-filled two-seaters.\n", "Clue of Step 2: We need to iterate over the list of incoming groups and apply the seating rules consecutively for each group.\n"], ["\nYou will be given a problem desciption.\n\nPlease analyze the problem and generate step-by-step clues of how to solve the problem with executable python code.\n\nThe problem:\n\n\nQUESTION:\nIn a small restaurant there are a tables for one person and b tables for two persons. \n\nIt it known that n groups of people come today, each consisting of one or two people. \n\nIf a group consist of one person, it is seated at a vacant one-seater table. If there are none of them, it is seated at a vacant two-seater table. If there are none of them, it is seated at a two-seater table occupied by single person. If there are still none of them, the restaurant denies service to this group.\n\nIf a group consist of two people, it is seated at a vacant two-seater table. If there are none of them, the restaurant denies service to this group.\n\nYou are given a chronological order of groups coming. You are to determine the total number of people the restaurant denies service to.\n\n\n-----Input-----\n\nThe first line contains three integers n, a and b (1 \u2264 n \u2264 2\u00b710^5, 1 \u2264 a, b \u2264 2\u00b710^5) \u2014 the number of groups coming to the restaurant, the number of one-seater and the number of two-seater tables.\n\nThe second line contains a sequence of integers t_1, t_2, ..., t_{n} (1 \u2264 t_{i} \u2264 2) \u2014 the description of clients in chronological order. If t_{i} is equal to one, then the i-th group consists of one person, otherwise the i-th group consists of two people.\n\n\n-----Output-----\n\nPrint the total number of people the restaurant denies service to.\n\n\n-----Examples-----\nInput\n4 1 2\n1 2 1 1\n\nOutput\n0\n\nInput\n4 1 1\n1 1 2 1\n\nOutput\n2\n\n\n\n-----Note-----\n\nIn the first example the first group consists of one person, it is seated at a vacant one-seater table. The next group occupies a whole two-seater table. The third group consists of one person, it occupies one place at the remaining two-seater table. The fourth group consists of one person, he is seated at the remaining seat at the two-seater table. Thus, all clients are served.\n\nIn the second example the first group consists of one person, it is seated at the vacant one-seater table. The next group consists of one person, it occupies one place at the two-seater table. It's impossible to seat the next group of two people, so the restaurant denies service to them. The fourth group consists of one person, he is seated at the remaining seat at the two-seater table. Thus, the restaurant denies service to 2 clients.\nUse Standard Input format\nANSWER:\n\n\nAn example of step-by-step clues for finding the longest palindrome substring is displayed below:\n\n```json\n[\n{\"Clue of Step 1\": \"For a substring, if it is a palindrome and the length is greater than 2, it is still a palindrome after the first and last letters are removed. According to this idea, we can use dynamic programming to solve this problem.\"},\n{\"Clue of Step 2\": \"Then we should consider the state transition function. We use P(i,j) to indicate whether the string composed of the i-th to j-th letters of the string s (denoted as as s[i:j]) is a palindrome string. s[i:j] is a palindrome only if s[i+1:j\u22121] is a palindrome and the i and j letters of s are the same.\"},\n{\"Clue of Step 3\": \"We also need to consider the boundary conditions in dynamic programming. For a substring of length 1, it is obviously a palindrome string; For a substring of length 2, it is a palindrome as long as its two letters are the same.\"},\n{\"Clue of Step 4\": \"We also need to consider the the cyclic order of dynamic programming. In the state transition equation, we are moving from a shorter string to a longer string.\"},\n{\"Clue of Step 5\": \"The final answer is the maximum length of the valid sub-strings.\"}\n]\n```\nYou can refer to the following example and generate step-by-step clues for the given problem.\n\n\n-----Clues-----\nClue of Step 1: We can maintain separate counters for one-seater and two-seater tables to track their availability. As groups arrive, we decrement the appropriate counter based on the seating rules.\n", "Clue of Step 2: We should handle the seating logic for one-person groups first. Try to seat them at a one-seater table if available, otherwise try to seat them at a two-seater table that is either vacant or occupied by another single person.\n", "Clue of Step 2: We need to iterate over the list of incoming groups and apply the seating rules consecutively for each group.\n"], ["\nYou will be given a problem desciption.\n\nPlease analyze the problem and generate step-by-step clues of how to solve the problem with executable python code.\n\nThe problem:\n\n\nQUESTION:\nIn a small restaurant there are a tables for one person and b tables for two persons. \n\nIt it known that n groups of people come today, each consisting of one or two people. \n\nIf a group consist of one person, it is seated at a vacant one-seater table. If there are none of them, it is seated at a vacant two-seater table. If there are none of them, it is seated at a two-seater table occupied by single person. If there are still none of them, the restaurant denies service to this group.\n\nIf a group consist of two people, it is seated at a vacant two-seater table. If there are none of them, the restaurant denies service to this group.\n\nYou are given a chronological order of groups coming. You are to determine the total number of people the restaurant denies service to.\n\n\n-----Input-----\n\nThe first line contains three integers n, a and b (1 \u2264 n \u2264 2\u00b710^5, 1 \u2264 a, b \u2264 2\u00b710^5) \u2014 the number of groups coming to the restaurant, the number of one-seater and the number of two-seater tables.\n\nThe second line contains a sequence of integers t_1, t_2, ..., t_{n} (1 \u2264 t_{i} \u2264 2) \u2014 the description of clients in chronological order. If t_{i} is equal to one, then the i-th group consists of one person, otherwise the i-th group consists of two people.\n\n\n-----Output-----\n\nPrint the total number of people the restaurant denies service to.\n\n\n-----Examples-----\nInput\n4 1 2\n1 2 1 1\n\nOutput\n0\n\nInput\n4 1 1\n1 1 2 1\n\nOutput\n2\n\n\n\n-----Note-----\n\nIn the first example the first group consists of one person, it is seated at a vacant one-seater table. The next group occupies a whole two-seater table. The third group consists of one person, it occupies one place at the remaining two-seater table. The fourth group consists of one person, he is seated at the remaining seat at the two-seater table. Thus, all clients are served.\n\nIn the second example the first group consists of one person, it is seated at the vacant one-seater table. The next group consists of one person, it occupies one place at the two-seater table. It's impossible to seat the next group of two people, so the restaurant denies service to them. The fourth group consists of one person, he is seated at the remaining seat at the two-seater table. Thus, the restaurant denies service to 2 clients.\nUse Standard Input format\nANSWER:\n\n\nAn example of step-by-step clues for finding the longest palindrome substring is displayed below:\n\n```json\n[\n{\"Clue of Step 1\": \"For a substring, if it is a palindrome and the length is greater than 2, it is still a palindrome after the first and last letters are removed. According to this idea, we can use dynamic programming to solve this problem.\"},\n{\"Clue of Step 2\": \"Then we should consider the state transition function. We use P(i,j) to indicate whether the string composed of the i-th to j-th letters of the string s (denoted as as s[i:j]) is a palindrome string. s[i:j] is a palindrome only if s[i+1:j\u22121] is a palindrome and the i and j letters of s are the same.\"},\n{\"Clue of Step 3\": \"We also need to consider the boundary conditions in dynamic programming. For a substring of length 1, it is obviously a palindrome string; For a substring of length 2, it is a palindrome as long as its two letters are the same.\"},\n{\"Clue of Step 4\": \"We also need to consider the the cyclic order of dynamic programming. In the state transition equation, we are moving from a shorter string to a longer string.\"},\n{\"Clue of Step 5\": \"The final answer is the maximum length of the valid sub-strings.\"}\n]\n```\nYou can refer to the following example and generate step-by-step clues for the given problem.\n\n\n-----Clues-----\nClue of Step 1: We can maintain separate counters for one-seater and two-seater tables to track their availability. As groups arrive, we decrement the appropriate counter based on the seating rules.\n", "Clue of Step 2: For two-person groups, the only option is a vacant two-seater table. If none are available, the group should be denied service immediately.\n", "Clue of Step 2: We need to iterate over the list of incoming groups and apply the seating rules consecutively for each group.\n"], ["\nYou will be given a problem desciption.\n\nPlease analyze the problem and generate step-by-step clues of how to solve the problem with executable python code.\n\nThe problem:\n\n\nQUESTION:\nIn a small restaurant there are a tables for one person and b tables for two persons. \n\nIt it known that n groups of people come today, each consisting of one or two people. \n\nIf a group consist of one person, it is seated at a vacant one-seater table. If there are none of them, it is seated at a vacant two-seater table. If there are none of them, it is seated at a two-seater table occupied by single person. If there are still none of them, the restaurant denies service to this group.\n\nIf a group consist of two people, it is seated at a vacant two-seater table. If there are none of them, the restaurant denies service to this group.\n\nYou are given a chronological order of groups coming. You are to determine the total number of people the restaurant denies service to.\n\n\n-----Input-----\n\nThe first line contains three integers n, a and b (1 \u2264 n \u2264 2\u00b710^5, 1 \u2264 a, b \u2264 2\u00b710^5) \u2014 the number of groups coming to the restaurant, the number of one-seater and the number of two-seater tables.\n\nThe second line contains a sequence of integers t_1, t_2, ..., t_{n} (1 \u2264 t_{i} \u2264 2) \u2014 the description of clients in chronological order. If t_{i} is equal to one, then the i-th group consists of one person, otherwise the i-th group consists of two people.\n\n\n-----Output-----\n\nPrint the total number of people the restaurant denies service to.\n\n\n-----Examples-----\nInput\n4 1 2\n1 2 1 1\n\nOutput\n0\n\nInput\n4 1 1\n1 1 2 1\n\nOutput\n2\n\n\n\n-----Note-----\n\nIn the first example the first group consists of one person, it is seated at a vacant one-seater table. The next group occupies a whole two-seater table. The third group consists of one person, it occupies one place at the remaining two-seater table. The fourth group consists of one person, he is seated at the remaining seat at the two-seater table. Thus, all clients are served.\n\nIn the second example the first group consists of one person, it is seated at the vacant one-seater table. The next group consists of one person, it occupies one place at the two-seater table. It's impossible to seat the next group of two people, so the restaurant denies service to them. The fourth group consists of one person, he is seated at the remaining seat at the two-seater table. Thus, the restaurant denies service to 2 clients.\nUse Standard Input format\nANSWER:\n\n\nAn example of step-by-step clues for finding the longest palindrome substring is displayed below:\n\n```json\n[\n{\"Clue of Step 1\": \"For a substring, if it is a palindrome and the length is greater than 2, it is still a palindrome after the first and last letters are removed. According to this idea, we can use dynamic programming to solve this problem.\"},\n{\"Clue of Step 2\": \"Then we should consider the state transition function. We use P(i,j) to indicate whether the string composed of the i-th to j-th letters of the string s (denoted as as s[i:j]) is a palindrome string. s[i:j] is a palindrome only if s[i+1:j\u22121] is a palindrome and the i and j letters of s are the same.\"},\n{\"Clue of Step 3\": \"We also need to consider the boundary conditions in dynamic programming. For a substring of length 1, it is obviously a palindrome string; For a substring of length 2, it is a palindrome as long as its two letters are the same.\"},\n{\"Clue of Step 4\": \"We also need to consider the the cyclic order of dynamic programming. In the state transition equation, we are moving from a shorter string to a longer string.\"},\n{\"Clue of Step 5\": \"The final answer is the maximum length of the valid sub-strings.\"}\n]\n```\nYou can refer to the following example and generate step-by-step clues for the given problem.\n\n\n-----Clues-----\nClue of Step 1: We can maintain separate counters for one-seater and two-seater tables to track their availability. As groups arrive, we decrement the appropriate counter based on the seating rules.\n", "Clue of Step 2: Track the number of two-seater tables that are occupied by only one person, as these can still accommodate single guests. This helps in efficiently managing table allocation when needed.\n", "Clue of Step 2: We need to iterate over the list of incoming groups and apply the seating rules consecutively for each group.\n"], ["\nYou will be given a problem desciption.\n\nPlease analyze the problem and generate step-by-step clues of how to solve the problem with executable python code.\n\nThe problem:\n\n\nQUESTION:\nIn a small restaurant there are a tables for one person and b tables for two persons. \n\nIt it known that n groups of people come today, each consisting of one or two people. \n\nIf a group consist of one person, it is seated at a vacant one-seater table. If there are none of them, it is seated at a vacant two-seater table. If there are none of them, it is seated at a two-seater table occupied by single person. If there are still none of them, the restaurant denies service to this group.\n\nIf a group consist of two people, it is seated at a vacant two-seater table. If there are none of them, the restaurant denies service to this group.\n\nYou are given a chronological order of groups coming. You are to determine the total number of people the restaurant denies service to.\n\n\n-----Input-----\n\nThe first line contains three integers n, a and b (1 \u2264 n \u2264 2\u00b710^5, 1 \u2264 a, b \u2264 2\u00b710^5) \u2014 the number of groups coming to the restaurant, the number of one-seater and the number of two-seater tables.\n\nThe second line contains a sequence of integers t_1, t_2, ..., t_{n} (1 \u2264 t_{i} \u2264 2) \u2014 the description of clients in chronological order. If t_{i} is equal to one, then the i-th group consists of one person, otherwise the i-th group consists of two people.\n\n\n-----Output-----\n\nPrint the total number of people the restaurant denies service to.\n\n\n-----Examples-----\nInput\n4 1 2\n1 2 1 1\n\nOutput\n0\n\nInput\n4 1 1\n1 1 2 1\n\nOutput\n2\n\n\n\n-----Note-----\n\nIn the first example the first group consists of one person, it is seated at a vacant one-seater table. The next group occupies a whole two-seater table. The third group consists of one person, it occupies one place at the remaining two-seater table. The fourth group consists of one person, he is seated at the remaining seat at the two-seater table. Thus, all clients are served.\n\nIn the second example the first group consists of one person, it is seated at the vacant one-seater table. The next group consists of one person, it occupies one place at the two-seater table. It's impossible to seat the next group of two people, so the restaurant denies service to them. The fourth group consists of one person, he is seated at the remaining seat at the two-seater table. Thus, the restaurant denies service to 2 clients.\nUse Standard Input format\nANSWER:\n\n\nAn example of step-by-step clues for finding the longest palindrome substring is displayed below:\n\n```json\n[\n{\"Clue of Step 1\": \"For a substring, if it is a palindrome and the length is greater than 2, it is still a palindrome after the first and last letters are removed. According to this idea, we can use dynamic programming to solve this problem.\"},\n{\"Clue of Step 2\": \"Then we should consider the state transition function. We use P(i,j) to indicate whether the string composed of the i-th to j-th letters of the string s (denoted as as s[i:j]) is a palindrome string. s[i:j] is a palindrome only if s[i+1:j\u22121] is a palindrome and the i and j letters of s are the same.\"},\n{\"Clue of Step 3\": \"We also need to consider the boundary conditions in dynamic programming. For a substring of length 1, it is obviously a palindrome string; For a substring of length 2, it is a palindrome as long as its two letters are the same.\"},\n{\"Clue of Step 4\": \"We also need to consider the the cyclic order of dynamic programming. In the state transition equation, we are moving from a shorter string to a longer string.\"},\n{\"Clue of Step 5\": \"The final answer is the maximum length of the valid sub-strings.\"}\n]\n```\nYou can refer to the following example and generate step-by-step clues for the given problem.\n\n\n-----Clues-----\nClue of Step 1: We can use a loop and conditional statements to simulate the seating process based on the rules provided for one-person and two-person groups.\n", "Clue of Step 2: We could initialize counters for denied service and iterate through the list of groups to manage the seating priorities between one-person and two-person groups based on the seating rules.\n", "Clue of Step 2: We should maintain a state for the remaining available one-seater and two-seater tables, decrementing these counts as we seat groups and ensuring we check for the next seating option appropriately.\n"], ["\nYou will be given a problem desciption.\n\nPlease analyze the problem and generate step-by-step clues of how to solve the problem with executable python code.\n\nThe problem:\n\n\nQUESTION:\nIn a small restaurant there are a tables for one person and b tables for two persons. \n\nIt it known that n groups of people come today, each consisting of one or two people. \n\nIf a group consist of one person, it is seated at a vacant one-seater table. If there are none of them, it is seated at a vacant two-seater table. If there are none of them, it is seated at a two-seater table occupied by single person. If there are still none of them, the restaurant denies service to this group.\n\nIf a group consist of two people, it is seated at a vacant two-seater table. If there are none of them, the restaurant denies service to this group.\n\nYou are given a chronological order of groups coming. You are to determine the total number of people the restaurant denies service to.\n\n\n-----Input-----\n\nThe first line contains three integers n, a and b (1 \u2264 n \u2264 2\u00b710^5, 1 \u2264 a, b \u2264 2\u00b710^5) \u2014 the number of groups coming to the restaurant, the number of one-seater and the number of two-seater tables.\n\nThe second line contains a sequence of integers t_1, t_2, ..., t_{n} (1 \u2264 t_{i} \u2264 2) \u2014 the description of clients in chronological order. If t_{i} is equal to one, then the i-th group consists of one person, otherwise the i-th group consists of two people.\n\n\n-----Output-----\n\nPrint the total number of people the restaurant denies service to.\n\n\n-----Examples-----\nInput\n4 1 2\n1 2 1 1\n\nOutput\n0\n\nInput\n4 1 1\n1 1 2 1\n\nOutput\n2\n\n\n\n-----Note-----\n\nIn the first example the first group consists of one person, it is seated at a vacant one-seater table. The next group occupies a whole two-seater table. The third group consists of one person, it occupies one place at the remaining two-seater table. The fourth group consists of one person, he is seated at the remaining seat at the two-seater table. Thus, all clients are served.\n\nIn the second example the first group consists of one person, it is seated at the vacant one-seater table. The next group consists of one person, it occupies one place at the two-seater table. It's impossible to seat the next group of two people, so the restaurant denies service to them. The fourth group consists of one person, he is seated at the remaining seat at the two-seater table. Thus, the restaurant denies service to 2 clients.\nUse Standard Input format\nANSWER:\n\n\nAn example of step-by-step clues for finding the longest palindrome substring is displayed below:\n\n```json\n[\n{\"Clue of Step 1\": \"For a substring, if it is a palindrome and the length is greater than 2, it is still a palindrome after the first and last letters are removed. According to this idea, we can use dynamic programming to solve this problem.\"},\n{\"Clue of Step 2\": \"Then we should consider the state transition function. We use P(i,j) to indicate whether the string composed of the i-th to j-th letters of the string s (denoted as as s[i:j]) is a palindrome string. s[i:j] is a palindrome only if s[i+1:j\u22121] is a palindrome and the i and j letters of s are the same.\"},\n{\"Clue of Step 3\": \"We also need to consider the boundary conditions in dynamic programming. For a substring of length 1, it is obviously a palindrome string; For a substring of length 2, it is a palindrome as long as its two letters are the same.\"},\n{\"Clue of Step 4\": \"We also need to consider the the cyclic order of dynamic programming. In the state transition equation, we are moving from a shorter string to a longer string.\"},\n{\"Clue of Step 5\": \"The final answer is the maximum length of the valid sub-strings.\"}\n]\n```\nYou can refer to the following example and generate step-by-step clues for the given problem.\n\n\n-----Clues-----\nClue of Step 1: We can use a loop and conditional statements to simulate the seating process based on the rules provided for one-person and two-person groups.\n", "Clue of Step 2: For each group of one person, we need to attempt to seat them first at one-seater tables, then vacant two-seater tables, and finally at occupied two-seater tables if available, updating the seating status accordingly.\n", "Clue of Step 2: We should maintain a state for the remaining available one-seater and two-seater tables, decrementing these counts as we seat groups and ensuring we check for the next seating option appropriately.\n"], ["\nYou will be given a problem desciption.\n\nPlease analyze the problem and generate step-by-step clues of how to solve the problem with executable python code.\n\nThe problem:\n\n\nQUESTION:\nIn a small restaurant there are a tables for one person and b tables for two persons. \n\nIt it known that n groups of people come today, each consisting of one or two people. \n\nIf a group consist of one person, it is seated at a vacant one-seater table. If there are none of them, it is seated at a vacant two-seater table. If there are none of them, it is seated at a two-seater table occupied by single person. If there are still none of them, the restaurant denies service to this group.\n\nIf a group consist of two people, it is seated at a vacant two-seater table. If there are none of them, the restaurant denies service to this group.\n\nYou are given a chronological order of groups coming. You are to determine the total number of people the restaurant denies service to.\n\n\n-----Input-----\n\nThe first line contains three integers n, a and b (1 \u2264 n \u2264 2\u00b710^5, 1 \u2264 a, b \u2264 2\u00b710^5) \u2014 the number of groups coming to the restaurant, the number of one-seater and the number of two-seater tables.\n\nThe second line contains a sequence of integers t_1, t_2, ..., t_{n} (1 \u2264 t_{i} \u2264 2) \u2014 the description of clients in chronological order. If t_{i} is equal to one, then the i-th group consists of one person, otherwise the i-th group consists of two people.\n\n\n-----Output-----\n\nPrint the total number of people the restaurant denies service to.\n\n\n-----Examples-----\nInput\n4 1 2\n1 2 1 1\n\nOutput\n0\n\nInput\n4 1 1\n1 1 2 1\n\nOutput\n2\n\n\n\n-----Note-----\n\nIn the first example the first group consists of one person, it is seated at a vacant one-seater table. The next group occupies a whole two-seater table. The third group consists of one person, it occupies one place at the remaining two-seater table. The fourth group consists of one person, he is seated at the remaining seat at the two-seater table. Thus, all clients are served.\n\nIn the second example the first group consists of one person, it is seated at the vacant one-seater table. The next group consists of one person, it occupies one place at the two-seater table. It's impossible to seat the next group of two people, so the restaurant denies service to them. The fourth group consists of one person, he is seated at the remaining seat at the two-seater table. Thus, the restaurant denies service to 2 clients.\nUse Standard Input format\nANSWER:\n\n\nAn example of step-by-step clues for finding the longest palindrome substring is displayed below:\n\n```json\n[\n{\"Clue of Step 1\": \"For a substring, if it is a palindrome and the length is greater than 2, it is still a palindrome after the first and last letters are removed. According to this idea, we can use dynamic programming to solve this problem.\"},\n{\"Clue of Step 2\": \"Then we should consider the state transition function. We use P(i,j) to indicate whether the string composed of the i-th to j-th letters of the string s (denoted as as s[i:j]) is a palindrome string. s[i:j] is a palindrome only if s[i+1:j\u22121] is a palindrome and the i and j letters of s are the same.\"},\n{\"Clue of Step 3\": \"We also need to consider the boundary conditions in dynamic programming. For a substring of length 1, it is obviously a palindrome string; For a substring of length 2, it is a palindrome as long as its two letters are the same.\"},\n{\"Clue of Step 4\": \"We also need to consider the the cyclic order of dynamic programming. In the state transition equation, we are moving from a shorter string to a longer string.\"},\n{\"Clue of Step 5\": \"The final answer is the maximum length of the valid sub-strings.\"}\n]\n```\nYou can refer to the following example and generate step-by-step clues for the given problem.\n\n\n-----Clues-----\nClue of Step 1: We can use a loop and conditional statements to simulate the seating process based on the rules provided for one-person and two-person groups.\n", "Clue of Step 2: We need to maintain counters for the number of available one-seater tables, vacant two-seater tables, and two-seater tables occupied by a single person. This will allow us to efficiently track seating options for each group as they arrive.\n", "Clue of Step 2: We should maintain a state for the remaining available one-seater and two-seater tables, decrementing these counts as we seat groups and ensuring we check for the next seating option appropriately.\n"], ["\nYou will be given a problem desciption.\n\nPlease analyze the problem and generate step-by-step clues of how to solve the problem with executable python code.\n\nThe problem:\n\n\nQUESTION:\nIn a small restaurant there are a tables for one person and b tables for two persons. \n\nIt it known that n groups of people come today, each consisting of one or two people. \n\nIf a group consist of one person, it is seated at a vacant one-seater table. If there are none of them, it is seated at a vacant two-seater table. If there are none of them, it is seated at a two-seater table occupied by single person. If there are still none of them, the restaurant denies service to this group.\n\nIf a group consist of two people, it is seated at a vacant two-seater table. If there are none of them, the restaurant denies service to this group.\n\nYou are given a chronological order of groups coming. You are to determine the total number of people the restaurant denies service to.\n\n\n-----Input-----\n\nThe first line contains three integers n, a and b (1 \u2264 n \u2264 2\u00b710^5, 1 \u2264 a, b \u2264 2\u00b710^5) \u2014 the number of groups coming to the restaurant, the number of one-seater and the number of two-seater tables.\n\nThe second line contains a sequence of integers t_1, t_2, ..., t_{n} (1 \u2264 t_{i} \u2264 2) \u2014 the description of clients in chronological order. If t_{i} is equal to one, then the i-th group consists of one person, otherwise the i-th group consists of two people.\n\n\n-----Output-----\n\nPrint the total number of people the restaurant denies service to.\n\n\n-----Examples-----\nInput\n4 1 2\n1 2 1 1\n\nOutput\n0\n\nInput\n4 1 1\n1 1 2 1\n\nOutput\n2\n\n\n\n-----Note-----\n\nIn the first example the first group consists of one person, it is seated at a vacant one-seater table. The next group occupies a whole two-seater table. The third group consists of one person, it occupies one place at the remaining two-seater table. The fourth group consists of one person, he is seated at the remaining seat at the two-seater table. Thus, all clients are served.\n\nIn the second example the first group consists of one person, it is seated at the vacant one-seater table. The next group consists of one person, it occupies one place at the two-seater table. It's impossible to seat the next group of two people, so the restaurant denies service to them. The fourth group consists of one person, he is seated at the remaining seat at the two-seater table. Thus, the restaurant denies service to 2 clients.\nUse Standard Input format\nANSWER:\n\n\nAn example of step-by-step clues for finding the longest palindrome substring is displayed below:\n\n```json\n[\n{\"Clue of Step 1\": \"For a substring, if it is a palindrome and the length is greater than 2, it is still a palindrome after the first and last letters are removed. According to this idea, we can use dynamic programming to solve this problem.\"},\n{\"Clue of Step 2\": \"Then we should consider the state transition function. We use P(i,j) to indicate whether the string composed of the i-th to j-th letters of the string s (denoted as as s[i:j]) is a palindrome string. s[i:j] is a palindrome only if s[i+1:j\u22121] is a palindrome and the i and j letters of s are the same.\"},\n{\"Clue of Step 3\": \"We also need to consider the boundary conditions in dynamic programming. For a substring of length 1, it is obviously a palindrome string; For a substring of length 2, it is a palindrome as long as its two letters are the same.\"},\n{\"Clue of Step 4\": \"We also need to consider the the cyclic order of dynamic programming. In the state transition equation, we are moving from a shorter string to a longer string.\"},\n{\"Clue of Step 5\": \"The final answer is the maximum length of the valid sub-strings.\"}\n]\n```\nYou can refer to the following example and generate step-by-step clues for the given problem.\n\n\n-----Clues-----\nClue of Step 1: We can use a loop and conditional statements to simulate the seating process based on the rules provided for one-person and two-person groups.\n", "Clue of Step 2: Implement a seating logic using if-else conditions within a loop that iterates over the groups. For each group, check availability starting with the most specific seating option (one-seater for single person groups, vacant two-seater for two-person groups) and adjust table counts accordingly.\n", "Clue of Step 2: We should maintain a state for the remaining available one-seater and two-seater tables, decrementing these counts as we seat groups and ensuring we check for the next seating option appropriately.\n"], ["\nYou will be given a problem desciption.\n\nPlease analyze the problem and generate step-by-step clues of how to solve the problem with executable python code.\n\nThe problem:\n\n\nQUESTION:\nIn a small restaurant there are a tables for one person and b tables for two persons. \n\nIt it known that n groups of people come today, each consisting of one or two people. \n\nIf a group consist of one person, it is seated at a vacant one-seater table. If there are none of them, it is seated at a vacant two-seater table. If there are none of them, it is seated at a two-seater table occupied by single person. If there are still none of them, the restaurant denies service to this group.\n\nIf a group consist of two people, it is seated at a vacant two-seater table. If there are none of them, the restaurant denies service to this group.\n\nYou are given a chronological order of groups coming. You are to determine the total number of people the restaurant denies service to.\n\n\n-----Input-----\n\nThe first line contains three integers n, a and b (1 \u2264 n \u2264 2\u00b710^5, 1 \u2264 a, b \u2264 2\u00b710^5) \u2014 the number of groups coming to the restaurant, the number of one-seater and the number of two-seater tables.\n\nThe second line contains a sequence of integers t_1, t_2, ..., t_{n} (1 \u2264 t_{i} \u2264 2) \u2014 the description of clients in chronological order. If t_{i} is equal to one, then the i-th group consists of one person, otherwise the i-th group consists of two people.\n\n\n-----Output-----\n\nPrint the total number of people the restaurant denies service to.\n\n\n-----Examples-----\nInput\n4 1 2\n1 2 1 1\n\nOutput\n0\n\nInput\n4 1 1\n1 1 2 1\n\nOutput\n2\n\n\n\n-----Note-----\n\nIn the first example the first group consists of one person, it is seated at a vacant one-seater table. The next group occupies a whole two-seater table. The third group consists of one person, it occupies one place at the remaining two-seater table. The fourth group consists of one person, he is seated at the remaining seat at the two-seater table. Thus, all clients are served.\n\nIn the second example the first group consists of one person, it is seated at the vacant one-seater table. The next group consists of one person, it occupies one place at the two-seater table. It's impossible to seat the next group of two people, so the restaurant denies service to them. The fourth group consists of one person, he is seated at the remaining seat at the two-seater table. Thus, the restaurant denies service to 2 clients.\nUse Standard Input format\nANSWER:\n\n\nAn example of step-by-step clues for finding the longest palindrome substring is displayed below:\n\n```json\n[\n{\"Clue of Step 1\": \"For a substring, if it is a palindrome and the length is greater than 2, it is still a palindrome after the first and last letters are removed. According to this idea, we can use dynamic programming to solve this problem.\"},\n{\"Clue of Step 2\": \"Then we should consider the state transition function. We use P(i,j) to indicate whether the string composed of the i-th to j-th letters of the string s (denoted as as s[i:j]) is a palindrome string. s[i:j] is a palindrome only if s[i+1:j\u22121] is a palindrome and the i and j letters of s are the same.\"},\n{\"Clue of Step 3\": \"We also need to consider the boundary conditions in dynamic programming. For a substring of length 1, it is obviously a palindrome string; For a substring of length 2, it is a palindrome as long as its two letters are the same.\"},\n{\"Clue of Step 4\": \"We also need to consider the the cyclic order of dynamic programming. In the state transition equation, we are moving from a shorter string to a longer string.\"},\n{\"Clue of Step 5\": \"The final answer is the maximum length of the valid sub-strings.\"}\n]\n```\nYou can refer to the following example and generate step-by-step clues for the given problem.\n\n\n-----Clues-----\nClue of Step 1: We can use a loop and conditional statements to simulate the seating process based on the rules provided for one-person and two-person groups.\n", "Clue of Step 2: Handle edge cases such as running out of appropriate seating options by incrementing a 'denied service' counter when a group cannot be seated according to the given rules. Ensure that single-person groups check for available one-seater tables first, then unoccupied two-seater tables, and finally two-seater tables that are already occupied by one person.\n", "Clue of Step 2: We should maintain a state for the remaining available one-seater and two-seater tables, decrementing these counts as we seat groups and ensuring we check for the next seating option appropriately.\n"], ["\nYou will be given a problem desciption.\n\nPlease analyze the problem and generate step-by-step clues of how to solve the problem with executable python code.\n\nThe problem:\n\n\nQUESTION:\nIn a small restaurant there are a tables for one person and b tables for two persons. \n\nIt it known that n groups of people come today, each consisting of one or two people. \n\nIf a group consist of one person, it is seated at a vacant one-seater table. If there are none of them, it is seated at a vacant two-seater table. If there are none of them, it is seated at a two-seater table occupied by single person. If there are still none of them, the restaurant denies service to this group.\n\nIf a group consist of two people, it is seated at a vacant two-seater table. If there are none of them, the restaurant denies service to this group.\n\nYou are given a chronological order of groups coming. You are to determine the total number of people the restaurant denies service to.\n\n\n-----Input-----\n\nThe first line contains three integers n, a and b (1 \u2264 n \u2264 2\u00b710^5, 1 \u2264 a, b \u2264 2\u00b710^5) \u2014 the number of groups coming to the restaurant, the number of one-seater and the number of two-seater tables.\n\nThe second line contains a sequence of integers t_1, t_2, ..., t_{n} (1 \u2264 t_{i} \u2264 2) \u2014 the description of clients in chronological order. If t_{i} is equal to one, then the i-th group consists of one person, otherwise the i-th group consists of two people.\n\n\n-----Output-----\n\nPrint the total number of people the restaurant denies service to.\n\n\n-----Examples-----\nInput\n4 1 2\n1 2 1 1\n\nOutput\n0\n\nInput\n4 1 1\n1 1 2 1\n\nOutput\n2\n\n\n\n-----Note-----\n\nIn the first example the first group consists of one person, it is seated at a vacant one-seater table. The next group occupies a whole two-seater table. The third group consists of one person, it occupies one place at the remaining two-seater table. The fourth group consists of one person, he is seated at the remaining seat at the two-seater table. Thus, all clients are served.\n\nIn the second example the first group consists of one person, it is seated at the vacant one-seater table. The next group consists of one person, it occupies one place at the two-seater table. It's impossible to seat the next group of two people, so the restaurant denies service to them. The fourth group consists of one person, he is seated at the remaining seat at the two-seater table. Thus, the restaurant denies service to 2 clients.\nUse Standard Input format\nANSWER:\n\n\nAn example of step-by-step clues for finding the longest palindrome substring is displayed below:\n\n```json\n[\n{\"Clue of Step 1\": \"For a substring, if it is a palindrome and the length is greater than 2, it is still a palindrome after the first and last letters are removed. According to this idea, we can use dynamic programming to solve this problem.\"},\n{\"Clue of Step 2\": \"Then we should consider the state transition function. We use P(i,j) to indicate whether the string composed of the i-th to j-th letters of the string s (denoted as as s[i:j]) is a palindrome string. s[i:j] is a palindrome only if s[i+1:j\u22121] is a palindrome and the i and j letters of s are the same.\"},\n{\"Clue of Step 3\": \"We also need to consider the boundary conditions in dynamic programming. For a substring of length 1, it is obviously a palindrome string; For a substring of length 2, it is a palindrome as long as its two letters are the same.\"},\n{\"Clue of Step 4\": \"We also need to consider the the cyclic order of dynamic programming. In the state transition equation, we are moving from a shorter string to a longer string.\"},\n{\"Clue of Step 5\": \"The final answer is the maximum length of the valid sub-strings.\"}\n]\n```\nYou can refer to the following example and generate step-by-step clues for the given problem.\n\n\n-----Clues-----\nClue of Step 1: The problem can be simulated by iterating through the list of groups and applying the seating logic in the specified order: try to seat a one-person group at a one-seater table first, then a two-seater table, and finally a two-seater table shared with a single person. For a two-person group, try to seat them at a vacant two-seater table.\n", "Clue of Step 2: Maintain a counter for denied customers initialized to zero. This counter will keep track of how many people are denied service as we process each group.\n", "Clue of Step 2: Initialize two variables for counting available tables: one for one-seater tables and another for two-seater tables. Set them to 'a' and 'b' respectively to represent the initial available tables.\n"], ["\nYou will be given a problem desciption.\n\nPlease analyze the problem and generate step-by-step clues of how to solve the problem with executable python code.\n\nThe problem:\n\n\nQUESTION:\nIn a small restaurant there are a tables for one person and b tables for two persons. \n\nIt it known that n groups of people come today, each consisting of one or two people. \n\nIf a group consist of one person, it is seated at a vacant one-seater table. If there are none of them, it is seated at a vacant two-seater table. If there are none of them, it is seated at a two-seater table occupied by single person. If there are still none of them, the restaurant denies service to this group.\n\nIf a group consist of two people, it is seated at a vacant two-seater table. If there are none of them, the restaurant denies service to this group.\n\nYou are given a chronological order of groups coming. You are to determine the total number of people the restaurant denies service to.\n\n\n-----Input-----\n\nThe first line contains three integers n, a and b (1 \u2264 n \u2264 2\u00b710^5, 1 \u2264 a, b \u2264 2\u00b710^5) \u2014 the number of groups coming to the restaurant, the number of one-seater and the number of two-seater tables.\n\nThe second line contains a sequence of integers t_1, t_2, ..., t_{n} (1 \u2264 t_{i} \u2264 2) \u2014 the description of clients in chronological order. If t_{i} is equal to one, then the i-th group consists of one person, otherwise the i-th group consists of two people.\n\n\n-----Output-----\n\nPrint the total number of people the restaurant denies service to.\n\n\n-----Examples-----\nInput\n4 1 2\n1 2 1 1\n\nOutput\n0\n\nInput\n4 1 1\n1 1 2 1\n\nOutput\n2\n\n\n\n-----Note-----\n\nIn the first example the first group consists of one person, it is seated at a vacant one-seater table. The next group occupies a whole two-seater table. The third group consists of one person, it occupies one place at the remaining two-seater table. The fourth group consists of one person, he is seated at the remaining seat at the two-seater table. Thus, all clients are served.\n\nIn the second example the first group consists of one person, it is seated at the vacant one-seater table. The next group consists of one person, it occupies one place at the two-seater table. It's impossible to seat the next group of two people, so the restaurant denies service to them. The fourth group consists of one person, he is seated at the remaining seat at the two-seater table. Thus, the restaurant denies service to 2 clients.\nUse Standard Input format\nANSWER:\n\n\nAn example of step-by-step clues for finding the longest palindrome substring is displayed below:\n\n```json\n[\n{\"Clue of Step 1\": \"For a substring, if it is a palindrome and the length is greater than 2, it is still a palindrome after the first and last letters are removed. According to this idea, we can use dynamic programming to solve this problem.\"},\n{\"Clue of Step 2\": \"Then we should consider the state transition function. We use P(i,j) to indicate whether the string composed of the i-th to j-th letters of the string s (denoted as as s[i:j]) is a palindrome string. s[i:j] is a palindrome only if s[i+1:j\u22121] is a palindrome and the i and j letters of s are the same.\"},\n{\"Clue of Step 3\": \"We also need to consider the boundary conditions in dynamic programming. For a substring of length 1, it is obviously a palindrome string; For a substring of length 2, it is a palindrome as long as its two letters are the same.\"},\n{\"Clue of Step 4\": \"We also need to consider the the cyclic order of dynamic programming. In the state transition equation, we are moving from a shorter string to a longer string.\"},\n{\"Clue of Step 5\": \"The final answer is the maximum length of the valid sub-strings.\"}\n]\n```\nYou can refer to the following example and generate step-by-step clues for the given problem.\n\n\n-----Clues-----\nClue of Step 1: The problem can be simulated by iterating through the list of groups and applying the seating logic in the specified order: try to seat a one-person group at a one-seater table first, then a two-seater table, and finally a two-seater table shared with a single person. For a two-person group, try to seat them at a vacant two-seater table.\n", "Clue of Step 2: Iterate over the list of groups and implement the seating logic based on the conditions stated: for group type 1 (one person), check one-seater availability first, followed by two-seater options, updating the available tables accordingly in each case.\n", "Clue of Step 2: Initialize two variables for counting available tables: one for one-seater tables and another for two-seater tables. Set them to 'a' and 'b' respectively to represent the initial available tables.\n"], ["\nYou will be given a problem desciption.\n\nPlease analyze the problem and generate step-by-step clues of how to solve the problem with executable python code.\n\nThe problem:\n\n\nQUESTION:\nIn a small restaurant there are a tables for one person and b tables for two persons. \n\nIt it known that n groups of people come today, each consisting of one or two people. \n\nIf a group consist of one person, it is seated at a vacant one-seater table. If there are none of them, it is seated at a vacant two-seater table. If there are none of them, it is seated at a two-seater table occupied by single person. If there are still none of them, the restaurant denies service to this group.\n\nIf a group consist of two people, it is seated at a vacant two-seater table. If there are none of them, the restaurant denies service to this group.\n\nYou are given a chronological order of groups coming. You are to determine the total number of people the restaurant denies service to.\n\n\n-----Input-----\n\nThe first line contains three integers n, a and b (1 \u2264 n \u2264 2\u00b710^5, 1 \u2264 a, b \u2264 2\u00b710^5) \u2014 the number of groups coming to the restaurant, the number of one-seater and the number of two-seater tables.\n\nThe second line contains a sequence of integers t_1, t_2, ..., t_{n} (1 \u2264 t_{i} \u2264 2) \u2014 the description of clients in chronological order. If t_{i} is equal to one, then the i-th group consists of one person, otherwise the i-th group consists of two people.\n\n\n-----Output-----\n\nPrint the total number of people the restaurant denies service to.\n\n\n-----Examples-----\nInput\n4 1 2\n1 2 1 1\n\nOutput\n0\n\nInput\n4 1 1\n1 1 2 1\n\nOutput\n2\n\n\n\n-----Note-----\n\nIn the first example the first group consists of one person, it is seated at a vacant one-seater table. The next group occupies a whole two-seater table. The third group consists of one person, it occupies one place at the remaining two-seater table. The fourth group consists of one person, he is seated at the remaining seat at the two-seater table. Thus, all clients are served.\n\nIn the second example the first group consists of one person, it is seated at the vacant one-seater table. The next group consists of one person, it occupies one place at the two-seater table. It's impossible to seat the next group of two people, so the restaurant denies service to them. The fourth group consists of one person, he is seated at the remaining seat at the two-seater table. Thus, the restaurant denies service to 2 clients.\nUse Standard Input format\nANSWER:\n\n\nAn example of step-by-step clues for finding the longest palindrome substring is displayed below:\n\n```json\n[\n{\"Clue of Step 1\": \"For a substring, if it is a palindrome and the length is greater than 2, it is still a palindrome after the first and last letters are removed. According to this idea, we can use dynamic programming to solve this problem.\"},\n{\"Clue of Step 2\": \"Then we should consider the state transition function. We use P(i,j) to indicate whether the string composed of the i-th to j-th letters of the string s (denoted as as s[i:j]) is a palindrome string. s[i:j] is a palindrome only if s[i+1:j\u22121] is a palindrome and the i and j letters of s are the same.\"},\n{\"Clue of Step 3\": \"We also need to consider the boundary conditions in dynamic programming. For a substring of length 1, it is obviously a palindrome string; For a substring of length 2, it is a palindrome as long as its two letters are the same.\"},\n{\"Clue of Step 4\": \"We also need to consider the the cyclic order of dynamic programming. In the state transition equation, we are moving from a shorter string to a longer string.\"},\n{\"Clue of Step 5\": \"The final answer is the maximum length of the valid sub-strings.\"}\n]\n```\nYou can refer to the following example and generate step-by-step clues for the given problem.\n\n\n-----Clues-----\nClue of Step 1: The problem can be simulated by iterating through the list of groups and applying the seating logic in the specified order: try to seat a one-person group at a one-seater table first, then a two-seater table, and finally a two-seater table shared with a single person. For a two-person group, try to seat them at a vacant two-seater table.\n", "Clue of Step 2: We need to maintain counters for available one-seater tables, two-seater tables, and two-seater tables that are partially occupied by a single person. These counters will help us track the availability of seating options as we process each group.\n", "Clue of Step 2: Initialize two variables for counting available tables: one for one-seater tables and another for two-seater tables. Set them to 'a' and 'b' respectively to represent the initial available tables.\n"], ["\nYou will be given a problem desciption.\n\nPlease analyze the problem and generate step-by-step clues of how to solve the problem with executable python code.\n\nThe problem:\n\n\nQUESTION:\nIn a small restaurant there are a tables for one person and b tables for two persons. \n\nIt it known that n groups of people come today, each consisting of one or two people. \n\nIf a group consist of one person, it is seated at a vacant one-seater table. If there are none of them, it is seated at a vacant two-seater table. If there are none of them, it is seated at a two-seater table occupied by single person. If there are still none of them, the restaurant denies service to this group.\n\nIf a group consist of two people, it is seated at a vacant two-seater table. If there are none of them, the restaurant denies service to this group.\n\nYou are given a chronological order of groups coming. You are to determine the total number of people the restaurant denies service to.\n\n\n-----Input-----\n\nThe first line contains three integers n, a and b (1 \u2264 n \u2264 2\u00b710^5, 1 \u2264 a, b \u2264 2\u00b710^5) \u2014 the number of groups coming to the restaurant, the number of one-seater and the number of two-seater tables.\n\nThe second line contains a sequence of integers t_1, t_2, ..., t_{n} (1 \u2264 t_{i} \u2264 2) \u2014 the description of clients in chronological order. If t_{i} is equal to one, then the i-th group consists of one person, otherwise the i-th group consists of two people.\n\n\n-----Output-----\n\nPrint the total number of people the restaurant denies service to.\n\n\n-----Examples-----\nInput\n4 1 2\n1 2 1 1\n\nOutput\n0\n\nInput\n4 1 1\n1 1 2 1\n\nOutput\n2\n\n\n\n-----Note-----\n\nIn the first example the first group consists of one person, it is seated at a vacant one-seater table. The next group occupies a whole two-seater table. The third group consists of one person, it occupies one place at the remaining two-seater table. The fourth group consists of one person, he is seated at the remaining seat at the two-seater table. Thus, all clients are served.\n\nIn the second example the first group consists of one person, it is seated at the vacant one-seater table. The next group consists of one person, it occupies one place at the two-seater table. It's impossible to seat the next group of two people, so the restaurant denies service to them. The fourth group consists of one person, he is seated at the remaining seat at the two-seater table. Thus, the restaurant denies service to 2 clients.\nUse Standard Input format\nANSWER:\n\n\nAn example of step-by-step clues for finding the longest palindrome substring is displayed below:\n\n```json\n[\n{\"Clue of Step 1\": \"For a substring, if it is a palindrome and the length is greater than 2, it is still a palindrome after the first and last letters are removed. According to this idea, we can use dynamic programming to solve this problem.\"},\n{\"Clue of Step 2\": \"Then we should consider the state transition function. We use P(i,j) to indicate whether the string composed of the i-th to j-th letters of the string s (denoted as as s[i:j]) is a palindrome string. s[i:j] is a palindrome only if s[i+1:j\u22121] is a palindrome and the i and j letters of s are the same.\"},\n{\"Clue of Step 3\": \"We also need to consider the boundary conditions in dynamic programming. For a substring of length 1, it is obviously a palindrome string; For a substring of length 2, it is a palindrome as long as its two letters are the same.\"},\n{\"Clue of Step 4\": \"We also need to consider the the cyclic order of dynamic programming. In the state transition equation, we are moving from a shorter string to a longer string.\"},\n{\"Clue of Step 5\": \"The final answer is the maximum length of the valid sub-strings.\"}\n]\n```\nYou can refer to the following example and generate step-by-step clues for the given problem.\n\n\n-----Clues-----\nClue of Step 1: The problem can be simulated by iterating through the list of groups and applying the seating logic in the specified order: try to seat a one-person group at a one-seater table first, then a two-seater table, and finally a two-seater table shared with a single person. For a two-person group, try to seat them at a vacant two-seater table.\n", "Clue of Step 2: For each group, we should apply the seating logic in a specific order: for a one-person group, check one-seater tables first, then two-seater tables, and finally partially occupied two-seater tables. For a two-person group, check only vacant two-seater tables.\n", "Clue of Step 2: Initialize two variables for counting available tables: one for one-seater tables and another for two-seater tables. Set them to 'a' and 'b' respectively to represent the initial available tables.\n"], ["\nYou will be given a problem desciption.\n\nPlease analyze the problem and generate step-by-step clues of how to solve the problem with executable python code.\n\nThe problem:\n\n\nQUESTION:\nIn a small restaurant there are a tables for one person and b tables for two persons. \n\nIt it known that n groups of people come today, each consisting of one or two people. \n\nIf a group consist of one person, it is seated at a vacant one-seater table. If there are none of them, it is seated at a vacant two-seater table. If there are none of them, it is seated at a two-seater table occupied by single person. If there are still none of them, the restaurant denies service to this group.\n\nIf a group consist of two people, it is seated at a vacant two-seater table. If there are none of them, the restaurant denies service to this group.\n\nYou are given a chronological order of groups coming. You are to determine the total number of people the restaurant denies service to.\n\n\n-----Input-----\n\nThe first line contains three integers n, a and b (1 \u2264 n \u2264 2\u00b710^5, 1 \u2264 a, b \u2264 2\u00b710^5) \u2014 the number of groups coming to the restaurant, the number of one-seater and the number of two-seater tables.\n\nThe second line contains a sequence of integers t_1, t_2, ..., t_{n} (1 \u2264 t_{i} \u2264 2) \u2014 the description of clients in chronological order. If t_{i} is equal to one, then the i-th group consists of one person, otherwise the i-th group consists of two people.\n\n\n-----Output-----\n\nPrint the total number of people the restaurant denies service to.\n\n\n-----Examples-----\nInput\n4 1 2\n1 2 1 1\n\nOutput\n0\n\nInput\n4 1 1\n1 1 2 1\n\nOutput\n2\n\n\n\n-----Note-----\n\nIn the first example the first group consists of one person, it is seated at a vacant one-seater table. The next group occupies a whole two-seater table. The third group consists of one person, it occupies one place at the remaining two-seater table. The fourth group consists of one person, he is seated at the remaining seat at the two-seater table. Thus, all clients are served.\n\nIn the second example the first group consists of one person, it is seated at the vacant one-seater table. The next group consists of one person, it occupies one place at the two-seater table. It's impossible to seat the next group of two people, so the restaurant denies service to them. The fourth group consists of one person, he is seated at the remaining seat at the two-seater table. Thus, the restaurant denies service to 2 clients.\nUse Standard Input format\nANSWER:\n\n\nAn example of step-by-step clues for finding the longest palindrome substring is displayed below:\n\n```json\n[\n{\"Clue of Step 1\": \"For a substring, if it is a palindrome and the length is greater than 2, it is still a palindrome after the first and last letters are removed. According to this idea, we can use dynamic programming to solve this problem.\"},\n{\"Clue of Step 2\": \"Then we should consider the state transition function. We use P(i,j) to indicate whether the string composed of the i-th to j-th letters of the string s (denoted as as s[i:j]) is a palindrome string. s[i:j] is a palindrome only if s[i+1:j\u22121] is a palindrome and the i and j letters of s are the same.\"},\n{\"Clue of Step 3\": \"We also need to consider the boundary conditions in dynamic programming. For a substring of length 1, it is obviously a palindrome string; For a substring of length 2, it is a palindrome as long as its two letters are the same.\"},\n{\"Clue of Step 4\": \"We also need to consider the the cyclic order of dynamic programming. In the state transition equation, we are moving from a shorter string to a longer string.\"},\n{\"Clue of Step 5\": \"The final answer is the maximum length of the valid sub-strings.\"}\n]\n```\nYou can refer to the following example and generate step-by-step clues for the given problem.\n\n\n-----Clues-----\nClue of Step 1: The problem can be simulated by iterating through the list of groups and applying the seating logic in the specified order: try to seat a one-person group at a one-seater table first, then a two-seater table, and finally a two-seater table shared with a single person. For a two-person group, try to seat them at a vacant two-seater table.\n", "Clue of Step 2: We should update the counters appropriately after seating each group. This involves decrementing the relevant counter based on where the group is seated and, in the case of a one-person group taking a two-seater table, marking that table as partially occupied.\n", "Clue of Step 2: Initialize two variables for counting available tables: one for one-seater tables and another for two-seater tables. Set them to 'a' and 'b' respectively to represent the initial available tables.\n"]], "SFT": ["\nYou will be given a problem desciption.\n\nPlease analyze the problem and generate step-by-step clues of how to solve the problem with executable python code.\n\nThe problem:\n\n\nQUESTION:\nIn a small restaurant there are a tables for one person and b tables for two persons. \n\nIt it known that n groups of people come today, each consisting of one or two people. \n\nIf a group consist of one person, it is seated at a vacant one-seater table. If there are none of them, it is seated at a vacant two-seater table. If there are none of them, it is seated at a two-seater table occupied by single person. If there are still none of them, the restaurant denies service to this group.\n\nIf a group consist of two people, it is seated at a vacant two-seater table. If there are none of them, the restaurant denies service to this group.\n\nYou are given a chronological order of groups coming. You are to determine the total number of people the restaurant denies service to.\n\n\n-----Input-----\n\nThe first line contains three integers n, a and b (1 \u2264 n \u2264 2\u00b710^5, 1 \u2264 a, b \u2264 2\u00b710^5) \u2014 the number of groups coming to the restaurant, the number of one-seater and the number of two-seater tables.\n\nThe second line contains a sequence of integers t_1, t_2, ..., t_{n} (1 \u2264 t_{i} \u2264 2) \u2014 the description of clients in chronological order. If t_{i} is equal to one, then the i-th group consists of one person, otherwise the i-th group consists of two people.\n\n\n-----Output-----\n\nPrint the total number of people the restaurant denies service to.\n\n\n-----Examples-----\nInput\n4 1 2\n1 2 1 1\n\nOutput\n0\n\nInput\n4 1 1\n1 1 2 1\n\nOutput\n2\n\n\n\n-----Note-----\n\nIn the first example the first group consists of one person, it is seated at a vacant one-seater table. The next group occupies a whole two-seater table. The third group consists of one person, it occupies one place at the remaining two-seater table. The fourth group consists of one person, he is seated at the remaining seat at the two-seater table. Thus, all clients are served.\n\nIn the second example the first group consists of one person, it is seated at the vacant one-seater table. The next group consists of one person, it occupies one place at the two-seater table. It's impossible to seat the next group of two people, so the restaurant denies service to them. The fourth group consists of one person, he is seated at the remaining seat at the two-seater table. Thus, the restaurant denies service to 2 clients.\nUse Standard Input format\nANSWER:\n\n\nAn example of step-by-step clues for finding the longest palindrome substring is displayed below:\n\n```json\n[\n{\"Clue of Step 1\": \"For a substring, if it is a palindrome and the length is greater than 2, it is still a palindrome after the first and last letters are removed. According to this idea, we can use dynamic programming to solve this problem.\"},\n{\"Clue of Step 2\": \"Then we should consider the state transition function. We use P(i,j) to indicate whether the string composed of the i-th to j-th letters of the string s (denoted as as s[i:j]) is a palindrome string. s[i:j] is a palindrome only if s[i+1:j\u22121] is a palindrome and the i and j letters of s are the same.\"},\n{\"Clue of Step 3\": \"We also need to consider the boundary conditions in dynamic programming. For a substring of length 1, it is obviously a palindrome string; For a substring of length 2, it is a palindrome as long as its two letters are the same.\"},\n{\"Clue of Step 4\": \"We also need to consider the the cyclic order of dynamic programming. In the state transition equation, we are moving from a shorter string to a longer string.\"},\n{\"Clue of Step 5\": \"The final answer is the maximum length of the valid sub-strings.\"}\n]\n```\nYou can refer to the following example and generate step-by-step clues for the given problem.\n\n\n-----Clues-----\nClue of Step 1: We need to iterate over each group in the order they arrive, checking the type of group (one-person or two-person) and processing their seating accordingly.\n\nClue of Step 2: We need to maintain counts of available one-seater tables and two-seater tables, as well as track how many two-seater tables are occupied by a single person. This will help us decide where to seat each group efficiently.\n", "```python\ndef deny_service(n, a, b, groups):\n    one_seater = a\n    two_seater = b\n    half_occupied_two_seater = 0\n    denied_people = 0\n\n    for group in groups:\n        if group == 1:  # Group of one person\n            if one_seater > 0:\n                one_seater -= 1\n            elif two_seater > 0:\n                two_seater -= 1\n                half_occupied_two_seater += 1\n            elif half_occupied_two_seater > 0:\n                half_occupied_two_seater -= 1\n            else:\n                denied_people += 1\n\n        elif group == 2:  # Group of two persons\n            if two_seater > 0:\n                two_seater -= 1\n            else:\n                denied_people += 2\n\n    return denied_people\n\n# Read input\nn, a, b = map(int, input().strip().split())\ngroups = list(map(int, input().strip().split()))\n\n# Get the result and print it\nresult = deny_service(n, a, b, groups)\nprint(result)\n```"]}