{"StepDPO": [["\nYou will be given a problem desciption.\n\nPlease analyze the problem and generate step-by-step clues of how to solve the problem with executable python code.\n\nThe problem:\n\n\nQUESTION:\nSagheer is walking in the street when he comes to an intersection of two roads. Each road can be represented as two parts where each part has 3 lanes getting into the intersection (one for each direction) and 3 lanes getting out of the intersection, so we have 4 parts in total. Each part has 4 lights, one for each lane getting into the intersection (l \u2014 left, s \u2014 straight, r \u2014 right) and a light p for a pedestrian crossing.  [Image] \n\nAn accident is possible if a car can hit a pedestrian. This can happen if the light of a pedestrian crossing of some part and the light of a lane that can get to or from that same part are green at the same time.\n\nNow, Sagheer is monitoring the configuration of the traffic lights. Your task is to help him detect whether an accident is possible.\n\n\n-----Input-----\n\nThe input consists of four lines with each line describing a road part given in a counter-clockwise order.\n\nEach line contains four integers l, s, r, p \u2014 for the left, straight, right and pedestrian lights, respectively. The possible values are 0 for red light and 1 for green light.\n\n\n-----Output-----\n\nOn a single line, print \"YES\" if an accident is possible, and \"NO\" otherwise.\n\n\n-----Examples-----\nInput\n1 0 0 1\n0 1 0 0\n0 0 1 0\n0 0 0 1\n\nOutput\nYES\n\nInput\n0 1 1 0\n1 0 1 0\n1 1 0 0\n0 0 0 1\n\nOutput\nNO\n\nInput\n1 0 0 0\n0 0 0 1\n0 0 0 0\n1 0 1 0\n\nOutput\nNO\n\n\n\n-----Note-----\n\nIn the first example, some accidents are possible because cars of part 1 can hit pedestrians of parts 1 and 4. Also, cars of parts 2 and 3 can hit pedestrians of part 4.\n\nIn the second example, no car can pass the pedestrian crossing of part 4 which is the only green pedestrian light. So, no accident can occur.\nUse Standard Input format\nANSWER:\n\n\nAn example of step-by-step clues for finding the longest palindrome substring is displayed below:\n\n```json\n[\n{\"Clue of Step 1\": \"For a substring, if it is a palindrome and the length is greater than 2, it is still a palindrome after the first and last letters are removed. According to this idea, we can use dynamic programming to solve this problem.\"},\n{\"Clue of Step 2\": \"Then we should consider the state transition function. We use P(i,j) to indicate whether the string composed of the i-th to j-th letters of the string s (denoted as as s[i:j]) is a palindrome string. s[i:j] is a palindrome only if s[i+1:j\u22121] is a palindrome and the i and j letters of s are the same.\"},\n{\"Clue of Step 3\": \"We also need to consider the boundary conditions in dynamic programming. For a substring of length 1, it is obviously a palindrome string; For a substring of length 2, it is a palindrome as long as its two letters are the same.\"},\n{\"Clue of Step 4\": \"We also need to consider the the cyclic order of dynamic programming. In the state transition equation, we are moving from a shorter string to a longer string.\"},\n{\"Clue of Step 5\": \"The final answer is the maximum length of the valid sub-strings.\"}\n]\n```\nYou can refer to the following example and generate step-by-step clues for the given problem.\n\n\n-----Clues-----\nClue of Step 1: We need to analyze each part of the road (4 parts) and check if the pedestrian light (p) is green (1) at the same time as any of the lane lights (l, s, r) are green (1) in that same part. If this condition occurs, an accident is possible.\n", "Clue of Step 2: We should iterate over the 4 parts to check all combinations of lane lights and the pedestrian light. For each part, we will check if any of the lane lights (l, s, r) is green while the pedestrian light (p) is also green.\n", "Clue of Step 2: We may use logical conditions to directly determine if an accident is possible. If `p[i] == 1` and `l[i] == 1 or s[i] == 1 or r[i] == 1`, we can assert that an accident is possible.\n"], ["\nYou will be given a problem desciption.\n\nPlease analyze the problem and generate step-by-step clues of how to solve the problem with executable python code.\n\nThe problem:\n\n\nQUESTION:\nSagheer is walking in the street when he comes to an intersection of two roads. Each road can be represented as two parts where each part has 3 lanes getting into the intersection (one for each direction) and 3 lanes getting out of the intersection, so we have 4 parts in total. Each part has 4 lights, one for each lane getting into the intersection (l \u2014 left, s \u2014 straight, r \u2014 right) and a light p for a pedestrian crossing.  [Image] \n\nAn accident is possible if a car can hit a pedestrian. This can happen if the light of a pedestrian crossing of some part and the light of a lane that can get to or from that same part are green at the same time.\n\nNow, Sagheer is monitoring the configuration of the traffic lights. Your task is to help him detect whether an accident is possible.\n\n\n-----Input-----\n\nThe input consists of four lines with each line describing a road part given in a counter-clockwise order.\n\nEach line contains four integers l, s, r, p \u2014 for the left, straight, right and pedestrian lights, respectively. The possible values are 0 for red light and 1 for green light.\n\n\n-----Output-----\n\nOn a single line, print \"YES\" if an accident is possible, and \"NO\" otherwise.\n\n\n-----Examples-----\nInput\n1 0 0 1\n0 1 0 0\n0 0 1 0\n0 0 0 1\n\nOutput\nYES\n\nInput\n0 1 1 0\n1 0 1 0\n1 1 0 0\n0 0 0 1\n\nOutput\nNO\n\nInput\n1 0 0 0\n0 0 0 1\n0 0 0 0\n1 0 1 0\n\nOutput\nNO\n\n\n\n-----Note-----\n\nIn the first example, some accidents are possible because cars of part 1 can hit pedestrians of parts 1 and 4. Also, cars of parts 2 and 3 can hit pedestrians of part 4.\n\nIn the second example, no car can pass the pedestrian crossing of part 4 which is the only green pedestrian light. So, no accident can occur.\nUse Standard Input format\nANSWER:\n\n\nAn example of step-by-step clues for finding the longest palindrome substring is displayed below:\n\n```json\n[\n{\"Clue of Step 1\": \"For a substring, if it is a palindrome and the length is greater than 2, it is still a palindrome after the first and last letters are removed. According to this idea, we can use dynamic programming to solve this problem.\"},\n{\"Clue of Step 2\": \"Then we should consider the state transition function. We use P(i,j) to indicate whether the string composed of the i-th to j-th letters of the string s (denoted as as s[i:j]) is a palindrome string. s[i:j] is a palindrome only if s[i+1:j\u22121] is a palindrome and the i and j letters of s are the same.\"},\n{\"Clue of Step 3\": \"We also need to consider the boundary conditions in dynamic programming. For a substring of length 1, it is obviously a palindrome string; For a substring of length 2, it is a palindrome as long as its two letters are the same.\"},\n{\"Clue of Step 4\": \"We also need to consider the the cyclic order of dynamic programming. In the state transition equation, we are moving from a shorter string to a longer string.\"},\n{\"Clue of Step 5\": \"The final answer is the maximum length of the valid sub-strings.\"}\n]\n```\nYou can refer to the following example and generate step-by-step clues for the given problem.\n\n\n-----Clues-----\nClue of Step 1: We need to analyze each part of the road (4 parts) and check if the pedestrian light (p) is green (1) at the same time as any of the lane lights (l, s, r) are green (1) in that same part. If this condition occurs, an accident is possible.\n", "Clue of Step 2: We will create a list to hold the values for all 4 parts. We can then extract the lane and pedestrian light status for each part easily using list indexing.\n", "Clue of Step 2: We may use logical conditions to directly determine if an accident is possible. If `p[i] == 1` and `l[i] == 1 or s[i] == 1 or r[i] == 1`, we can assert that an accident is possible.\n"], ["\nYou will be given a problem desciption.\n\nPlease analyze the problem and generate step-by-step clues of how to solve the problem with executable python code.\n\nThe problem:\n\n\nQUESTION:\nSagheer is walking in the street when he comes to an intersection of two roads. Each road can be represented as two parts where each part has 3 lanes getting into the intersection (one for each direction) and 3 lanes getting out of the intersection, so we have 4 parts in total. Each part has 4 lights, one for each lane getting into the intersection (l \u2014 left, s \u2014 straight, r \u2014 right) and a light p for a pedestrian crossing.  [Image] \n\nAn accident is possible if a car can hit a pedestrian. This can happen if the light of a pedestrian crossing of some part and the light of a lane that can get to or from that same part are green at the same time.\n\nNow, Sagheer is monitoring the configuration of the traffic lights. Your task is to help him detect whether an accident is possible.\n\n\n-----Input-----\n\nThe input consists of four lines with each line describing a road part given in a counter-clockwise order.\n\nEach line contains four integers l, s, r, p \u2014 for the left, straight, right and pedestrian lights, respectively. The possible values are 0 for red light and 1 for green light.\n\n\n-----Output-----\n\nOn a single line, print \"YES\" if an accident is possible, and \"NO\" otherwise.\n\n\n-----Examples-----\nInput\n1 0 0 1\n0 1 0 0\n0 0 1 0\n0 0 0 1\n\nOutput\nYES\n\nInput\n0 1 1 0\n1 0 1 0\n1 1 0 0\n0 0 0 1\n\nOutput\nNO\n\nInput\n1 0 0 0\n0 0 0 1\n0 0 0 0\n1 0 1 0\n\nOutput\nNO\n\n\n\n-----Note-----\n\nIn the first example, some accidents are possible because cars of part 1 can hit pedestrians of parts 1 and 4. Also, cars of parts 2 and 3 can hit pedestrians of part 4.\n\nIn the second example, no car can pass the pedestrian crossing of part 4 which is the only green pedestrian light. So, no accident can occur.\nUse Standard Input format\nANSWER:\n\n\nAn example of step-by-step clues for finding the longest palindrome substring is displayed below:\n\n```json\n[\n{\"Clue of Step 1\": \"For a substring, if it is a palindrome and the length is greater than 2, it is still a palindrome after the first and last letters are removed. According to this idea, we can use dynamic programming to solve this problem.\"},\n{\"Clue of Step 2\": \"Then we should consider the state transition function. We use P(i,j) to indicate whether the string composed of the i-th to j-th letters of the string s (denoted as as s[i:j]) is a palindrome string. s[i:j] is a palindrome only if s[i+1:j\u22121] is a palindrome and the i and j letters of s are the same.\"},\n{\"Clue of Step 3\": \"We also need to consider the boundary conditions in dynamic programming. For a substring of length 1, it is obviously a palindrome string; For a substring of length 2, it is a palindrome as long as its two letters are the same.\"},\n{\"Clue of Step 4\": \"We also need to consider the the cyclic order of dynamic programming. In the state transition equation, we are moving from a shorter string to a longer string.\"},\n{\"Clue of Step 5\": \"The final answer is the maximum length of the valid sub-strings.\"}\n]\n```\nYou can refer to the following example and generate step-by-step clues for the given problem.\n\n\n-----Clues-----\nClue of Step 1: We need to analyze each part of the road (4 parts) and check if the pedestrian light (p) is green (1) at the same time as any of the lane lights (l, s, r) are green (1) in that same part. If this condition occurs, an accident is possible.\n", "Clue of Step 2: For each part of the road, if the pedestrian light (p) is green (1), we should check if any of the lane lights (l, s, r) in the same part are green (1). If both conditions are true, an accident is possible, and we can immediately return 'YES'.\n", "Clue of Step 2: We may use logical conditions to directly determine if an accident is possible. If `p[i] == 1` and `l[i] == 1 or s[i] == 1 or r[i] == 1`, we can assert that an accident is possible.\n"], ["\nYou will be given a problem desciption.\n\nPlease analyze the problem and generate step-by-step clues of how to solve the problem with executable python code.\n\nThe problem:\n\n\nQUESTION:\nSagheer is walking in the street when he comes to an intersection of two roads. Each road can be represented as two parts where each part has 3 lanes getting into the intersection (one for each direction) and 3 lanes getting out of the intersection, so we have 4 parts in total. Each part has 4 lights, one for each lane getting into the intersection (l \u2014 left, s \u2014 straight, r \u2014 right) and a light p for a pedestrian crossing.  [Image] \n\nAn accident is possible if a car can hit a pedestrian. This can happen if the light of a pedestrian crossing of some part and the light of a lane that can get to or from that same part are green at the same time.\n\nNow, Sagheer is monitoring the configuration of the traffic lights. Your task is to help him detect whether an accident is possible.\n\n\n-----Input-----\n\nThe input consists of four lines with each line describing a road part given in a counter-clockwise order.\n\nEach line contains four integers l, s, r, p \u2014 for the left, straight, right and pedestrian lights, respectively. The possible values are 0 for red light and 1 for green light.\n\n\n-----Output-----\n\nOn a single line, print \"YES\" if an accident is possible, and \"NO\" otherwise.\n\n\n-----Examples-----\nInput\n1 0 0 1\n0 1 0 0\n0 0 1 0\n0 0 0 1\n\nOutput\nYES\n\nInput\n0 1 1 0\n1 0 1 0\n1 1 0 0\n0 0 0 1\n\nOutput\nNO\n\nInput\n1 0 0 0\n0 0 0 1\n0 0 0 0\n1 0 1 0\n\nOutput\nNO\n\n\n\n-----Note-----\n\nIn the first example, some accidents are possible because cars of part 1 can hit pedestrians of parts 1 and 4. Also, cars of parts 2 and 3 can hit pedestrians of part 4.\n\nIn the second example, no car can pass the pedestrian crossing of part 4 which is the only green pedestrian light. So, no accident can occur.\nUse Standard Input format\nANSWER:\n\n\nAn example of step-by-step clues for finding the longest palindrome substring is displayed below:\n\n```json\n[\n{\"Clue of Step 1\": \"For a substring, if it is a palindrome and the length is greater than 2, it is still a palindrome after the first and last letters are removed. According to this idea, we can use dynamic programming to solve this problem.\"},\n{\"Clue of Step 2\": \"Then we should consider the state transition function. We use P(i,j) to indicate whether the string composed of the i-th to j-th letters of the string s (denoted as as s[i:j]) is a palindrome string. s[i:j] is a palindrome only if s[i+1:j\u22121] is a palindrome and the i and j letters of s are the same.\"},\n{\"Clue of Step 3\": \"We also need to consider the boundary conditions in dynamic programming. For a substring of length 1, it is obviously a palindrome string; For a substring of length 2, it is a palindrome as long as its two letters are the same.\"},\n{\"Clue of Step 4\": \"We also need to consider the the cyclic order of dynamic programming. In the state transition equation, we are moving from a shorter string to a longer string.\"},\n{\"Clue of Step 5\": \"The final answer is the maximum length of the valid sub-strings.\"}\n]\n```\nYou can refer to the following example and generate step-by-step clues for the given problem.\n\n\n-----Clues-----\nClue of Step 1: We need to analyze each part of the road (4 parts) and check if the pedestrian light (p) is green (1) at the same time as any of the lane lights (l, s, r) are green (1) in that same part. If this condition occurs, an accident is possible.\n", "Clue of Step 2: We can iterate through each of the four parts and apply a logical check: if the pedestrian light (p) is 1, then check if any of the lane lights (l, s, r) in that part is also 1. If this condition holds for any part, output 'YES'.\n", "Clue of Step 2: We may use logical conditions to directly determine if an accident is possible. If `p[i] == 1` and `l[i] == 1 or s[i] == 1 or r[i] == 1`, we can assert that an accident is possible.\n"], ["\nYou will be given a problem desciption.\n\nPlease analyze the problem and generate step-by-step clues of how to solve the problem with executable python code.\n\nThe problem:\n\n\nQUESTION:\nSagheer is walking in the street when he comes to an intersection of two roads. Each road can be represented as two parts where each part has 3 lanes getting into the intersection (one for each direction) and 3 lanes getting out of the intersection, so we have 4 parts in total. Each part has 4 lights, one for each lane getting into the intersection (l \u2014 left, s \u2014 straight, r \u2014 right) and a light p for a pedestrian crossing.  [Image] \n\nAn accident is possible if a car can hit a pedestrian. This can happen if the light of a pedestrian crossing of some part and the light of a lane that can get to or from that same part are green at the same time.\n\nNow, Sagheer is monitoring the configuration of the traffic lights. Your task is to help him detect whether an accident is possible.\n\n\n-----Input-----\n\nThe input consists of four lines with each line describing a road part given in a counter-clockwise order.\n\nEach line contains four integers l, s, r, p \u2014 for the left, straight, right and pedestrian lights, respectively. The possible values are 0 for red light and 1 for green light.\n\n\n-----Output-----\n\nOn a single line, print \"YES\" if an accident is possible, and \"NO\" otherwise.\n\n\n-----Examples-----\nInput\n1 0 0 1\n0 1 0 0\n0 0 1 0\n0 0 0 1\n\nOutput\nYES\n\nInput\n0 1 1 0\n1 0 1 0\n1 1 0 0\n0 0 0 1\n\nOutput\nNO\n\nInput\n1 0 0 0\n0 0 0 1\n0 0 0 0\n1 0 1 0\n\nOutput\nNO\n\n\n\n-----Note-----\n\nIn the first example, some accidents are possible because cars of part 1 can hit pedestrians of parts 1 and 4. Also, cars of parts 2 and 3 can hit pedestrians of part 4.\n\nIn the second example, no car can pass the pedestrian crossing of part 4 which is the only green pedestrian light. So, no accident can occur.\nUse Standard Input format\nANSWER:\n\n\nAn example of step-by-step clues for finding the longest palindrome substring is displayed below:\n\n```json\n[\n{\"Clue of Step 1\": \"For a substring, if it is a palindrome and the length is greater than 2, it is still a palindrome after the first and last letters are removed. According to this idea, we can use dynamic programming to solve this problem.\"},\n{\"Clue of Step 2\": \"Then we should consider the state transition function. We use P(i,j) to indicate whether the string composed of the i-th to j-th letters of the string s (denoted as as s[i:j]) is a palindrome string. s[i:j] is a palindrome only if s[i+1:j\u22121] is a palindrome and the i and j letters of s are the same.\"},\n{\"Clue of Step 3\": \"We also need to consider the boundary conditions in dynamic programming. For a substring of length 1, it is obviously a palindrome string; For a substring of length 2, it is a palindrome as long as its two letters are the same.\"},\n{\"Clue of Step 4\": \"We also need to consider the the cyclic order of dynamic programming. In the state transition equation, we are moving from a shorter string to a longer string.\"},\n{\"Clue of Step 5\": \"The final answer is the maximum length of the valid sub-strings.\"}\n]\n```\nYou can refer to the following example and generate step-by-step clues for the given problem.\n\n\n-----Clues-----\nClue of Step 1: We need to analyze each part of the road (4 parts) and check if the pedestrian light (p) is green (1) at the same time as any of the lane lights (l, s, r) are green (1) in that same part. If this condition occurs, an accident is possible.\n", "Clue of Step 2: A simple approach is to use four conditional checks (one for each part). For each part, use an 'if' statement to verify if the pedestrian light is green and any of the lane lights are green. If any check passes, print 'YES'. If none pass after all checks, print 'NO'.\n", "Clue of Step 2: We may use logical conditions to directly determine if an accident is possible. If `p[i] == 1` and `l[i] == 1 or s[i] == 1 or r[i] == 1`, we can assert that an accident is possible.\n"], ["\nYou will be given a problem desciption.\n\nPlease analyze the problem and generate step-by-step clues of how to solve the problem with executable python code.\n\nThe problem:\n\n\nQUESTION:\nSagheer is walking in the street when he comes to an intersection of two roads. Each road can be represented as two parts where each part has 3 lanes getting into the intersection (one for each direction) and 3 lanes getting out of the intersection, so we have 4 parts in total. Each part has 4 lights, one for each lane getting into the intersection (l \u2014 left, s \u2014 straight, r \u2014 right) and a light p for a pedestrian crossing.  [Image] \n\nAn accident is possible if a car can hit a pedestrian. This can happen if the light of a pedestrian crossing of some part and the light of a lane that can get to or from that same part are green at the same time.\n\nNow, Sagheer is monitoring the configuration of the traffic lights. Your task is to help him detect whether an accident is possible.\n\n\n-----Input-----\n\nThe input consists of four lines with each line describing a road part given in a counter-clockwise order.\n\nEach line contains four integers l, s, r, p \u2014 for the left, straight, right and pedestrian lights, respectively. The possible values are 0 for red light and 1 for green light.\n\n\n-----Output-----\n\nOn a single line, print \"YES\" if an accident is possible, and \"NO\" otherwise.\n\n\n-----Examples-----\nInput\n1 0 0 1\n0 1 0 0\n0 0 1 0\n0 0 0 1\n\nOutput\nYES\n\nInput\n0 1 1 0\n1 0 1 0\n1 1 0 0\n0 0 0 1\n\nOutput\nNO\n\nInput\n1 0 0 0\n0 0 0 1\n0 0 0 0\n1 0 1 0\n\nOutput\nNO\n\n\n\n-----Note-----\n\nIn the first example, some accidents are possible because cars of part 1 can hit pedestrians of parts 1 and 4. Also, cars of parts 2 and 3 can hit pedestrians of part 4.\n\nIn the second example, no car can pass the pedestrian crossing of part 4 which is the only green pedestrian light. So, no accident can occur.\nUse Standard Input format\nANSWER:\n\n\nAn example of step-by-step clues for finding the longest palindrome substring is displayed below:\n\n```json\n[\n{\"Clue of Step 1\": \"For a substring, if it is a palindrome and the length is greater than 2, it is still a palindrome after the first and last letters are removed. According to this idea, we can use dynamic programming to solve this problem.\"},\n{\"Clue of Step 2\": \"Then we should consider the state transition function. We use P(i,j) to indicate whether the string composed of the i-th to j-th letters of the string s (denoted as as s[i:j]) is a palindrome string. s[i:j] is a palindrome only if s[i+1:j\u22121] is a palindrome and the i and j letters of s are the same.\"},\n{\"Clue of Step 3\": \"We also need to consider the boundary conditions in dynamic programming. For a substring of length 1, it is obviously a palindrome string; For a substring of length 2, it is a palindrome as long as its two letters are the same.\"},\n{\"Clue of Step 4\": \"We also need to consider the the cyclic order of dynamic programming. In the state transition equation, we are moving from a shorter string to a longer string.\"},\n{\"Clue of Step 5\": \"The final answer is the maximum length of the valid sub-strings.\"}\n]\n```\nYou can refer to the following example and generate step-by-step clues for the given problem.\n\n\n-----Clues-----\nClue of Step 1: We should set up a function that checks if any combination of the lights being green leads to a potential accident, which involves iterating through each part's traffic lights and their corresponding pedestrian light.\n", "Clue of Step 2: Inside this function, use nested loops to check all possible conditions for accidents, such as checking if any turning lanes (left, straight, right) from one part are green when the pedestrian light in the same or adjacent part is also green.\n", "Clue of Step 2: Define a function that takes the four parts of traffic light configurations as input, where each part consists of a list of integers representing the lights (l, s, r, p).\n"], ["\nYou will be given a problem desciption.\n\nPlease analyze the problem and generate step-by-step clues of how to solve the problem with executable python code.\n\nThe problem:\n\n\nQUESTION:\nSagheer is walking in the street when he comes to an intersection of two roads. Each road can be represented as two parts where each part has 3 lanes getting into the intersection (one for each direction) and 3 lanes getting out of the intersection, so we have 4 parts in total. Each part has 4 lights, one for each lane getting into the intersection (l \u2014 left, s \u2014 straight, r \u2014 right) and a light p for a pedestrian crossing.  [Image] \n\nAn accident is possible if a car can hit a pedestrian. This can happen if the light of a pedestrian crossing of some part and the light of a lane that can get to or from that same part are green at the same time.\n\nNow, Sagheer is monitoring the configuration of the traffic lights. Your task is to help him detect whether an accident is possible.\n\n\n-----Input-----\n\nThe input consists of four lines with each line describing a road part given in a counter-clockwise order.\n\nEach line contains four integers l, s, r, p \u2014 for the left, straight, right and pedestrian lights, respectively. The possible values are 0 for red light and 1 for green light.\n\n\n-----Output-----\n\nOn a single line, print \"YES\" if an accident is possible, and \"NO\" otherwise.\n\n\n-----Examples-----\nInput\n1 0 0 1\n0 1 0 0\n0 0 1 0\n0 0 0 1\n\nOutput\nYES\n\nInput\n0 1 1 0\n1 0 1 0\n1 1 0 0\n0 0 0 1\n\nOutput\nNO\n\nInput\n1 0 0 0\n0 0 0 1\n0 0 0 0\n1 0 1 0\n\nOutput\nNO\n\n\n\n-----Note-----\n\nIn the first example, some accidents are possible because cars of part 1 can hit pedestrians of parts 1 and 4. Also, cars of parts 2 and 3 can hit pedestrians of part 4.\n\nIn the second example, no car can pass the pedestrian crossing of part 4 which is the only green pedestrian light. So, no accident can occur.\nUse Standard Input format\nANSWER:\n\n\nAn example of step-by-step clues for finding the longest palindrome substring is displayed below:\n\n```json\n[\n{\"Clue of Step 1\": \"For a substring, if it is a palindrome and the length is greater than 2, it is still a palindrome after the first and last letters are removed. According to this idea, we can use dynamic programming to solve this problem.\"},\n{\"Clue of Step 2\": \"Then we should consider the state transition function. We use P(i,j) to indicate whether the string composed of the i-th to j-th letters of the string s (denoted as as s[i:j]) is a palindrome string. s[i:j] is a palindrome only if s[i+1:j\u22121] is a palindrome and the i and j letters of s are the same.\"},\n{\"Clue of Step 3\": \"We also need to consider the boundary conditions in dynamic programming. For a substring of length 1, it is obviously a palindrome string; For a substring of length 2, it is a palindrome as long as its two letters are the same.\"},\n{\"Clue of Step 4\": \"We also need to consider the the cyclic order of dynamic programming. In the state transition equation, we are moving from a shorter string to a longer string.\"},\n{\"Clue of Step 5\": \"The final answer is the maximum length of the valid sub-strings.\"}\n]\n```\nYou can refer to the following example and generate step-by-step clues for the given problem.\n\n\n-----Clues-----\nClue of Step 1: We should set up a function that checks if any combination of the lights being green leads to a potential accident, which involves iterating through each part's traffic lights and their corresponding pedestrian light.\n", "Clue of Step 2: Return 'YES' if any of the accident conditions are met; otherwise, return 'NO' after checking all conditions.\n", "Clue of Step 2: Define a function that takes the four parts of traffic light configurations as input, where each part consists of a list of integers representing the lights (l, s, r, p).\n"], ["\nYou will be given a problem desciption.\n\nPlease analyze the problem and generate step-by-step clues of how to solve the problem with executable python code.\n\nThe problem:\n\n\nQUESTION:\nSagheer is walking in the street when he comes to an intersection of two roads. Each road can be represented as two parts where each part has 3 lanes getting into the intersection (one for each direction) and 3 lanes getting out of the intersection, so we have 4 parts in total. Each part has 4 lights, one for each lane getting into the intersection (l \u2014 left, s \u2014 straight, r \u2014 right) and a light p for a pedestrian crossing.  [Image] \n\nAn accident is possible if a car can hit a pedestrian. This can happen if the light of a pedestrian crossing of some part and the light of a lane that can get to or from that same part are green at the same time.\n\nNow, Sagheer is monitoring the configuration of the traffic lights. Your task is to help him detect whether an accident is possible.\n\n\n-----Input-----\n\nThe input consists of four lines with each line describing a road part given in a counter-clockwise order.\n\nEach line contains four integers l, s, r, p \u2014 for the left, straight, right and pedestrian lights, respectively. The possible values are 0 for red light and 1 for green light.\n\n\n-----Output-----\n\nOn a single line, print \"YES\" if an accident is possible, and \"NO\" otherwise.\n\n\n-----Examples-----\nInput\n1 0 0 1\n0 1 0 0\n0 0 1 0\n0 0 0 1\n\nOutput\nYES\n\nInput\n0 1 1 0\n1 0 1 0\n1 1 0 0\n0 0 0 1\n\nOutput\nNO\n\nInput\n1 0 0 0\n0 0 0 1\n0 0 0 0\n1 0 1 0\n\nOutput\nNO\n\n\n\n-----Note-----\n\nIn the first example, some accidents are possible because cars of part 1 can hit pedestrians of parts 1 and 4. Also, cars of parts 2 and 3 can hit pedestrians of part 4.\n\nIn the second example, no car can pass the pedestrian crossing of part 4 which is the only green pedestrian light. So, no accident can occur.\nUse Standard Input format\nANSWER:\n\n\nAn example of step-by-step clues for finding the longest palindrome substring is displayed below:\n\n```json\n[\n{\"Clue of Step 1\": \"For a substring, if it is a palindrome and the length is greater than 2, it is still a palindrome after the first and last letters are removed. According to this idea, we can use dynamic programming to solve this problem.\"},\n{\"Clue of Step 2\": \"Then we should consider the state transition function. We use P(i,j) to indicate whether the string composed of the i-th to j-th letters of the string s (denoted as as s[i:j]) is a palindrome string. s[i:j] is a palindrome only if s[i+1:j\u22121] is a palindrome and the i and j letters of s are the same.\"},\n{\"Clue of Step 3\": \"We also need to consider the boundary conditions in dynamic programming. For a substring of length 1, it is obviously a palindrome string; For a substring of length 2, it is a palindrome as long as its two letters are the same.\"},\n{\"Clue of Step 4\": \"We also need to consider the the cyclic order of dynamic programming. In the state transition equation, we are moving from a shorter string to a longer string.\"},\n{\"Clue of Step 5\": \"The final answer is the maximum length of the valid sub-strings.\"}\n]\n```\nYou can refer to the following example and generate step-by-step clues for the given problem.\n\n\n-----Clues-----\nClue of Step 1: We should set up a function that checks if any combination of the lights being green leads to a potential accident, which involves iterating through each part's traffic lights and their corresponding pedestrian light.\n", "Clue of Step 2: We need to check if any car movement light (l, s, r) is green in the same part where the pedestrian light (p) is green. If both a movement light and the pedestrian light are green in the same part, an accident is possible.\n", "Clue of Step 2: Define a function that takes the four parts of traffic light configurations as input, where each part consists of a list of integers representing the lights (l, s, r, p).\n"], ["\nYou will be given a problem desciption.\n\nPlease analyze the problem and generate step-by-step clues of how to solve the problem with executable python code.\n\nThe problem:\n\n\nQUESTION:\nSagheer is walking in the street when he comes to an intersection of two roads. Each road can be represented as two parts where each part has 3 lanes getting into the intersection (one for each direction) and 3 lanes getting out of the intersection, so we have 4 parts in total. Each part has 4 lights, one for each lane getting into the intersection (l \u2014 left, s \u2014 straight, r \u2014 right) and a light p for a pedestrian crossing.  [Image] \n\nAn accident is possible if a car can hit a pedestrian. This can happen if the light of a pedestrian crossing of some part and the light of a lane that can get to or from that same part are green at the same time.\n\nNow, Sagheer is monitoring the configuration of the traffic lights. Your task is to help him detect whether an accident is possible.\n\n\n-----Input-----\n\nThe input consists of four lines with each line describing a road part given in a counter-clockwise order.\n\nEach line contains four integers l, s, r, p \u2014 for the left, straight, right and pedestrian lights, respectively. The possible values are 0 for red light and 1 for green light.\n\n\n-----Output-----\n\nOn a single line, print \"YES\" if an accident is possible, and \"NO\" otherwise.\n\n\n-----Examples-----\nInput\n1 0 0 1\n0 1 0 0\n0 0 1 0\n0 0 0 1\n\nOutput\nYES\n\nInput\n0 1 1 0\n1 0 1 0\n1 1 0 0\n0 0 0 1\n\nOutput\nNO\n\nInput\n1 0 0 0\n0 0 0 1\n0 0 0 0\n1 0 1 0\n\nOutput\nNO\n\n\n\n-----Note-----\n\nIn the first example, some accidents are possible because cars of part 1 can hit pedestrians of parts 1 and 4. Also, cars of parts 2 and 3 can hit pedestrians of part 4.\n\nIn the second example, no car can pass the pedestrian crossing of part 4 which is the only green pedestrian light. So, no accident can occur.\nUse Standard Input format\nANSWER:\n\n\nAn example of step-by-step clues for finding the longest palindrome substring is displayed below:\n\n```json\n[\n{\"Clue of Step 1\": \"For a substring, if it is a palindrome and the length is greater than 2, it is still a palindrome after the first and last letters are removed. According to this idea, we can use dynamic programming to solve this problem.\"},\n{\"Clue of Step 2\": \"Then we should consider the state transition function. We use P(i,j) to indicate whether the string composed of the i-th to j-th letters of the string s (denoted as as s[i:j]) is a palindrome string. s[i:j] is a palindrome only if s[i+1:j\u22121] is a palindrome and the i and j letters of s are the same.\"},\n{\"Clue of Step 3\": \"We also need to consider the boundary conditions in dynamic programming. For a substring of length 1, it is obviously a palindrome string; For a substring of length 2, it is a palindrome as long as its two letters are the same.\"},\n{\"Clue of Step 4\": \"We also need to consider the the cyclic order of dynamic programming. In the state transition equation, we are moving from a shorter string to a longer string.\"},\n{\"Clue of Step 5\": \"The final answer is the maximum length of the valid sub-strings.\"}\n]\n```\nYou can refer to the following example and generate step-by-step clues for the given problem.\n\n\n-----Clues-----\nClue of Step 1: We should set up a function that checks if any combination of the lights being green leads to a potential accident, which involves iterating through each part's traffic lights and their corresponding pedestrian light.\n", "Clue of Step 2: Since there are four parts, we should iterate over each part and check the condition where the pedestrian light (p) is green and any of the car movement lights (l, s, r) in that same part is also green.\n", "Clue of Step 2: Define a function that takes the four parts of traffic light configurations as input, where each part consists of a list of integers representing the lights (l, s, r, p).\n"], ["\nYou will be given a problem desciption.\n\nPlease analyze the problem and generate step-by-step clues of how to solve the problem with executable python code.\n\nThe problem:\n\n\nQUESTION:\nSagheer is walking in the street when he comes to an intersection of two roads. Each road can be represented as two parts where each part has 3 lanes getting into the intersection (one for each direction) and 3 lanes getting out of the intersection, so we have 4 parts in total. Each part has 4 lights, one for each lane getting into the intersection (l \u2014 left, s \u2014 straight, r \u2014 right) and a light p for a pedestrian crossing.  [Image] \n\nAn accident is possible if a car can hit a pedestrian. This can happen if the light of a pedestrian crossing of some part and the light of a lane that can get to or from that same part are green at the same time.\n\nNow, Sagheer is monitoring the configuration of the traffic lights. Your task is to help him detect whether an accident is possible.\n\n\n-----Input-----\n\nThe input consists of four lines with each line describing a road part given in a counter-clockwise order.\n\nEach line contains four integers l, s, r, p \u2014 for the left, straight, right and pedestrian lights, respectively. The possible values are 0 for red light and 1 for green light.\n\n\n-----Output-----\n\nOn a single line, print \"YES\" if an accident is possible, and \"NO\" otherwise.\n\n\n-----Examples-----\nInput\n1 0 0 1\n0 1 0 0\n0 0 1 0\n0 0 0 1\n\nOutput\nYES\n\nInput\n0 1 1 0\n1 0 1 0\n1 1 0 0\n0 0 0 1\n\nOutput\nNO\n\nInput\n1 0 0 0\n0 0 0 1\n0 0 0 0\n1 0 1 0\n\nOutput\nNO\n\n\n\n-----Note-----\n\nIn the first example, some accidents are possible because cars of part 1 can hit pedestrians of parts 1 and 4. Also, cars of parts 2 and 3 can hit pedestrians of part 4.\n\nIn the second example, no car can pass the pedestrian crossing of part 4 which is the only green pedestrian light. So, no accident can occur.\nUse Standard Input format\nANSWER:\n\n\nAn example of step-by-step clues for finding the longest palindrome substring is displayed below:\n\n```json\n[\n{\"Clue of Step 1\": \"For a substring, if it is a palindrome and the length is greater than 2, it is still a palindrome after the first and last letters are removed. According to this idea, we can use dynamic programming to solve this problem.\"},\n{\"Clue of Step 2\": \"Then we should consider the state transition function. We use P(i,j) to indicate whether the string composed of the i-th to j-th letters of the string s (denoted as as s[i:j]) is a palindrome string. s[i:j] is a palindrome only if s[i+1:j\u22121] is a palindrome and the i and j letters of s are the same.\"},\n{\"Clue of Step 3\": \"We also need to consider the boundary conditions in dynamic programming. For a substring of length 1, it is obviously a palindrome string; For a substring of length 2, it is a palindrome as long as its two letters are the same.\"},\n{\"Clue of Step 4\": \"We also need to consider the the cyclic order of dynamic programming. In the state transition equation, we are moving from a shorter string to a longer string.\"},\n{\"Clue of Step 5\": \"The final answer is the maximum length of the valid sub-strings.\"}\n]\n```\nYou can refer to the following example and generate step-by-step clues for the given problem.\n\n\n-----Clues-----\nClue of Step 1: We should set up a function that checks if any combination of the lights being green leads to a potential accident, which involves iterating through each part's traffic lights and their corresponding pedestrian light.\n", "Clue of Step 2: If an accident is possible in any of the parts, we should print 'YES' and stop further checks; otherwise, print 'NO' after checking all parts.\n", "Clue of Step 2: Define a function that takes the four parts of traffic light configurations as input, where each part consists of a list of integers representing the lights (l, s, r, p).\n"]], "SFT": ["\nYou will be given a problem desciption.\n\nPlease analyze the problem and generate step-by-step clues of how to solve the problem with executable python code.\n\nThe problem:\n\n\nQUESTION:\nSagheer is walking in the street when he comes to an intersection of two roads. Each road can be represented as two parts where each part has 3 lanes getting into the intersection (one for each direction) and 3 lanes getting out of the intersection, so we have 4 parts in total. Each part has 4 lights, one for each lane getting into the intersection (l \u2014 left, s \u2014 straight, r \u2014 right) and a light p for a pedestrian crossing.  [Image] \n\nAn accident is possible if a car can hit a pedestrian. This can happen if the light of a pedestrian crossing of some part and the light of a lane that can get to or from that same part are green at the same time.\n\nNow, Sagheer is monitoring the configuration of the traffic lights. Your task is to help him detect whether an accident is possible.\n\n\n-----Input-----\n\nThe input consists of four lines with each line describing a road part given in a counter-clockwise order.\n\nEach line contains four integers l, s, r, p \u2014 for the left, straight, right and pedestrian lights, respectively. The possible values are 0 for red light and 1 for green light.\n\n\n-----Output-----\n\nOn a single line, print \"YES\" if an accident is possible, and \"NO\" otherwise.\n\n\n-----Examples-----\nInput\n1 0 0 1\n0 1 0 0\n0 0 1 0\n0 0 0 1\n\nOutput\nYES\n\nInput\n0 1 1 0\n1 0 1 0\n1 1 0 0\n0 0 0 1\n\nOutput\nNO\n\nInput\n1 0 0 0\n0 0 0 1\n0 0 0 0\n1 0 1 0\n\nOutput\nNO\n\n\n\n-----Note-----\n\nIn the first example, some accidents are possible because cars of part 1 can hit pedestrians of parts 1 and 4. Also, cars of parts 2 and 3 can hit pedestrians of part 4.\n\nIn the second example, no car can pass the pedestrian crossing of part 4 which is the only green pedestrian light. So, no accident can occur.\nUse Standard Input format\nANSWER:\n\n\nAn example of step-by-step clues for finding the longest palindrome substring is displayed below:\n\n```json\n[\n{\"Clue of Step 1\": \"For a substring, if it is a palindrome and the length is greater than 2, it is still a palindrome after the first and last letters are removed. According to this idea, we can use dynamic programming to solve this problem.\"},\n{\"Clue of Step 2\": \"Then we should consider the state transition function. We use P(i,j) to indicate whether the string composed of the i-th to j-th letters of the string s (denoted as as s[i:j]) is a palindrome string. s[i:j] is a palindrome only if s[i+1:j\u22121] is a palindrome and the i and j letters of s are the same.\"},\n{\"Clue of Step 3\": \"We also need to consider the boundary conditions in dynamic programming. For a substring of length 1, it is obviously a palindrome string; For a substring of length 2, it is a palindrome as long as its two letters are the same.\"},\n{\"Clue of Step 4\": \"We also need to consider the the cyclic order of dynamic programming. In the state transition equation, we are moving from a shorter string to a longer string.\"},\n{\"Clue of Step 5\": \"The final answer is the maximum length of the valid sub-strings.\"}\n]\n```\nYou can refer to the following example and generate step-by-step clues for the given problem.\n\n\n-----Clues-----\nClue of Step 1: We should first examine the relationship between the pedestrian crossing light and the lane lights within the same part. If any lane light and the pedestrian light are both green in the same part, an accident can happen in that part.\n\nClue of Step 2: After checking each part, if we find any part where both a lane light and the pedestrian light are green, we should immediately print 'YES' and terminate the program. Otherwise, after checking all parts, print 'NO'.\n", "```python\n# Read input\npart1 = list(map(int, input().split()))\npart2 = list(map(int, input().split()))\npart3 = list(map(int, input().split()))\npart4 = list(map(int, input().split()))\n\n# Check if an accident is possible within a part or between parts\nparts = [part1, part2, part3, part4]\n\ndef can_cause_accident(parts):\n    # Check within each part if a lane light and pedestrian light are both green\n    for part in parts:\n        if part[3] == 1 and (part[0] == 1 or part[1] == 1 or part[2] == 1):\n            return True\n    \n    # Check if any lane light from parts 1, 2, 3 can hit pedestrian of part 4\n    if parts[0][3] == 1 and (parts[1][0] == 1 or parts[2][1] == 1 or parts[3][2] == 1):\n        return True\n    if parts[1][3] == 1 and (parts[2][0] == 1 or parts[3][1] == 1 or parts[0][2] == 1):\n        return True\n    if parts[2][3] == 1 and (parts[3][0] == 1 or parts[0][1] == 1 or parts[1][2] == 1):\n        return True\n    if parts[3][3] == 1 and (parts[0][0] == 1 or parts[1][1] == 1 or parts[2][2] == 1):\n        return True\n    \n    return False\n\n# Output the result\nif can_cause_accident(parts):\n    print(\"YES\")\nelse:\n    print(\"NO\")\n```"]}