{"StepDPO": [["\nYou will be given a problem desciption.\n\nPlease analyze the problem and generate step-by-step clues of how to solve the problem with executable python code.\n\nThe problem:\n\n\nQUESTION:\nIn Berland each high school student is characterized by academic performance \u2014 integer value between 1 and 5.\n\nIn high school 0xFF there are two groups of pupils: the group A and the group B. Each group consists of exactly n students. An academic performance of each student is known \u2014 integer value between 1 and 5.\n\nThe school director wants to redistribute students between groups so that each of the two groups has the same number of students whose academic performance is equal to 1, the same number of students whose academic performance is 2 and so on. In other words, the purpose of the school director is to change the composition of groups, so that for each value of academic performance the numbers of students in both groups are equal.\n\nTo achieve this, there is a plan to produce a series of exchanges of students between groups. During the single exchange the director selects one student from the class A and one student of class B. After that, they both change their groups.\n\nPrint the least number of exchanges, in order to achieve the desired equal numbers of students for each academic performance.\n\n\n-----Input-----\n\nThe first line of the input contains integer number n (1 \u2264 n \u2264 100) \u2014 number of students in both groups.\n\nThe second line contains sequence of integer numbers a_1, a_2, ..., a_{n} (1 \u2264 a_{i} \u2264 5), where a_{i} is academic performance of the i-th student of the group A.\n\nThe third line contains sequence of integer numbers b_1, b_2, ..., b_{n} (1 \u2264 b_{i} \u2264 5), where b_{i} is academic performance of the i-th student of the group B.\n\n\n-----Output-----\n\nPrint the required minimum number of exchanges or -1, if the desired distribution of students can not be obtained.\n\n\n-----Examples-----\nInput\n4\n5 4 4 4\n5 5 4 5\n\nOutput\n1\n\nInput\n6\n1 1 1 1 1 1\n5 5 5 5 5 5\n\nOutput\n3\n\nInput\n1\n5\n3\n\nOutput\n-1\n\nInput\n9\n3 2 5 5 2 3 3 3 2\n4 1 4 1 1 2 4 4 1\n\nOutput\n4\nUse Standard Input format\nANSWER:\n\n\nAn example of step-by-step clues for finding the longest palindrome substring is displayed below:\n\n```json\n[\n{\"Clue of Step 1\": \"For a substring, if it is a palindrome and the length is greater than 2, it is still a palindrome after the first and last letters are removed. According to this idea, we can use dynamic programming to solve this problem.\"},\n{\"Clue of Step 2\": \"Then we should consider the state transition function. We use P(i,j) to indicate whether the string composed of the i-th to j-th letters of the string s (denoted as as s[i:j]) is a palindrome string. s[i:j] is a palindrome only if s[i+1:j\u22121] is a palindrome and the i and j letters of s are the same.\"},\n{\"Clue of Step 3\": \"We also need to consider the boundary conditions in dynamic programming. For a substring of length 1, it is obviously a palindrome string; For a substring of length 2, it is a palindrome as long as its two letters are the same.\"},\n{\"Clue of Step 4\": \"We also need to consider the the cyclic order of dynamic programming. In the state transition equation, we are moving from a shorter string to a longer string.\"},\n{\"Clue of Step 5\": \"The final answer is the maximum length of the valid sub-strings.\"}\n]\n```\nYou can refer to the following example and generate step-by-step clues for the given problem.\n\n\n-----Clues-----\nClue of Step 1: First, we should count the number of students in each group with academic performances of 1 through 5. This will help us understand the distribution of students in both groups.\n", "Clue of Step 2: We should compute the difference in the number of students for each academic performance level (1 to 5) between group A and group B, which will enable us to identify how many students need to be exchanged.\n", "Clue of Step 2: We should also check if the total discrepancy across all performance levels is even. If the total number of students needing to be exchanged is odd, it is impossible to balance the groups, and we should return -1.\n"], ["\nYou will be given a problem desciption.\n\nPlease analyze the problem and generate step-by-step clues of how to solve the problem with executable python code.\n\nThe problem:\n\n\nQUESTION:\nIn Berland each high school student is characterized by academic performance \u2014 integer value between 1 and 5.\n\nIn high school 0xFF there are two groups of pupils: the group A and the group B. Each group consists of exactly n students. An academic performance of each student is known \u2014 integer value between 1 and 5.\n\nThe school director wants to redistribute students between groups so that each of the two groups has the same number of students whose academic performance is equal to 1, the same number of students whose academic performance is 2 and so on. In other words, the purpose of the school director is to change the composition of groups, so that for each value of academic performance the numbers of students in both groups are equal.\n\nTo achieve this, there is a plan to produce a series of exchanges of students between groups. During the single exchange the director selects one student from the class A and one student of class B. After that, they both change their groups.\n\nPrint the least number of exchanges, in order to achieve the desired equal numbers of students for each academic performance.\n\n\n-----Input-----\n\nThe first line of the input contains integer number n (1 \u2264 n \u2264 100) \u2014 number of students in both groups.\n\nThe second line contains sequence of integer numbers a_1, a_2, ..., a_{n} (1 \u2264 a_{i} \u2264 5), where a_{i} is academic performance of the i-th student of the group A.\n\nThe third line contains sequence of integer numbers b_1, b_2, ..., b_{n} (1 \u2264 b_{i} \u2264 5), where b_{i} is academic performance of the i-th student of the group B.\n\n\n-----Output-----\n\nPrint the required minimum number of exchanges or -1, if the desired distribution of students can not be obtained.\n\n\n-----Examples-----\nInput\n4\n5 4 4 4\n5 5 4 5\n\nOutput\n1\n\nInput\n6\n1 1 1 1 1 1\n5 5 5 5 5 5\n\nOutput\n3\n\nInput\n1\n5\n3\n\nOutput\n-1\n\nInput\n9\n3 2 5 5 2 3 3 3 2\n4 1 4 1 1 2 4 4 1\n\nOutput\n4\nUse Standard Input format\nANSWER:\n\n\nAn example of step-by-step clues for finding the longest palindrome substring is displayed below:\n\n```json\n[\n{\"Clue of Step 1\": \"For a substring, if it is a palindrome and the length is greater than 2, it is still a palindrome after the first and last letters are removed. According to this idea, we can use dynamic programming to solve this problem.\"},\n{\"Clue of Step 2\": \"Then we should consider the state transition function. We use P(i,j) to indicate whether the string composed of the i-th to j-th letters of the string s (denoted as as s[i:j]) is a palindrome string. s[i:j] is a palindrome only if s[i+1:j\u22121] is a palindrome and the i and j letters of s are the same.\"},\n{\"Clue of Step 3\": \"We also need to consider the boundary conditions in dynamic programming. For a substring of length 1, it is obviously a palindrome string; For a substring of length 2, it is a palindrome as long as its two letters are the same.\"},\n{\"Clue of Step 4\": \"We also need to consider the the cyclic order of dynamic programming. In the state transition equation, we are moving from a shorter string to a longer string.\"},\n{\"Clue of Step 5\": \"The final answer is the maximum length of the valid sub-strings.\"}\n]\n```\nYou can refer to the following example and generate step-by-step clues for the given problem.\n\n\n-----Clues-----\nClue of Step 1: First, we should count the number of students in each group with academic performances of 1 through 5. This will help us understand the distribution of students in both groups.\n", "Clue of Step 2: Next, we can analyze the computed differences to determine how many students need to move from one group to the other. This will help us see if it's feasible to balance the groups and how many exchanges are needed.\n", "Clue of Step 2: We should also check if the total discrepancy across all performance levels is even. If the total number of students needing to be exchanged is odd, it is impossible to balance the groups, and we should return -1.\n"], ["\nYou will be given a problem desciption.\n\nPlease analyze the problem and generate step-by-step clues of how to solve the problem with executable python code.\n\nThe problem:\n\n\nQUESTION:\nIn Berland each high school student is characterized by academic performance \u2014 integer value between 1 and 5.\n\nIn high school 0xFF there are two groups of pupils: the group A and the group B. Each group consists of exactly n students. An academic performance of each student is known \u2014 integer value between 1 and 5.\n\nThe school director wants to redistribute students between groups so that each of the two groups has the same number of students whose academic performance is equal to 1, the same number of students whose academic performance is 2 and so on. In other words, the purpose of the school director is to change the composition of groups, so that for each value of academic performance the numbers of students in both groups are equal.\n\nTo achieve this, there is a plan to produce a series of exchanges of students between groups. During the single exchange the director selects one student from the class A and one student of class B. After that, they both change their groups.\n\nPrint the least number of exchanges, in order to achieve the desired equal numbers of students for each academic performance.\n\n\n-----Input-----\n\nThe first line of the input contains integer number n (1 \u2264 n \u2264 100) \u2014 number of students in both groups.\n\nThe second line contains sequence of integer numbers a_1, a_2, ..., a_{n} (1 \u2264 a_{i} \u2264 5), where a_{i} is academic performance of the i-th student of the group A.\n\nThe third line contains sequence of integer numbers b_1, b_2, ..., b_{n} (1 \u2264 b_{i} \u2264 5), where b_{i} is academic performance of the i-th student of the group B.\n\n\n-----Output-----\n\nPrint the required minimum number of exchanges or -1, if the desired distribution of students can not be obtained.\n\n\n-----Examples-----\nInput\n4\n5 4 4 4\n5 5 4 5\n\nOutput\n1\n\nInput\n6\n1 1 1 1 1 1\n5 5 5 5 5 5\n\nOutput\n3\n\nInput\n1\n5\n3\n\nOutput\n-1\n\nInput\n9\n3 2 5 5 2 3 3 3 2\n4 1 4 1 1 2 4 4 1\n\nOutput\n4\nUse Standard Input format\nANSWER:\n\n\nAn example of step-by-step clues for finding the longest palindrome substring is displayed below:\n\n```json\n[\n{\"Clue of Step 1\": \"For a substring, if it is a palindrome and the length is greater than 2, it is still a palindrome after the first and last letters are removed. According to this idea, we can use dynamic programming to solve this problem.\"},\n{\"Clue of Step 2\": \"Then we should consider the state transition function. We use P(i,j) to indicate whether the string composed of the i-th to j-th letters of the string s (denoted as as s[i:j]) is a palindrome string. s[i:j] is a palindrome only if s[i+1:j\u22121] is a palindrome and the i and j letters of s are the same.\"},\n{\"Clue of Step 3\": \"We also need to consider the boundary conditions in dynamic programming. For a substring of length 1, it is obviously a palindrome string; For a substring of length 2, it is a palindrome as long as its two letters are the same.\"},\n{\"Clue of Step 4\": \"We also need to consider the the cyclic order of dynamic programming. In the state transition equation, we are moving from a shorter string to a longer string.\"},\n{\"Clue of Step 5\": \"The final answer is the maximum length of the valid sub-strings.\"}\n]\n```\nYou can refer to the following example and generate step-by-step clues for the given problem.\n\n\n-----Clues-----\nClue of Step 1: First, we should count the number of students in each group with academic performances of 1 through 5. This will help us understand the distribution of students in both groups.\n", "Clue of Step 2: We need to calculate the difference in the number of students for each academic performance level between the two groups. If the total difference for any academic performance is not zero, it's impossible to balance the groups, and the answer should be -1.\n", "Clue of Step 2: We should also check if the total discrepancy across all performance levels is even. If the total number of students needing to be exchanged is odd, it is impossible to balance the groups, and we should return -1.\n"], ["\nYou will be given a problem desciption.\n\nPlease analyze the problem and generate step-by-step clues of how to solve the problem with executable python code.\n\nThe problem:\n\n\nQUESTION:\nIn Berland each high school student is characterized by academic performance \u2014 integer value between 1 and 5.\n\nIn high school 0xFF there are two groups of pupils: the group A and the group B. Each group consists of exactly n students. An academic performance of each student is known \u2014 integer value between 1 and 5.\n\nThe school director wants to redistribute students between groups so that each of the two groups has the same number of students whose academic performance is equal to 1, the same number of students whose academic performance is 2 and so on. In other words, the purpose of the school director is to change the composition of groups, so that for each value of academic performance the numbers of students in both groups are equal.\n\nTo achieve this, there is a plan to produce a series of exchanges of students between groups. During the single exchange the director selects one student from the class A and one student of class B. After that, they both change their groups.\n\nPrint the least number of exchanges, in order to achieve the desired equal numbers of students for each academic performance.\n\n\n-----Input-----\n\nThe first line of the input contains integer number n (1 \u2264 n \u2264 100) \u2014 number of students in both groups.\n\nThe second line contains sequence of integer numbers a_1, a_2, ..., a_{n} (1 \u2264 a_{i} \u2264 5), where a_{i} is academic performance of the i-th student of the group A.\n\nThe third line contains sequence of integer numbers b_1, b_2, ..., b_{n} (1 \u2264 b_{i} \u2264 5), where b_{i} is academic performance of the i-th student of the group B.\n\n\n-----Output-----\n\nPrint the required minimum number of exchanges or -1, if the desired distribution of students can not be obtained.\n\n\n-----Examples-----\nInput\n4\n5 4 4 4\n5 5 4 5\n\nOutput\n1\n\nInput\n6\n1 1 1 1 1 1\n5 5 5 5 5 5\n\nOutput\n3\n\nInput\n1\n5\n3\n\nOutput\n-1\n\nInput\n9\n3 2 5 5 2 3 3 3 2\n4 1 4 1 1 2 4 4 1\n\nOutput\n4\nUse Standard Input format\nANSWER:\n\n\nAn example of step-by-step clues for finding the longest palindrome substring is displayed below:\n\n```json\n[\n{\"Clue of Step 1\": \"For a substring, if it is a palindrome and the length is greater than 2, it is still a palindrome after the first and last letters are removed. According to this idea, we can use dynamic programming to solve this problem.\"},\n{\"Clue of Step 2\": \"Then we should consider the state transition function. We use P(i,j) to indicate whether the string composed of the i-th to j-th letters of the string s (denoted as as s[i:j]) is a palindrome string. s[i:j] is a palindrome only if s[i+1:j\u22121] is a palindrome and the i and j letters of s are the same.\"},\n{\"Clue of Step 3\": \"We also need to consider the boundary conditions in dynamic programming. For a substring of length 1, it is obviously a palindrome string; For a substring of length 2, it is a palindrome as long as its two letters are the same.\"},\n{\"Clue of Step 4\": \"We also need to consider the the cyclic order of dynamic programming. In the state transition equation, we are moving from a shorter string to a longer string.\"},\n{\"Clue of Step 5\": \"The final answer is the maximum length of the valid sub-strings.\"}\n]\n```\nYou can refer to the following example and generate step-by-step clues for the given problem.\n\n\n-----Clues-----\nClue of Step 1: First, we should count the number of students in each group with academic performances of 1 through 5. This will help us understand the distribution of students in both groups.\n", "Clue of Step 2: Once we have the counts of students for each academic performance, we should determine how many exchanges are needed for each level. The number of exchanges needed for each level is half the absolute difference in counts for that level (because each exchange affects both groups).\n", "Clue of Step 2: We should also check if the total discrepancy across all performance levels is even. If the total number of students needing to be exchanged is odd, it is impossible to balance the groups, and we should return -1.\n"], ["\nYou will be given a problem desciption.\n\nPlease analyze the problem and generate step-by-step clues of how to solve the problem with executable python code.\n\nThe problem:\n\n\nQUESTION:\nIn Berland each high school student is characterized by academic performance \u2014 integer value between 1 and 5.\n\nIn high school 0xFF there are two groups of pupils: the group A and the group B. Each group consists of exactly n students. An academic performance of each student is known \u2014 integer value between 1 and 5.\n\nThe school director wants to redistribute students between groups so that each of the two groups has the same number of students whose academic performance is equal to 1, the same number of students whose academic performance is 2 and so on. In other words, the purpose of the school director is to change the composition of groups, so that for each value of academic performance the numbers of students in both groups are equal.\n\nTo achieve this, there is a plan to produce a series of exchanges of students between groups. During the single exchange the director selects one student from the class A and one student of class B. After that, they both change their groups.\n\nPrint the least number of exchanges, in order to achieve the desired equal numbers of students for each academic performance.\n\n\n-----Input-----\n\nThe first line of the input contains integer number n (1 \u2264 n \u2264 100) \u2014 number of students in both groups.\n\nThe second line contains sequence of integer numbers a_1, a_2, ..., a_{n} (1 \u2264 a_{i} \u2264 5), where a_{i} is academic performance of the i-th student of the group A.\n\nThe third line contains sequence of integer numbers b_1, b_2, ..., b_{n} (1 \u2264 b_{i} \u2264 5), where b_{i} is academic performance of the i-th student of the group B.\n\n\n-----Output-----\n\nPrint the required minimum number of exchanges or -1, if the desired distribution of students can not be obtained.\n\n\n-----Examples-----\nInput\n4\n5 4 4 4\n5 5 4 5\n\nOutput\n1\n\nInput\n6\n1 1 1 1 1 1\n5 5 5 5 5 5\n\nOutput\n3\n\nInput\n1\n5\n3\n\nOutput\n-1\n\nInput\n9\n3 2 5 5 2 3 3 3 2\n4 1 4 1 1 2 4 4 1\n\nOutput\n4\nUse Standard Input format\nANSWER:\n\n\nAn example of step-by-step clues for finding the longest palindrome substring is displayed below:\n\n```json\n[\n{\"Clue of Step 1\": \"For a substring, if it is a palindrome and the length is greater than 2, it is still a palindrome after the first and last letters are removed. According to this idea, we can use dynamic programming to solve this problem.\"},\n{\"Clue of Step 2\": \"Then we should consider the state transition function. We use P(i,j) to indicate whether the string composed of the i-th to j-th letters of the string s (denoted as as s[i:j]) is a palindrome string. s[i:j] is a palindrome only if s[i+1:j\u22121] is a palindrome and the i and j letters of s are the same.\"},\n{\"Clue of Step 3\": \"We also need to consider the boundary conditions in dynamic programming. For a substring of length 1, it is obviously a palindrome string; For a substring of length 2, it is a palindrome as long as its two letters are the same.\"},\n{\"Clue of Step 4\": \"We also need to consider the the cyclic order of dynamic programming. In the state transition equation, we are moving from a shorter string to a longer string.\"},\n{\"Clue of Step 5\": \"The final answer is the maximum length of the valid sub-strings.\"}\n]\n```\nYou can refer to the following example and generate step-by-step clues for the given problem.\n\n\n-----Clues-----\nClue of Step 1: First, we should count the number of students in each group with academic performances of 1 through 5. This will help us understand the distribution of students in both groups.\n", "Clue of Step 2: We need to ensure that the total number of exchanges required is even, because each exchange involves two students (one from each group). If the sum of required exchanges across all levels is odd, the task is impossible, and the result should be -1.\n", "Clue of Step 2: We should also check if the total discrepancy across all performance levels is even. If the total number of students needing to be exchanged is odd, it is impossible to balance the groups, and we should return -1.\n"], ["\nYou will be given a problem desciption.\n\nPlease analyze the problem and generate step-by-step clues of how to solve the problem with executable python code.\n\nThe problem:\n\n\nQUESTION:\nIn Berland each high school student is characterized by academic performance \u2014 integer value between 1 and 5.\n\nIn high school 0xFF there are two groups of pupils: the group A and the group B. Each group consists of exactly n students. An academic performance of each student is known \u2014 integer value between 1 and 5.\n\nThe school director wants to redistribute students between groups so that each of the two groups has the same number of students whose academic performance is equal to 1, the same number of students whose academic performance is 2 and so on. In other words, the purpose of the school director is to change the composition of groups, so that for each value of academic performance the numbers of students in both groups are equal.\n\nTo achieve this, there is a plan to produce a series of exchanges of students between groups. During the single exchange the director selects one student from the class A and one student of class B. After that, they both change their groups.\n\nPrint the least number of exchanges, in order to achieve the desired equal numbers of students for each academic performance.\n\n\n-----Input-----\n\nThe first line of the input contains integer number n (1 \u2264 n \u2264 100) \u2014 number of students in both groups.\n\nThe second line contains sequence of integer numbers a_1, a_2, ..., a_{n} (1 \u2264 a_{i} \u2264 5), where a_{i} is academic performance of the i-th student of the group A.\n\nThe third line contains sequence of integer numbers b_1, b_2, ..., b_{n} (1 \u2264 b_{i} \u2264 5), where b_{i} is academic performance of the i-th student of the group B.\n\n\n-----Output-----\n\nPrint the required minimum number of exchanges or -1, if the desired distribution of students can not be obtained.\n\n\n-----Examples-----\nInput\n4\n5 4 4 4\n5 5 4 5\n\nOutput\n1\n\nInput\n6\n1 1 1 1 1 1\n5 5 5 5 5 5\n\nOutput\n3\n\nInput\n1\n5\n3\n\nOutput\n-1\n\nInput\n9\n3 2 5 5 2 3 3 3 2\n4 1 4 1 1 2 4 4 1\n\nOutput\n4\nUse Standard Input format\nANSWER:\n\n\nAn example of step-by-step clues for finding the longest palindrome substring is displayed below:\n\n```json\n[\n{\"Clue of Step 1\": \"For a substring, if it is a palindrome and the length is greater than 2, it is still a palindrome after the first and last letters are removed. According to this idea, we can use dynamic programming to solve this problem.\"},\n{\"Clue of Step 2\": \"Then we should consider the state transition function. We use P(i,j) to indicate whether the string composed of the i-th to j-th letters of the string s (denoted as as s[i:j]) is a palindrome string. s[i:j] is a palindrome only if s[i+1:j\u22121] is a palindrome and the i and j letters of s are the same.\"},\n{\"Clue of Step 3\": \"We also need to consider the boundary conditions in dynamic programming. For a substring of length 1, it is obviously a palindrome string; For a substring of length 2, it is a palindrome as long as its two letters are the same.\"},\n{\"Clue of Step 4\": \"We also need to consider the the cyclic order of dynamic programming. In the state transition equation, we are moving from a shorter string to a longer string.\"},\n{\"Clue of Step 5\": \"The final answer is the maximum length of the valid sub-strings.\"}\n]\n```\nYou can refer to the following example and generate step-by-step clues for the given problem.\n\n\n-----Clues-----\nClue of Step 1: We also need to check if the total number of students with each performance level across both groups is even; if any of them is odd, it's impossible to equalize their counts, and we should return -1.\n", "Clue of Step 2: Next, we calculate the disparity in counts between the two groups for each performance level. This will show how many students need to be exchanged for each value.\n", "Clue of Step 2: We need to count the number of students with each performance level (1 to 5) in both groups A and B, and store these counts in separate arrays or dictionaries.\n"], ["\nYou will be given a problem desciption.\n\nPlease analyze the problem and generate step-by-step clues of how to solve the problem with executable python code.\n\nThe problem:\n\n\nQUESTION:\nIn Berland each high school student is characterized by academic performance \u2014 integer value between 1 and 5.\n\nIn high school 0xFF there are two groups of pupils: the group A and the group B. Each group consists of exactly n students. An academic performance of each student is known \u2014 integer value between 1 and 5.\n\nThe school director wants to redistribute students between groups so that each of the two groups has the same number of students whose academic performance is equal to 1, the same number of students whose academic performance is 2 and so on. In other words, the purpose of the school director is to change the composition of groups, so that for each value of academic performance the numbers of students in both groups are equal.\n\nTo achieve this, there is a plan to produce a series of exchanges of students between groups. During the single exchange the director selects one student from the class A and one student of class B. After that, they both change their groups.\n\nPrint the least number of exchanges, in order to achieve the desired equal numbers of students for each academic performance.\n\n\n-----Input-----\n\nThe first line of the input contains integer number n (1 \u2264 n \u2264 100) \u2014 number of students in both groups.\n\nThe second line contains sequence of integer numbers a_1, a_2, ..., a_{n} (1 \u2264 a_{i} \u2264 5), where a_{i} is academic performance of the i-th student of the group A.\n\nThe third line contains sequence of integer numbers b_1, b_2, ..., b_{n} (1 \u2264 b_{i} \u2264 5), where b_{i} is academic performance of the i-th student of the group B.\n\n\n-----Output-----\n\nPrint the required minimum number of exchanges or -1, if the desired distribution of students can not be obtained.\n\n\n-----Examples-----\nInput\n4\n5 4 4 4\n5 5 4 5\n\nOutput\n1\n\nInput\n6\n1 1 1 1 1 1\n5 5 5 5 5 5\n\nOutput\n3\n\nInput\n1\n5\n3\n\nOutput\n-1\n\nInput\n9\n3 2 5 5 2 3 3 3 2\n4 1 4 1 1 2 4 4 1\n\nOutput\n4\nUse Standard Input format\nANSWER:\n\n\nAn example of step-by-step clues for finding the longest palindrome substring is displayed below:\n\n```json\n[\n{\"Clue of Step 1\": \"For a substring, if it is a palindrome and the length is greater than 2, it is still a palindrome after the first and last letters are removed. According to this idea, we can use dynamic programming to solve this problem.\"},\n{\"Clue of Step 2\": \"Then we should consider the state transition function. We use P(i,j) to indicate whether the string composed of the i-th to j-th letters of the string s (denoted as as s[i:j]) is a palindrome string. s[i:j] is a palindrome only if s[i+1:j\u22121] is a palindrome and the i and j letters of s are the same.\"},\n{\"Clue of Step 3\": \"We also need to consider the boundary conditions in dynamic programming. For a substring of length 1, it is obviously a palindrome string; For a substring of length 2, it is a palindrome as long as its two letters are the same.\"},\n{\"Clue of Step 4\": \"We also need to consider the the cyclic order of dynamic programming. In the state transition equation, we are moving from a shorter string to a longer string.\"},\n{\"Clue of Step 5\": \"The final answer is the maximum length of the valid sub-strings.\"}\n]\n```\nYou can refer to the following example and generate step-by-step clues for the given problem.\n\n\n-----Clues-----\nClue of Step 1: We also need to check if the total number of students with each performance level across both groups is even; if any of them is odd, it's impossible to equalize their counts, and we should return -1.\n", "Clue of Step 2: Next, we calculate the disparity in counts between the two groups for each performance level. This will show how many students need to be exchanged for each value.\n", "Clue of Step 2: Once we confirm that all performance levels have even total counts, we should calculate the difference in the number of students for each performance level between the two groups. Specifically, for each performance level from 1 to 5, compute the difference in counts between group A and group B. The positive differences indicate how many students need to be exchanged from group A to group B, and negative differences indicate the opposite.\n"], ["\nYou will be given a problem desciption.\n\nPlease analyze the problem and generate step-by-step clues of how to solve the problem with executable python code.\n\nThe problem:\n\n\nQUESTION:\nIn Berland each high school student is characterized by academic performance \u2014 integer value between 1 and 5.\n\nIn high school 0xFF there are two groups of pupils: the group A and the group B. Each group consists of exactly n students. An academic performance of each student is known \u2014 integer value between 1 and 5.\n\nThe school director wants to redistribute students between groups so that each of the two groups has the same number of students whose academic performance is equal to 1, the same number of students whose academic performance is 2 and so on. In other words, the purpose of the school director is to change the composition of groups, so that for each value of academic performance the numbers of students in both groups are equal.\n\nTo achieve this, there is a plan to produce a series of exchanges of students between groups. During the single exchange the director selects one student from the class A and one student of class B. After that, they both change their groups.\n\nPrint the least number of exchanges, in order to achieve the desired equal numbers of students for each academic performance.\n\n\n-----Input-----\n\nThe first line of the input contains integer number n (1 \u2264 n \u2264 100) \u2014 number of students in both groups.\n\nThe second line contains sequence of integer numbers a_1, a_2, ..., a_{n} (1 \u2264 a_{i} \u2264 5), where a_{i} is academic performance of the i-th student of the group A.\n\nThe third line contains sequence of integer numbers b_1, b_2, ..., b_{n} (1 \u2264 b_{i} \u2264 5), where b_{i} is academic performance of the i-th student of the group B.\n\n\n-----Output-----\n\nPrint the required minimum number of exchanges or -1, if the desired distribution of students can not be obtained.\n\n\n-----Examples-----\nInput\n4\n5 4 4 4\n5 5 4 5\n\nOutput\n1\n\nInput\n6\n1 1 1 1 1 1\n5 5 5 5 5 5\n\nOutput\n3\n\nInput\n1\n5\n3\n\nOutput\n-1\n\nInput\n9\n3 2 5 5 2 3 3 3 2\n4 1 4 1 1 2 4 4 1\n\nOutput\n4\nUse Standard Input format\nANSWER:\n\n\nAn example of step-by-step clues for finding the longest palindrome substring is displayed below:\n\n```json\n[\n{\"Clue of Step 1\": \"For a substring, if it is a palindrome and the length is greater than 2, it is still a palindrome after the first and last letters are removed. According to this idea, we can use dynamic programming to solve this problem.\"},\n{\"Clue of Step 2\": \"Then we should consider the state transition function. We use P(i,j) to indicate whether the string composed of the i-th to j-th letters of the string s (denoted as as s[i:j]) is a palindrome string. s[i:j] is a palindrome only if s[i+1:j\u22121] is a palindrome and the i and j letters of s are the same.\"},\n{\"Clue of Step 3\": \"We also need to consider the boundary conditions in dynamic programming. For a substring of length 1, it is obviously a palindrome string; For a substring of length 2, it is a palindrome as long as its two letters are the same.\"},\n{\"Clue of Step 4\": \"We also need to consider the the cyclic order of dynamic programming. In the state transition equation, we are moving from a shorter string to a longer string.\"},\n{\"Clue of Step 5\": \"The final answer is the maximum length of the valid sub-strings.\"}\n]\n```\nYou can refer to the following example and generate step-by-step clues for the given problem.\n\n\n-----Clues-----\nClue of Step 1: We also need to check if the total number of students with each performance level across both groups is even; if any of them is odd, it's impossible to equalize their counts, and we should return -1.\n", "Clue of Step 2: For every performance level, we can determine how many students need to be transferred from one group to the other by comparing the counts in group A and group B, and thus ascertain the minimum number of exchanges required.\n", "Clue of Step 2: We need to count the number of students with each performance level (1 to 5) in both groups A and B, and store these counts in separate arrays or dictionaries.\n"], ["\nYou will be given a problem desciption.\n\nPlease analyze the problem and generate step-by-step clues of how to solve the problem with executable python code.\n\nThe problem:\n\n\nQUESTION:\nIn Berland each high school student is characterized by academic performance \u2014 integer value between 1 and 5.\n\nIn high school 0xFF there are two groups of pupils: the group A and the group B. Each group consists of exactly n students. An academic performance of each student is known \u2014 integer value between 1 and 5.\n\nThe school director wants to redistribute students between groups so that each of the two groups has the same number of students whose academic performance is equal to 1, the same number of students whose academic performance is 2 and so on. In other words, the purpose of the school director is to change the composition of groups, so that for each value of academic performance the numbers of students in both groups are equal.\n\nTo achieve this, there is a plan to produce a series of exchanges of students between groups. During the single exchange the director selects one student from the class A and one student of class B. After that, they both change their groups.\n\nPrint the least number of exchanges, in order to achieve the desired equal numbers of students for each academic performance.\n\n\n-----Input-----\n\nThe first line of the input contains integer number n (1 \u2264 n \u2264 100) \u2014 number of students in both groups.\n\nThe second line contains sequence of integer numbers a_1, a_2, ..., a_{n} (1 \u2264 a_{i} \u2264 5), where a_{i} is academic performance of the i-th student of the group A.\n\nThe third line contains sequence of integer numbers b_1, b_2, ..., b_{n} (1 \u2264 b_{i} \u2264 5), where b_{i} is academic performance of the i-th student of the group B.\n\n\n-----Output-----\n\nPrint the required minimum number of exchanges or -1, if the desired distribution of students can not be obtained.\n\n\n-----Examples-----\nInput\n4\n5 4 4 4\n5 5 4 5\n\nOutput\n1\n\nInput\n6\n1 1 1 1 1 1\n5 5 5 5 5 5\n\nOutput\n3\n\nInput\n1\n5\n3\n\nOutput\n-1\n\nInput\n9\n3 2 5 5 2 3 3 3 2\n4 1 4 1 1 2 4 4 1\n\nOutput\n4\nUse Standard Input format\nANSWER:\n\n\nAn example of step-by-step clues for finding the longest palindrome substring is displayed below:\n\n```json\n[\n{\"Clue of Step 1\": \"For a substring, if it is a palindrome and the length is greater than 2, it is still a palindrome after the first and last letters are removed. According to this idea, we can use dynamic programming to solve this problem.\"},\n{\"Clue of Step 2\": \"Then we should consider the state transition function. We use P(i,j) to indicate whether the string composed of the i-th to j-th letters of the string s (denoted as as s[i:j]) is a palindrome string. s[i:j] is a palindrome only if s[i+1:j\u22121] is a palindrome and the i and j letters of s are the same.\"},\n{\"Clue of Step 3\": \"We also need to consider the boundary conditions in dynamic programming. For a substring of length 1, it is obviously a palindrome string; For a substring of length 2, it is a palindrome as long as its two letters are the same.\"},\n{\"Clue of Step 4\": \"We also need to consider the the cyclic order of dynamic programming. In the state transition equation, we are moving from a shorter string to a longer string.\"},\n{\"Clue of Step 5\": \"The final answer is the maximum length of the valid sub-strings.\"}\n]\n```\nYou can refer to the following example and generate step-by-step clues for the given problem.\n\n\n-----Clues-----\nClue of Step 1: We also need to check if the total number of students with each performance level across both groups is even; if any of them is odd, it's impossible to equalize their counts, and we should return -1.\n", "Clue of Step 2: For every performance level, we can determine how many students need to be transferred from one group to the other by comparing the counts in group A and group B, and thus ascertain the minimum number of exchanges required.\n", "Clue of Step 2: Once we confirm that all performance levels have even total counts, we should calculate the difference in the number of students for each performance level between the two groups. Specifically, for each performance level from 1 to 5, compute the difference in counts between group A and group B. The positive differences indicate how many students need to be exchanged from group A to group B, and negative differences indicate the opposite.\n"], ["\nYou will be given a problem desciption.\n\nPlease analyze the problem and generate step-by-step clues of how to solve the problem with executable python code.\n\nThe problem:\n\n\nQUESTION:\nIn Berland each high school student is characterized by academic performance \u2014 integer value between 1 and 5.\n\nIn high school 0xFF there are two groups of pupils: the group A and the group B. Each group consists of exactly n students. An academic performance of each student is known \u2014 integer value between 1 and 5.\n\nThe school director wants to redistribute students between groups so that each of the two groups has the same number of students whose academic performance is equal to 1, the same number of students whose academic performance is 2 and so on. In other words, the purpose of the school director is to change the composition of groups, so that for each value of academic performance the numbers of students in both groups are equal.\n\nTo achieve this, there is a plan to produce a series of exchanges of students between groups. During the single exchange the director selects one student from the class A and one student of class B. After that, they both change their groups.\n\nPrint the least number of exchanges, in order to achieve the desired equal numbers of students for each academic performance.\n\n\n-----Input-----\n\nThe first line of the input contains integer number n (1 \u2264 n \u2264 100) \u2014 number of students in both groups.\n\nThe second line contains sequence of integer numbers a_1, a_2, ..., a_{n} (1 \u2264 a_{i} \u2264 5), where a_{i} is academic performance of the i-th student of the group A.\n\nThe third line contains sequence of integer numbers b_1, b_2, ..., b_{n} (1 \u2264 b_{i} \u2264 5), where b_{i} is academic performance of the i-th student of the group B.\n\n\n-----Output-----\n\nPrint the required minimum number of exchanges or -1, if the desired distribution of students can not be obtained.\n\n\n-----Examples-----\nInput\n4\n5 4 4 4\n5 5 4 5\n\nOutput\n1\n\nInput\n6\n1 1 1 1 1 1\n5 5 5 5 5 5\n\nOutput\n3\n\nInput\n1\n5\n3\n\nOutput\n-1\n\nInput\n9\n3 2 5 5 2 3 3 3 2\n4 1 4 1 1 2 4 4 1\n\nOutput\n4\nUse Standard Input format\nANSWER:\n\n\nAn example of step-by-step clues for finding the longest palindrome substring is displayed below:\n\n```json\n[\n{\"Clue of Step 1\": \"For a substring, if it is a palindrome and the length is greater than 2, it is still a palindrome after the first and last letters are removed. According to this idea, we can use dynamic programming to solve this problem.\"},\n{\"Clue of Step 2\": \"Then we should consider the state transition function. We use P(i,j) to indicate whether the string composed of the i-th to j-th letters of the string s (denoted as as s[i:j]) is a palindrome string. s[i:j] is a palindrome only if s[i+1:j\u22121] is a palindrome and the i and j letters of s are the same.\"},\n{\"Clue of Step 3\": \"We also need to consider the boundary conditions in dynamic programming. For a substring of length 1, it is obviously a palindrome string; For a substring of length 2, it is a palindrome as long as its two letters are the same.\"},\n{\"Clue of Step 4\": \"We also need to consider the the cyclic order of dynamic programming. In the state transition equation, we are moving from a shorter string to a longer string.\"},\n{\"Clue of Step 5\": \"The final answer is the maximum length of the valid sub-strings.\"}\n]\n```\nYou can refer to the following example and generate step-by-step clues for the given problem.\n\n\n-----Clues-----\nClue of Step 1: We also need to check if the total number of students with each performance level across both groups is even; if any of them is odd, it's impossible to equalize their counts, and we should return -1.\n", "Clue of Step 2: We can utilize these differences to determine the minimum number of exchanges. The key observation is that the sum of all absolute differences (across all performance levels) divided by 2 will give the minimum number of exchanges required. This is because each exchange corrects the difference for one student in one group.\n", "Clue of Step 2: We need to count the number of students with each performance level (1 to 5) in both groups A and B, and store these counts in separate arrays or dictionaries.\n"], ["\nYou will be given a problem desciption.\n\nPlease analyze the problem and generate step-by-step clues of how to solve the problem with executable python code.\n\nThe problem:\n\n\nQUESTION:\nIn Berland each high school student is characterized by academic performance \u2014 integer value between 1 and 5.\n\nIn high school 0xFF there are two groups of pupils: the group A and the group B. Each group consists of exactly n students. An academic performance of each student is known \u2014 integer value between 1 and 5.\n\nThe school director wants to redistribute students between groups so that each of the two groups has the same number of students whose academic performance is equal to 1, the same number of students whose academic performance is 2 and so on. In other words, the purpose of the school director is to change the composition of groups, so that for each value of academic performance the numbers of students in both groups are equal.\n\nTo achieve this, there is a plan to produce a series of exchanges of students between groups. During the single exchange the director selects one student from the class A and one student of class B. After that, they both change their groups.\n\nPrint the least number of exchanges, in order to achieve the desired equal numbers of students for each academic performance.\n\n\n-----Input-----\n\nThe first line of the input contains integer number n (1 \u2264 n \u2264 100) \u2014 number of students in both groups.\n\nThe second line contains sequence of integer numbers a_1, a_2, ..., a_{n} (1 \u2264 a_{i} \u2264 5), where a_{i} is academic performance of the i-th student of the group A.\n\nThe third line contains sequence of integer numbers b_1, b_2, ..., b_{n} (1 \u2264 b_{i} \u2264 5), where b_{i} is academic performance of the i-th student of the group B.\n\n\n-----Output-----\n\nPrint the required minimum number of exchanges or -1, if the desired distribution of students can not be obtained.\n\n\n-----Examples-----\nInput\n4\n5 4 4 4\n5 5 4 5\n\nOutput\n1\n\nInput\n6\n1 1 1 1 1 1\n5 5 5 5 5 5\n\nOutput\n3\n\nInput\n1\n5\n3\n\nOutput\n-1\n\nInput\n9\n3 2 5 5 2 3 3 3 2\n4 1 4 1 1 2 4 4 1\n\nOutput\n4\nUse Standard Input format\nANSWER:\n\n\nAn example of step-by-step clues for finding the longest palindrome substring is displayed below:\n\n```json\n[\n{\"Clue of Step 1\": \"For a substring, if it is a palindrome and the length is greater than 2, it is still a palindrome after the first and last letters are removed. According to this idea, we can use dynamic programming to solve this problem.\"},\n{\"Clue of Step 2\": \"Then we should consider the state transition function. We use P(i,j) to indicate whether the string composed of the i-th to j-th letters of the string s (denoted as as s[i:j]) is a palindrome string. s[i:j] is a palindrome only if s[i+1:j\u22121] is a palindrome and the i and j letters of s are the same.\"},\n{\"Clue of Step 3\": \"We also need to consider the boundary conditions in dynamic programming. For a substring of length 1, it is obviously a palindrome string; For a substring of length 2, it is a palindrome as long as its two letters are the same.\"},\n{\"Clue of Step 4\": \"We also need to consider the the cyclic order of dynamic programming. In the state transition equation, we are moving from a shorter string to a longer string.\"},\n{\"Clue of Step 5\": \"The final answer is the maximum length of the valid sub-strings.\"}\n]\n```\nYou can refer to the following example and generate step-by-step clues for the given problem.\n\n\n-----Clues-----\nClue of Step 1: We also need to check if the total number of students with each performance level across both groups is even; if any of them is odd, it's impossible to equalize their counts, and we should return -1.\n", "Clue of Step 2: We can utilize these differences to determine the minimum number of exchanges. The key observation is that the sum of all absolute differences (across all performance levels) divided by 2 will give the minimum number of exchanges required. This is because each exchange corrects the difference for one student in one group.\n", "Clue of Step 2: Once we confirm that all performance levels have even total counts, we should calculate the difference in the number of students for each performance level between the two groups. Specifically, for each performance level from 1 to 5, compute the difference in counts between group A and group B. The positive differences indicate how many students need to be exchanged from group A to group B, and negative differences indicate the opposite.\n"], ["\nYou will be given a problem desciption.\n\nPlease analyze the problem and generate step-by-step clues of how to solve the problem with executable python code.\n\nThe problem:\n\n\nQUESTION:\nIn Berland each high school student is characterized by academic performance \u2014 integer value between 1 and 5.\n\nIn high school 0xFF there are two groups of pupils: the group A and the group B. Each group consists of exactly n students. An academic performance of each student is known \u2014 integer value between 1 and 5.\n\nThe school director wants to redistribute students between groups so that each of the two groups has the same number of students whose academic performance is equal to 1, the same number of students whose academic performance is 2 and so on. In other words, the purpose of the school director is to change the composition of groups, so that for each value of academic performance the numbers of students in both groups are equal.\n\nTo achieve this, there is a plan to produce a series of exchanges of students between groups. During the single exchange the director selects one student from the class A and one student of class B. After that, they both change their groups.\n\nPrint the least number of exchanges, in order to achieve the desired equal numbers of students for each academic performance.\n\n\n-----Input-----\n\nThe first line of the input contains integer number n (1 \u2264 n \u2264 100) \u2014 number of students in both groups.\n\nThe second line contains sequence of integer numbers a_1, a_2, ..., a_{n} (1 \u2264 a_{i} \u2264 5), where a_{i} is academic performance of the i-th student of the group A.\n\nThe third line contains sequence of integer numbers b_1, b_2, ..., b_{n} (1 \u2264 b_{i} \u2264 5), where b_{i} is academic performance of the i-th student of the group B.\n\n\n-----Output-----\n\nPrint the required minimum number of exchanges or -1, if the desired distribution of students can not be obtained.\n\n\n-----Examples-----\nInput\n4\n5 4 4 4\n5 5 4 5\n\nOutput\n1\n\nInput\n6\n1 1 1 1 1 1\n5 5 5 5 5 5\n\nOutput\n3\n\nInput\n1\n5\n3\n\nOutput\n-1\n\nInput\n9\n3 2 5 5 2 3 3 3 2\n4 1 4 1 1 2 4 4 1\n\nOutput\n4\nUse Standard Input format\nANSWER:\n\n\nAn example of step-by-step clues for finding the longest palindrome substring is displayed below:\n\n```json\n[\n{\"Clue of Step 1\": \"For a substring, if it is a palindrome and the length is greater than 2, it is still a palindrome after the first and last letters are removed. According to this idea, we can use dynamic programming to solve this problem.\"},\n{\"Clue of Step 2\": \"Then we should consider the state transition function. We use P(i,j) to indicate whether the string composed of the i-th to j-th letters of the string s (denoted as as s[i:j]) is a palindrome string. s[i:j] is a palindrome only if s[i+1:j\u22121] is a palindrome and the i and j letters of s are the same.\"},\n{\"Clue of Step 3\": \"We also need to consider the boundary conditions in dynamic programming. For a substring of length 1, it is obviously a palindrome string; For a substring of length 2, it is a palindrome as long as its two letters are the same.\"},\n{\"Clue of Step 4\": \"We also need to consider the the cyclic order of dynamic programming. In the state transition equation, we are moving from a shorter string to a longer string.\"},\n{\"Clue of Step 5\": \"The final answer is the maximum length of the valid sub-strings.\"}\n]\n```\nYou can refer to the following example and generate step-by-step clues for the given problem.\n\n\n-----Clues-----\nClue of Step 1: We also need to check if the total number of students with each performance level across both groups is even; if any of them is odd, it's impossible to equalize their counts, and we should return -1.\n", "Clue of Step 2: To implement this, we can iterate through performance levels 1 to 5 and for each level calculate the difference in student counts between group A and group B. We then accumulate the absolute differences to compute the required number of exchanges.\n", "Clue of Step 2: We need to count the number of students with each performance level (1 to 5) in both groups A and B, and store these counts in separate arrays or dictionaries.\n"], ["\nYou will be given a problem desciption.\n\nPlease analyze the problem and generate step-by-step clues of how to solve the problem with executable python code.\n\nThe problem:\n\n\nQUESTION:\nIn Berland each high school student is characterized by academic performance \u2014 integer value between 1 and 5.\n\nIn high school 0xFF there are two groups of pupils: the group A and the group B. Each group consists of exactly n students. An academic performance of each student is known \u2014 integer value between 1 and 5.\n\nThe school director wants to redistribute students between groups so that each of the two groups has the same number of students whose academic performance is equal to 1, the same number of students whose academic performance is 2 and so on. In other words, the purpose of the school director is to change the composition of groups, so that for each value of academic performance the numbers of students in both groups are equal.\n\nTo achieve this, there is a plan to produce a series of exchanges of students between groups. During the single exchange the director selects one student from the class A and one student of class B. After that, they both change their groups.\n\nPrint the least number of exchanges, in order to achieve the desired equal numbers of students for each academic performance.\n\n\n-----Input-----\n\nThe first line of the input contains integer number n (1 \u2264 n \u2264 100) \u2014 number of students in both groups.\n\nThe second line contains sequence of integer numbers a_1, a_2, ..., a_{n} (1 \u2264 a_{i} \u2264 5), where a_{i} is academic performance of the i-th student of the group A.\n\nThe third line contains sequence of integer numbers b_1, b_2, ..., b_{n} (1 \u2264 b_{i} \u2264 5), where b_{i} is academic performance of the i-th student of the group B.\n\n\n-----Output-----\n\nPrint the required minimum number of exchanges or -1, if the desired distribution of students can not be obtained.\n\n\n-----Examples-----\nInput\n4\n5 4 4 4\n5 5 4 5\n\nOutput\n1\n\nInput\n6\n1 1 1 1 1 1\n5 5 5 5 5 5\n\nOutput\n3\n\nInput\n1\n5\n3\n\nOutput\n-1\n\nInput\n9\n3 2 5 5 2 3 3 3 2\n4 1 4 1 1 2 4 4 1\n\nOutput\n4\nUse Standard Input format\nANSWER:\n\n\nAn example of step-by-step clues for finding the longest palindrome substring is displayed below:\n\n```json\n[\n{\"Clue of Step 1\": \"For a substring, if it is a palindrome and the length is greater than 2, it is still a palindrome after the first and last letters are removed. According to this idea, we can use dynamic programming to solve this problem.\"},\n{\"Clue of Step 2\": \"Then we should consider the state transition function. We use P(i,j) to indicate whether the string composed of the i-th to j-th letters of the string s (denoted as as s[i:j]) is a palindrome string. s[i:j] is a palindrome only if s[i+1:j\u22121] is a palindrome and the i and j letters of s are the same.\"},\n{\"Clue of Step 3\": \"We also need to consider the boundary conditions in dynamic programming. For a substring of length 1, it is obviously a palindrome string; For a substring of length 2, it is a palindrome as long as its two letters are the same.\"},\n{\"Clue of Step 4\": \"We also need to consider the the cyclic order of dynamic programming. In the state transition equation, we are moving from a shorter string to a longer string.\"},\n{\"Clue of Step 5\": \"The final answer is the maximum length of the valid sub-strings.\"}\n]\n```\nYou can refer to the following example and generate step-by-step clues for the given problem.\n\n\n-----Clues-----\nClue of Step 1: We also need to check if the total number of students with each performance level across both groups is even; if any of them is odd, it's impossible to equalize their counts, and we should return -1.\n", "Clue of Step 2: To implement this, we can iterate through performance levels 1 to 5 and for each level calculate the difference in student counts between group A and group B. We then accumulate the absolute differences to compute the required number of exchanges.\n", "Clue of Step 2: Once we confirm that all performance levels have even total counts, we should calculate the difference in the number of students for each performance level between the two groups. Specifically, for each performance level from 1 to 5, compute the difference in counts between group A and group B. The positive differences indicate how many students need to be exchanged from group A to group B, and negative differences indicate the opposite.\n"]], "SFT": ["\nYou will be given a problem desciption.\n\nPlease analyze the problem and generate step-by-step clues of how to solve the problem with executable python code.\n\nThe problem:\n\n\nQUESTION:\nIn Berland each high school student is characterized by academic performance \u2014 integer value between 1 and 5.\n\nIn high school 0xFF there are two groups of pupils: the group A and the group B. Each group consists of exactly n students. An academic performance of each student is known \u2014 integer value between 1 and 5.\n\nThe school director wants to redistribute students between groups so that each of the two groups has the same number of students whose academic performance is equal to 1, the same number of students whose academic performance is 2 and so on. In other words, the purpose of the school director is to change the composition of groups, so that for each value of academic performance the numbers of students in both groups are equal.\n\nTo achieve this, there is a plan to produce a series of exchanges of students between groups. During the single exchange the director selects one student from the class A and one student of class B. After that, they both change their groups.\n\nPrint the least number of exchanges, in order to achieve the desired equal numbers of students for each academic performance.\n\n\n-----Input-----\n\nThe first line of the input contains integer number n (1 \u2264 n \u2264 100) \u2014 number of students in both groups.\n\nThe second line contains sequence of integer numbers a_1, a_2, ..., a_{n} (1 \u2264 a_{i} \u2264 5), where a_{i} is academic performance of the i-th student of the group A.\n\nThe third line contains sequence of integer numbers b_1, b_2, ..., b_{n} (1 \u2264 b_{i} \u2264 5), where b_{i} is academic performance of the i-th student of the group B.\n\n\n-----Output-----\n\nPrint the required minimum number of exchanges or -1, if the desired distribution of students can not be obtained.\n\n\n-----Examples-----\nInput\n4\n5 4 4 4\n5 5 4 5\n\nOutput\n1\n\nInput\n6\n1 1 1 1 1 1\n5 5 5 5 5 5\n\nOutput\n3\n\nInput\n1\n5\n3\n\nOutput\n-1\n\nInput\n9\n3 2 5 5 2 3 3 3 2\n4 1 4 1 1 2 4 4 1\n\nOutput\n4\nUse Standard Input format\nANSWER:\n\n\nAn example of step-by-step clues for finding the longest palindrome substring is displayed below:\n\n```json\n[\n{\"Clue of Step 1\": \"For a substring, if it is a palindrome and the length is greater than 2, it is still a palindrome after the first and last letters are removed. According to this idea, we can use dynamic programming to solve this problem.\"},\n{\"Clue of Step 2\": \"Then we should consider the state transition function. We use P(i,j) to indicate whether the string composed of the i-th to j-th letters of the string s (denoted as as s[i:j]) is a palindrome string. s[i:j] is a palindrome only if s[i+1:j\u22121] is a palindrome and the i and j letters of s are the same.\"},\n{\"Clue of Step 3\": \"We also need to consider the boundary conditions in dynamic programming. For a substring of length 1, it is obviously a palindrome string; For a substring of length 2, it is a palindrome as long as its two letters are the same.\"},\n{\"Clue of Step 4\": \"We also need to consider the the cyclic order of dynamic programming. In the state transition equation, we are moving from a shorter string to a longer string.\"},\n{\"Clue of Step 5\": \"The final answer is the maximum length of the valid sub-strings.\"}\n]\n```\nYou can refer to the following example and generate step-by-step clues for the given problem.\n\n\n-----Clues-----\nClue of Step 1: Next, we can store the counts of each performance in two separate arrays for group A and group B, where the indices represent the performance levels from 1 to 5.\n\nClue of Step 2: Calculate the difference in counts for each performance level between the two groups. For each performance level from 1 to 5, find the difference D[i] = count_A[i] - count_B[i]. The absolute value of D[i] should be even for a valid redistribution, because each exchange involves two students (one from A and one from B).\n", "```python\ndef min_exchanges_to_balance_groups(n, group_A, group_B):\n    # Count the occurrences of each academic performance in both groups\n    count_A = [group_A.count(i) for i in range(1, 6)]\n    count_B = [group_B.count(i) for i in range(1, 6)]\n    \n    # Calculate the target number of students for each performance level\n    # Both groups together should have even number of students for each performance\n    for i in range(5):\n        if (count_A[i] + count_B[i]) % 2 != 0:\n            return -1\n    \n    # Calculate the required exchanges\n    exchanges = 0\n    for i in range(1, 6):\n        # Maximum students of performance i that can be in either group\n        max_in_either_group = (count_A[i-1] + count_B[i-1]) // 2\n        \n        # If one group has more than the target, we need to exchange\n        if count_A[i-1] > max_in_either_group:\n            exchanges += count_A[i-1] - max_in_either_group\n        elif count_B[i-1] > max_in_either_group:\n            exchanges += count_B[i-1] - max_in_either_group\n    \n    # Since each exchange involves two students (one from each group), we divide by 2\n    return exchanges // 2\n\n# Read input\nn = int(input())\ngroup_A = list(map(int, input().split()))\ngroup_B = list(map(int, input().split()))\n\n# Calculate and print the result\nprint(min_exchanges_to_balance_groups(n, group_A, group_B))\n```\n\n### Explanation:\n1. **Count Occurrences**: We first count how many students in group A and group B have each academic performance level from 1 to 5.\n2. **Check Feasibility**: For each academic performance level, the total number of students in both groups must be even. If it's odd, it's impossible to split them equally between the two groups, so we return `-1`.\n3. **Calculate Exchanges**: For each performance level, the target is to have the same number of students in both groups. If one group has more than the target, exchanges are needed to balance the numbers.\n4. **Result**: The total number of exchanges is calculated, and since each exchange involves two students, we divide the total by 2 to get the minimum number of exchanges.\n\nThis solution ensures that we solve the problem in an efficient and clear manner."]}