{"StepDPO": [["\nYou will be given a problem desciption.\n\nPlease analyze the problem and generate step-by-step clues of how to solve the problem with executable python code.\n\nThe problem:\n\n\nQUESTION:\nIvan is collecting coins. There are only $N$ different collectible coins, Ivan has $K$ of them. He will be celebrating his birthday soon, so all his $M$ freinds decided to gift him coins. They all agreed to three terms:  Everyone must gift as many coins as others. All coins given to Ivan must be different. Not less than $L$ coins from gifts altogether, must be new in Ivan's collection.\n\nBut his friends don't know which coins have Ivan already got in his collection. They don't want to spend money so they want to buy minimum quantity of coins, that satisfy all terms, irrespective of the Ivan's collection. Help them to find this minimum number of coins or define it's not possible to meet all the terms.\n\n\n-----Input-----\n\nThe only line of input contains 4 integers $N$, $M$, $K$, $L$ ($1 \\le K \\le N \\le 10^{18}$; $1 \\le M, \\,\\, L \\le 10^{18}$)\u00a0\u2014 quantity of different coins, number of Ivan's friends, size of Ivan's collection and quantity of coins, that must be new in Ivan's collection.\n\n\n-----Output-----\n\nPrint one number\u00a0\u2014 minimal number of coins one friend can gift to satisfy all the conditions. If it is impossible to satisfy all three conditions print \"-1\" (without quotes).\n\n\n-----Examples-----\nInput\n20 15 2 3\n\nOutput\n1\nInput\n10 11 2 4\n\nOutput\n-1\n\n\n-----Note-----\n\nIn the first test, one coin from each friend is enough, as he will be presented with 15 different coins and 13 of them will definitely be new.\n\nIn the second test, Ivan has 11 friends, but there are only 10 different coins. So all friends can't present him different coins.\nUse Standard Input format\nANSWER:\n\n\nAn example of step-by-step clues for finding the longest palindrome substring is displayed below:\n\n```json\n[\n{\"Clue of Step 1\": \"For a substring, if it is a palindrome and the length is greater than 2, it is still a palindrome after the first and last letters are removed. According to this idea, we can use dynamic programming to solve this problem.\"},\n{\"Clue of Step 2\": \"Then we should consider the state transition function. We use P(i,j) to indicate whether the string composed of the i-th to j-th letters of the string s (denoted as as s[i:j]) is a palindrome string. s[i:j] is a palindrome only if s[i+1:j\u22121] is a palindrome and the i and j letters of s are the same.\"},\n{\"Clue of Step 3\": \"We also need to consider the boundary conditions in dynamic programming. For a substring of length 1, it is obviously a palindrome string; For a substring of length 2, it is a palindrome as long as its two letters are the same.\"},\n{\"Clue of Step 4\": \"We also need to consider the the cyclic order of dynamic programming. In the state transition equation, we are moving from a shorter string to a longer string.\"},\n{\"Clue of Step 5\": \"The final answer is the maximum length of the valid sub-strings.\"}\n]\n```\nYou can refer to the following example and generate step-by-step clues for the given problem.\n\n\n-----Clues-----\nClue of Step 1: First, we must ensure that the total number of unique coins that can be given, which is M multiplied by x (where x is the number of coins each friend gifts), does not exceed N.\n", "Clue of Step 2: We need to ensure that the total new coins given by friends, which is calculated as M times x (where x is the coins each friend gifts), must be at least L. This can be represented by the inequality M * x >= L.\n", "Clue of Step 2: Using both inequalities (M * x >= L and K + M * x <= N), we can solve for x to find the minimum number of coins each friend can gift, ensuring both conditions are met simultaneously.\n"], ["\nYou will be given a problem desciption.\n\nPlease analyze the problem and generate step-by-step clues of how to solve the problem with executable python code.\n\nThe problem:\n\n\nQUESTION:\nIvan is collecting coins. There are only $N$ different collectible coins, Ivan has $K$ of them. He will be celebrating his birthday soon, so all his $M$ freinds decided to gift him coins. They all agreed to three terms:  Everyone must gift as many coins as others. All coins given to Ivan must be different. Not less than $L$ coins from gifts altogether, must be new in Ivan's collection.\n\nBut his friends don't know which coins have Ivan already got in his collection. They don't want to spend money so they want to buy minimum quantity of coins, that satisfy all terms, irrespective of the Ivan's collection. Help them to find this minimum number of coins or define it's not possible to meet all the terms.\n\n\n-----Input-----\n\nThe only line of input contains 4 integers $N$, $M$, $K$, $L$ ($1 \\le K \\le N \\le 10^{18}$; $1 \\le M, \\,\\, L \\le 10^{18}$)\u00a0\u2014 quantity of different coins, number of Ivan's friends, size of Ivan's collection and quantity of coins, that must be new in Ivan's collection.\n\n\n-----Output-----\n\nPrint one number\u00a0\u2014 minimal number of coins one friend can gift to satisfy all the conditions. If it is impossible to satisfy all three conditions print \"-1\" (without quotes).\n\n\n-----Examples-----\nInput\n20 15 2 3\n\nOutput\n1\nInput\n10 11 2 4\n\nOutput\n-1\n\n\n-----Note-----\n\nIn the first test, one coin from each friend is enough, as he will be presented with 15 different coins and 13 of them will definitely be new.\n\nIn the second test, Ivan has 11 friends, but there are only 10 different coins. So all friends can't present him different coins.\nUse Standard Input format\nANSWER:\n\n\nAn example of step-by-step clues for finding the longest palindrome substring is displayed below:\n\n```json\n[\n{\"Clue of Step 1\": \"For a substring, if it is a palindrome and the length is greater than 2, it is still a palindrome after the first and last letters are removed. According to this idea, we can use dynamic programming to solve this problem.\"},\n{\"Clue of Step 2\": \"Then we should consider the state transition function. We use P(i,j) to indicate whether the string composed of the i-th to j-th letters of the string s (denoted as as s[i:j]) is a palindrome string. s[i:j] is a palindrome only if s[i+1:j\u22121] is a palindrome and the i and j letters of s are the same.\"},\n{\"Clue of Step 3\": \"We also need to consider the boundary conditions in dynamic programming. For a substring of length 1, it is obviously a palindrome string; For a substring of length 2, it is a palindrome as long as its two letters are the same.\"},\n{\"Clue of Step 4\": \"We also need to consider the the cyclic order of dynamic programming. In the state transition equation, we are moving from a shorter string to a longer string.\"},\n{\"Clue of Step 5\": \"The final answer is the maximum length of the valid sub-strings.\"}\n]\n```\nYou can refer to the following example and generate step-by-step clues for the given problem.\n\n\n-----Clues-----\nClue of Step 1: First, we must ensure that the total number of unique coins that can be given, which is M multiplied by x (where x is the number of coins each friend gifts), does not exceed N.\n", "Clue of Step 2: We need to ensure that the total new coins given by friends, which is calculated as M times x (where x is the coins each friend gifts), must be at least L. This can be represented by the inequality M * x >= L.\n", "Clue of Step 2: We need to ensure that the total number of different coins gifted by all friends, which is $ M \\times x $, is at least $ L $ (the number of coins that must be new for Ivan). Therefore, we should have the inequality $ M \\times x \\geq L $ to guarantee enough new coins are given to Ivan.\n"], ["\nYou will be given a problem desciption.\n\nPlease analyze the problem and generate step-by-step clues of how to solve the problem with executable python code.\n\nThe problem:\n\n\nQUESTION:\nIvan is collecting coins. There are only $N$ different collectible coins, Ivan has $K$ of them. He will be celebrating his birthday soon, so all his $M$ freinds decided to gift him coins. They all agreed to three terms:  Everyone must gift as many coins as others. All coins given to Ivan must be different. Not less than $L$ coins from gifts altogether, must be new in Ivan's collection.\n\nBut his friends don't know which coins have Ivan already got in his collection. They don't want to spend money so they want to buy minimum quantity of coins, that satisfy all terms, irrespective of the Ivan's collection. Help them to find this minimum number of coins or define it's not possible to meet all the terms.\n\n\n-----Input-----\n\nThe only line of input contains 4 integers $N$, $M$, $K$, $L$ ($1 \\le K \\le N \\le 10^{18}$; $1 \\le M, \\,\\, L \\le 10^{18}$)\u00a0\u2014 quantity of different coins, number of Ivan's friends, size of Ivan's collection and quantity of coins, that must be new in Ivan's collection.\n\n\n-----Output-----\n\nPrint one number\u00a0\u2014 minimal number of coins one friend can gift to satisfy all the conditions. If it is impossible to satisfy all three conditions print \"-1\" (without quotes).\n\n\n-----Examples-----\nInput\n20 15 2 3\n\nOutput\n1\nInput\n10 11 2 4\n\nOutput\n-1\n\n\n-----Note-----\n\nIn the first test, one coin from each friend is enough, as he will be presented with 15 different coins and 13 of them will definitely be new.\n\nIn the second test, Ivan has 11 friends, but there are only 10 different coins. So all friends can't present him different coins.\nUse Standard Input format\nANSWER:\n\n\nAn example of step-by-step clues for finding the longest palindrome substring is displayed below:\n\n```json\n[\n{\"Clue of Step 1\": \"For a substring, if it is a palindrome and the length is greater than 2, it is still a palindrome after the first and last letters are removed. According to this idea, we can use dynamic programming to solve this problem.\"},\n{\"Clue of Step 2\": \"Then we should consider the state transition function. We use P(i,j) to indicate whether the string composed of the i-th to j-th letters of the string s (denoted as as s[i:j]) is a palindrome string. s[i:j] is a palindrome only if s[i+1:j\u22121] is a palindrome and the i and j letters of s are the same.\"},\n{\"Clue of Step 3\": \"We also need to consider the boundary conditions in dynamic programming. For a substring of length 1, it is obviously a palindrome string; For a substring of length 2, it is a palindrome as long as its two letters are the same.\"},\n{\"Clue of Step 4\": \"We also need to consider the the cyclic order of dynamic programming. In the state transition equation, we are moving from a shorter string to a longer string.\"},\n{\"Clue of Step 5\": \"The final answer is the maximum length of the valid sub-strings.\"}\n]\n```\nYou can refer to the following example and generate step-by-step clues for the given problem.\n\n\n-----Clues-----\nClue of Step 1: First, we must ensure that the total number of unique coins that can be given, which is M multiplied by x (where x is the number of coins each friend gifts), does not exceed N.\n", "Clue of Step 2: To satisfy the uniqueness condition, we also need to verify that K + M * x must not exceed N. This means the total coins Ivan will have after receiving gifts must still remain within the total available unique coins.\n", "Clue of Step 2: Using both inequalities (M * x >= L and K + M * x <= N), we can solve for x to find the minimum number of coins each friend can gift, ensuring both conditions are met simultaneously.\n"], ["\nYou will be given a problem desciption.\n\nPlease analyze the problem and generate step-by-step clues of how to solve the problem with executable python code.\n\nThe problem:\n\n\nQUESTION:\nIvan is collecting coins. There are only $N$ different collectible coins, Ivan has $K$ of them. He will be celebrating his birthday soon, so all his $M$ freinds decided to gift him coins. They all agreed to three terms:  Everyone must gift as many coins as others. All coins given to Ivan must be different. Not less than $L$ coins from gifts altogether, must be new in Ivan's collection.\n\nBut his friends don't know which coins have Ivan already got in his collection. They don't want to spend money so they want to buy minimum quantity of coins, that satisfy all terms, irrespective of the Ivan's collection. Help them to find this minimum number of coins or define it's not possible to meet all the terms.\n\n\n-----Input-----\n\nThe only line of input contains 4 integers $N$, $M$, $K$, $L$ ($1 \\le K \\le N \\le 10^{18}$; $1 \\le M, \\,\\, L \\le 10^{18}$)\u00a0\u2014 quantity of different coins, number of Ivan's friends, size of Ivan's collection and quantity of coins, that must be new in Ivan's collection.\n\n\n-----Output-----\n\nPrint one number\u00a0\u2014 minimal number of coins one friend can gift to satisfy all the conditions. If it is impossible to satisfy all three conditions print \"-1\" (without quotes).\n\n\n-----Examples-----\nInput\n20 15 2 3\n\nOutput\n1\nInput\n10 11 2 4\n\nOutput\n-1\n\n\n-----Note-----\n\nIn the first test, one coin from each friend is enough, as he will be presented with 15 different coins and 13 of them will definitely be new.\n\nIn the second test, Ivan has 11 friends, but there are only 10 different coins. So all friends can't present him different coins.\nUse Standard Input format\nANSWER:\n\n\nAn example of step-by-step clues for finding the longest palindrome substring is displayed below:\n\n```json\n[\n{\"Clue of Step 1\": \"For a substring, if it is a palindrome and the length is greater than 2, it is still a palindrome after the first and last letters are removed. According to this idea, we can use dynamic programming to solve this problem.\"},\n{\"Clue of Step 2\": \"Then we should consider the state transition function. We use P(i,j) to indicate whether the string composed of the i-th to j-th letters of the string s (denoted as as s[i:j]) is a palindrome string. s[i:j] is a palindrome only if s[i+1:j\u22121] is a palindrome and the i and j letters of s are the same.\"},\n{\"Clue of Step 3\": \"We also need to consider the boundary conditions in dynamic programming. For a substring of length 1, it is obviously a palindrome string; For a substring of length 2, it is a palindrome as long as its two letters are the same.\"},\n{\"Clue of Step 4\": \"We also need to consider the the cyclic order of dynamic programming. In the state transition equation, we are moving from a shorter string to a longer string.\"},\n{\"Clue of Step 5\": \"The final answer is the maximum length of the valid sub-strings.\"}\n]\n```\nYou can refer to the following example and generate step-by-step clues for the given problem.\n\n\n-----Clues-----\nClue of Step 1: First, we must ensure that the total number of unique coins that can be given, which is M multiplied by x (where x is the number of coins each friend gifts), does not exceed N.\n", "Clue of Step 2: To satisfy the uniqueness condition, we also need to verify that K + M * x must not exceed N. This means the total coins Ivan will have after receiving gifts must still remain within the total available unique coins.\n", "Clue of Step 2: We need to ensure that the total number of different coins gifted by all friends, which is $ M \\times x $, is at least $ L $ (the number of coins that must be new for Ivan). Therefore, we should have the inequality $ M \\times x \\geq L $ to guarantee enough new coins are given to Ivan.\n"], ["\nYou will be given a problem desciption.\n\nPlease analyze the problem and generate step-by-step clues of how to solve the problem with executable python code.\n\nThe problem:\n\n\nQUESTION:\nIvan is collecting coins. There are only $N$ different collectible coins, Ivan has $K$ of them. He will be celebrating his birthday soon, so all his $M$ freinds decided to gift him coins. They all agreed to three terms:  Everyone must gift as many coins as others. All coins given to Ivan must be different. Not less than $L$ coins from gifts altogether, must be new in Ivan's collection.\n\nBut his friends don't know which coins have Ivan already got in his collection. They don't want to spend money so they want to buy minimum quantity of coins, that satisfy all terms, irrespective of the Ivan's collection. Help them to find this minimum number of coins or define it's not possible to meet all the terms.\n\n\n-----Input-----\n\nThe only line of input contains 4 integers $N$, $M$, $K$, $L$ ($1 \\le K \\le N \\le 10^{18}$; $1 \\le M, \\,\\, L \\le 10^{18}$)\u00a0\u2014 quantity of different coins, number of Ivan's friends, size of Ivan's collection and quantity of coins, that must be new in Ivan's collection.\n\n\n-----Output-----\n\nPrint one number\u00a0\u2014 minimal number of coins one friend can gift to satisfy all the conditions. If it is impossible to satisfy all three conditions print \"-1\" (without quotes).\n\n\n-----Examples-----\nInput\n20 15 2 3\n\nOutput\n1\nInput\n10 11 2 4\n\nOutput\n-1\n\n\n-----Note-----\n\nIn the first test, one coin from each friend is enough, as he will be presented with 15 different coins and 13 of them will definitely be new.\n\nIn the second test, Ivan has 11 friends, but there are only 10 different coins. So all friends can't present him different coins.\nUse Standard Input format\nANSWER:\n\n\nAn example of step-by-step clues for finding the longest palindrome substring is displayed below:\n\n```json\n[\n{\"Clue of Step 1\": \"For a substring, if it is a palindrome and the length is greater than 2, it is still a palindrome after the first and last letters are removed. According to this idea, we can use dynamic programming to solve this problem.\"},\n{\"Clue of Step 2\": \"Then we should consider the state transition function. We use P(i,j) to indicate whether the string composed of the i-th to j-th letters of the string s (denoted as as s[i:j]) is a palindrome string. s[i:j] is a palindrome only if s[i+1:j\u22121] is a palindrome and the i and j letters of s are the same.\"},\n{\"Clue of Step 3\": \"We also need to consider the boundary conditions in dynamic programming. For a substring of length 1, it is obviously a palindrome string; For a substring of length 2, it is a palindrome as long as its two letters are the same.\"},\n{\"Clue of Step 4\": \"We also need to consider the the cyclic order of dynamic programming. In the state transition equation, we are moving from a shorter string to a longer string.\"},\n{\"Clue of Step 5\": \"The final answer is the maximum length of the valid sub-strings.\"}\n]\n```\nYou can refer to the following example and generate step-by-step clues for the given problem.\n\n\n-----Clues-----\nClue of Step 1: First, we must ensure that the total number of unique coins that can be given, which is M multiplied by x (where x is the number of coins each friend gifts), does not exceed N.\n", "Clue of Step 2: Since each friend must gift different coins, the maximum number of coins each friend can gift is constrained by the total number of different coins $ N $ and the number of friends $ M $. Specifically, we must have $ x \\leq \\frac{N}{M} $ to ensure that friends do not gift more coins than available.\n", "Clue of Step 2: Using both inequalities (M * x >= L and K + M * x <= N), we can solve for x to find the minimum number of coins each friend can gift, ensuring both conditions are met simultaneously.\n"], ["\nYou will be given a problem desciption.\n\nPlease analyze the problem and generate step-by-step clues of how to solve the problem with executable python code.\n\nThe problem:\n\n\nQUESTION:\nIvan is collecting coins. There are only $N$ different collectible coins, Ivan has $K$ of them. He will be celebrating his birthday soon, so all his $M$ freinds decided to gift him coins. They all agreed to three terms:  Everyone must gift as many coins as others. All coins given to Ivan must be different. Not less than $L$ coins from gifts altogether, must be new in Ivan's collection.\n\nBut his friends don't know which coins have Ivan already got in his collection. They don't want to spend money so they want to buy minimum quantity of coins, that satisfy all terms, irrespective of the Ivan's collection. Help them to find this minimum number of coins or define it's not possible to meet all the terms.\n\n\n-----Input-----\n\nThe only line of input contains 4 integers $N$, $M$, $K$, $L$ ($1 \\le K \\le N \\le 10^{18}$; $1 \\le M, \\,\\, L \\le 10^{18}$)\u00a0\u2014 quantity of different coins, number of Ivan's friends, size of Ivan's collection and quantity of coins, that must be new in Ivan's collection.\n\n\n-----Output-----\n\nPrint one number\u00a0\u2014 minimal number of coins one friend can gift to satisfy all the conditions. If it is impossible to satisfy all three conditions print \"-1\" (without quotes).\n\n\n-----Examples-----\nInput\n20 15 2 3\n\nOutput\n1\nInput\n10 11 2 4\n\nOutput\n-1\n\n\n-----Note-----\n\nIn the first test, one coin from each friend is enough, as he will be presented with 15 different coins and 13 of them will definitely be new.\n\nIn the second test, Ivan has 11 friends, but there are only 10 different coins. So all friends can't present him different coins.\nUse Standard Input format\nANSWER:\n\n\nAn example of step-by-step clues for finding the longest palindrome substring is displayed below:\n\n```json\n[\n{\"Clue of Step 1\": \"For a substring, if it is a palindrome and the length is greater than 2, it is still a palindrome after the first and last letters are removed. According to this idea, we can use dynamic programming to solve this problem.\"},\n{\"Clue of Step 2\": \"Then we should consider the state transition function. We use P(i,j) to indicate whether the string composed of the i-th to j-th letters of the string s (denoted as as s[i:j]) is a palindrome string. s[i:j] is a palindrome only if s[i+1:j\u22121] is a palindrome and the i and j letters of s are the same.\"},\n{\"Clue of Step 3\": \"We also need to consider the boundary conditions in dynamic programming. For a substring of length 1, it is obviously a palindrome string; For a substring of length 2, it is a palindrome as long as its two letters are the same.\"},\n{\"Clue of Step 4\": \"We also need to consider the the cyclic order of dynamic programming. In the state transition equation, we are moving from a shorter string to a longer string.\"},\n{\"Clue of Step 5\": \"The final answer is the maximum length of the valid sub-strings.\"}\n]\n```\nYou can refer to the following example and generate step-by-step clues for the given problem.\n\n\n-----Clues-----\nClue of Step 1: First, we must ensure that the total number of unique coins that can be given, which is M multiplied by x (where x is the number of coins each friend gifts), does not exceed N.\n", "Clue of Step 2: Since each friend must gift different coins, the maximum number of coins each friend can gift is constrained by the total number of different coins $ N $ and the number of friends $ M $. Specifically, we must have $ x \\leq \\frac{N}{M} $ to ensure that friends do not gift more coins than available.\n", "Clue of Step 2: We need to ensure that the total number of different coins gifted by all friends, which is $ M \\times x $, is at least $ L $ (the number of coins that must be new for Ivan). Therefore, we should have the inequality $ M \\times x \\geq L $ to guarantee enough new coins are given to Ivan.\n"], ["\nYou will be given a problem desciption.\n\nPlease analyze the problem and generate step-by-step clues of how to solve the problem with executable python code.\n\nThe problem:\n\n\nQUESTION:\nIvan is collecting coins. There are only $N$ different collectible coins, Ivan has $K$ of them. He will be celebrating his birthday soon, so all his $M$ freinds decided to gift him coins. They all agreed to three terms:  Everyone must gift as many coins as others. All coins given to Ivan must be different. Not less than $L$ coins from gifts altogether, must be new in Ivan's collection.\n\nBut his friends don't know which coins have Ivan already got in his collection. They don't want to spend money so they want to buy minimum quantity of coins, that satisfy all terms, irrespective of the Ivan's collection. Help them to find this minimum number of coins or define it's not possible to meet all the terms.\n\n\n-----Input-----\n\nThe only line of input contains 4 integers $N$, $M$, $K$, $L$ ($1 \\le K \\le N \\le 10^{18}$; $1 \\le M, \\,\\, L \\le 10^{18}$)\u00a0\u2014 quantity of different coins, number of Ivan's friends, size of Ivan's collection and quantity of coins, that must be new in Ivan's collection.\n\n\n-----Output-----\n\nPrint one number\u00a0\u2014 minimal number of coins one friend can gift to satisfy all the conditions. If it is impossible to satisfy all three conditions print \"-1\" (without quotes).\n\n\n-----Examples-----\nInput\n20 15 2 3\n\nOutput\n1\nInput\n10 11 2 4\n\nOutput\n-1\n\n\n-----Note-----\n\nIn the first test, one coin from each friend is enough, as he will be presented with 15 different coins and 13 of them will definitely be new.\n\nIn the second test, Ivan has 11 friends, but there are only 10 different coins. So all friends can't present him different coins.\nUse Standard Input format\nANSWER:\n\n\nAn example of step-by-step clues for finding the longest palindrome substring is displayed below:\n\n```json\n[\n{\"Clue of Step 1\": \"For a substring, if it is a palindrome and the length is greater than 2, it is still a palindrome after the first and last letters are removed. According to this idea, we can use dynamic programming to solve this problem.\"},\n{\"Clue of Step 2\": \"Then we should consider the state transition function. We use P(i,j) to indicate whether the string composed of the i-th to j-th letters of the string s (denoted as as s[i:j]) is a palindrome string. s[i:j] is a palindrome only if s[i+1:j\u22121] is a palindrome and the i and j letters of s are the same.\"},\n{\"Clue of Step 3\": \"We also need to consider the boundary conditions in dynamic programming. For a substring of length 1, it is obviously a palindrome string; For a substring of length 2, it is a palindrome as long as its two letters are the same.\"},\n{\"Clue of Step 4\": \"We also need to consider the the cyclic order of dynamic programming. In the state transition equation, we are moving from a shorter string to a longer string.\"},\n{\"Clue of Step 5\": \"The final answer is the maximum length of the valid sub-strings.\"}\n]\n```\nYou can refer to the following example and generate step-by-step clues for the given problem.\n\n\n-----Clues-----\nClue of Step 1: First, we must ensure that the total number of unique coins that can be given, which is M multiplied by x (where x is the number of coins each friend gifts), does not exceed N.\n", "Clue of Step 2: We also need to ensure that the number of new coins is at least $ L $. Given that Ivan already has $ K $ coins, the number of new coins from the gifts is $ M \\times x - K $, so we need to ensure $ M \\times x - K \\geq L $. This ensures that the number of new coins gifted is sufficient.\n", "Clue of Step 2: Using both inequalities (M * x >= L and K + M * x <= N), we can solve for x to find the minimum number of coins each friend can gift, ensuring both conditions are met simultaneously.\n"], ["\nYou will be given a problem desciption.\n\nPlease analyze the problem and generate step-by-step clues of how to solve the problem with executable python code.\n\nThe problem:\n\n\nQUESTION:\nIvan is collecting coins. There are only $N$ different collectible coins, Ivan has $K$ of them. He will be celebrating his birthday soon, so all his $M$ freinds decided to gift him coins. They all agreed to three terms:  Everyone must gift as many coins as others. All coins given to Ivan must be different. Not less than $L$ coins from gifts altogether, must be new in Ivan's collection.\n\nBut his friends don't know which coins have Ivan already got in his collection. They don't want to spend money so they want to buy minimum quantity of coins, that satisfy all terms, irrespective of the Ivan's collection. Help them to find this minimum number of coins or define it's not possible to meet all the terms.\n\n\n-----Input-----\n\nThe only line of input contains 4 integers $N$, $M$, $K$, $L$ ($1 \\le K \\le N \\le 10^{18}$; $1 \\le M, \\,\\, L \\le 10^{18}$)\u00a0\u2014 quantity of different coins, number of Ivan's friends, size of Ivan's collection and quantity of coins, that must be new in Ivan's collection.\n\n\n-----Output-----\n\nPrint one number\u00a0\u2014 minimal number of coins one friend can gift to satisfy all the conditions. If it is impossible to satisfy all three conditions print \"-1\" (without quotes).\n\n\n-----Examples-----\nInput\n20 15 2 3\n\nOutput\n1\nInput\n10 11 2 4\n\nOutput\n-1\n\n\n-----Note-----\n\nIn the first test, one coin from each friend is enough, as he will be presented with 15 different coins and 13 of them will definitely be new.\n\nIn the second test, Ivan has 11 friends, but there are only 10 different coins. So all friends can't present him different coins.\nUse Standard Input format\nANSWER:\n\n\nAn example of step-by-step clues for finding the longest palindrome substring is displayed below:\n\n```json\n[\n{\"Clue of Step 1\": \"For a substring, if it is a palindrome and the length is greater than 2, it is still a palindrome after the first and last letters are removed. According to this idea, we can use dynamic programming to solve this problem.\"},\n{\"Clue of Step 2\": \"Then we should consider the state transition function. We use P(i,j) to indicate whether the string composed of the i-th to j-th letters of the string s (denoted as as s[i:j]) is a palindrome string. s[i:j] is a palindrome only if s[i+1:j\u22121] is a palindrome and the i and j letters of s are the same.\"},\n{\"Clue of Step 3\": \"We also need to consider the boundary conditions in dynamic programming. For a substring of length 1, it is obviously a palindrome string; For a substring of length 2, it is a palindrome as long as its two letters are the same.\"},\n{\"Clue of Step 4\": \"We also need to consider the the cyclic order of dynamic programming. In the state transition equation, we are moving from a shorter string to a longer string.\"},\n{\"Clue of Step 5\": \"The final answer is the maximum length of the valid sub-strings.\"}\n]\n```\nYou can refer to the following example and generate step-by-step clues for the given problem.\n\n\n-----Clues-----\nClue of Step 1: First, we must ensure that the total number of unique coins that can be given, which is M multiplied by x (where x is the number of coins each friend gifts), does not exceed N.\n", "Clue of Step 2: We also need to ensure that the number of new coins is at least $ L $. Given that Ivan already has $ K $ coins, the number of new coins from the gifts is $ M \\times x - K $, so we need to ensure $ M \\times x - K \\geq L $. This ensures that the number of new coins gifted is sufficient.\n", "Clue of Step 2: We need to ensure that the total number of different coins gifted by all friends, which is $ M \\times x $, is at least $ L $ (the number of coins that must be new for Ivan). Therefore, we should have the inequality $ M \\times x \\geq L $ to guarantee enough new coins are given to Ivan.\n"], ["\nYou will be given a problem desciption.\n\nPlease analyze the problem and generate step-by-step clues of how to solve the problem with executable python code.\n\nThe problem:\n\n\nQUESTION:\nIvan is collecting coins. There are only $N$ different collectible coins, Ivan has $K$ of them. He will be celebrating his birthday soon, so all his $M$ freinds decided to gift him coins. They all agreed to three terms:  Everyone must gift as many coins as others. All coins given to Ivan must be different. Not less than $L$ coins from gifts altogether, must be new in Ivan's collection.\n\nBut his friends don't know which coins have Ivan already got in his collection. They don't want to spend money so they want to buy minimum quantity of coins, that satisfy all terms, irrespective of the Ivan's collection. Help them to find this minimum number of coins or define it's not possible to meet all the terms.\n\n\n-----Input-----\n\nThe only line of input contains 4 integers $N$, $M$, $K$, $L$ ($1 \\le K \\le N \\le 10^{18}$; $1 \\le M, \\,\\, L \\le 10^{18}$)\u00a0\u2014 quantity of different coins, number of Ivan's friends, size of Ivan's collection and quantity of coins, that must be new in Ivan's collection.\n\n\n-----Output-----\n\nPrint one number\u00a0\u2014 minimal number of coins one friend can gift to satisfy all the conditions. If it is impossible to satisfy all three conditions print \"-1\" (without quotes).\n\n\n-----Examples-----\nInput\n20 15 2 3\n\nOutput\n1\nInput\n10 11 2 4\n\nOutput\n-1\n\n\n-----Note-----\n\nIn the first test, one coin from each friend is enough, as he will be presented with 15 different coins and 13 of them will definitely be new.\n\nIn the second test, Ivan has 11 friends, but there are only 10 different coins. So all friends can't present him different coins.\nUse Standard Input format\nANSWER:\n\n\nAn example of step-by-step clues for finding the longest palindrome substring is displayed below:\n\n```json\n[\n{\"Clue of Step 1\": \"For a substring, if it is a palindrome and the length is greater than 2, it is still a palindrome after the first and last letters are removed. According to this idea, we can use dynamic programming to solve this problem.\"},\n{\"Clue of Step 2\": \"Then we should consider the state transition function. We use P(i,j) to indicate whether the string composed of the i-th to j-th letters of the string s (denoted as as s[i:j]) is a palindrome string. s[i:j] is a palindrome only if s[i+1:j\u22121] is a palindrome and the i and j letters of s are the same.\"},\n{\"Clue of Step 3\": \"We also need to consider the boundary conditions in dynamic programming. For a substring of length 1, it is obviously a palindrome string; For a substring of length 2, it is a palindrome as long as its two letters are the same.\"},\n{\"Clue of Step 4\": \"We also need to consider the the cyclic order of dynamic programming. In the state transition equation, we are moving from a shorter string to a longer string.\"},\n{\"Clue of Step 5\": \"The final answer is the maximum length of the valid sub-strings.\"}\n]\n```\nYou can refer to the following example and generate step-by-step clues for the given problem.\n\n\n-----Clues-----\nClue of Step 1: Start by analyzing the constraints and calculating the maximum number of new coins Ivan can receive from his friends. This involves checking if it's possible for each friend to gift different coins, which is limited by the total number of collectible coins $N$.\n", "Clue of Step 2: Calculate the maximum number of new coins that can be gifted by determining the remaining number of collectible coins after accounting for those Ivan already has. This can be expressed as 'remaining_coins = N - K'.\n", "Clue of Step 2: Determine if the number of friends M exceeds the total number of collectible coins N. If M > N, return -1 immediately, since it's impossible for each friend to gift a different coin.\n"], ["\nYou will be given a problem desciption.\n\nPlease analyze the problem and generate step-by-step clues of how to solve the problem with executable python code.\n\nThe problem:\n\n\nQUESTION:\nIvan is collecting coins. There are only $N$ different collectible coins, Ivan has $K$ of them. He will be celebrating his birthday soon, so all his $M$ freinds decided to gift him coins. They all agreed to three terms:  Everyone must gift as many coins as others. All coins given to Ivan must be different. Not less than $L$ coins from gifts altogether, must be new in Ivan's collection.\n\nBut his friends don't know which coins have Ivan already got in his collection. They don't want to spend money so they want to buy minimum quantity of coins, that satisfy all terms, irrespective of the Ivan's collection. Help them to find this minimum number of coins or define it's not possible to meet all the terms.\n\n\n-----Input-----\n\nThe only line of input contains 4 integers $N$, $M$, $K$, $L$ ($1 \\le K \\le N \\le 10^{18}$; $1 \\le M, \\,\\, L \\le 10^{18}$)\u00a0\u2014 quantity of different coins, number of Ivan's friends, size of Ivan's collection and quantity of coins, that must be new in Ivan's collection.\n\n\n-----Output-----\n\nPrint one number\u00a0\u2014 minimal number of coins one friend can gift to satisfy all the conditions. If it is impossible to satisfy all three conditions print \"-1\" (without quotes).\n\n\n-----Examples-----\nInput\n20 15 2 3\n\nOutput\n1\nInput\n10 11 2 4\n\nOutput\n-1\n\n\n-----Note-----\n\nIn the first test, one coin from each friend is enough, as he will be presented with 15 different coins and 13 of them will definitely be new.\n\nIn the second test, Ivan has 11 friends, but there are only 10 different coins. So all friends can't present him different coins.\nUse Standard Input format\nANSWER:\n\n\nAn example of step-by-step clues for finding the longest palindrome substring is displayed below:\n\n```json\n[\n{\"Clue of Step 1\": \"For a substring, if it is a palindrome and the length is greater than 2, it is still a palindrome after the first and last letters are removed. According to this idea, we can use dynamic programming to solve this problem.\"},\n{\"Clue of Step 2\": \"Then we should consider the state transition function. We use P(i,j) to indicate whether the string composed of the i-th to j-th letters of the string s (denoted as as s[i:j]) is a palindrome string. s[i:j] is a palindrome only if s[i+1:j\u22121] is a palindrome and the i and j letters of s are the same.\"},\n{\"Clue of Step 3\": \"We also need to consider the boundary conditions in dynamic programming. For a substring of length 1, it is obviously a palindrome string; For a substring of length 2, it is a palindrome as long as its two letters are the same.\"},\n{\"Clue of Step 4\": \"We also need to consider the the cyclic order of dynamic programming. In the state transition equation, we are moving from a shorter string to a longer string.\"},\n{\"Clue of Step 5\": \"The final answer is the maximum length of the valid sub-strings.\"}\n]\n```\nYou can refer to the following example and generate step-by-step clues for the given problem.\n\n\n-----Clues-----\nClue of Step 1: Start by analyzing the constraints and calculating the maximum number of new coins Ivan can receive from his friends. This involves checking if it's possible for each friend to gift different coins, which is limited by the total number of collectible coins $N$.\n", "Clue of Step 2: Calculate the required number of coins each friend must gift to satisfy the condition of 'L' new coins, using the equation 'x * M >= L' where 'x' represents the number of coins each friend gifts. Then, ensure that 'x' does not exceed the 'remaining_coins' available.\n", "Clue of Step 2: Determine if the number of friends M exceeds the total number of collectible coins N. If M > N, return -1 immediately, since it's impossible for each friend to gift a different coin.\n"], ["\nYou will be given a problem desciption.\n\nPlease analyze the problem and generate step-by-step clues of how to solve the problem with executable python code.\n\nThe problem:\n\n\nQUESTION:\nIvan is collecting coins. There are only $N$ different collectible coins, Ivan has $K$ of them. He will be celebrating his birthday soon, so all his $M$ freinds decided to gift him coins. They all agreed to three terms:  Everyone must gift as many coins as others. All coins given to Ivan must be different. Not less than $L$ coins from gifts altogether, must be new in Ivan's collection.\n\nBut his friends don't know which coins have Ivan already got in his collection. They don't want to spend money so they want to buy minimum quantity of coins, that satisfy all terms, irrespective of the Ivan's collection. Help them to find this minimum number of coins or define it's not possible to meet all the terms.\n\n\n-----Input-----\n\nThe only line of input contains 4 integers $N$, $M$, $K$, $L$ ($1 \\le K \\le N \\le 10^{18}$; $1 \\le M, \\,\\, L \\le 10^{18}$)\u00a0\u2014 quantity of different coins, number of Ivan's friends, size of Ivan's collection and quantity of coins, that must be new in Ivan's collection.\n\n\n-----Output-----\n\nPrint one number\u00a0\u2014 minimal number of coins one friend can gift to satisfy all the conditions. If it is impossible to satisfy all three conditions print \"-1\" (without quotes).\n\n\n-----Examples-----\nInput\n20 15 2 3\n\nOutput\n1\nInput\n10 11 2 4\n\nOutput\n-1\n\n\n-----Note-----\n\nIn the first test, one coin from each friend is enough, as he will be presented with 15 different coins and 13 of them will definitely be new.\n\nIn the second test, Ivan has 11 friends, but there are only 10 different coins. So all friends can't present him different coins.\nUse Standard Input format\nANSWER:\n\n\nAn example of step-by-step clues for finding the longest palindrome substring is displayed below:\n\n```json\n[\n{\"Clue of Step 1\": \"For a substring, if it is a palindrome and the length is greater than 2, it is still a palindrome after the first and last letters are removed. According to this idea, we can use dynamic programming to solve this problem.\"},\n{\"Clue of Step 2\": \"Then we should consider the state transition function. We use P(i,j) to indicate whether the string composed of the i-th to j-th letters of the string s (denoted as as s[i:j]) is a palindrome string. s[i:j] is a palindrome only if s[i+1:j\u22121] is a palindrome and the i and j letters of s are the same.\"},\n{\"Clue of Step 3\": \"We also need to consider the boundary conditions in dynamic programming. For a substring of length 1, it is obviously a palindrome string; For a substring of length 2, it is a palindrome as long as its two letters are the same.\"},\n{\"Clue of Step 4\": \"We also need to consider the the cyclic order of dynamic programming. In the state transition equation, we are moving from a shorter string to a longer string.\"},\n{\"Clue of Step 5\": \"The final answer is the maximum length of the valid sub-strings.\"}\n]\n```\nYou can refer to the following example and generate step-by-step clues for the given problem.\n\n\n-----Clues-----\nClue of Step 1: Start by analyzing the constraints and calculating the maximum number of new coins Ivan can receive from his friends. This involves checking if it's possible for each friend to gift different coins, which is limited by the total number of collectible coins $N$.\n", "Clue of Step 2: Since each friend must gift the same number of coins and all coins gifted must be different, calculate the maximum number of coins one friend can give without violating the distinct coin condition. This is bounded by $ \\frac{N - K}{M} $ because Ivan already has $K$ coins, and there are $N - K$ coins that are new to him. We need to distribute these new coins equally among $M$ friends.\n", "Clue of Step 2: Determine if the number of friends M exceeds the total number of collectible coins N. If M > N, return -1 immediately, since it's impossible for each friend to gift a different coin.\n"], ["\nYou will be given a problem desciption.\n\nPlease analyze the problem and generate step-by-step clues of how to solve the problem with executable python code.\n\nThe problem:\n\n\nQUESTION:\nIvan is collecting coins. There are only $N$ different collectible coins, Ivan has $K$ of them. He will be celebrating his birthday soon, so all his $M$ freinds decided to gift him coins. They all agreed to three terms:  Everyone must gift as many coins as others. All coins given to Ivan must be different. Not less than $L$ coins from gifts altogether, must be new in Ivan's collection.\n\nBut his friends don't know which coins have Ivan already got in his collection. They don't want to spend money so they want to buy minimum quantity of coins, that satisfy all terms, irrespective of the Ivan's collection. Help them to find this minimum number of coins or define it's not possible to meet all the terms.\n\n\n-----Input-----\n\nThe only line of input contains 4 integers $N$, $M$, $K$, $L$ ($1 \\le K \\le N \\le 10^{18}$; $1 \\le M, \\,\\, L \\le 10^{18}$)\u00a0\u2014 quantity of different coins, number of Ivan's friends, size of Ivan's collection and quantity of coins, that must be new in Ivan's collection.\n\n\n-----Output-----\n\nPrint one number\u00a0\u2014 minimal number of coins one friend can gift to satisfy all the conditions. If it is impossible to satisfy all three conditions print \"-1\" (without quotes).\n\n\n-----Examples-----\nInput\n20 15 2 3\n\nOutput\n1\nInput\n10 11 2 4\n\nOutput\n-1\n\n\n-----Note-----\n\nIn the first test, one coin from each friend is enough, as he will be presented with 15 different coins and 13 of them will definitely be new.\n\nIn the second test, Ivan has 11 friends, but there are only 10 different coins. So all friends can't present him different coins.\nUse Standard Input format\nANSWER:\n\n\nAn example of step-by-step clues for finding the longest palindrome substring is displayed below:\n\n```json\n[\n{\"Clue of Step 1\": \"For a substring, if it is a palindrome and the length is greater than 2, it is still a palindrome after the first and last letters are removed. According to this idea, we can use dynamic programming to solve this problem.\"},\n{\"Clue of Step 2\": \"Then we should consider the state transition function. We use P(i,j) to indicate whether the string composed of the i-th to j-th letters of the string s (denoted as as s[i:j]) is a palindrome string. s[i:j] is a palindrome only if s[i+1:j\u22121] is a palindrome and the i and j letters of s are the same.\"},\n{\"Clue of Step 3\": \"We also need to consider the boundary conditions in dynamic programming. For a substring of length 1, it is obviously a palindrome string; For a substring of length 2, it is a palindrome as long as its two letters are the same.\"},\n{\"Clue of Step 4\": \"We also need to consider the the cyclic order of dynamic programming. In the state transition equation, we are moving from a shorter string to a longer string.\"},\n{\"Clue of Step 5\": \"The final answer is the maximum length of the valid sub-strings.\"}\n]\n```\nYou can refer to the following example and generate step-by-step clues for the given problem.\n\n\n-----Clues-----\nClue of Step 1: Start by analyzing the constraints and calculating the maximum number of new coins Ivan can receive from his friends. This involves checking if it's possible for each friend to gift different coins, which is limited by the total number of collectible coins $N$.\n", "Clue of Step 2: Consider the requirement that at least $L$ coins must be new in Ivan's collection. Each friend should gift at least $ \\lceil \\frac{L}{M} \\rceil $ coins to ensure that the total number of new coins gifted by all friends combined is at least $L$. This provides a lower bound on the number of coins each friend should give.\n", "Clue of Step 2: Determine if the number of friends M exceeds the total number of collectible coins N. If M > N, return -1 immediately, since it's impossible for each friend to gift a different coin.\n"], ["\nYou will be given a problem desciption.\n\nPlease analyze the problem and generate step-by-step clues of how to solve the problem with executable python code.\n\nThe problem:\n\n\nQUESTION:\nIvan is collecting coins. There are only $N$ different collectible coins, Ivan has $K$ of them. He will be celebrating his birthday soon, so all his $M$ freinds decided to gift him coins. They all agreed to three terms:  Everyone must gift as many coins as others. All coins given to Ivan must be different. Not less than $L$ coins from gifts altogether, must be new in Ivan's collection.\n\nBut his friends don't know which coins have Ivan already got in his collection. They don't want to spend money so they want to buy minimum quantity of coins, that satisfy all terms, irrespective of the Ivan's collection. Help them to find this minimum number of coins or define it's not possible to meet all the terms.\n\n\n-----Input-----\n\nThe only line of input contains 4 integers $N$, $M$, $K$, $L$ ($1 \\le K \\le N \\le 10^{18}$; $1 \\le M, \\,\\, L \\le 10^{18}$)\u00a0\u2014 quantity of different coins, number of Ivan's friends, size of Ivan's collection and quantity of coins, that must be new in Ivan's collection.\n\n\n-----Output-----\n\nPrint one number\u00a0\u2014 minimal number of coins one friend can gift to satisfy all the conditions. If it is impossible to satisfy all three conditions print \"-1\" (without quotes).\n\n\n-----Examples-----\nInput\n20 15 2 3\n\nOutput\n1\nInput\n10 11 2 4\n\nOutput\n-1\n\n\n-----Note-----\n\nIn the first test, one coin from each friend is enough, as he will be presented with 15 different coins and 13 of them will definitely be new.\n\nIn the second test, Ivan has 11 friends, but there are only 10 different coins. So all friends can't present him different coins.\nUse Standard Input format\nANSWER:\n\n\nAn example of step-by-step clues for finding the longest palindrome substring is displayed below:\n\n```json\n[\n{\"Clue of Step 1\": \"For a substring, if it is a palindrome and the length is greater than 2, it is still a palindrome after the first and last letters are removed. According to this idea, we can use dynamic programming to solve this problem.\"},\n{\"Clue of Step 2\": \"Then we should consider the state transition function. We use P(i,j) to indicate whether the string composed of the i-th to j-th letters of the string s (denoted as as s[i:j]) is a palindrome string. s[i:j] is a palindrome only if s[i+1:j\u22121] is a palindrome and the i and j letters of s are the same.\"},\n{\"Clue of Step 3\": \"We also need to consider the boundary conditions in dynamic programming. For a substring of length 1, it is obviously a palindrome string; For a substring of length 2, it is a palindrome as long as its two letters are the same.\"},\n{\"Clue of Step 4\": \"We also need to consider the the cyclic order of dynamic programming. In the state transition equation, we are moving from a shorter string to a longer string.\"},\n{\"Clue of Step 5\": \"The final answer is the maximum length of the valid sub-strings.\"}\n]\n```\nYou can refer to the following example and generate step-by-step clues for the given problem.\n\n\n-----Clues-----\nClue of Step 1: Start by analyzing the constraints and calculating the maximum number of new coins Ivan can receive from his friends. This involves checking if it's possible for each friend to gift different coins, which is limited by the total number of collectible coins $N$.\n", "Clue of Step 2: Evaluate if it's possible to satisfy all conditions by comparing the maximum number of coins one friend can give (based on distinct coins available) with the minimum number of coins required to meet the new coin condition. If the minimum required (from Clue 2) exceeds the maximum possible (from Clue 1), it is impossible to satisfy all conditions, and the answer should be -1.\n", "Clue of Step 2: Determine if the number of friends M exceeds the total number of collectible coins N. If M > N, return -1 immediately, since it's impossible for each friend to gift a different coin.\n"], ["\nYou will be given a problem desciption.\n\nPlease analyze the problem and generate step-by-step clues of how to solve the problem with executable python code.\n\nThe problem:\n\n\nQUESTION:\nIvan is collecting coins. There are only $N$ different collectible coins, Ivan has $K$ of them. He will be celebrating his birthday soon, so all his $M$ freinds decided to gift him coins. They all agreed to three terms:  Everyone must gift as many coins as others. All coins given to Ivan must be different. Not less than $L$ coins from gifts altogether, must be new in Ivan's collection.\n\nBut his friends don't know which coins have Ivan already got in his collection. They don't want to spend money so they want to buy minimum quantity of coins, that satisfy all terms, irrespective of the Ivan's collection. Help them to find this minimum number of coins or define it's not possible to meet all the terms.\n\n\n-----Input-----\n\nThe only line of input contains 4 integers $N$, $M$, $K$, $L$ ($1 \\le K \\le N \\le 10^{18}$; $1 \\le M, \\,\\, L \\le 10^{18}$)\u00a0\u2014 quantity of different coins, number of Ivan's friends, size of Ivan's collection and quantity of coins, that must be new in Ivan's collection.\n\n\n-----Output-----\n\nPrint one number\u00a0\u2014 minimal number of coins one friend can gift to satisfy all the conditions. If it is impossible to satisfy all three conditions print \"-1\" (without quotes).\n\n\n-----Examples-----\nInput\n20 15 2 3\n\nOutput\n1\nInput\n10 11 2 4\n\nOutput\n-1\n\n\n-----Note-----\n\nIn the first test, one coin from each friend is enough, as he will be presented with 15 different coins and 13 of them will definitely be new.\n\nIn the second test, Ivan has 11 friends, but there are only 10 different coins. So all friends can't present him different coins.\nUse Standard Input format\nANSWER:\n\n\nAn example of step-by-step clues for finding the longest palindrome substring is displayed below:\n\n```json\n[\n{\"Clue of Step 1\": \"For a substring, if it is a palindrome and the length is greater than 2, it is still a palindrome after the first and last letters are removed. According to this idea, we can use dynamic programming to solve this problem.\"},\n{\"Clue of Step 2\": \"Then we should consider the state transition function. We use P(i,j) to indicate whether the string composed of the i-th to j-th letters of the string s (denoted as as s[i:j]) is a palindrome string. s[i:j] is a palindrome only if s[i+1:j\u22121] is a palindrome and the i and j letters of s are the same.\"},\n{\"Clue of Step 3\": \"We also need to consider the boundary conditions in dynamic programming. For a substring of length 1, it is obviously a palindrome string; For a substring of length 2, it is a palindrome as long as its two letters are the same.\"},\n{\"Clue of Step 4\": \"We also need to consider the the cyclic order of dynamic programming. In the state transition equation, we are moving from a shorter string to a longer string.\"},\n{\"Clue of Step 5\": \"The final answer is the maximum length of the valid sub-strings.\"}\n]\n```\nYou can refer to the following example and generate step-by-step clues for the given problem.\n\n\n-----Clues-----\nClue of Step 1: Next, check if the number of new coins required (L) can be fulfilled. Since Ivan already has K coins, the number of new coins needed must be at least L, which implies that (M * x) - K >= L.\n", "Clue of Step 2: We need to combine the two inequalities derived from the conditions to find valid integer values for x. This can be expressed as (M * x) - K >= L and (M * x) <= N, which can then be rewritten to find x.\n", "Clue of Step 2: To ensure that all M friends gift different coins, the total number of coins given (M * x) must be less than or equal to N, which means M * x <= N.\n"], ["\nYou will be given a problem desciption.\n\nPlease analyze the problem and generate step-by-step clues of how to solve the problem with executable python code.\n\nThe problem:\n\n\nQUESTION:\nIvan is collecting coins. There are only $N$ different collectible coins, Ivan has $K$ of them. He will be celebrating his birthday soon, so all his $M$ freinds decided to gift him coins. They all agreed to three terms:  Everyone must gift as many coins as others. All coins given to Ivan must be different. Not less than $L$ coins from gifts altogether, must be new in Ivan's collection.\n\nBut his friends don't know which coins have Ivan already got in his collection. They don't want to spend money so they want to buy minimum quantity of coins, that satisfy all terms, irrespective of the Ivan's collection. Help them to find this minimum number of coins or define it's not possible to meet all the terms.\n\n\n-----Input-----\n\nThe only line of input contains 4 integers $N$, $M$, $K$, $L$ ($1 \\le K \\le N \\le 10^{18}$; $1 \\le M, \\,\\, L \\le 10^{18}$)\u00a0\u2014 quantity of different coins, number of Ivan's friends, size of Ivan's collection and quantity of coins, that must be new in Ivan's collection.\n\n\n-----Output-----\n\nPrint one number\u00a0\u2014 minimal number of coins one friend can gift to satisfy all the conditions. If it is impossible to satisfy all three conditions print \"-1\" (without quotes).\n\n\n-----Examples-----\nInput\n20 15 2 3\n\nOutput\n1\nInput\n10 11 2 4\n\nOutput\n-1\n\n\n-----Note-----\n\nIn the first test, one coin from each friend is enough, as he will be presented with 15 different coins and 13 of them will definitely be new.\n\nIn the second test, Ivan has 11 friends, but there are only 10 different coins. So all friends can't present him different coins.\nUse Standard Input format\nANSWER:\n\n\nAn example of step-by-step clues for finding the longest palindrome substring is displayed below:\n\n```json\n[\n{\"Clue of Step 1\": \"For a substring, if it is a palindrome and the length is greater than 2, it is still a palindrome after the first and last letters are removed. According to this idea, we can use dynamic programming to solve this problem.\"},\n{\"Clue of Step 2\": \"Then we should consider the state transition function. We use P(i,j) to indicate whether the string composed of the i-th to j-th letters of the string s (denoted as as s[i:j]) is a palindrome string. s[i:j] is a palindrome only if s[i+1:j\u22121] is a palindrome and the i and j letters of s are the same.\"},\n{\"Clue of Step 3\": \"We also need to consider the boundary conditions in dynamic programming. For a substring of length 1, it is obviously a palindrome string; For a substring of length 2, it is a palindrome as long as its two letters are the same.\"},\n{\"Clue of Step 4\": \"We also need to consider the the cyclic order of dynamic programming. In the state transition equation, we are moving from a shorter string to a longer string.\"},\n{\"Clue of Step 5\": \"The final answer is the maximum length of the valid sub-strings.\"}\n]\n```\nYou can refer to the following example and generate step-by-step clues for the given problem.\n\n\n-----Clues-----\nClue of Step 1: Next, check if the number of new coins required (L) can be fulfilled. Since Ivan already has K coins, the number of new coins needed must be at least L, which implies that (M * x) - K >= L.\n", "Clue of Step 2: We need to combine the two inequalities derived from the conditions to find valid integer values for x. This can be expressed as (M * x) - K >= L and (M * x) <= N, which can then be rewritten to find x.\n", "Clue of Step 2: Determine the minimum number of coins each friend should gift such that the total number of different coins Ivan receives is at least L + K. This is because Ivan's collection must increase by at least L new coins, and his friends must ensure they give different coins. The equation to solve becomes M * x >= L + K, where x is the number of coins each friend should gift.\n"], ["\nYou will be given a problem desciption.\n\nPlease analyze the problem and generate step-by-step clues of how to solve the problem with executable python code.\n\nThe problem:\n\n\nQUESTION:\nIvan is collecting coins. There are only $N$ different collectible coins, Ivan has $K$ of them. He will be celebrating his birthday soon, so all his $M$ freinds decided to gift him coins. They all agreed to three terms:  Everyone must gift as many coins as others. All coins given to Ivan must be different. Not less than $L$ coins from gifts altogether, must be new in Ivan's collection.\n\nBut his friends don't know which coins have Ivan already got in his collection. They don't want to spend money so they want to buy minimum quantity of coins, that satisfy all terms, irrespective of the Ivan's collection. Help them to find this minimum number of coins or define it's not possible to meet all the terms.\n\n\n-----Input-----\n\nThe only line of input contains 4 integers $N$, $M$, $K$, $L$ ($1 \\le K \\le N \\le 10^{18}$; $1 \\le M, \\,\\, L \\le 10^{18}$)\u00a0\u2014 quantity of different coins, number of Ivan's friends, size of Ivan's collection and quantity of coins, that must be new in Ivan's collection.\n\n\n-----Output-----\n\nPrint one number\u00a0\u2014 minimal number of coins one friend can gift to satisfy all the conditions. If it is impossible to satisfy all three conditions print \"-1\" (without quotes).\n\n\n-----Examples-----\nInput\n20 15 2 3\n\nOutput\n1\nInput\n10 11 2 4\n\nOutput\n-1\n\n\n-----Note-----\n\nIn the first test, one coin from each friend is enough, as he will be presented with 15 different coins and 13 of them will definitely be new.\n\nIn the second test, Ivan has 11 friends, but there are only 10 different coins. So all friends can't present him different coins.\nUse Standard Input format\nANSWER:\n\n\nAn example of step-by-step clues for finding the longest palindrome substring is displayed below:\n\n```json\n[\n{\"Clue of Step 1\": \"For a substring, if it is a palindrome and the length is greater than 2, it is still a palindrome after the first and last letters are removed. According to this idea, we can use dynamic programming to solve this problem.\"},\n{\"Clue of Step 2\": \"Then we should consider the state transition function. We use P(i,j) to indicate whether the string composed of the i-th to j-th letters of the string s (denoted as as s[i:j]) is a palindrome string. s[i:j] is a palindrome only if s[i+1:j\u22121] is a palindrome and the i and j letters of s are the same.\"},\n{\"Clue of Step 3\": \"We also need to consider the boundary conditions in dynamic programming. For a substring of length 1, it is obviously a palindrome string; For a substring of length 2, it is a palindrome as long as its two letters are the same.\"},\n{\"Clue of Step 4\": \"We also need to consider the the cyclic order of dynamic programming. In the state transition equation, we are moving from a shorter string to a longer string.\"},\n{\"Clue of Step 5\": \"The final answer is the maximum length of the valid sub-strings.\"}\n]\n```\nYou can refer to the following example and generate step-by-step clues for the given problem.\n\n\n-----Clues-----\nClue of Step 1: Next, check if the number of new coins required (L) can be fulfilled. Since Ivan already has K coins, the number of new coins needed must be at least L, which implies that (M * x) - K >= L.\n", "Clue of Step 2: Next, we can derive the minimum value of x by rearranging the inequalities to formulate the expression: x >= (L + K) / M and x <= N / M. We need to check if there exists an integer x that satisfies both conditions.\n", "Clue of Step 2: To ensure that all M friends gift different coins, the total number of coins given (M * x) must be less than or equal to N, which means M * x <= N.\n"], ["\nYou will be given a problem desciption.\n\nPlease analyze the problem and generate step-by-step clues of how to solve the problem with executable python code.\n\nThe problem:\n\n\nQUESTION:\nIvan is collecting coins. There are only $N$ different collectible coins, Ivan has $K$ of them. He will be celebrating his birthday soon, so all his $M$ freinds decided to gift him coins. They all agreed to three terms:  Everyone must gift as many coins as others. All coins given to Ivan must be different. Not less than $L$ coins from gifts altogether, must be new in Ivan's collection.\n\nBut his friends don't know which coins have Ivan already got in his collection. They don't want to spend money so they want to buy minimum quantity of coins, that satisfy all terms, irrespective of the Ivan's collection. Help them to find this minimum number of coins or define it's not possible to meet all the terms.\n\n\n-----Input-----\n\nThe only line of input contains 4 integers $N$, $M$, $K$, $L$ ($1 \\le K \\le N \\le 10^{18}$; $1 \\le M, \\,\\, L \\le 10^{18}$)\u00a0\u2014 quantity of different coins, number of Ivan's friends, size of Ivan's collection and quantity of coins, that must be new in Ivan's collection.\n\n\n-----Output-----\n\nPrint one number\u00a0\u2014 minimal number of coins one friend can gift to satisfy all the conditions. If it is impossible to satisfy all three conditions print \"-1\" (without quotes).\n\n\n-----Examples-----\nInput\n20 15 2 3\n\nOutput\n1\nInput\n10 11 2 4\n\nOutput\n-1\n\n\n-----Note-----\n\nIn the first test, one coin from each friend is enough, as he will be presented with 15 different coins and 13 of them will definitely be new.\n\nIn the second test, Ivan has 11 friends, but there are only 10 different coins. So all friends can't present him different coins.\nUse Standard Input format\nANSWER:\n\n\nAn example of step-by-step clues for finding the longest palindrome substring is displayed below:\n\n```json\n[\n{\"Clue of Step 1\": \"For a substring, if it is a palindrome and the length is greater than 2, it is still a palindrome after the first and last letters are removed. According to this idea, we can use dynamic programming to solve this problem.\"},\n{\"Clue of Step 2\": \"Then we should consider the state transition function. We use P(i,j) to indicate whether the string composed of the i-th to j-th letters of the string s (denoted as as s[i:j]) is a palindrome string. s[i:j] is a palindrome only if s[i+1:j\u22121] is a palindrome and the i and j letters of s are the same.\"},\n{\"Clue of Step 3\": \"We also need to consider the boundary conditions in dynamic programming. For a substring of length 1, it is obviously a palindrome string; For a substring of length 2, it is a palindrome as long as its two letters are the same.\"},\n{\"Clue of Step 4\": \"We also need to consider the the cyclic order of dynamic programming. In the state transition equation, we are moving from a shorter string to a longer string.\"},\n{\"Clue of Step 5\": \"The final answer is the maximum length of the valid sub-strings.\"}\n]\n```\nYou can refer to the following example and generate step-by-step clues for the given problem.\n\n\n-----Clues-----\nClue of Step 1: Next, check if the number of new coins required (L) can be fulfilled. Since Ivan already has K coins, the number of new coins needed must be at least L, which implies that (M * x) - K >= L.\n", "Clue of Step 2: Next, we can derive the minimum value of x by rearranging the inequalities to formulate the expression: x >= (L + K) / M and x <= N / M. We need to check if there exists an integer x that satisfies both conditions.\n", "Clue of Step 2: Determine the minimum number of coins each friend should gift such that the total number of different coins Ivan receives is at least L + K. This is because Ivan's collection must increase by at least L new coins, and his friends must ensure they give different coins. The equation to solve becomes M * x >= L + K, where x is the number of coins each friend should gift.\n"], ["\nYou will be given a problem desciption.\n\nPlease analyze the problem and generate step-by-step clues of how to solve the problem with executable python code.\n\nThe problem:\n\n\nQUESTION:\nIvan is collecting coins. There are only $N$ different collectible coins, Ivan has $K$ of them. He will be celebrating his birthday soon, so all his $M$ freinds decided to gift him coins. They all agreed to three terms:  Everyone must gift as many coins as others. All coins given to Ivan must be different. Not less than $L$ coins from gifts altogether, must be new in Ivan's collection.\n\nBut his friends don't know which coins have Ivan already got in his collection. They don't want to spend money so they want to buy minimum quantity of coins, that satisfy all terms, irrespective of the Ivan's collection. Help them to find this minimum number of coins or define it's not possible to meet all the terms.\n\n\n-----Input-----\n\nThe only line of input contains 4 integers $N$, $M$, $K$, $L$ ($1 \\le K \\le N \\le 10^{18}$; $1 \\le M, \\,\\, L \\le 10^{18}$)\u00a0\u2014 quantity of different coins, number of Ivan's friends, size of Ivan's collection and quantity of coins, that must be new in Ivan's collection.\n\n\n-----Output-----\n\nPrint one number\u00a0\u2014 minimal number of coins one friend can gift to satisfy all the conditions. If it is impossible to satisfy all three conditions print \"-1\" (without quotes).\n\n\n-----Examples-----\nInput\n20 15 2 3\n\nOutput\n1\nInput\n10 11 2 4\n\nOutput\n-1\n\n\n-----Note-----\n\nIn the first test, one coin from each friend is enough, as he will be presented with 15 different coins and 13 of them will definitely be new.\n\nIn the second test, Ivan has 11 friends, but there are only 10 different coins. So all friends can't present him different coins.\nUse Standard Input format\nANSWER:\n\n\nAn example of step-by-step clues for finding the longest palindrome substring is displayed below:\n\n```json\n[\n{\"Clue of Step 1\": \"For a substring, if it is a palindrome and the length is greater than 2, it is still a palindrome after the first and last letters are removed. According to this idea, we can use dynamic programming to solve this problem.\"},\n{\"Clue of Step 2\": \"Then we should consider the state transition function. We use P(i,j) to indicate whether the string composed of the i-th to j-th letters of the string s (denoted as as s[i:j]) is a palindrome string. s[i:j] is a palindrome only if s[i+1:j\u22121] is a palindrome and the i and j letters of s are the same.\"},\n{\"Clue of Step 3\": \"We also need to consider the boundary conditions in dynamic programming. For a substring of length 1, it is obviously a palindrome string; For a substring of length 2, it is a palindrome as long as its two letters are the same.\"},\n{\"Clue of Step 4\": \"We also need to consider the the cyclic order of dynamic programming. In the state transition equation, we are moving from a shorter string to a longer string.\"},\n{\"Clue of Step 5\": \"The final answer is the maximum length of the valid sub-strings.\"}\n]\n```\nYou can refer to the following example and generate step-by-step clues for the given problem.\n\n\n-----Clues-----\nClue of Step 1: Next, check if the number of new coins required (L) can be fulfilled. Since Ivan already has K coins, the number of new coins needed must be at least L, which implies that (M * x) - K >= L.\n", "Clue of Step 2: Calculate the minimum number of coins one friend needs to gift by solving x = ceil((L + K) / M). This formula ensures that when all friends gift x coins, the total number of different coins will meet the requirement of at least L new coins in Ivan's collection.\n", "Clue of Step 2: To ensure that all M friends gift different coins, the total number of coins given (M * x) must be less than or equal to N, which means M * x <= N.\n"], ["\nYou will be given a problem desciption.\n\nPlease analyze the problem and generate step-by-step clues of how to solve the problem with executable python code.\n\nThe problem:\n\n\nQUESTION:\nIvan is collecting coins. There are only $N$ different collectible coins, Ivan has $K$ of them. He will be celebrating his birthday soon, so all his $M$ freinds decided to gift him coins. They all agreed to three terms:  Everyone must gift as many coins as others. All coins given to Ivan must be different. Not less than $L$ coins from gifts altogether, must be new in Ivan's collection.\n\nBut his friends don't know which coins have Ivan already got in his collection. They don't want to spend money so they want to buy minimum quantity of coins, that satisfy all terms, irrespective of the Ivan's collection. Help them to find this minimum number of coins or define it's not possible to meet all the terms.\n\n\n-----Input-----\n\nThe only line of input contains 4 integers $N$, $M$, $K$, $L$ ($1 \\le K \\le N \\le 10^{18}$; $1 \\le M, \\,\\, L \\le 10^{18}$)\u00a0\u2014 quantity of different coins, number of Ivan's friends, size of Ivan's collection and quantity of coins, that must be new in Ivan's collection.\n\n\n-----Output-----\n\nPrint one number\u00a0\u2014 minimal number of coins one friend can gift to satisfy all the conditions. If it is impossible to satisfy all three conditions print \"-1\" (without quotes).\n\n\n-----Examples-----\nInput\n20 15 2 3\n\nOutput\n1\nInput\n10 11 2 4\n\nOutput\n-1\n\n\n-----Note-----\n\nIn the first test, one coin from each friend is enough, as he will be presented with 15 different coins and 13 of them will definitely be new.\n\nIn the second test, Ivan has 11 friends, but there are only 10 different coins. So all friends can't present him different coins.\nUse Standard Input format\nANSWER:\n\n\nAn example of step-by-step clues for finding the longest palindrome substring is displayed below:\n\n```json\n[\n{\"Clue of Step 1\": \"For a substring, if it is a palindrome and the length is greater than 2, it is still a palindrome after the first and last letters are removed. According to this idea, we can use dynamic programming to solve this problem.\"},\n{\"Clue of Step 2\": \"Then we should consider the state transition function. We use P(i,j) to indicate whether the string composed of the i-th to j-th letters of the string s (denoted as as s[i:j]) is a palindrome string. s[i:j] is a palindrome only if s[i+1:j\u22121] is a palindrome and the i and j letters of s are the same.\"},\n{\"Clue of Step 3\": \"We also need to consider the boundary conditions in dynamic programming. For a substring of length 1, it is obviously a palindrome string; For a substring of length 2, it is a palindrome as long as its two letters are the same.\"},\n{\"Clue of Step 4\": \"We also need to consider the the cyclic order of dynamic programming. In the state transition equation, we are moving from a shorter string to a longer string.\"},\n{\"Clue of Step 5\": \"The final answer is the maximum length of the valid sub-strings.\"}\n]\n```\nYou can refer to the following example and generate step-by-step clues for the given problem.\n\n\n-----Clues-----\nClue of Step 1: Next, check if the number of new coins required (L) can be fulfilled. Since Ivan already has K coins, the number of new coins needed must be at least L, which implies that (M * x) - K >= L.\n", "Clue of Step 2: Calculate the minimum number of coins one friend needs to gift by solving x = ceil((L + K) / M). This formula ensures that when all friends gift x coins, the total number of different coins will meet the requirement of at least L new coins in Ivan's collection.\n", "Clue of Step 2: Determine the minimum number of coins each friend should gift such that the total number of different coins Ivan receives is at least L + K. This is because Ivan's collection must increase by at least L new coins, and his friends must ensure they give different coins. The equation to solve becomes M * x >= L + K, where x is the number of coins each friend should gift.\n"], ["\nYou will be given a problem desciption.\n\nPlease analyze the problem and generate step-by-step clues of how to solve the problem with executable python code.\n\nThe problem:\n\n\nQUESTION:\nIvan is collecting coins. There are only $N$ different collectible coins, Ivan has $K$ of them. He will be celebrating his birthday soon, so all his $M$ freinds decided to gift him coins. They all agreed to three terms:  Everyone must gift as many coins as others. All coins given to Ivan must be different. Not less than $L$ coins from gifts altogether, must be new in Ivan's collection.\n\nBut his friends don't know which coins have Ivan already got in his collection. They don't want to spend money so they want to buy minimum quantity of coins, that satisfy all terms, irrespective of the Ivan's collection. Help them to find this minimum number of coins or define it's not possible to meet all the terms.\n\n\n-----Input-----\n\nThe only line of input contains 4 integers $N$, $M$, $K$, $L$ ($1 \\le K \\le N \\le 10^{18}$; $1 \\le M, \\,\\, L \\le 10^{18}$)\u00a0\u2014 quantity of different coins, number of Ivan's friends, size of Ivan's collection and quantity of coins, that must be new in Ivan's collection.\n\n\n-----Output-----\n\nPrint one number\u00a0\u2014 minimal number of coins one friend can gift to satisfy all the conditions. If it is impossible to satisfy all three conditions print \"-1\" (without quotes).\n\n\n-----Examples-----\nInput\n20 15 2 3\n\nOutput\n1\nInput\n10 11 2 4\n\nOutput\n-1\n\n\n-----Note-----\n\nIn the first test, one coin from each friend is enough, as he will be presented with 15 different coins and 13 of them will definitely be new.\n\nIn the second test, Ivan has 11 friends, but there are only 10 different coins. So all friends can't present him different coins.\nUse Standard Input format\nANSWER:\n\n\nAn example of step-by-step clues for finding the longest palindrome substring is displayed below:\n\n```json\n[\n{\"Clue of Step 1\": \"For a substring, if it is a palindrome and the length is greater than 2, it is still a palindrome after the first and last letters are removed. According to this idea, we can use dynamic programming to solve this problem.\"},\n{\"Clue of Step 2\": \"Then we should consider the state transition function. We use P(i,j) to indicate whether the string composed of the i-th to j-th letters of the string s (denoted as as s[i:j]) is a palindrome string. s[i:j] is a palindrome only if s[i+1:j\u22121] is a palindrome and the i and j letters of s are the same.\"},\n{\"Clue of Step 3\": \"We also need to consider the boundary conditions in dynamic programming. For a substring of length 1, it is obviously a palindrome string; For a substring of length 2, it is a palindrome as long as its two letters are the same.\"},\n{\"Clue of Step 4\": \"We also need to consider the the cyclic order of dynamic programming. In the state transition equation, we are moving from a shorter string to a longer string.\"},\n{\"Clue of Step 5\": \"The final answer is the maximum length of the valid sub-strings.\"}\n]\n```\nYou can refer to the following example and generate step-by-step clues for the given problem.\n\n\n-----Clues-----\nClue of Step 1: Next, check if the number of new coins required (L) can be fulfilled. Since Ivan already has K coins, the number of new coins needed must be at least L, which implies that (M * x) - K >= L.\n", "Clue of Step 2: Check if it's feasible for friends to gift different coins by ensuring M * x different coins can be given. This requires checking that M * x <= N, because if M friends gift more coins than there are available, it's impossible to satisfy the condition that all coins are different.\n", "Clue of Step 2: To ensure that all M friends gift different coins, the total number of coins given (M * x) must be less than or equal to N, which means M * x <= N.\n"], ["\nYou will be given a problem desciption.\n\nPlease analyze the problem and generate step-by-step clues of how to solve the problem with executable python code.\n\nThe problem:\n\n\nQUESTION:\nIvan is collecting coins. There are only $N$ different collectible coins, Ivan has $K$ of them. He will be celebrating his birthday soon, so all his $M$ freinds decided to gift him coins. They all agreed to three terms:  Everyone must gift as many coins as others. All coins given to Ivan must be different. Not less than $L$ coins from gifts altogether, must be new in Ivan's collection.\n\nBut his friends don't know which coins have Ivan already got in his collection. They don't want to spend money so they want to buy minimum quantity of coins, that satisfy all terms, irrespective of the Ivan's collection. Help them to find this minimum number of coins or define it's not possible to meet all the terms.\n\n\n-----Input-----\n\nThe only line of input contains 4 integers $N$, $M$, $K$, $L$ ($1 \\le K \\le N \\le 10^{18}$; $1 \\le M, \\,\\, L \\le 10^{18}$)\u00a0\u2014 quantity of different coins, number of Ivan's friends, size of Ivan's collection and quantity of coins, that must be new in Ivan's collection.\n\n\n-----Output-----\n\nPrint one number\u00a0\u2014 minimal number of coins one friend can gift to satisfy all the conditions. If it is impossible to satisfy all three conditions print \"-1\" (without quotes).\n\n\n-----Examples-----\nInput\n20 15 2 3\n\nOutput\n1\nInput\n10 11 2 4\n\nOutput\n-1\n\n\n-----Note-----\n\nIn the first test, one coin from each friend is enough, as he will be presented with 15 different coins and 13 of them will definitely be new.\n\nIn the second test, Ivan has 11 friends, but there are only 10 different coins. So all friends can't present him different coins.\nUse Standard Input format\nANSWER:\n\n\nAn example of step-by-step clues for finding the longest palindrome substring is displayed below:\n\n```json\n[\n{\"Clue of Step 1\": \"For a substring, if it is a palindrome and the length is greater than 2, it is still a palindrome after the first and last letters are removed. According to this idea, we can use dynamic programming to solve this problem.\"},\n{\"Clue of Step 2\": \"Then we should consider the state transition function. We use P(i,j) to indicate whether the string composed of the i-th to j-th letters of the string s (denoted as as s[i:j]) is a palindrome string. s[i:j] is a palindrome only if s[i+1:j\u22121] is a palindrome and the i and j letters of s are the same.\"},\n{\"Clue of Step 3\": \"We also need to consider the boundary conditions in dynamic programming. For a substring of length 1, it is obviously a palindrome string; For a substring of length 2, it is a palindrome as long as its two letters are the same.\"},\n{\"Clue of Step 4\": \"We also need to consider the the cyclic order of dynamic programming. In the state transition equation, we are moving from a shorter string to a longer string.\"},\n{\"Clue of Step 5\": \"The final answer is the maximum length of the valid sub-strings.\"}\n]\n```\nYou can refer to the following example and generate step-by-step clues for the given problem.\n\n\n-----Clues-----\nClue of Step 1: Next, check if the number of new coins required (L) can be fulfilled. Since Ivan already has K coins, the number of new coins needed must be at least L, which implies that (M * x) - K >= L.\n", "Clue of Step 2: Check if it's feasible for friends to gift different coins by ensuring M * x different coins can be given. This requires checking that M * x <= N, because if M friends gift more coins than there are available, it's impossible to satisfy the condition that all coins are different.\n", "Clue of Step 2: Determine the minimum number of coins each friend should gift such that the total number of different coins Ivan receives is at least L + K. This is because Ivan's collection must increase by at least L new coins, and his friends must ensure they give different coins. The equation to solve becomes M * x >= L + K, where x is the number of coins each friend should gift.\n"]], "SFT": ["\nYou will be given a problem desciption.\n\nPlease analyze the problem and generate step-by-step clues of how to solve the problem with executable python code.\n\nThe problem:\n\n\nQUESTION:\nIvan is collecting coins. There are only $N$ different collectible coins, Ivan has $K$ of them. He will be celebrating his birthday soon, so all his $M$ freinds decided to gift him coins. They all agreed to three terms:  Everyone must gift as many coins as others. All coins given to Ivan must be different. Not less than $L$ coins from gifts altogether, must be new in Ivan's collection.\n\nBut his friends don't know which coins have Ivan already got in his collection. They don't want to spend money so they want to buy minimum quantity of coins, that satisfy all terms, irrespective of the Ivan's collection. Help them to find this minimum number of coins or define it's not possible to meet all the terms.\n\n\n-----Input-----\n\nThe only line of input contains 4 integers $N$, $M$, $K$, $L$ ($1 \\le K \\le N \\le 10^{18}$; $1 \\le M, \\,\\, L \\le 10^{18}$)\u00a0\u2014 quantity of different coins, number of Ivan's friends, size of Ivan's collection and quantity of coins, that must be new in Ivan's collection.\n\n\n-----Output-----\n\nPrint one number\u00a0\u2014 minimal number of coins one friend can gift to satisfy all the conditions. If it is impossible to satisfy all three conditions print \"-1\" (without quotes).\n\n\n-----Examples-----\nInput\n20 15 2 3\n\nOutput\n1\nInput\n10 11 2 4\n\nOutput\n-1\n\n\n-----Note-----\n\nIn the first test, one coin from each friend is enough, as he will be presented with 15 different coins and 13 of them will definitely be new.\n\nIn the second test, Ivan has 11 friends, but there are only 10 different coins. So all friends can't present him different coins.\nUse Standard Input format\nANSWER:\n\n\nAn example of step-by-step clues for finding the longest palindrome substring is displayed below:\n\n```json\n[\n{\"Clue of Step 1\": \"For a substring, if it is a palindrome and the length is greater than 2, it is still a palindrome after the first and last letters are removed. According to this idea, we can use dynamic programming to solve this problem.\"},\n{\"Clue of Step 2\": \"Then we should consider the state transition function. We use P(i,j) to indicate whether the string composed of the i-th to j-th letters of the string s (denoted as as s[i:j]) is a palindrome string. s[i:j] is a palindrome only if s[i+1:j\u22121] is a palindrome and the i and j letters of s are the same.\"},\n{\"Clue of Step 3\": \"We also need to consider the boundary conditions in dynamic programming. For a substring of length 1, it is obviously a palindrome string; For a substring of length 2, it is a palindrome as long as its two letters are the same.\"},\n{\"Clue of Step 4\": \"We also need to consider the the cyclic order of dynamic programming. In the state transition equation, we are moving from a shorter string to a longer string.\"},\n{\"Clue of Step 5\": \"The final answer is the maximum length of the valid sub-strings.\"}\n]\n```\nYou can refer to the following example and generate step-by-step clues for the given problem.\n\n\n-----Clues-----\nClue of Step 1: Next, check if the number of new coins required (L) can be fulfilled. Since Ivan already has K coins, the number of new coins needed must be at least L, which implies that (M * x) - K >= L.\n", "```python\ndef minimum_coins(N, M, K, L):\n    # The total number of unique coins that can be given is M * x\n    # Let's denote x as the number of coins each friend gifts\n    # The total number of unique coins must be less than or equal to N\n    # M * x <= N  -> x <= N / M\n    \n    # Also, at least L new coins must be gifted. The maximum new coins possible is:\n    # New coins = M * x - K (since K coins are already in Ivan's collection)\n    # Thus: M * x - K >= L -> M * x >= L + K -> x >= (L + K) / M\n    \n    # We need to satisfy both conditions simultaneously:\n    # 1. x <= N / M\n    # 2. x >= (L + K) / M\n    \n    # Calculate lower and upper bounds for x\n    lower_bound = (L + K + M - 1) // M  # Ceil of (L + K) / M\n    upper_bound = N // M                 # Floor of N / M\n    \n    # Check if a valid x exists\n    if lower_bound > upper_bound:\n        return -1\n    return lower_bound\n\n# Read input\nN, M, K, L = map(int, input().strip().split())\n\n# Get the result\nresult = minimum_coins(N, M, K, L)\n\n# Print the result\nprint(result)\n```"]}