{"StepDPO": [["\nYou will be given a problem desciption.\n\nPlease analyze the problem and generate step-by-step clues of how to solve the problem with executable python code.\n\nThe problem:\n\n\nQUESTION:\nIlya is an experienced player in tic-tac-toe on the 4 \u00d7 4 field. He always starts and plays with Xs. He played a lot of games today with his friend Arseny. The friends became tired and didn't finish the last game. It was Ilya's turn in the game when they left it. Determine whether Ilya could have won the game by making single turn or not. \n\nThe rules of tic-tac-toe on the 4 \u00d7 4 field are as follows. Before the first turn all the field cells are empty. The two players take turns placing their signs into empty cells (the first player places Xs, the second player places Os). The player who places Xs goes first, the another one goes second. The winner is the player who first gets three of his signs in a row next to each other (horizontal, vertical or diagonal).\n\n\n-----Input-----\n\nThe tic-tac-toe position is given in four lines.\n\nEach of these lines contains four characters. Each character is '.' (empty cell), 'x' (lowercase English letter x), or 'o' (lowercase English letter o). It is guaranteed that the position is reachable playing tic-tac-toe, and it is Ilya's turn now (in particular, it means that the game is not finished). It is possible that all the cells are empty, it means that the friends left without making single turn.\n\n\n-----Output-----\n\nPrint single line: \"YES\" in case Ilya could have won by making single turn, and \"NO\" otherwise.\n\n\n-----Examples-----\nInput\nxx..\n.oo.\nx...\noox.\n\nOutput\nYES\n\nInput\nx.ox\nox..\nx.o.\noo.x\n\nOutput\nNO\n\nInput\nx..x\n..oo\no...\nx.xo\n\nOutput\nYES\n\nInput\no.x.\no...\n.x..\nooxx\n\nOutput\nNO\n\n\n\n-----Note-----\n\nIn the first example Ilya had two winning moves: to the empty cell in the left column and to the leftmost empty cell in the first row.\n\nIn the second example it wasn't possible to win by making single turn.\n\nIn the third example Ilya could have won by placing X in the last row between two existing Xs.\n\nIn the fourth example it wasn't possible to win by making single turn.\nUse Standard Input format\nANSWER:\n\n\nAn example of step-by-step clues for finding the longest palindrome substring is displayed below:\n\n```json\n[\n{\"Clue of Step 1\": \"For a substring, if it is a palindrome and the length is greater than 2, it is still a palindrome after the first and last letters are removed. According to this idea, we can use dynamic programming to solve this problem.\"},\n{\"Clue of Step 2\": \"Then we should consider the state transition function. We use P(i,j) to indicate whether the string composed of the i-th to j-th letters of the string s (denoted as as s[i:j]) is a palindrome string. s[i:j] is a palindrome only if s[i+1:j\u22121] is a palindrome and the i and j letters of s are the same.\"},\n{\"Clue of Step 3\": \"We also need to consider the boundary conditions in dynamic programming. For a substring of length 1, it is obviously a palindrome string; For a substring of length 2, it is a palindrome as long as its two letters are the same.\"},\n{\"Clue of Step 4\": \"We also need to consider the the cyclic order of dynamic programming. In the state transition equation, we are moving from a shorter string to a longer string.\"},\n{\"Clue of Step 5\": \"The final answer is the maximum length of the valid sub-strings.\"}\n]\n```\nYou can refer to the following example and generate step-by-step clues for the given problem.\n\n\n-----Clues-----\nClue of Step 1: We need to examine both the horizontal, vertical, and diagonal lines for potential winning combinations after placing an 'X'.\n", "Clue of Step 2: If a winning combination is found after simulating the move, we should immediately output 'YES', otherwise continue until all cells are checked.\n", "Clue of Step 2: We need to iterate over each cell in the 4x4 grid and for each empty cell ('.'), simulate placing an 'X'.\n"], ["\nYou will be given a problem desciption.\n\nPlease analyze the problem and generate step-by-step clues of how to solve the problem with executable python code.\n\nThe problem:\n\n\nQUESTION:\nIlya is an experienced player in tic-tac-toe on the 4 \u00d7 4 field. He always starts and plays with Xs. He played a lot of games today with his friend Arseny. The friends became tired and didn't finish the last game. It was Ilya's turn in the game when they left it. Determine whether Ilya could have won the game by making single turn or not. \n\nThe rules of tic-tac-toe on the 4 \u00d7 4 field are as follows. Before the first turn all the field cells are empty. The two players take turns placing their signs into empty cells (the first player places Xs, the second player places Os). The player who places Xs goes first, the another one goes second. The winner is the player who first gets three of his signs in a row next to each other (horizontal, vertical or diagonal).\n\n\n-----Input-----\n\nThe tic-tac-toe position is given in four lines.\n\nEach of these lines contains four characters. Each character is '.' (empty cell), 'x' (lowercase English letter x), or 'o' (lowercase English letter o). It is guaranteed that the position is reachable playing tic-tac-toe, and it is Ilya's turn now (in particular, it means that the game is not finished). It is possible that all the cells are empty, it means that the friends left without making single turn.\n\n\n-----Output-----\n\nPrint single line: \"YES\" in case Ilya could have won by making single turn, and \"NO\" otherwise.\n\n\n-----Examples-----\nInput\nxx..\n.oo.\nx...\noox.\n\nOutput\nYES\n\nInput\nx.ox\nox..\nx.o.\noo.x\n\nOutput\nNO\n\nInput\nx..x\n..oo\no...\nx.xo\n\nOutput\nYES\n\nInput\no.x.\no...\n.x..\nooxx\n\nOutput\nNO\n\n\n\n-----Note-----\n\nIn the first example Ilya had two winning moves: to the empty cell in the left column and to the leftmost empty cell in the first row.\n\nIn the second example it wasn't possible to win by making single turn.\n\nIn the third example Ilya could have won by placing X in the last row between two existing Xs.\n\nIn the fourth example it wasn't possible to win by making single turn.\nUse Standard Input format\nANSWER:\n\n\nAn example of step-by-step clues for finding the longest palindrome substring is displayed below:\n\n```json\n[\n{\"Clue of Step 1\": \"For a substring, if it is a palindrome and the length is greater than 2, it is still a palindrome after the first and last letters are removed. According to this idea, we can use dynamic programming to solve this problem.\"},\n{\"Clue of Step 2\": \"Then we should consider the state transition function. We use P(i,j) to indicate whether the string composed of the i-th to j-th letters of the string s (denoted as as s[i:j]) is a palindrome string. s[i:j] is a palindrome only if s[i+1:j\u22121] is a palindrome and the i and j letters of s are the same.\"},\n{\"Clue of Step 3\": \"We also need to consider the boundary conditions in dynamic programming. For a substring of length 1, it is obviously a palindrome string; For a substring of length 2, it is a palindrome as long as its two letters are the same.\"},\n{\"Clue of Step 4\": \"We also need to consider the the cyclic order of dynamic programming. In the state transition equation, we are moving from a shorter string to a longer string.\"},\n{\"Clue of Step 5\": \"The final answer is the maximum length of the valid sub-strings.\"}\n]\n```\nYou can refer to the following example and generate step-by-step clues for the given problem.\n\n\n-----Clues-----\nClue of Step 1: We need to examine both the horizontal, vertical, and diagonal lines for potential winning combinations after placing an 'X'.\n", "Clue of Step 2: If a winning combination is found after simulating the move, we should immediately output 'YES', otherwise continue until all cells are checked.\n", "Clue of Step 2: After placing an 'X', we should check all possible winning combinations (rows, columns, and both diagonals) to see if there are three 'X's in a line.\n"], ["\nYou will be given a problem desciption.\n\nPlease analyze the problem and generate step-by-step clues of how to solve the problem with executable python code.\n\nThe problem:\n\n\nQUESTION:\nIlya is an experienced player in tic-tac-toe on the 4 \u00d7 4 field. He always starts and plays with Xs. He played a lot of games today with his friend Arseny. The friends became tired and didn't finish the last game. It was Ilya's turn in the game when they left it. Determine whether Ilya could have won the game by making single turn or not. \n\nThe rules of tic-tac-toe on the 4 \u00d7 4 field are as follows. Before the first turn all the field cells are empty. The two players take turns placing their signs into empty cells (the first player places Xs, the second player places Os). The player who places Xs goes first, the another one goes second. The winner is the player who first gets three of his signs in a row next to each other (horizontal, vertical or diagonal).\n\n\n-----Input-----\n\nThe tic-tac-toe position is given in four lines.\n\nEach of these lines contains four characters. Each character is '.' (empty cell), 'x' (lowercase English letter x), or 'o' (lowercase English letter o). It is guaranteed that the position is reachable playing tic-tac-toe, and it is Ilya's turn now (in particular, it means that the game is not finished). It is possible that all the cells are empty, it means that the friends left without making single turn.\n\n\n-----Output-----\n\nPrint single line: \"YES\" in case Ilya could have won by making single turn, and \"NO\" otherwise.\n\n\n-----Examples-----\nInput\nxx..\n.oo.\nx...\noox.\n\nOutput\nYES\n\nInput\nx.ox\nox..\nx.o.\noo.x\n\nOutput\nNO\n\nInput\nx..x\n..oo\no...\nx.xo\n\nOutput\nYES\n\nInput\no.x.\no...\n.x..\nooxx\n\nOutput\nNO\n\n\n\n-----Note-----\n\nIn the first example Ilya had two winning moves: to the empty cell in the left column and to the leftmost empty cell in the first row.\n\nIn the second example it wasn't possible to win by making single turn.\n\nIn the third example Ilya could have won by placing X in the last row between two existing Xs.\n\nIn the fourth example it wasn't possible to win by making single turn.\nUse Standard Input format\nANSWER:\n\n\nAn example of step-by-step clues for finding the longest palindrome substring is displayed below:\n\n```json\n[\n{\"Clue of Step 1\": \"For a substring, if it is a palindrome and the length is greater than 2, it is still a palindrome after the first and last letters are removed. According to this idea, we can use dynamic programming to solve this problem.\"},\n{\"Clue of Step 2\": \"Then we should consider the state transition function. We use P(i,j) to indicate whether the string composed of the i-th to j-th letters of the string s (denoted as as s[i:j]) is a palindrome string. s[i:j] is a palindrome only if s[i+1:j\u22121] is a palindrome and the i and j letters of s are the same.\"},\n{\"Clue of Step 3\": \"We also need to consider the boundary conditions in dynamic programming. For a substring of length 1, it is obviously a palindrome string; For a substring of length 2, it is a palindrome as long as its two letters are the same.\"},\n{\"Clue of Step 4\": \"We also need to consider the the cyclic order of dynamic programming. In the state transition equation, we are moving from a shorter string to a longer string.\"},\n{\"Clue of Step 5\": \"The final answer is the maximum length of the valid sub-strings.\"}\n]\n```\nYou can refer to the following example and generate step-by-step clues for the given problem.\n\n\n-----Clues-----\nClue of Step 1: We need to examine both the horizontal, vertical, and diagonal lines for potential winning combinations after placing an 'X'.\n", "Clue of Step 2: We need to simulate Ilya's potential moves by placing an 'X' in every empty cell and then check if this move creates a winning line (horizontally, vertically, or diagonally).\n", "Clue of Step 2: We need to iterate over each cell in the 4x4 grid and for each empty cell ('.'), simulate placing an 'X'.\n"], ["\nYou will be given a problem desciption.\n\nPlease analyze the problem and generate step-by-step clues of how to solve the problem with executable python code.\n\nThe problem:\n\n\nQUESTION:\nIlya is an experienced player in tic-tac-toe on the 4 \u00d7 4 field. He always starts and plays with Xs. He played a lot of games today with his friend Arseny. The friends became tired and didn't finish the last game. It was Ilya's turn in the game when they left it. Determine whether Ilya could have won the game by making single turn or not. \n\nThe rules of tic-tac-toe on the 4 \u00d7 4 field are as follows. Before the first turn all the field cells are empty. The two players take turns placing their signs into empty cells (the first player places Xs, the second player places Os). The player who places Xs goes first, the another one goes second. The winner is the player who first gets three of his signs in a row next to each other (horizontal, vertical or diagonal).\n\n\n-----Input-----\n\nThe tic-tac-toe position is given in four lines.\n\nEach of these lines contains four characters. Each character is '.' (empty cell), 'x' (lowercase English letter x), or 'o' (lowercase English letter o). It is guaranteed that the position is reachable playing tic-tac-toe, and it is Ilya's turn now (in particular, it means that the game is not finished). It is possible that all the cells are empty, it means that the friends left without making single turn.\n\n\n-----Output-----\n\nPrint single line: \"YES\" in case Ilya could have won by making single turn, and \"NO\" otherwise.\n\n\n-----Examples-----\nInput\nxx..\n.oo.\nx...\noox.\n\nOutput\nYES\n\nInput\nx.ox\nox..\nx.o.\noo.x\n\nOutput\nNO\n\nInput\nx..x\n..oo\no...\nx.xo\n\nOutput\nYES\n\nInput\no.x.\no...\n.x..\nooxx\n\nOutput\nNO\n\n\n\n-----Note-----\n\nIn the first example Ilya had two winning moves: to the empty cell in the left column and to the leftmost empty cell in the first row.\n\nIn the second example it wasn't possible to win by making single turn.\n\nIn the third example Ilya could have won by placing X in the last row between two existing Xs.\n\nIn the fourth example it wasn't possible to win by making single turn.\nUse Standard Input format\nANSWER:\n\n\nAn example of step-by-step clues for finding the longest palindrome substring is displayed below:\n\n```json\n[\n{\"Clue of Step 1\": \"For a substring, if it is a palindrome and the length is greater than 2, it is still a palindrome after the first and last letters are removed. According to this idea, we can use dynamic programming to solve this problem.\"},\n{\"Clue of Step 2\": \"Then we should consider the state transition function. We use P(i,j) to indicate whether the string composed of the i-th to j-th letters of the string s (denoted as as s[i:j]) is a palindrome string. s[i:j] is a palindrome only if s[i+1:j\u22121] is a palindrome and the i and j letters of s are the same.\"},\n{\"Clue of Step 3\": \"We also need to consider the boundary conditions in dynamic programming. For a substring of length 1, it is obviously a palindrome string; For a substring of length 2, it is a palindrome as long as its two letters are the same.\"},\n{\"Clue of Step 4\": \"We also need to consider the the cyclic order of dynamic programming. In the state transition equation, we are moving from a shorter string to a longer string.\"},\n{\"Clue of Step 5\": \"The final answer is the maximum length of the valid sub-strings.\"}\n]\n```\nYou can refer to the following example and generate step-by-step clues for the given problem.\n\n\n-----Clues-----\nClue of Step 1: We need to examine both the horizontal, vertical, and diagonal lines for potential winning combinations after placing an 'X'.\n", "Clue of Step 2: We need to simulate Ilya's potential moves by placing an 'X' in every empty cell and then check if this move creates a winning line (horizontally, vertically, or diagonally).\n", "Clue of Step 2: After placing an 'X', we should check all possible winning combinations (rows, columns, and both diagonals) to see if there are three 'X's in a line.\n"], ["\nYou will be given a problem desciption.\n\nPlease analyze the problem and generate step-by-step clues of how to solve the problem with executable python code.\n\nThe problem:\n\n\nQUESTION:\nIlya is an experienced player in tic-tac-toe on the 4 \u00d7 4 field. He always starts and plays with Xs. He played a lot of games today with his friend Arseny. The friends became tired and didn't finish the last game. It was Ilya's turn in the game when they left it. Determine whether Ilya could have won the game by making single turn or not. \n\nThe rules of tic-tac-toe on the 4 \u00d7 4 field are as follows. Before the first turn all the field cells are empty. The two players take turns placing their signs into empty cells (the first player places Xs, the second player places Os). The player who places Xs goes first, the another one goes second. The winner is the player who first gets three of his signs in a row next to each other (horizontal, vertical or diagonal).\n\n\n-----Input-----\n\nThe tic-tac-toe position is given in four lines.\n\nEach of these lines contains four characters. Each character is '.' (empty cell), 'x' (lowercase English letter x), or 'o' (lowercase English letter o). It is guaranteed that the position is reachable playing tic-tac-toe, and it is Ilya's turn now (in particular, it means that the game is not finished). It is possible that all the cells are empty, it means that the friends left without making single turn.\n\n\n-----Output-----\n\nPrint single line: \"YES\" in case Ilya could have won by making single turn, and \"NO\" otherwise.\n\n\n-----Examples-----\nInput\nxx..\n.oo.\nx...\noox.\n\nOutput\nYES\n\nInput\nx.ox\nox..\nx.o.\noo.x\n\nOutput\nNO\n\nInput\nx..x\n..oo\no...\nx.xo\n\nOutput\nYES\n\nInput\no.x.\no...\n.x..\nooxx\n\nOutput\nNO\n\n\n\n-----Note-----\n\nIn the first example Ilya had two winning moves: to the empty cell in the left column and to the leftmost empty cell in the first row.\n\nIn the second example it wasn't possible to win by making single turn.\n\nIn the third example Ilya could have won by placing X in the last row between two existing Xs.\n\nIn the fourth example it wasn't possible to win by making single turn.\nUse Standard Input format\nANSWER:\n\n\nAn example of step-by-step clues for finding the longest palindrome substring is displayed below:\n\n```json\n[\n{\"Clue of Step 1\": \"For a substring, if it is a palindrome and the length is greater than 2, it is still a palindrome after the first and last letters are removed. According to this idea, we can use dynamic programming to solve this problem.\"},\n{\"Clue of Step 2\": \"Then we should consider the state transition function. We use P(i,j) to indicate whether the string composed of the i-th to j-th letters of the string s (denoted as as s[i:j]) is a palindrome string. s[i:j] is a palindrome only if s[i+1:j\u22121] is a palindrome and the i and j letters of s are the same.\"},\n{\"Clue of Step 3\": \"We also need to consider the boundary conditions in dynamic programming. For a substring of length 1, it is obviously a palindrome string; For a substring of length 2, it is a palindrome as long as its two letters are the same.\"},\n{\"Clue of Step 4\": \"We also need to consider the the cyclic order of dynamic programming. In the state transition equation, we are moving from a shorter string to a longer string.\"},\n{\"Clue of Step 5\": \"The final answer is the maximum length of the valid sub-strings.\"}\n]\n```\nYou can refer to the following example and generate step-by-step clues for the given problem.\n\n\n-----Clues-----\nClue of Step 1: We need to examine both the horizontal, vertical, and diagonal lines for potential winning combinations after placing an 'X'.\n", "Clue of Step 2: Before placing an 'X', we should count how many 'x's are already present in each potential line (rows, columns, diagonals) and only check if placing an 'X' would complete a triplet to win the game.\n", "Clue of Step 2: We need to iterate over each cell in the 4x4 grid and for each empty cell ('.'), simulate placing an 'X'.\n"], ["\nYou will be given a problem desciption.\n\nPlease analyze the problem and generate step-by-step clues of how to solve the problem with executable python code.\n\nThe problem:\n\n\nQUESTION:\nIlya is an experienced player in tic-tac-toe on the 4 \u00d7 4 field. He always starts and plays with Xs. He played a lot of games today with his friend Arseny. The friends became tired and didn't finish the last game. It was Ilya's turn in the game when they left it. Determine whether Ilya could have won the game by making single turn or not. \n\nThe rules of tic-tac-toe on the 4 \u00d7 4 field are as follows. Before the first turn all the field cells are empty. The two players take turns placing their signs into empty cells (the first player places Xs, the second player places Os). The player who places Xs goes first, the another one goes second. The winner is the player who first gets three of his signs in a row next to each other (horizontal, vertical or diagonal).\n\n\n-----Input-----\n\nThe tic-tac-toe position is given in four lines.\n\nEach of these lines contains four characters. Each character is '.' (empty cell), 'x' (lowercase English letter x), or 'o' (lowercase English letter o). It is guaranteed that the position is reachable playing tic-tac-toe, and it is Ilya's turn now (in particular, it means that the game is not finished). It is possible that all the cells are empty, it means that the friends left without making single turn.\n\n\n-----Output-----\n\nPrint single line: \"YES\" in case Ilya could have won by making single turn, and \"NO\" otherwise.\n\n\n-----Examples-----\nInput\nxx..\n.oo.\nx...\noox.\n\nOutput\nYES\n\nInput\nx.ox\nox..\nx.o.\noo.x\n\nOutput\nNO\n\nInput\nx..x\n..oo\no...\nx.xo\n\nOutput\nYES\n\nInput\no.x.\no...\n.x..\nooxx\n\nOutput\nNO\n\n\n\n-----Note-----\n\nIn the first example Ilya had two winning moves: to the empty cell in the left column and to the leftmost empty cell in the first row.\n\nIn the second example it wasn't possible to win by making single turn.\n\nIn the third example Ilya could have won by placing X in the last row between two existing Xs.\n\nIn the fourth example it wasn't possible to win by making single turn.\nUse Standard Input format\nANSWER:\n\n\nAn example of step-by-step clues for finding the longest palindrome substring is displayed below:\n\n```json\n[\n{\"Clue of Step 1\": \"For a substring, if it is a palindrome and the length is greater than 2, it is still a palindrome after the first and last letters are removed. According to this idea, we can use dynamic programming to solve this problem.\"},\n{\"Clue of Step 2\": \"Then we should consider the state transition function. We use P(i,j) to indicate whether the string composed of the i-th to j-th letters of the string s (denoted as as s[i:j]) is a palindrome string. s[i:j] is a palindrome only if s[i+1:j\u22121] is a palindrome and the i and j letters of s are the same.\"},\n{\"Clue of Step 3\": \"We also need to consider the boundary conditions in dynamic programming. For a substring of length 1, it is obviously a palindrome string; For a substring of length 2, it is a palindrome as long as its two letters are the same.\"},\n{\"Clue of Step 4\": \"We also need to consider the the cyclic order of dynamic programming. In the state transition equation, we are moving from a shorter string to a longer string.\"},\n{\"Clue of Step 5\": \"The final answer is the maximum length of the valid sub-strings.\"}\n]\n```\nYou can refer to the following example and generate step-by-step clues for the given problem.\n\n\n-----Clues-----\nClue of Step 1: We need to examine both the horizontal, vertical, and diagonal lines for potential winning combinations after placing an 'X'.\n", "Clue of Step 2: Before placing an 'X', we should count how many 'x's are already present in each potential line (rows, columns, diagonals) and only check if placing an 'X' would complete a triplet to win the game.\n", "Clue of Step 2: After placing an 'X', we should check all possible winning combinations (rows, columns, and both diagonals) to see if there are three 'X's in a line.\n"], ["\nYou will be given a problem desciption.\n\nPlease analyze the problem and generate step-by-step clues of how to solve the problem with executable python code.\n\nThe problem:\n\n\nQUESTION:\nIlya is an experienced player in tic-tac-toe on the 4 \u00d7 4 field. He always starts and plays with Xs. He played a lot of games today with his friend Arseny. The friends became tired and didn't finish the last game. It was Ilya's turn in the game when they left it. Determine whether Ilya could have won the game by making single turn or not. \n\nThe rules of tic-tac-toe on the 4 \u00d7 4 field are as follows. Before the first turn all the field cells are empty. The two players take turns placing their signs into empty cells (the first player places Xs, the second player places Os). The player who places Xs goes first, the another one goes second. The winner is the player who first gets three of his signs in a row next to each other (horizontal, vertical or diagonal).\n\n\n-----Input-----\n\nThe tic-tac-toe position is given in four lines.\n\nEach of these lines contains four characters. Each character is '.' (empty cell), 'x' (lowercase English letter x), or 'o' (lowercase English letter o). It is guaranteed that the position is reachable playing tic-tac-toe, and it is Ilya's turn now (in particular, it means that the game is not finished). It is possible that all the cells are empty, it means that the friends left without making single turn.\n\n\n-----Output-----\n\nPrint single line: \"YES\" in case Ilya could have won by making single turn, and \"NO\" otherwise.\n\n\n-----Examples-----\nInput\nxx..\n.oo.\nx...\noox.\n\nOutput\nYES\n\nInput\nx.ox\nox..\nx.o.\noo.x\n\nOutput\nNO\n\nInput\nx..x\n..oo\no...\nx.xo\n\nOutput\nYES\n\nInput\no.x.\no...\n.x..\nooxx\n\nOutput\nNO\n\n\n\n-----Note-----\n\nIn the first example Ilya had two winning moves: to the empty cell in the left column and to the leftmost empty cell in the first row.\n\nIn the second example it wasn't possible to win by making single turn.\n\nIn the third example Ilya could have won by placing X in the last row between two existing Xs.\n\nIn the fourth example it wasn't possible to win by making single turn.\nUse Standard Input format\nANSWER:\n\n\nAn example of step-by-step clues for finding the longest palindrome substring is displayed below:\n\n```json\n[\n{\"Clue of Step 1\": \"For a substring, if it is a palindrome and the length is greater than 2, it is still a palindrome after the first and last letters are removed. According to this idea, we can use dynamic programming to solve this problem.\"},\n{\"Clue of Step 2\": \"Then we should consider the state transition function. We use P(i,j) to indicate whether the string composed of the i-th to j-th letters of the string s (denoted as as s[i:j]) is a palindrome string. s[i:j] is a palindrome only if s[i+1:j\u22121] is a palindrome and the i and j letters of s are the same.\"},\n{\"Clue of Step 3\": \"We also need to consider the boundary conditions in dynamic programming. For a substring of length 1, it is obviously a palindrome string; For a substring of length 2, it is a palindrome as long as its two letters are the same.\"},\n{\"Clue of Step 4\": \"We also need to consider the the cyclic order of dynamic programming. In the state transition equation, we are moving from a shorter string to a longer string.\"},\n{\"Clue of Step 5\": \"The final answer is the maximum length of the valid sub-strings.\"}\n]\n```\nYou can refer to the following example and generate step-by-step clues for the given problem.\n\n\n-----Clues-----\nClue of Step 1: We need to examine both the horizontal, vertical, and diagonal lines for potential winning combinations after placing an 'X'.\n", "Clue of Step 2: We can precompute the state of rows, columns, and diagonals from the current board and then, for each empty cell, simulate placing an 'X' and check if any of the precomputed states result in a winning line.\n", "Clue of Step 2: We need to iterate over each cell in the 4x4 grid and for each empty cell ('.'), simulate placing an 'X'.\n"], ["\nYou will be given a problem desciption.\n\nPlease analyze the problem and generate step-by-step clues of how to solve the problem with executable python code.\n\nThe problem:\n\n\nQUESTION:\nIlya is an experienced player in tic-tac-toe on the 4 \u00d7 4 field. He always starts and plays with Xs. He played a lot of games today with his friend Arseny. The friends became tired and didn't finish the last game. It was Ilya's turn in the game when they left it. Determine whether Ilya could have won the game by making single turn or not. \n\nThe rules of tic-tac-toe on the 4 \u00d7 4 field are as follows. Before the first turn all the field cells are empty. The two players take turns placing their signs into empty cells (the first player places Xs, the second player places Os). The player who places Xs goes first, the another one goes second. The winner is the player who first gets three of his signs in a row next to each other (horizontal, vertical or diagonal).\n\n\n-----Input-----\n\nThe tic-tac-toe position is given in four lines.\n\nEach of these lines contains four characters. Each character is '.' (empty cell), 'x' (lowercase English letter x), or 'o' (lowercase English letter o). It is guaranteed that the position is reachable playing tic-tac-toe, and it is Ilya's turn now (in particular, it means that the game is not finished). It is possible that all the cells are empty, it means that the friends left without making single turn.\n\n\n-----Output-----\n\nPrint single line: \"YES\" in case Ilya could have won by making single turn, and \"NO\" otherwise.\n\n\n-----Examples-----\nInput\nxx..\n.oo.\nx...\noox.\n\nOutput\nYES\n\nInput\nx.ox\nox..\nx.o.\noo.x\n\nOutput\nNO\n\nInput\nx..x\n..oo\no...\nx.xo\n\nOutput\nYES\n\nInput\no.x.\no...\n.x..\nooxx\n\nOutput\nNO\n\n\n\n-----Note-----\n\nIn the first example Ilya had two winning moves: to the empty cell in the left column and to the leftmost empty cell in the first row.\n\nIn the second example it wasn't possible to win by making single turn.\n\nIn the third example Ilya could have won by placing X in the last row between two existing Xs.\n\nIn the fourth example it wasn't possible to win by making single turn.\nUse Standard Input format\nANSWER:\n\n\nAn example of step-by-step clues for finding the longest palindrome substring is displayed below:\n\n```json\n[\n{\"Clue of Step 1\": \"For a substring, if it is a palindrome and the length is greater than 2, it is still a palindrome after the first and last letters are removed. According to this idea, we can use dynamic programming to solve this problem.\"},\n{\"Clue of Step 2\": \"Then we should consider the state transition function. We use P(i,j) to indicate whether the string composed of the i-th to j-th letters of the string s (denoted as as s[i:j]) is a palindrome string. s[i:j] is a palindrome only if s[i+1:j\u22121] is a palindrome and the i and j letters of s are the same.\"},\n{\"Clue of Step 3\": \"We also need to consider the boundary conditions in dynamic programming. For a substring of length 1, it is obviously a palindrome string; For a substring of length 2, it is a palindrome as long as its two letters are the same.\"},\n{\"Clue of Step 4\": \"We also need to consider the the cyclic order of dynamic programming. In the state transition equation, we are moving from a shorter string to a longer string.\"},\n{\"Clue of Step 5\": \"The final answer is the maximum length of the valid sub-strings.\"}\n]\n```\nYou can refer to the following example and generate step-by-step clues for the given problem.\n\n\n-----Clues-----\nClue of Step 1: We need to examine both the horizontal, vertical, and diagonal lines for potential winning combinations after placing an 'X'.\n", "Clue of Step 2: We can precompute the state of rows, columns, and diagonals from the current board and then, for each empty cell, simulate placing an 'X' and check if any of the precomputed states result in a winning line.\n", "Clue of Step 2: After placing an 'X', we should check all possible winning combinations (rows, columns, and both diagonals) to see if there are three 'X's in a line.\n"], ["\nYou will be given a problem desciption.\n\nPlease analyze the problem and generate step-by-step clues of how to solve the problem with executable python code.\n\nThe problem:\n\n\nQUESTION:\nIlya is an experienced player in tic-tac-toe on the 4 \u00d7 4 field. He always starts and plays with Xs. He played a lot of games today with his friend Arseny. The friends became tired and didn't finish the last game. It was Ilya's turn in the game when they left it. Determine whether Ilya could have won the game by making single turn or not. \n\nThe rules of tic-tac-toe on the 4 \u00d7 4 field are as follows. Before the first turn all the field cells are empty. The two players take turns placing their signs into empty cells (the first player places Xs, the second player places Os). The player who places Xs goes first, the another one goes second. The winner is the player who first gets three of his signs in a row next to each other (horizontal, vertical or diagonal).\n\n\n-----Input-----\n\nThe tic-tac-toe position is given in four lines.\n\nEach of these lines contains four characters. Each character is '.' (empty cell), 'x' (lowercase English letter x), or 'o' (lowercase English letter o). It is guaranteed that the position is reachable playing tic-tac-toe, and it is Ilya's turn now (in particular, it means that the game is not finished). It is possible that all the cells are empty, it means that the friends left without making single turn.\n\n\n-----Output-----\n\nPrint single line: \"YES\" in case Ilya could have won by making single turn, and \"NO\" otherwise.\n\n\n-----Examples-----\nInput\nxx..\n.oo.\nx...\noox.\n\nOutput\nYES\n\nInput\nx.ox\nox..\nx.o.\noo.x\n\nOutput\nNO\n\nInput\nx..x\n..oo\no...\nx.xo\n\nOutput\nYES\n\nInput\no.x.\no...\n.x..\nooxx\n\nOutput\nNO\n\n\n\n-----Note-----\n\nIn the first example Ilya had two winning moves: to the empty cell in the left column and to the leftmost empty cell in the first row.\n\nIn the second example it wasn't possible to win by making single turn.\n\nIn the third example Ilya could have won by placing X in the last row between two existing Xs.\n\nIn the fourth example it wasn't possible to win by making single turn.\nUse Standard Input format\nANSWER:\n\n\nAn example of step-by-step clues for finding the longest palindrome substring is displayed below:\n\n```json\n[\n{\"Clue of Step 1\": \"For a substring, if it is a palindrome and the length is greater than 2, it is still a palindrome after the first and last letters are removed. According to this idea, we can use dynamic programming to solve this problem.\"},\n{\"Clue of Step 2\": \"Then we should consider the state transition function. We use P(i,j) to indicate whether the string composed of the i-th to j-th letters of the string s (denoted as as s[i:j]) is a palindrome string. s[i:j] is a palindrome only if s[i+1:j\u22121] is a palindrome and the i and j letters of s are the same.\"},\n{\"Clue of Step 3\": \"We also need to consider the boundary conditions in dynamic programming. For a substring of length 1, it is obviously a palindrome string; For a substring of length 2, it is a palindrome as long as its two letters are the same.\"},\n{\"Clue of Step 4\": \"We also need to consider the the cyclic order of dynamic programming. In the state transition equation, we are moving from a shorter string to a longer string.\"},\n{\"Clue of Step 5\": \"The final answer is the maximum length of the valid sub-strings.\"}\n]\n```\nYou can refer to the following example and generate step-by-step clues for the given problem.\n\n\n-----Clues-----\nClue of Step 1: After finding an empty cell, we should check if placing an 'X' there would create a winning condition (three 'X's in a row).\n", "Clue of Step 2: We will iterate through each cell in the 4x4 grid to identify all empty cells where Ilya can place an 'X'.\n", "Clue of Step 2: For each empty cell found, we will simulate placing an 'X' in that cell and check the resulting grid for any winning conditions (three 'X's in a line).\n"], ["\nYou will be given a problem desciption.\n\nPlease analyze the problem and generate step-by-step clues of how to solve the problem with executable python code.\n\nThe problem:\n\n\nQUESTION:\nIlya is an experienced player in tic-tac-toe on the 4 \u00d7 4 field. He always starts and plays with Xs. He played a lot of games today with his friend Arseny. The friends became tired and didn't finish the last game. It was Ilya's turn in the game when they left it. Determine whether Ilya could have won the game by making single turn or not. \n\nThe rules of tic-tac-toe on the 4 \u00d7 4 field are as follows. Before the first turn all the field cells are empty. The two players take turns placing their signs into empty cells (the first player places Xs, the second player places Os). The player who places Xs goes first, the another one goes second. The winner is the player who first gets three of his signs in a row next to each other (horizontal, vertical or diagonal).\n\n\n-----Input-----\n\nThe tic-tac-toe position is given in four lines.\n\nEach of these lines contains four characters. Each character is '.' (empty cell), 'x' (lowercase English letter x), or 'o' (lowercase English letter o). It is guaranteed that the position is reachable playing tic-tac-toe, and it is Ilya's turn now (in particular, it means that the game is not finished). It is possible that all the cells are empty, it means that the friends left without making single turn.\n\n\n-----Output-----\n\nPrint single line: \"YES\" in case Ilya could have won by making single turn, and \"NO\" otherwise.\n\n\n-----Examples-----\nInput\nxx..\n.oo.\nx...\noox.\n\nOutput\nYES\n\nInput\nx.ox\nox..\nx.o.\noo.x\n\nOutput\nNO\n\nInput\nx..x\n..oo\no...\nx.xo\n\nOutput\nYES\n\nInput\no.x.\no...\n.x..\nooxx\n\nOutput\nNO\n\n\n\n-----Note-----\n\nIn the first example Ilya had two winning moves: to the empty cell in the left column and to the leftmost empty cell in the first row.\n\nIn the second example it wasn't possible to win by making single turn.\n\nIn the third example Ilya could have won by placing X in the last row between two existing Xs.\n\nIn the fourth example it wasn't possible to win by making single turn.\nUse Standard Input format\nANSWER:\n\n\nAn example of step-by-step clues for finding the longest palindrome substring is displayed below:\n\n```json\n[\n{\"Clue of Step 1\": \"For a substring, if it is a palindrome and the length is greater than 2, it is still a palindrome after the first and last letters are removed. According to this idea, we can use dynamic programming to solve this problem.\"},\n{\"Clue of Step 2\": \"Then we should consider the state transition function. We use P(i,j) to indicate whether the string composed of the i-th to j-th letters of the string s (denoted as as s[i:j]) is a palindrome string. s[i:j] is a palindrome only if s[i+1:j\u22121] is a palindrome and the i and j letters of s are the same.\"},\n{\"Clue of Step 3\": \"We also need to consider the boundary conditions in dynamic programming. For a substring of length 1, it is obviously a palindrome string; For a substring of length 2, it is a palindrome as long as its two letters are the same.\"},\n{\"Clue of Step 4\": \"We also need to consider the the cyclic order of dynamic programming. In the state transition equation, we are moving from a shorter string to a longer string.\"},\n{\"Clue of Step 5\": \"The final answer is the maximum length of the valid sub-strings.\"}\n]\n```\nYou can refer to the following example and generate step-by-step clues for the given problem.\n\n\n-----Clues-----\nClue of Step 1: After finding an empty cell, we should check if placing an 'X' there would create a winning condition (three 'X's in a row).\n", "Clue of Step 2: We will define a helper function that checks all possible winning configurations (horizontal, vertical, diagonal) after placing an 'X' in an empty cell, and return True if a win is detected.\n", "Clue of Step 2: For each empty cell found, we will simulate placing an 'X' in that cell and check the resulting grid for any winning conditions (three 'X's in a line).\n"], ["\nYou will be given a problem desciption.\n\nPlease analyze the problem and generate step-by-step clues of how to solve the problem with executable python code.\n\nThe problem:\n\n\nQUESTION:\nIlya is an experienced player in tic-tac-toe on the 4 \u00d7 4 field. He always starts and plays with Xs. He played a lot of games today with his friend Arseny. The friends became tired and didn't finish the last game. It was Ilya's turn in the game when they left it. Determine whether Ilya could have won the game by making single turn or not. \n\nThe rules of tic-tac-toe on the 4 \u00d7 4 field are as follows. Before the first turn all the field cells are empty. The two players take turns placing their signs into empty cells (the first player places Xs, the second player places Os). The player who places Xs goes first, the another one goes second. The winner is the player who first gets three of his signs in a row next to each other (horizontal, vertical or diagonal).\n\n\n-----Input-----\n\nThe tic-tac-toe position is given in four lines.\n\nEach of these lines contains four characters. Each character is '.' (empty cell), 'x' (lowercase English letter x), or 'o' (lowercase English letter o). It is guaranteed that the position is reachable playing tic-tac-toe, and it is Ilya's turn now (in particular, it means that the game is not finished). It is possible that all the cells are empty, it means that the friends left without making single turn.\n\n\n-----Output-----\n\nPrint single line: \"YES\" in case Ilya could have won by making single turn, and \"NO\" otherwise.\n\n\n-----Examples-----\nInput\nxx..\n.oo.\nx...\noox.\n\nOutput\nYES\n\nInput\nx.ox\nox..\nx.o.\noo.x\n\nOutput\nNO\n\nInput\nx..x\n..oo\no...\nx.xo\n\nOutput\nYES\n\nInput\no.x.\no...\n.x..\nooxx\n\nOutput\nNO\n\n\n\n-----Note-----\n\nIn the first example Ilya had two winning moves: to the empty cell in the left column and to the leftmost empty cell in the first row.\n\nIn the second example it wasn't possible to win by making single turn.\n\nIn the third example Ilya could have won by placing X in the last row between two existing Xs.\n\nIn the fourth example it wasn't possible to win by making single turn.\nUse Standard Input format\nANSWER:\n\n\nAn example of step-by-step clues for finding the longest palindrome substring is displayed below:\n\n```json\n[\n{\"Clue of Step 1\": \"For a substring, if it is a palindrome and the length is greater than 2, it is still a palindrome after the first and last letters are removed. According to this idea, we can use dynamic programming to solve this problem.\"},\n{\"Clue of Step 2\": \"Then we should consider the state transition function. We use P(i,j) to indicate whether the string composed of the i-th to j-th letters of the string s (denoted as as s[i:j]) is a palindrome string. s[i:j] is a palindrome only if s[i+1:j\u22121] is a palindrome and the i and j letters of s are the same.\"},\n{\"Clue of Step 3\": \"We also need to consider the boundary conditions in dynamic programming. For a substring of length 1, it is obviously a palindrome string; For a substring of length 2, it is a palindrome as long as its two letters are the same.\"},\n{\"Clue of Step 4\": \"We also need to consider the the cyclic order of dynamic programming. In the state transition equation, we are moving from a shorter string to a longer string.\"},\n{\"Clue of Step 5\": \"The final answer is the maximum length of the valid sub-strings.\"}\n]\n```\nYou can refer to the following example and generate step-by-step clues for the given problem.\n\n\n-----Clues-----\nClue of Step 1: After finding an empty cell, we should check if placing an 'X' there would create a winning condition (three 'X's in a row).\n", "Clue of Step 2: We need to check all possible winning configurations (horizontal, vertical, and diagonal) to see if placing an 'X' in an empty cell would result in three consecutive 'X's.\n", "Clue of Step 2: For each empty cell found, we will simulate placing an 'X' in that cell and check the resulting grid for any winning conditions (three 'X's in a line).\n"], ["\nYou will be given a problem desciption.\n\nPlease analyze the problem and generate step-by-step clues of how to solve the problem with executable python code.\n\nThe problem:\n\n\nQUESTION:\nIlya is an experienced player in tic-tac-toe on the 4 \u00d7 4 field. He always starts and plays with Xs. He played a lot of games today with his friend Arseny. The friends became tired and didn't finish the last game. It was Ilya's turn in the game when they left it. Determine whether Ilya could have won the game by making single turn or not. \n\nThe rules of tic-tac-toe on the 4 \u00d7 4 field are as follows. Before the first turn all the field cells are empty. The two players take turns placing their signs into empty cells (the first player places Xs, the second player places Os). The player who places Xs goes first, the another one goes second. The winner is the player who first gets three of his signs in a row next to each other (horizontal, vertical or diagonal).\n\n\n-----Input-----\n\nThe tic-tac-toe position is given in four lines.\n\nEach of these lines contains four characters. Each character is '.' (empty cell), 'x' (lowercase English letter x), or 'o' (lowercase English letter o). It is guaranteed that the position is reachable playing tic-tac-toe, and it is Ilya's turn now (in particular, it means that the game is not finished). It is possible that all the cells are empty, it means that the friends left without making single turn.\n\n\n-----Output-----\n\nPrint single line: \"YES\" in case Ilya could have won by making single turn, and \"NO\" otherwise.\n\n\n-----Examples-----\nInput\nxx..\n.oo.\nx...\noox.\n\nOutput\nYES\n\nInput\nx.ox\nox..\nx.o.\noo.x\n\nOutput\nNO\n\nInput\nx..x\n..oo\no...\nx.xo\n\nOutput\nYES\n\nInput\no.x.\no...\n.x..\nooxx\n\nOutput\nNO\n\n\n\n-----Note-----\n\nIn the first example Ilya had two winning moves: to the empty cell in the left column and to the leftmost empty cell in the first row.\n\nIn the second example it wasn't possible to win by making single turn.\n\nIn the third example Ilya could have won by placing X in the last row between two existing Xs.\n\nIn the fourth example it wasn't possible to win by making single turn.\nUse Standard Input format\nANSWER:\n\n\nAn example of step-by-step clues for finding the longest palindrome substring is displayed below:\n\n```json\n[\n{\"Clue of Step 1\": \"For a substring, if it is a palindrome and the length is greater than 2, it is still a palindrome after the first and last letters are removed. According to this idea, we can use dynamic programming to solve this problem.\"},\n{\"Clue of Step 2\": \"Then we should consider the state transition function. We use P(i,j) to indicate whether the string composed of the i-th to j-th letters of the string s (denoted as as s[i:j]) is a palindrome string. s[i:j] is a palindrome only if s[i+1:j\u22121] is a palindrome and the i and j letters of s are the same.\"},\n{\"Clue of Step 3\": \"We also need to consider the boundary conditions in dynamic programming. For a substring of length 1, it is obviously a palindrome string; For a substring of length 2, it is a palindrome as long as its two letters are the same.\"},\n{\"Clue of Step 4\": \"We also need to consider the the cyclic order of dynamic programming. In the state transition equation, we are moving from a shorter string to a longer string.\"},\n{\"Clue of Step 5\": \"The final answer is the maximum length of the valid sub-strings.\"}\n]\n```\nYou can refer to the following example and generate step-by-step clues for the given problem.\n\n\n-----Clues-----\nClue of Step 1: After finding an empty cell, we should check if placing an 'X' there would create a winning condition (three 'X's in a row).\n", "Clue of Step 2: Since the board is 4x4, we should scan each row, each column, and both diagonals to see if two 'X's already exist and an empty cell could complete the row, column, or diagonal.\n", "Clue of Step 2: For each empty cell found, we will simulate placing an 'X' in that cell and check the resulting grid for any winning conditions (three 'X's in a line).\n"], ["\nYou will be given a problem desciption.\n\nPlease analyze the problem and generate step-by-step clues of how to solve the problem with executable python code.\n\nThe problem:\n\n\nQUESTION:\nIlya is an experienced player in tic-tac-toe on the 4 \u00d7 4 field. He always starts and plays with Xs. He played a lot of games today with his friend Arseny. The friends became tired and didn't finish the last game. It was Ilya's turn in the game when they left it. Determine whether Ilya could have won the game by making single turn or not. \n\nThe rules of tic-tac-toe on the 4 \u00d7 4 field are as follows. Before the first turn all the field cells are empty. The two players take turns placing their signs into empty cells (the first player places Xs, the second player places Os). The player who places Xs goes first, the another one goes second. The winner is the player who first gets three of his signs in a row next to each other (horizontal, vertical or diagonal).\n\n\n-----Input-----\n\nThe tic-tac-toe position is given in four lines.\n\nEach of these lines contains four characters. Each character is '.' (empty cell), 'x' (lowercase English letter x), or 'o' (lowercase English letter o). It is guaranteed that the position is reachable playing tic-tac-toe, and it is Ilya's turn now (in particular, it means that the game is not finished). It is possible that all the cells are empty, it means that the friends left without making single turn.\n\n\n-----Output-----\n\nPrint single line: \"YES\" in case Ilya could have won by making single turn, and \"NO\" otherwise.\n\n\n-----Examples-----\nInput\nxx..\n.oo.\nx...\noox.\n\nOutput\nYES\n\nInput\nx.ox\nox..\nx.o.\noo.x\n\nOutput\nNO\n\nInput\nx..x\n..oo\no...\nx.xo\n\nOutput\nYES\n\nInput\no.x.\no...\n.x..\nooxx\n\nOutput\nNO\n\n\n\n-----Note-----\n\nIn the first example Ilya had two winning moves: to the empty cell in the left column and to the leftmost empty cell in the first row.\n\nIn the second example it wasn't possible to win by making single turn.\n\nIn the third example Ilya could have won by placing X in the last row between two existing Xs.\n\nIn the fourth example it wasn't possible to win by making single turn.\nUse Standard Input format\nANSWER:\n\n\nAn example of step-by-step clues for finding the longest palindrome substring is displayed below:\n\n```json\n[\n{\"Clue of Step 1\": \"For a substring, if it is a palindrome and the length is greater than 2, it is still a palindrome after the first and last letters are removed. According to this idea, we can use dynamic programming to solve this problem.\"},\n{\"Clue of Step 2\": \"Then we should consider the state transition function. We use P(i,j) to indicate whether the string composed of the i-th to j-th letters of the string s (denoted as as s[i:j]) is a palindrome string. s[i:j] is a palindrome only if s[i+1:j\u22121] is a palindrome and the i and j letters of s are the same.\"},\n{\"Clue of Step 3\": \"We also need to consider the boundary conditions in dynamic programming. For a substring of length 1, it is obviously a palindrome string; For a substring of length 2, it is a palindrome as long as its two letters are the same.\"},\n{\"Clue of Step 4\": \"We also need to consider the the cyclic order of dynamic programming. In the state transition equation, we are moving from a shorter string to a longer string.\"},\n{\"Clue of Step 5\": \"The final answer is the maximum length of the valid sub-strings.\"}\n]\n```\nYou can refer to the following example and generate step-by-step clues for the given problem.\n\n\n-----Clues-----\nClue of Step 1: After finding an empty cell, we should check if placing an 'X' there would create a winning condition (three 'X's in a row).\n", "Clue of Step 2: We should iterate over each empty cell, place an 'X' hypothetically, and then check all possible winning lines (rows, columns, diagonals) to see if any of them contain four 'X's.\n", "Clue of Step 2: For each empty cell found, we will simulate placing an 'X' in that cell and check the resulting grid for any winning conditions (three 'X's in a line).\n"], ["\nYou will be given a problem desciption.\n\nPlease analyze the problem and generate step-by-step clues of how to solve the problem with executable python code.\n\nThe problem:\n\n\nQUESTION:\nIlya is an experienced player in tic-tac-toe on the 4 \u00d7 4 field. He always starts and plays with Xs. He played a lot of games today with his friend Arseny. The friends became tired and didn't finish the last game. It was Ilya's turn in the game when they left it. Determine whether Ilya could have won the game by making single turn or not. \n\nThe rules of tic-tac-toe on the 4 \u00d7 4 field are as follows. Before the first turn all the field cells are empty. The two players take turns placing their signs into empty cells (the first player places Xs, the second player places Os). The player who places Xs goes first, the another one goes second. The winner is the player who first gets three of his signs in a row next to each other (horizontal, vertical or diagonal).\n\n\n-----Input-----\n\nThe tic-tac-toe position is given in four lines.\n\nEach of these lines contains four characters. Each character is '.' (empty cell), 'x' (lowercase English letter x), or 'o' (lowercase English letter o). It is guaranteed that the position is reachable playing tic-tac-toe, and it is Ilya's turn now (in particular, it means that the game is not finished). It is possible that all the cells are empty, it means that the friends left without making single turn.\n\n\n-----Output-----\n\nPrint single line: \"YES\" in case Ilya could have won by making single turn, and \"NO\" otherwise.\n\n\n-----Examples-----\nInput\nxx..\n.oo.\nx...\noox.\n\nOutput\nYES\n\nInput\nx.ox\nox..\nx.o.\noo.x\n\nOutput\nNO\n\nInput\nx..x\n..oo\no...\nx.xo\n\nOutput\nYES\n\nInput\no.x.\no...\n.x..\nooxx\n\nOutput\nNO\n\n\n\n-----Note-----\n\nIn the first example Ilya had two winning moves: to the empty cell in the left column and to the leftmost empty cell in the first row.\n\nIn the second example it wasn't possible to win by making single turn.\n\nIn the third example Ilya could have won by placing X in the last row between two existing Xs.\n\nIn the fourth example it wasn't possible to win by making single turn.\nUse Standard Input format\nANSWER:\n\n\nAn example of step-by-step clues for finding the longest palindrome substring is displayed below:\n\n```json\n[\n{\"Clue of Step 1\": \"For a substring, if it is a palindrome and the length is greater than 2, it is still a palindrome after the first and last letters are removed. According to this idea, we can use dynamic programming to solve this problem.\"},\n{\"Clue of Step 2\": \"Then we should consider the state transition function. We use P(i,j) to indicate whether the string composed of the i-th to j-th letters of the string s (denoted as as s[i:j]) is a palindrome string. s[i:j] is a palindrome only if s[i+1:j\u22121] is a palindrome and the i and j letters of s are the same.\"},\n{\"Clue of Step 3\": \"We also need to consider the boundary conditions in dynamic programming. For a substring of length 1, it is obviously a palindrome string; For a substring of length 2, it is a palindrome as long as its two letters are the same.\"},\n{\"Clue of Step 4\": \"We also need to consider the the cyclic order of dynamic programming. In the state transition equation, we are moving from a shorter string to a longer string.\"},\n{\"Clue of Step 5\": \"The final answer is the maximum length of the valid sub-strings.\"}\n]\n```\nYou can refer to the following example and generate step-by-step clues for the given problem.\n\n\n-----Clues-----\nClue of Step 1: Since it's Ilya's turn and he plays as 'X', we need to simulate his possible moves by placing an 'X' in every empty spot and then check if any of these configurations result in a win (three consecutive 'X's in a row, column, or diagonal).\n", "Clue of Step 2: We need to iterate through each cell of the 4x4 grid and if we find an empty cell ('.'), place an 'X' in that cell temporarily to create a new game state.\n", "Clue of Step 2: After placing an 'X' in the empty cell, we should check all possible winning combinations, which include three in a row horizontally, vertically, and diagonally, to see if this move results in a win.\n"], ["\nYou will be given a problem desciption.\n\nPlease analyze the problem and generate step-by-step clues of how to solve the problem with executable python code.\n\nThe problem:\n\n\nQUESTION:\nIlya is an experienced player in tic-tac-toe on the 4 \u00d7 4 field. He always starts and plays with Xs. He played a lot of games today with his friend Arseny. The friends became tired and didn't finish the last game. It was Ilya's turn in the game when they left it. Determine whether Ilya could have won the game by making single turn or not. \n\nThe rules of tic-tac-toe on the 4 \u00d7 4 field are as follows. Before the first turn all the field cells are empty. The two players take turns placing their signs into empty cells (the first player places Xs, the second player places Os). The player who places Xs goes first, the another one goes second. The winner is the player who first gets three of his signs in a row next to each other (horizontal, vertical or diagonal).\n\n\n-----Input-----\n\nThe tic-tac-toe position is given in four lines.\n\nEach of these lines contains four characters. Each character is '.' (empty cell), 'x' (lowercase English letter x), or 'o' (lowercase English letter o). It is guaranteed that the position is reachable playing tic-tac-toe, and it is Ilya's turn now (in particular, it means that the game is not finished). It is possible that all the cells are empty, it means that the friends left without making single turn.\n\n\n-----Output-----\n\nPrint single line: \"YES\" in case Ilya could have won by making single turn, and \"NO\" otherwise.\n\n\n-----Examples-----\nInput\nxx..\n.oo.\nx...\noox.\n\nOutput\nYES\n\nInput\nx.ox\nox..\nx.o.\noo.x\n\nOutput\nNO\n\nInput\nx..x\n..oo\no...\nx.xo\n\nOutput\nYES\n\nInput\no.x.\no...\n.x..\nooxx\n\nOutput\nNO\n\n\n\n-----Note-----\n\nIn the first example Ilya had two winning moves: to the empty cell in the left column and to the leftmost empty cell in the first row.\n\nIn the second example it wasn't possible to win by making single turn.\n\nIn the third example Ilya could have won by placing X in the last row between two existing Xs.\n\nIn the fourth example it wasn't possible to win by making single turn.\nUse Standard Input format\nANSWER:\n\n\nAn example of step-by-step clues for finding the longest palindrome substring is displayed below:\n\n```json\n[\n{\"Clue of Step 1\": \"For a substring, if it is a palindrome and the length is greater than 2, it is still a palindrome after the first and last letters are removed. According to this idea, we can use dynamic programming to solve this problem.\"},\n{\"Clue of Step 2\": \"Then we should consider the state transition function. We use P(i,j) to indicate whether the string composed of the i-th to j-th letters of the string s (denoted as as s[i:j]) is a palindrome string. s[i:j] is a palindrome only if s[i+1:j\u22121] is a palindrome and the i and j letters of s are the same.\"},\n{\"Clue of Step 3\": \"We also need to consider the boundary conditions in dynamic programming. For a substring of length 1, it is obviously a palindrome string; For a substring of length 2, it is a palindrome as long as its two letters are the same.\"},\n{\"Clue of Step 4\": \"We also need to consider the the cyclic order of dynamic programming. In the state transition equation, we are moving from a shorter string to a longer string.\"},\n{\"Clue of Step 5\": \"The final answer is the maximum length of the valid sub-strings.\"}\n]\n```\nYou can refer to the following example and generate step-by-step clues for the given problem.\n\n\n-----Clues-----\nClue of Step 1: Since it's Ilya's turn and he plays as 'X', we need to simulate his possible moves by placing an 'X' in every empty spot and then check if any of these configurations result in a win (three consecutive 'X's in a row, column, or diagonal).\n", "Clue of Step 2: We need to iterate through each cell of the 4x4 grid and if we find an empty cell ('.'), place an 'X' in that cell temporarily to create a new game state.\n", "Clue of Step 2: We need to check all possible winning configurations after placing Ilya's 'X'. Winning configurations include rows, columns, and diagonals. For each empty cell, after placing an 'X', we should verify if any of these winning patterns are satisfied.\n"], ["\nYou will be given a problem desciption.\n\nPlease analyze the problem and generate step-by-step clues of how to solve the problem with executable python code.\n\nThe problem:\n\n\nQUESTION:\nIlya is an experienced player in tic-tac-toe on the 4 \u00d7 4 field. He always starts and plays with Xs. He played a lot of games today with his friend Arseny. The friends became tired and didn't finish the last game. It was Ilya's turn in the game when they left it. Determine whether Ilya could have won the game by making single turn or not. \n\nThe rules of tic-tac-toe on the 4 \u00d7 4 field are as follows. Before the first turn all the field cells are empty. The two players take turns placing their signs into empty cells (the first player places Xs, the second player places Os). The player who places Xs goes first, the another one goes second. The winner is the player who first gets three of his signs in a row next to each other (horizontal, vertical or diagonal).\n\n\n-----Input-----\n\nThe tic-tac-toe position is given in four lines.\n\nEach of these lines contains four characters. Each character is '.' (empty cell), 'x' (lowercase English letter x), or 'o' (lowercase English letter o). It is guaranteed that the position is reachable playing tic-tac-toe, and it is Ilya's turn now (in particular, it means that the game is not finished). It is possible that all the cells are empty, it means that the friends left without making single turn.\n\n\n-----Output-----\n\nPrint single line: \"YES\" in case Ilya could have won by making single turn, and \"NO\" otherwise.\n\n\n-----Examples-----\nInput\nxx..\n.oo.\nx...\noox.\n\nOutput\nYES\n\nInput\nx.ox\nox..\nx.o.\noo.x\n\nOutput\nNO\n\nInput\nx..x\n..oo\no...\nx.xo\n\nOutput\nYES\n\nInput\no.x.\no...\n.x..\nooxx\n\nOutput\nNO\n\n\n\n-----Note-----\n\nIn the first example Ilya had two winning moves: to the empty cell in the left column and to the leftmost empty cell in the first row.\n\nIn the second example it wasn't possible to win by making single turn.\n\nIn the third example Ilya could have won by placing X in the last row between two existing Xs.\n\nIn the fourth example it wasn't possible to win by making single turn.\nUse Standard Input format\nANSWER:\n\n\nAn example of step-by-step clues for finding the longest palindrome substring is displayed below:\n\n```json\n[\n{\"Clue of Step 1\": \"For a substring, if it is a palindrome and the length is greater than 2, it is still a palindrome after the first and last letters are removed. According to this idea, we can use dynamic programming to solve this problem.\"},\n{\"Clue of Step 2\": \"Then we should consider the state transition function. We use P(i,j) to indicate whether the string composed of the i-th to j-th letters of the string s (denoted as as s[i:j]) is a palindrome string. s[i:j] is a palindrome only if s[i+1:j\u22121] is a palindrome and the i and j letters of s are the same.\"},\n{\"Clue of Step 3\": \"We also need to consider the boundary conditions in dynamic programming. For a substring of length 1, it is obviously a palindrome string; For a substring of length 2, it is a palindrome as long as its two letters are the same.\"},\n{\"Clue of Step 4\": \"We also need to consider the the cyclic order of dynamic programming. In the state transition equation, we are moving from a shorter string to a longer string.\"},\n{\"Clue of Step 5\": \"The final answer is the maximum length of the valid sub-strings.\"}\n]\n```\nYou can refer to the following example and generate step-by-step clues for the given problem.\n\n\n-----Clues-----\nClue of Step 1: Since it's Ilya's turn and he plays as 'X', we need to simulate his possible moves by placing an 'X' in every empty spot and then check if any of these configurations result in a win (three consecutive 'X's in a row, column, or diagonal).\n", "Clue of Step 2: Once we identify a winning scenario, we should immediately return 'YES'; if after checking all cells no winning move is found, we should output 'NO' at the end of our checks.\n", "Clue of Step 2: After placing an 'X' in the empty cell, we should check all possible winning combinations, which include three in a row horizontally, vertically, and diagonally, to see if this move results in a win.\n"], ["\nYou will be given a problem desciption.\n\nPlease analyze the problem and generate step-by-step clues of how to solve the problem with executable python code.\n\nThe problem:\n\n\nQUESTION:\nIlya is an experienced player in tic-tac-toe on the 4 \u00d7 4 field. He always starts and plays with Xs. He played a lot of games today with his friend Arseny. The friends became tired and didn't finish the last game. It was Ilya's turn in the game when they left it. Determine whether Ilya could have won the game by making single turn or not. \n\nThe rules of tic-tac-toe on the 4 \u00d7 4 field are as follows. Before the first turn all the field cells are empty. The two players take turns placing their signs into empty cells (the first player places Xs, the second player places Os). The player who places Xs goes first, the another one goes second. The winner is the player who first gets three of his signs in a row next to each other (horizontal, vertical or diagonal).\n\n\n-----Input-----\n\nThe tic-tac-toe position is given in four lines.\n\nEach of these lines contains four characters. Each character is '.' (empty cell), 'x' (lowercase English letter x), or 'o' (lowercase English letter o). It is guaranteed that the position is reachable playing tic-tac-toe, and it is Ilya's turn now (in particular, it means that the game is not finished). It is possible that all the cells are empty, it means that the friends left without making single turn.\n\n\n-----Output-----\n\nPrint single line: \"YES\" in case Ilya could have won by making single turn, and \"NO\" otherwise.\n\n\n-----Examples-----\nInput\nxx..\n.oo.\nx...\noox.\n\nOutput\nYES\n\nInput\nx.ox\nox..\nx.o.\noo.x\n\nOutput\nNO\n\nInput\nx..x\n..oo\no...\nx.xo\n\nOutput\nYES\n\nInput\no.x.\no...\n.x..\nooxx\n\nOutput\nNO\n\n\n\n-----Note-----\n\nIn the first example Ilya had two winning moves: to the empty cell in the left column and to the leftmost empty cell in the first row.\n\nIn the second example it wasn't possible to win by making single turn.\n\nIn the third example Ilya could have won by placing X in the last row between two existing Xs.\n\nIn the fourth example it wasn't possible to win by making single turn.\nUse Standard Input format\nANSWER:\n\n\nAn example of step-by-step clues for finding the longest palindrome substring is displayed below:\n\n```json\n[\n{\"Clue of Step 1\": \"For a substring, if it is a palindrome and the length is greater than 2, it is still a palindrome after the first and last letters are removed. According to this idea, we can use dynamic programming to solve this problem.\"},\n{\"Clue of Step 2\": \"Then we should consider the state transition function. We use P(i,j) to indicate whether the string composed of the i-th to j-th letters of the string s (denoted as as s[i:j]) is a palindrome string. s[i:j] is a palindrome only if s[i+1:j\u22121] is a palindrome and the i and j letters of s are the same.\"},\n{\"Clue of Step 3\": \"We also need to consider the boundary conditions in dynamic programming. For a substring of length 1, it is obviously a palindrome string; For a substring of length 2, it is a palindrome as long as its two letters are the same.\"},\n{\"Clue of Step 4\": \"We also need to consider the the cyclic order of dynamic programming. In the state transition equation, we are moving from a shorter string to a longer string.\"},\n{\"Clue of Step 5\": \"The final answer is the maximum length of the valid sub-strings.\"}\n]\n```\nYou can refer to the following example and generate step-by-step clues for the given problem.\n\n\n-----Clues-----\nClue of Step 1: Since it's Ilya's turn and he plays as 'X', we need to simulate his possible moves by placing an 'X' in every empty spot and then check if any of these configurations result in a win (three consecutive 'X's in a row, column, or diagonal).\n", "Clue of Step 2: Once we identify a winning scenario, we should immediately return 'YES'; if after checking all cells no winning move is found, we should output 'NO' at the end of our checks.\n", "Clue of Step 2: We need to check all possible winning configurations after placing Ilya's 'X'. Winning configurations include rows, columns, and diagonals. For each empty cell, after placing an 'X', we should verify if any of these winning patterns are satisfied.\n"], ["\nYou will be given a problem desciption.\n\nPlease analyze the problem and generate step-by-step clues of how to solve the problem with executable python code.\n\nThe problem:\n\n\nQUESTION:\nIlya is an experienced player in tic-tac-toe on the 4 \u00d7 4 field. He always starts and plays with Xs. He played a lot of games today with his friend Arseny. The friends became tired and didn't finish the last game. It was Ilya's turn in the game when they left it. Determine whether Ilya could have won the game by making single turn or not. \n\nThe rules of tic-tac-toe on the 4 \u00d7 4 field are as follows. Before the first turn all the field cells are empty. The two players take turns placing their signs into empty cells (the first player places Xs, the second player places Os). The player who places Xs goes first, the another one goes second. The winner is the player who first gets three of his signs in a row next to each other (horizontal, vertical or diagonal).\n\n\n-----Input-----\n\nThe tic-tac-toe position is given in four lines.\n\nEach of these lines contains four characters. Each character is '.' (empty cell), 'x' (lowercase English letter x), or 'o' (lowercase English letter o). It is guaranteed that the position is reachable playing tic-tac-toe, and it is Ilya's turn now (in particular, it means that the game is not finished). It is possible that all the cells are empty, it means that the friends left without making single turn.\n\n\n-----Output-----\n\nPrint single line: \"YES\" in case Ilya could have won by making single turn, and \"NO\" otherwise.\n\n\n-----Examples-----\nInput\nxx..\n.oo.\nx...\noox.\n\nOutput\nYES\n\nInput\nx.ox\nox..\nx.o.\noo.x\n\nOutput\nNO\n\nInput\nx..x\n..oo\no...\nx.xo\n\nOutput\nYES\n\nInput\no.x.\no...\n.x..\nooxx\n\nOutput\nNO\n\n\n\n-----Note-----\n\nIn the first example Ilya had two winning moves: to the empty cell in the left column and to the leftmost empty cell in the first row.\n\nIn the second example it wasn't possible to win by making single turn.\n\nIn the third example Ilya could have won by placing X in the last row between two existing Xs.\n\nIn the fourth example it wasn't possible to win by making single turn.\nUse Standard Input format\nANSWER:\n\n\nAn example of step-by-step clues for finding the longest palindrome substring is displayed below:\n\n```json\n[\n{\"Clue of Step 1\": \"For a substring, if it is a palindrome and the length is greater than 2, it is still a palindrome after the first and last letters are removed. According to this idea, we can use dynamic programming to solve this problem.\"},\n{\"Clue of Step 2\": \"Then we should consider the state transition function. We use P(i,j) to indicate whether the string composed of the i-th to j-th letters of the string s (denoted as as s[i:j]) is a palindrome string. s[i:j] is a palindrome only if s[i+1:j\u22121] is a palindrome and the i and j letters of s are the same.\"},\n{\"Clue of Step 3\": \"We also need to consider the boundary conditions in dynamic programming. For a substring of length 1, it is obviously a palindrome string; For a substring of length 2, it is a palindrome as long as its two letters are the same.\"},\n{\"Clue of Step 4\": \"We also need to consider the the cyclic order of dynamic programming. In the state transition equation, we are moving from a shorter string to a longer string.\"},\n{\"Clue of Step 5\": \"The final answer is the maximum length of the valid sub-strings.\"}\n]\n```\nYou can refer to the following example and generate step-by-step clues for the given problem.\n\n\n-----Clues-----\nClue of Step 1: Since it's Ilya's turn and he plays as 'X', we need to simulate his possible moves by placing an 'X' in every empty spot and then check if any of these configurations result in a win (three consecutive 'X's in a row, column, or diagonal).\n", "Clue of Step 2: To efficiently check for a win, iterate through each row, column, and both diagonals. For each empty cell, simulate placing an 'X' and then scan these directions to see if there are three consecutive 'X's, which would indicate a win.\n", "Clue of Step 2: After placing an 'X' in the empty cell, we should check all possible winning combinations, which include three in a row horizontally, vertically, and diagonally, to see if this move results in a win.\n"], ["\nYou will be given a problem desciption.\n\nPlease analyze the problem and generate step-by-step clues of how to solve the problem with executable python code.\n\nThe problem:\n\n\nQUESTION:\nIlya is an experienced player in tic-tac-toe on the 4 \u00d7 4 field. He always starts and plays with Xs. He played a lot of games today with his friend Arseny. The friends became tired and didn't finish the last game. It was Ilya's turn in the game when they left it. Determine whether Ilya could have won the game by making single turn or not. \n\nThe rules of tic-tac-toe on the 4 \u00d7 4 field are as follows. Before the first turn all the field cells are empty. The two players take turns placing their signs into empty cells (the first player places Xs, the second player places Os). The player who places Xs goes first, the another one goes second. The winner is the player who first gets three of his signs in a row next to each other (horizontal, vertical or diagonal).\n\n\n-----Input-----\n\nThe tic-tac-toe position is given in four lines.\n\nEach of these lines contains four characters. Each character is '.' (empty cell), 'x' (lowercase English letter x), or 'o' (lowercase English letter o). It is guaranteed that the position is reachable playing tic-tac-toe, and it is Ilya's turn now (in particular, it means that the game is not finished). It is possible that all the cells are empty, it means that the friends left without making single turn.\n\n\n-----Output-----\n\nPrint single line: \"YES\" in case Ilya could have won by making single turn, and \"NO\" otherwise.\n\n\n-----Examples-----\nInput\nxx..\n.oo.\nx...\noox.\n\nOutput\nYES\n\nInput\nx.ox\nox..\nx.o.\noo.x\n\nOutput\nNO\n\nInput\nx..x\n..oo\no...\nx.xo\n\nOutput\nYES\n\nInput\no.x.\no...\n.x..\nooxx\n\nOutput\nNO\n\n\n\n-----Note-----\n\nIn the first example Ilya had two winning moves: to the empty cell in the left column and to the leftmost empty cell in the first row.\n\nIn the second example it wasn't possible to win by making single turn.\n\nIn the third example Ilya could have won by placing X in the last row between two existing Xs.\n\nIn the fourth example it wasn't possible to win by making single turn.\nUse Standard Input format\nANSWER:\n\n\nAn example of step-by-step clues for finding the longest palindrome substring is displayed below:\n\n```json\n[\n{\"Clue of Step 1\": \"For a substring, if it is a palindrome and the length is greater than 2, it is still a palindrome after the first and last letters are removed. According to this idea, we can use dynamic programming to solve this problem.\"},\n{\"Clue of Step 2\": \"Then we should consider the state transition function. We use P(i,j) to indicate whether the string composed of the i-th to j-th letters of the string s (denoted as as s[i:j]) is a palindrome string. s[i:j] is a palindrome only if s[i+1:j\u22121] is a palindrome and the i and j letters of s are the same.\"},\n{\"Clue of Step 3\": \"We also need to consider the boundary conditions in dynamic programming. For a substring of length 1, it is obviously a palindrome string; For a substring of length 2, it is a palindrome as long as its two letters are the same.\"},\n{\"Clue of Step 4\": \"We also need to consider the the cyclic order of dynamic programming. In the state transition equation, we are moving from a shorter string to a longer string.\"},\n{\"Clue of Step 5\": \"The final answer is the maximum length of the valid sub-strings.\"}\n]\n```\nYou can refer to the following example and generate step-by-step clues for the given problem.\n\n\n-----Clues-----\nClue of Step 1: Since it's Ilya's turn and he plays as 'X', we need to simulate his possible moves by placing an 'X' in every empty spot and then check if any of these configurations result in a win (three consecutive 'X's in a row, column, or diagonal).\n", "Clue of Step 2: To efficiently check for a win, iterate through each row, column, and both diagonals. For each empty cell, simulate placing an 'X' and then scan these directions to see if there are three consecutive 'X's, which would indicate a win.\n", "Clue of Step 2: We need to check all possible winning configurations after placing Ilya's 'X'. Winning configurations include rows, columns, and diagonals. For each empty cell, after placing an 'X', we should verify if any of these winning patterns are satisfied.\n"], ["\nYou will be given a problem desciption.\n\nPlease analyze the problem and generate step-by-step clues of how to solve the problem with executable python code.\n\nThe problem:\n\n\nQUESTION:\nIlya is an experienced player in tic-tac-toe on the 4 \u00d7 4 field. He always starts and plays with Xs. He played a lot of games today with his friend Arseny. The friends became tired and didn't finish the last game. It was Ilya's turn in the game when they left it. Determine whether Ilya could have won the game by making single turn or not. \n\nThe rules of tic-tac-toe on the 4 \u00d7 4 field are as follows. Before the first turn all the field cells are empty. The two players take turns placing their signs into empty cells (the first player places Xs, the second player places Os). The player who places Xs goes first, the another one goes second. The winner is the player who first gets three of his signs in a row next to each other (horizontal, vertical or diagonal).\n\n\n-----Input-----\n\nThe tic-tac-toe position is given in four lines.\n\nEach of these lines contains four characters. Each character is '.' (empty cell), 'x' (lowercase English letter x), or 'o' (lowercase English letter o). It is guaranteed that the position is reachable playing tic-tac-toe, and it is Ilya's turn now (in particular, it means that the game is not finished). It is possible that all the cells are empty, it means that the friends left without making single turn.\n\n\n-----Output-----\n\nPrint single line: \"YES\" in case Ilya could have won by making single turn, and \"NO\" otherwise.\n\n\n-----Examples-----\nInput\nxx..\n.oo.\nx...\noox.\n\nOutput\nYES\n\nInput\nx.ox\nox..\nx.o.\noo.x\n\nOutput\nNO\n\nInput\nx..x\n..oo\no...\nx.xo\n\nOutput\nYES\n\nInput\no.x.\no...\n.x..\nooxx\n\nOutput\nNO\n\n\n\n-----Note-----\n\nIn the first example Ilya had two winning moves: to the empty cell in the left column and to the leftmost empty cell in the first row.\n\nIn the second example it wasn't possible to win by making single turn.\n\nIn the third example Ilya could have won by placing X in the last row between two existing Xs.\n\nIn the fourth example it wasn't possible to win by making single turn.\nUse Standard Input format\nANSWER:\n\n\nAn example of step-by-step clues for finding the longest palindrome substring is displayed below:\n\n```json\n[\n{\"Clue of Step 1\": \"For a substring, if it is a palindrome and the length is greater than 2, it is still a palindrome after the first and last letters are removed. According to this idea, we can use dynamic programming to solve this problem.\"},\n{\"Clue of Step 2\": \"Then we should consider the state transition function. We use P(i,j) to indicate whether the string composed of the i-th to j-th letters of the string s (denoted as as s[i:j]) is a palindrome string. s[i:j] is a palindrome only if s[i+1:j\u22121] is a palindrome and the i and j letters of s are the same.\"},\n{\"Clue of Step 3\": \"We also need to consider the boundary conditions in dynamic programming. For a substring of length 1, it is obviously a palindrome string; For a substring of length 2, it is a palindrome as long as its two letters are the same.\"},\n{\"Clue of Step 4\": \"We also need to consider the the cyclic order of dynamic programming. In the state transition equation, we are moving from a shorter string to a longer string.\"},\n{\"Clue of Step 5\": \"The final answer is the maximum length of the valid sub-strings.\"}\n]\n```\nYou can refer to the following example and generate step-by-step clues for the given problem.\n\n\n-----Clues-----\nClue of Step 1: Since it's Ilya's turn and he plays as 'X', we need to simulate his possible moves by placing an 'X' in every empty spot and then check if any of these configurations result in a win (three consecutive 'X's in a row, column, or diagonal).\n", "Clue of Step 2: We should create helper functions to check the rows, columns, and diagonals for a win condition. This modular approach will make it easier to verify if any of the simulated moves result in a winning configuration.\n", "Clue of Step 2: After placing an 'X' in the empty cell, we should check all possible winning combinations, which include three in a row horizontally, vertically, and diagonally, to see if this move results in a win.\n"], ["\nYou will be given a problem desciption.\n\nPlease analyze the problem and generate step-by-step clues of how to solve the problem with executable python code.\n\nThe problem:\n\n\nQUESTION:\nIlya is an experienced player in tic-tac-toe on the 4 \u00d7 4 field. He always starts and plays with Xs. He played a lot of games today with his friend Arseny. The friends became tired and didn't finish the last game. It was Ilya's turn in the game when they left it. Determine whether Ilya could have won the game by making single turn or not. \n\nThe rules of tic-tac-toe on the 4 \u00d7 4 field are as follows. Before the first turn all the field cells are empty. The two players take turns placing their signs into empty cells (the first player places Xs, the second player places Os). The player who places Xs goes first, the another one goes second. The winner is the player who first gets three of his signs in a row next to each other (horizontal, vertical or diagonal).\n\n\n-----Input-----\n\nThe tic-tac-toe position is given in four lines.\n\nEach of these lines contains four characters. Each character is '.' (empty cell), 'x' (lowercase English letter x), or 'o' (lowercase English letter o). It is guaranteed that the position is reachable playing tic-tac-toe, and it is Ilya's turn now (in particular, it means that the game is not finished). It is possible that all the cells are empty, it means that the friends left without making single turn.\n\n\n-----Output-----\n\nPrint single line: \"YES\" in case Ilya could have won by making single turn, and \"NO\" otherwise.\n\n\n-----Examples-----\nInput\nxx..\n.oo.\nx...\noox.\n\nOutput\nYES\n\nInput\nx.ox\nox..\nx.o.\noo.x\n\nOutput\nNO\n\nInput\nx..x\n..oo\no...\nx.xo\n\nOutput\nYES\n\nInput\no.x.\no...\n.x..\nooxx\n\nOutput\nNO\n\n\n\n-----Note-----\n\nIn the first example Ilya had two winning moves: to the empty cell in the left column and to the leftmost empty cell in the first row.\n\nIn the second example it wasn't possible to win by making single turn.\n\nIn the third example Ilya could have won by placing X in the last row between two existing Xs.\n\nIn the fourth example it wasn't possible to win by making single turn.\nUse Standard Input format\nANSWER:\n\n\nAn example of step-by-step clues for finding the longest palindrome substring is displayed below:\n\n```json\n[\n{\"Clue of Step 1\": \"For a substring, if it is a palindrome and the length is greater than 2, it is still a palindrome after the first and last letters are removed. According to this idea, we can use dynamic programming to solve this problem.\"},\n{\"Clue of Step 2\": \"Then we should consider the state transition function. We use P(i,j) to indicate whether the string composed of the i-th to j-th letters of the string s (denoted as as s[i:j]) is a palindrome string. s[i:j] is a palindrome only if s[i+1:j\u22121] is a palindrome and the i and j letters of s are the same.\"},\n{\"Clue of Step 3\": \"We also need to consider the boundary conditions in dynamic programming. For a substring of length 1, it is obviously a palindrome string; For a substring of length 2, it is a palindrome as long as its two letters are the same.\"},\n{\"Clue of Step 4\": \"We also need to consider the the cyclic order of dynamic programming. In the state transition equation, we are moving from a shorter string to a longer string.\"},\n{\"Clue of Step 5\": \"The final answer is the maximum length of the valid sub-strings.\"}\n]\n```\nYou can refer to the following example and generate step-by-step clues for the given problem.\n\n\n-----Clues-----\nClue of Step 1: Since it's Ilya's turn and he plays as 'X', we need to simulate his possible moves by placing an 'X' in every empty spot and then check if any of these configurations result in a win (three consecutive 'X's in a row, column, or diagonal).\n", "Clue of Step 2: We should create helper functions to check the rows, columns, and diagonals for a win condition. This modular approach will make it easier to verify if any of the simulated moves result in a winning configuration.\n", "Clue of Step 2: We need to check all possible winning configurations after placing Ilya's 'X'. Winning configurations include rows, columns, and diagonals. For each empty cell, after placing an 'X', we should verify if any of these winning patterns are satisfied.\n"]], "SFT": ["\nYou will be given a problem desciption.\n\nPlease analyze the problem and generate step-by-step clues of how to solve the problem with executable python code.\n\nThe problem:\n\n\nQUESTION:\nIlya is an experienced player in tic-tac-toe on the 4 \u00d7 4 field. He always starts and plays with Xs. He played a lot of games today with his friend Arseny. The friends became tired and didn't finish the last game. It was Ilya's turn in the game when they left it. Determine whether Ilya could have won the game by making single turn or not. \n\nThe rules of tic-tac-toe on the 4 \u00d7 4 field are as follows. Before the first turn all the field cells are empty. The two players take turns placing their signs into empty cells (the first player places Xs, the second player places Os). The player who places Xs goes first, the another one goes second. The winner is the player who first gets three of his signs in a row next to each other (horizontal, vertical or diagonal).\n\n\n-----Input-----\n\nThe tic-tac-toe position is given in four lines.\n\nEach of these lines contains four characters. Each character is '.' (empty cell), 'x' (lowercase English letter x), or 'o' (lowercase English letter o). It is guaranteed that the position is reachable playing tic-tac-toe, and it is Ilya's turn now (in particular, it means that the game is not finished). It is possible that all the cells are empty, it means that the friends left without making single turn.\n\n\n-----Output-----\n\nPrint single line: \"YES\" in case Ilya could have won by making single turn, and \"NO\" otherwise.\n\n\n-----Examples-----\nInput\nxx..\n.oo.\nx...\noox.\n\nOutput\nYES\n\nInput\nx.ox\nox..\nx.o.\noo.x\n\nOutput\nNO\n\nInput\nx..x\n..oo\no...\nx.xo\n\nOutput\nYES\n\nInput\no.x.\no...\n.x..\nooxx\n\nOutput\nNO\n\n\n\n-----Note-----\n\nIn the first example Ilya had two winning moves: to the empty cell in the left column and to the leftmost empty cell in the first row.\n\nIn the second example it wasn't possible to win by making single turn.\n\nIn the third example Ilya could have won by placing X in the last row between two existing Xs.\n\nIn the fourth example it wasn't possible to win by making single turn.\nUse Standard Input format\nANSWER:\n\n\nAn example of step-by-step clues for finding the longest palindrome substring is displayed below:\n\n```json\n[\n{\"Clue of Step 1\": \"For a substring, if it is a palindrome and the length is greater than 2, it is still a palindrome after the first and last letters are removed. According to this idea, we can use dynamic programming to solve this problem.\"},\n{\"Clue of Step 2\": \"Then we should consider the state transition function. We use P(i,j) to indicate whether the string composed of the i-th to j-th letters of the string s (denoted as as s[i:j]) is a palindrome string. s[i:j] is a palindrome only if s[i+1:j\u22121] is a palindrome and the i and j letters of s are the same.\"},\n{\"Clue of Step 3\": \"We also need to consider the boundary conditions in dynamic programming. For a substring of length 1, it is obviously a palindrome string; For a substring of length 2, it is a palindrome as long as its two letters are the same.\"},\n{\"Clue of Step 4\": \"We also need to consider the the cyclic order of dynamic programming. In the state transition equation, we are moving from a shorter string to a longer string.\"},\n{\"Clue of Step 5\": \"The final answer is the maximum length of the valid sub-strings.\"}\n]\n```\nYou can refer to the following example and generate step-by-step clues for the given problem.\n\n\n-----Clues-----\nClue of Step 1: We can start by identifying all the empty cells in the current board where Ilya could place his 'X', and for each of these positions, we simulate the move and check if it forms a winning line.\n\nClue of Step 2: For each simulated board state, we should check all possible winning conditions: horizontal, vertical, and both diagonal directions.\n", "```python\ndef can_win_with_one_move(board):\n    # Directions for checking in rows, columns and diagonals\n    directions = [(1, 0), (0, 1), (1, 1), (1, -1)]  # down, right, down-right, down-left\n\n    for r in range(4):\n        for c in range(4):\n            if board[r][c] == '.':\n                # Simulate placing 'X' in the empty cell\n                for dr, dc in directions:\n                    count = 1  # count the current 'X'\n                    \n                    # Check in the positive direction\n                    nr, nc = r + dr, c + dc\n                    while 0 <= nr < 4 and 0 <= nc < 4 and board[nr][nc] == 'x':\n                        count += 1\n                        nr += dr\n                        nc += dc\n                    \n                    # Check in the negative direction\n                    nr, nc = r - dr, c - dc\n                    while 0 <= nr < 4 and 0 <= nc < 4 and board[nr][nc] == 'x':\n                        count += 1\n                        nr -= dr\n                        nc -= dc\n\n                    if count >= 3:\n                        return \"YES\"\n    \n    return \"NO\"\n\n# Read input\nboard = [input().strip() for _ in range(4)]\nresult = can_win_with_one_move(board)\nprint(result)\n```"]}