{"StepDPO": [["\nYou will be given a problem desciption.\n\nPlease analyze the problem and generate step-by-step clues of how to solve the problem with executable python code.\n\nThe problem:\n\n\nQUESTION:\nSomeone gave Alyona an array containing n positive integers a_1, a_2, ..., a_{n}. In one operation, Alyona can choose any element of the array and decrease it, i.e. replace with any positive integer that is smaller than the current one. Alyona can repeat this operation as many times as she wants. In particular, she may not apply any operation to the array at all.\n\nFormally, after applying some operations Alyona will get an array of n positive integers b_1, b_2, ..., b_{n} such that 1 \u2264 b_{i} \u2264 a_{i} for every 1 \u2264 i \u2264 n. Your task is to determine the maximum possible value of mex of this array.\n\nMex of an array in this problem is the minimum positive integer that doesn't appear in this array. For example, mex of the array containing 1, 3 and 4 is equal to 2, while mex of the array containing 2, 3 and 2 is equal to 1.\n\n\n-----Input-----\n\nThe first line of the input contains a single integer n (1 \u2264 n \u2264 100 000)\u00a0\u2014 the number of elements in the Alyona's array.\n\nThe second line of the input contains n integers a_1, a_2, ..., a_{n} (1 \u2264 a_{i} \u2264 10^9)\u00a0\u2014 the elements of the array.\n\n\n-----Output-----\n\nPrint one positive integer\u00a0\u2014 the maximum possible value of mex of the array after Alyona applies some (possibly none) operations.\n\n\n-----Examples-----\nInput\n5\n1 3 3 3 6\n\nOutput\n5\n\nInput\n2\n2 1\n\nOutput\n3\n\n\n\n-----Note-----\n\nIn the first sample case if one will decrease the second element value to 2 and the fifth element value to 4 then the mex value of resulting array 1 2 3 3 4 will be equal to 5.\n\nTo reach the answer to the second sample case one must not decrease any of the array elements.\nUse Standard Input format\nANSWER:\n\n\nAn example of step-by-step clues for finding the longest palindrome substring is displayed below:\n\n```json\n[\n{\"Clue of Step 1\": \"For a substring, if it is a palindrome and the length is greater than 2, it is still a palindrome after the first and last letters are removed. According to this idea, we can use dynamic programming to solve this problem.\"},\n{\"Clue of Step 2\": \"Then we should consider the state transition function. We use P(i,j) to indicate whether the string composed of the i-th to j-th letters of the string s (denoted as as s[i:j]) is a palindrome string. s[i:j] is a palindrome only if s[i+1:j\u22121] is a palindrome and the i and j letters of s are the same.\"},\n{\"Clue of Step 3\": \"We also need to consider the boundary conditions in dynamic programming. For a substring of length 1, it is obviously a palindrome string; For a substring of length 2, it is a palindrome as long as its two letters are the same.\"},\n{\"Clue of Step 4\": \"We also need to consider the the cyclic order of dynamic programming. In the state transition equation, we are moving from a shorter string to a longer string.\"},\n{\"Clue of Step 5\": \"The final answer is the maximum length of the valid sub-strings.\"}\n]\n```\nYou can refer to the following example and generate step-by-step clues for the given problem.\n\n\n-----Clues-----\nClue of Step 1: We need to find the maximum mex, which is defined as the smallest positive integer not present in the transformed array. To achieve this, we should focus on how to use the current elements in the array effectively.\n", "Clue of Step 2: We need to create a boolean array or set to keep track of which positive integers are present in the modified array after operations.\n", "Clue of Step 2: We should iterate through the original array and attempt to fill in the boolean array or set by decrementing elements to ensure we can cover as many positive integers as possible up to n.\n"], ["\nYou will be given a problem desciption.\n\nPlease analyze the problem and generate step-by-step clues of how to solve the problem with executable python code.\n\nThe problem:\n\n\nQUESTION:\nSomeone gave Alyona an array containing n positive integers a_1, a_2, ..., a_{n}. In one operation, Alyona can choose any element of the array and decrease it, i.e. replace with any positive integer that is smaller than the current one. Alyona can repeat this operation as many times as she wants. In particular, she may not apply any operation to the array at all.\n\nFormally, after applying some operations Alyona will get an array of n positive integers b_1, b_2, ..., b_{n} such that 1 \u2264 b_{i} \u2264 a_{i} for every 1 \u2264 i \u2264 n. Your task is to determine the maximum possible value of mex of this array.\n\nMex of an array in this problem is the minimum positive integer that doesn't appear in this array. For example, mex of the array containing 1, 3 and 4 is equal to 2, while mex of the array containing 2, 3 and 2 is equal to 1.\n\n\n-----Input-----\n\nThe first line of the input contains a single integer n (1 \u2264 n \u2264 100 000)\u00a0\u2014 the number of elements in the Alyona's array.\n\nThe second line of the input contains n integers a_1, a_2, ..., a_{n} (1 \u2264 a_{i} \u2264 10^9)\u00a0\u2014 the elements of the array.\n\n\n-----Output-----\n\nPrint one positive integer\u00a0\u2014 the maximum possible value of mex of the array after Alyona applies some (possibly none) operations.\n\n\n-----Examples-----\nInput\n5\n1 3 3 3 6\n\nOutput\n5\n\nInput\n2\n2 1\n\nOutput\n3\n\n\n\n-----Note-----\n\nIn the first sample case if one will decrease the second element value to 2 and the fifth element value to 4 then the mex value of resulting array 1 2 3 3 4 will be equal to 5.\n\nTo reach the answer to the second sample case one must not decrease any of the array elements.\nUse Standard Input format\nANSWER:\n\n\nAn example of step-by-step clues for finding the longest palindrome substring is displayed below:\n\n```json\n[\n{\"Clue of Step 1\": \"For a substring, if it is a palindrome and the length is greater than 2, it is still a palindrome after the first and last letters are removed. According to this idea, we can use dynamic programming to solve this problem.\"},\n{\"Clue of Step 2\": \"Then we should consider the state transition function. We use P(i,j) to indicate whether the string composed of the i-th to j-th letters of the string s (denoted as as s[i:j]) is a palindrome string. s[i:j] is a palindrome only if s[i+1:j\u22121] is a palindrome and the i and j letters of s are the same.\"},\n{\"Clue of Step 3\": \"We also need to consider the boundary conditions in dynamic programming. For a substring of length 1, it is obviously a palindrome string; For a substring of length 2, it is a palindrome as long as its two letters are the same.\"},\n{\"Clue of Step 4\": \"We also need to consider the the cyclic order of dynamic programming. In the state transition equation, we are moving from a shorter string to a longer string.\"},\n{\"Clue of Step 5\": \"The final answer is the maximum length of the valid sub-strings.\"}\n]\n```\nYou can refer to the following example and generate step-by-step clues for the given problem.\n\n\n-----Clues-----\nClue of Step 1: We need to find the maximum mex, which is defined as the smallest positive integer not present in the transformed array. To achieve this, we should focus on how to use the current elements in the array effectively.\n", "Clue of Step 2: We need to create a boolean array or set to keep track of which positive integers are present in the modified array after operations.\n", "Clue of Step 2: Once we have the boolean array or set populated, we can iterate from 1 to n to find the smallest positive integer that is not marked as present, which will give us the mex.\n"], ["\nYou will be given a problem desciption.\n\nPlease analyze the problem and generate step-by-step clues of how to solve the problem with executable python code.\n\nThe problem:\n\n\nQUESTION:\nSomeone gave Alyona an array containing n positive integers a_1, a_2, ..., a_{n}. In one operation, Alyona can choose any element of the array and decrease it, i.e. replace with any positive integer that is smaller than the current one. Alyona can repeat this operation as many times as she wants. In particular, she may not apply any operation to the array at all.\n\nFormally, after applying some operations Alyona will get an array of n positive integers b_1, b_2, ..., b_{n} such that 1 \u2264 b_{i} \u2264 a_{i} for every 1 \u2264 i \u2264 n. Your task is to determine the maximum possible value of mex of this array.\n\nMex of an array in this problem is the minimum positive integer that doesn't appear in this array. For example, mex of the array containing 1, 3 and 4 is equal to 2, while mex of the array containing 2, 3 and 2 is equal to 1.\n\n\n-----Input-----\n\nThe first line of the input contains a single integer n (1 \u2264 n \u2264 100 000)\u00a0\u2014 the number of elements in the Alyona's array.\n\nThe second line of the input contains n integers a_1, a_2, ..., a_{n} (1 \u2264 a_{i} \u2264 10^9)\u00a0\u2014 the elements of the array.\n\n\n-----Output-----\n\nPrint one positive integer\u00a0\u2014 the maximum possible value of mex of the array after Alyona applies some (possibly none) operations.\n\n\n-----Examples-----\nInput\n5\n1 3 3 3 6\n\nOutput\n5\n\nInput\n2\n2 1\n\nOutput\n3\n\n\n\n-----Note-----\n\nIn the first sample case if one will decrease the second element value to 2 and the fifth element value to 4 then the mex value of resulting array 1 2 3 3 4 will be equal to 5.\n\nTo reach the answer to the second sample case one must not decrease any of the array elements.\nUse Standard Input format\nANSWER:\n\n\nAn example of step-by-step clues for finding the longest palindrome substring is displayed below:\n\n```json\n[\n{\"Clue of Step 1\": \"For a substring, if it is a palindrome and the length is greater than 2, it is still a palindrome after the first and last letters are removed. According to this idea, we can use dynamic programming to solve this problem.\"},\n{\"Clue of Step 2\": \"Then we should consider the state transition function. We use P(i,j) to indicate whether the string composed of the i-th to j-th letters of the string s (denoted as as s[i:j]) is a palindrome string. s[i:j] is a palindrome only if s[i+1:j\u22121] is a palindrome and the i and j letters of s are the same.\"},\n{\"Clue of Step 3\": \"We also need to consider the boundary conditions in dynamic programming. For a substring of length 1, it is obviously a palindrome string; For a substring of length 2, it is a palindrome as long as its two letters are the same.\"},\n{\"Clue of Step 4\": \"We also need to consider the the cyclic order of dynamic programming. In the state transition equation, we are moving from a shorter string to a longer string.\"},\n{\"Clue of Step 5\": \"The final answer is the maximum length of the valid sub-strings.\"}\n]\n```\nYou can refer to the following example and generate step-by-step clues for the given problem.\n\n\n-----Clues-----\nClue of Step 1: We need to find the maximum mex, which is defined as the smallest positive integer not present in the transformed array. To achieve this, we should focus on how to use the current elements in the array effectively.\n", "Clue of Step 2: To maximize the mex, we should attempt to create a contiguous sequence starting from 1 in the transformed array. This means we should prioritize filling in the numbers 1, 2, 3, ..., x-1 in the array, where x is the mex. Thus, we need to track how many of each number 1 through k (for some k) are present or can be made present in the array.\n", "Clue of Step 2: We should iterate through the original array and attempt to fill in the boolean array or set by decrementing elements to ensure we can cover as many positive integers as possible up to n.\n"], ["\nYou will be given a problem desciption.\n\nPlease analyze the problem and generate step-by-step clues of how to solve the problem with executable python code.\n\nThe problem:\n\n\nQUESTION:\nSomeone gave Alyona an array containing n positive integers a_1, a_2, ..., a_{n}. In one operation, Alyona can choose any element of the array and decrease it, i.e. replace with any positive integer that is smaller than the current one. Alyona can repeat this operation as many times as she wants. In particular, she may not apply any operation to the array at all.\n\nFormally, after applying some operations Alyona will get an array of n positive integers b_1, b_2, ..., b_{n} such that 1 \u2264 b_{i} \u2264 a_{i} for every 1 \u2264 i \u2264 n. Your task is to determine the maximum possible value of mex of this array.\n\nMex of an array in this problem is the minimum positive integer that doesn't appear in this array. For example, mex of the array containing 1, 3 and 4 is equal to 2, while mex of the array containing 2, 3 and 2 is equal to 1.\n\n\n-----Input-----\n\nThe first line of the input contains a single integer n (1 \u2264 n \u2264 100 000)\u00a0\u2014 the number of elements in the Alyona's array.\n\nThe second line of the input contains n integers a_1, a_2, ..., a_{n} (1 \u2264 a_{i} \u2264 10^9)\u00a0\u2014 the elements of the array.\n\n\n-----Output-----\n\nPrint one positive integer\u00a0\u2014 the maximum possible value of mex of the array after Alyona applies some (possibly none) operations.\n\n\n-----Examples-----\nInput\n5\n1 3 3 3 6\n\nOutput\n5\n\nInput\n2\n2 1\n\nOutput\n3\n\n\n\n-----Note-----\n\nIn the first sample case if one will decrease the second element value to 2 and the fifth element value to 4 then the mex value of resulting array 1 2 3 3 4 will be equal to 5.\n\nTo reach the answer to the second sample case one must not decrease any of the array elements.\nUse Standard Input format\nANSWER:\n\n\nAn example of step-by-step clues for finding the longest palindrome substring is displayed below:\n\n```json\n[\n{\"Clue of Step 1\": \"For a substring, if it is a palindrome and the length is greater than 2, it is still a palindrome after the first and last letters are removed. According to this idea, we can use dynamic programming to solve this problem.\"},\n{\"Clue of Step 2\": \"Then we should consider the state transition function. We use P(i,j) to indicate whether the string composed of the i-th to j-th letters of the string s (denoted as as s[i:j]) is a palindrome string. s[i:j] is a palindrome only if s[i+1:j\u22121] is a palindrome and the i and j letters of s are the same.\"},\n{\"Clue of Step 3\": \"We also need to consider the boundary conditions in dynamic programming. For a substring of length 1, it is obviously a palindrome string; For a substring of length 2, it is a palindrome as long as its two letters are the same.\"},\n{\"Clue of Step 4\": \"We also need to consider the the cyclic order of dynamic programming. In the state transition equation, we are moving from a shorter string to a longer string.\"},\n{\"Clue of Step 5\": \"The final answer is the maximum length of the valid sub-strings.\"}\n]\n```\nYou can refer to the following example and generate step-by-step clues for the given problem.\n\n\n-----Clues-----\nClue of Step 1: We need to find the maximum mex, which is defined as the smallest positive integer not present in the transformed array. To achieve this, we should focus on how to use the current elements in the array effectively.\n", "Clue of Step 2: To maximize the mex, we should attempt to create a contiguous sequence starting from 1 in the transformed array. This means we should prioritize filling in the numbers 1, 2, 3, ..., x-1 in the array, where x is the mex. Thus, we need to track how many of each number 1 through k (for some k) are present or can be made present in the array.\n", "Clue of Step 2: Once we have the boolean array or set populated, we can iterate from 1 to n to find the smallest positive integer that is not marked as present, which will give us the mex.\n"], ["\nYou will be given a problem desciption.\n\nPlease analyze the problem and generate step-by-step clues of how to solve the problem with executable python code.\n\nThe problem:\n\n\nQUESTION:\nSomeone gave Alyona an array containing n positive integers a_1, a_2, ..., a_{n}. In one operation, Alyona can choose any element of the array and decrease it, i.e. replace with any positive integer that is smaller than the current one. Alyona can repeat this operation as many times as she wants. In particular, she may not apply any operation to the array at all.\n\nFormally, after applying some operations Alyona will get an array of n positive integers b_1, b_2, ..., b_{n} such that 1 \u2264 b_{i} \u2264 a_{i} for every 1 \u2264 i \u2264 n. Your task is to determine the maximum possible value of mex of this array.\n\nMex of an array in this problem is the minimum positive integer that doesn't appear in this array. For example, mex of the array containing 1, 3 and 4 is equal to 2, while mex of the array containing 2, 3 and 2 is equal to 1.\n\n\n-----Input-----\n\nThe first line of the input contains a single integer n (1 \u2264 n \u2264 100 000)\u00a0\u2014 the number of elements in the Alyona's array.\n\nThe second line of the input contains n integers a_1, a_2, ..., a_{n} (1 \u2264 a_{i} \u2264 10^9)\u00a0\u2014 the elements of the array.\n\n\n-----Output-----\n\nPrint one positive integer\u00a0\u2014 the maximum possible value of mex of the array after Alyona applies some (possibly none) operations.\n\n\n-----Examples-----\nInput\n5\n1 3 3 3 6\n\nOutput\n5\n\nInput\n2\n2 1\n\nOutput\n3\n\n\n\n-----Note-----\n\nIn the first sample case if one will decrease the second element value to 2 and the fifth element value to 4 then the mex value of resulting array 1 2 3 3 4 will be equal to 5.\n\nTo reach the answer to the second sample case one must not decrease any of the array elements.\nUse Standard Input format\nANSWER:\n\n\nAn example of step-by-step clues for finding the longest palindrome substring is displayed below:\n\n```json\n[\n{\"Clue of Step 1\": \"For a substring, if it is a palindrome and the length is greater than 2, it is still a palindrome after the first and last letters are removed. According to this idea, we can use dynamic programming to solve this problem.\"},\n{\"Clue of Step 2\": \"Then we should consider the state transition function. We use P(i,j) to indicate whether the string composed of the i-th to j-th letters of the string s (denoted as as s[i:j]) is a palindrome string. s[i:j] is a palindrome only if s[i+1:j\u22121] is a palindrome and the i and j letters of s are the same.\"},\n{\"Clue of Step 3\": \"We also need to consider the boundary conditions in dynamic programming. For a substring of length 1, it is obviously a palindrome string; For a substring of length 2, it is a palindrome as long as its two letters are the same.\"},\n{\"Clue of Step 4\": \"We also need to consider the the cyclic order of dynamic programming. In the state transition equation, we are moving from a shorter string to a longer string.\"},\n{\"Clue of Step 5\": \"The final answer is the maximum length of the valid sub-strings.\"}\n]\n```\nYou can refer to the following example and generate step-by-step clues for the given problem.\n\n\n-----Clues-----\nClue of Step 1: We need to find the maximum mex, which is defined as the smallest positive integer not present in the transformed array. To achieve this, we should focus on how to use the current elements in the array effectively.\n", "Clue of Step 2: We should simulate the process of transforming the array elements to achieve the maximum contiguous sequence. Start by counting how many elements in the array can be reduced to each value and use this information to determine the first missing positive integer.\n", "Clue of Step 2: We should iterate through the original array and attempt to fill in the boolean array or set by decrementing elements to ensure we can cover as many positive integers as possible up to n.\n"], ["\nYou will be given a problem desciption.\n\nPlease analyze the problem and generate step-by-step clues of how to solve the problem with executable python code.\n\nThe problem:\n\n\nQUESTION:\nSomeone gave Alyona an array containing n positive integers a_1, a_2, ..., a_{n}. In one operation, Alyona can choose any element of the array and decrease it, i.e. replace with any positive integer that is smaller than the current one. Alyona can repeat this operation as many times as she wants. In particular, she may not apply any operation to the array at all.\n\nFormally, after applying some operations Alyona will get an array of n positive integers b_1, b_2, ..., b_{n} such that 1 \u2264 b_{i} \u2264 a_{i} for every 1 \u2264 i \u2264 n. Your task is to determine the maximum possible value of mex of this array.\n\nMex of an array in this problem is the minimum positive integer that doesn't appear in this array. For example, mex of the array containing 1, 3 and 4 is equal to 2, while mex of the array containing 2, 3 and 2 is equal to 1.\n\n\n-----Input-----\n\nThe first line of the input contains a single integer n (1 \u2264 n \u2264 100 000)\u00a0\u2014 the number of elements in the Alyona's array.\n\nThe second line of the input contains n integers a_1, a_2, ..., a_{n} (1 \u2264 a_{i} \u2264 10^9)\u00a0\u2014 the elements of the array.\n\n\n-----Output-----\n\nPrint one positive integer\u00a0\u2014 the maximum possible value of mex of the array after Alyona applies some (possibly none) operations.\n\n\n-----Examples-----\nInput\n5\n1 3 3 3 6\n\nOutput\n5\n\nInput\n2\n2 1\n\nOutput\n3\n\n\n\n-----Note-----\n\nIn the first sample case if one will decrease the second element value to 2 and the fifth element value to 4 then the mex value of resulting array 1 2 3 3 4 will be equal to 5.\n\nTo reach the answer to the second sample case one must not decrease any of the array elements.\nUse Standard Input format\nANSWER:\n\n\nAn example of step-by-step clues for finding the longest palindrome substring is displayed below:\n\n```json\n[\n{\"Clue of Step 1\": \"For a substring, if it is a palindrome and the length is greater than 2, it is still a palindrome after the first and last letters are removed. According to this idea, we can use dynamic programming to solve this problem.\"},\n{\"Clue of Step 2\": \"Then we should consider the state transition function. We use P(i,j) to indicate whether the string composed of the i-th to j-th letters of the string s (denoted as as s[i:j]) is a palindrome string. s[i:j] is a palindrome only if s[i+1:j\u22121] is a palindrome and the i and j letters of s are the same.\"},\n{\"Clue of Step 3\": \"We also need to consider the boundary conditions in dynamic programming. For a substring of length 1, it is obviously a palindrome string; For a substring of length 2, it is a palindrome as long as its two letters are the same.\"},\n{\"Clue of Step 4\": \"We also need to consider the the cyclic order of dynamic programming. In the state transition equation, we are moving from a shorter string to a longer string.\"},\n{\"Clue of Step 5\": \"The final answer is the maximum length of the valid sub-strings.\"}\n]\n```\nYou can refer to the following example and generate step-by-step clues for the given problem.\n\n\n-----Clues-----\nClue of Step 1: We need to find the maximum mex, which is defined as the smallest positive integer not present in the transformed array. To achieve this, we should focus on how to use the current elements in the array effectively.\n", "Clue of Step 2: We should simulate the process of transforming the array elements to achieve the maximum contiguous sequence. Start by counting how many elements in the array can be reduced to each value and use this information to determine the first missing positive integer.\n", "Clue of Step 2: Once we have the boolean array or set populated, we can iterate from 1 to n to find the smallest positive integer that is not marked as present, which will give us the mex.\n"], ["\nYou will be given a problem desciption.\n\nPlease analyze the problem and generate step-by-step clues of how to solve the problem with executable python code.\n\nThe problem:\n\n\nQUESTION:\nSomeone gave Alyona an array containing n positive integers a_1, a_2, ..., a_{n}. In one operation, Alyona can choose any element of the array and decrease it, i.e. replace with any positive integer that is smaller than the current one. Alyona can repeat this operation as many times as she wants. In particular, she may not apply any operation to the array at all.\n\nFormally, after applying some operations Alyona will get an array of n positive integers b_1, b_2, ..., b_{n} such that 1 \u2264 b_{i} \u2264 a_{i} for every 1 \u2264 i \u2264 n. Your task is to determine the maximum possible value of mex of this array.\n\nMex of an array in this problem is the minimum positive integer that doesn't appear in this array. For example, mex of the array containing 1, 3 and 4 is equal to 2, while mex of the array containing 2, 3 and 2 is equal to 1.\n\n\n-----Input-----\n\nThe first line of the input contains a single integer n (1 \u2264 n \u2264 100 000)\u00a0\u2014 the number of elements in the Alyona's array.\n\nThe second line of the input contains n integers a_1, a_2, ..., a_{n} (1 \u2264 a_{i} \u2264 10^9)\u00a0\u2014 the elements of the array.\n\n\n-----Output-----\n\nPrint one positive integer\u00a0\u2014 the maximum possible value of mex of the array after Alyona applies some (possibly none) operations.\n\n\n-----Examples-----\nInput\n5\n1 3 3 3 6\n\nOutput\n5\n\nInput\n2\n2 1\n\nOutput\n3\n\n\n\n-----Note-----\n\nIn the first sample case if one will decrease the second element value to 2 and the fifth element value to 4 then the mex value of resulting array 1 2 3 3 4 will be equal to 5.\n\nTo reach the answer to the second sample case one must not decrease any of the array elements.\nUse Standard Input format\nANSWER:\n\n\nAn example of step-by-step clues for finding the longest palindrome substring is displayed below:\n\n```json\n[\n{\"Clue of Step 1\": \"For a substring, if it is a palindrome and the length is greater than 2, it is still a palindrome after the first and last letters are removed. According to this idea, we can use dynamic programming to solve this problem.\"},\n{\"Clue of Step 2\": \"Then we should consider the state transition function. We use P(i,j) to indicate whether the string composed of the i-th to j-th letters of the string s (denoted as as s[i:j]) is a palindrome string. s[i:j] is a palindrome only if s[i+1:j\u22121] is a palindrome and the i and j letters of s are the same.\"},\n{\"Clue of Step 3\": \"We also need to consider the boundary conditions in dynamic programming. For a substring of length 1, it is obviously a palindrome string; For a substring of length 2, it is a palindrome as long as its two letters are the same.\"},\n{\"Clue of Step 4\": \"We also need to consider the the cyclic order of dynamic programming. In the state transition equation, we are moving from a shorter string to a longer string.\"},\n{\"Clue of Step 5\": \"The final answer is the maximum length of the valid sub-strings.\"}\n]\n```\nYou can refer to the following example and generate step-by-step clues for the given problem.\n\n\n-----Clues-----\nClue of Step 1: We need to find the maximum mex, which is defined as the smallest positive integer not present in the transformed array. To achieve this, we should focus on how to use the current elements in the array effectively.\n", "Clue of Step 2: Consider that if we can transform some elements to any integer i, we should do so only if all smaller integers (1 through i-1) are already achievable. This greedy approach ensures that we maximize the mex by filling in the smallest missing integers first.\n", "Clue of Step 2: We should iterate through the original array and attempt to fill in the boolean array or set by decrementing elements to ensure we can cover as many positive integers as possible up to n.\n"], ["\nYou will be given a problem desciption.\n\nPlease analyze the problem and generate step-by-step clues of how to solve the problem with executable python code.\n\nThe problem:\n\n\nQUESTION:\nSomeone gave Alyona an array containing n positive integers a_1, a_2, ..., a_{n}. In one operation, Alyona can choose any element of the array and decrease it, i.e. replace with any positive integer that is smaller than the current one. Alyona can repeat this operation as many times as she wants. In particular, she may not apply any operation to the array at all.\n\nFormally, after applying some operations Alyona will get an array of n positive integers b_1, b_2, ..., b_{n} such that 1 \u2264 b_{i} \u2264 a_{i} for every 1 \u2264 i \u2264 n. Your task is to determine the maximum possible value of mex of this array.\n\nMex of an array in this problem is the minimum positive integer that doesn't appear in this array. For example, mex of the array containing 1, 3 and 4 is equal to 2, while mex of the array containing 2, 3 and 2 is equal to 1.\n\n\n-----Input-----\n\nThe first line of the input contains a single integer n (1 \u2264 n \u2264 100 000)\u00a0\u2014 the number of elements in the Alyona's array.\n\nThe second line of the input contains n integers a_1, a_2, ..., a_{n} (1 \u2264 a_{i} \u2264 10^9)\u00a0\u2014 the elements of the array.\n\n\n-----Output-----\n\nPrint one positive integer\u00a0\u2014 the maximum possible value of mex of the array after Alyona applies some (possibly none) operations.\n\n\n-----Examples-----\nInput\n5\n1 3 3 3 6\n\nOutput\n5\n\nInput\n2\n2 1\n\nOutput\n3\n\n\n\n-----Note-----\n\nIn the first sample case if one will decrease the second element value to 2 and the fifth element value to 4 then the mex value of resulting array 1 2 3 3 4 will be equal to 5.\n\nTo reach the answer to the second sample case one must not decrease any of the array elements.\nUse Standard Input format\nANSWER:\n\n\nAn example of step-by-step clues for finding the longest palindrome substring is displayed below:\n\n```json\n[\n{\"Clue of Step 1\": \"For a substring, if it is a palindrome and the length is greater than 2, it is still a palindrome after the first and last letters are removed. According to this idea, we can use dynamic programming to solve this problem.\"},\n{\"Clue of Step 2\": \"Then we should consider the state transition function. We use P(i,j) to indicate whether the string composed of the i-th to j-th letters of the string s (denoted as as s[i:j]) is a palindrome string. s[i:j] is a palindrome only if s[i+1:j\u22121] is a palindrome and the i and j letters of s are the same.\"},\n{\"Clue of Step 3\": \"We also need to consider the boundary conditions in dynamic programming. For a substring of length 1, it is obviously a palindrome string; For a substring of length 2, it is a palindrome as long as its two letters are the same.\"},\n{\"Clue of Step 4\": \"We also need to consider the the cyclic order of dynamic programming. In the state transition equation, we are moving from a shorter string to a longer string.\"},\n{\"Clue of Step 5\": \"The final answer is the maximum length of the valid sub-strings.\"}\n]\n```\nYou can refer to the following example and generate step-by-step clues for the given problem.\n\n\n-----Clues-----\nClue of Step 1: We need to find the maximum mex, which is defined as the smallest positive integer not present in the transformed array. To achieve this, we should focus on how to use the current elements in the array effectively.\n", "Clue of Step 2: Consider that if we can transform some elements to any integer i, we should do so only if all smaller integers (1 through i-1) are already achievable. This greedy approach ensures that we maximize the mex by filling in the smallest missing integers first.\n", "Clue of Step 2: Once we have the boolean array or set populated, we can iterate from 1 to n to find the smallest positive integer that is not marked as present, which will give us the mex.\n"], ["\nYou will be given a problem desciption.\n\nPlease analyze the problem and generate step-by-step clues of how to solve the problem with executable python code.\n\nThe problem:\n\n\nQUESTION:\nSomeone gave Alyona an array containing n positive integers a_1, a_2, ..., a_{n}. In one operation, Alyona can choose any element of the array and decrease it, i.e. replace with any positive integer that is smaller than the current one. Alyona can repeat this operation as many times as she wants. In particular, she may not apply any operation to the array at all.\n\nFormally, after applying some operations Alyona will get an array of n positive integers b_1, b_2, ..., b_{n} such that 1 \u2264 b_{i} \u2264 a_{i} for every 1 \u2264 i \u2264 n. Your task is to determine the maximum possible value of mex of this array.\n\nMex of an array in this problem is the minimum positive integer that doesn't appear in this array. For example, mex of the array containing 1, 3 and 4 is equal to 2, while mex of the array containing 2, 3 and 2 is equal to 1.\n\n\n-----Input-----\n\nThe first line of the input contains a single integer n (1 \u2264 n \u2264 100 000)\u00a0\u2014 the number of elements in the Alyona's array.\n\nThe second line of the input contains n integers a_1, a_2, ..., a_{n} (1 \u2264 a_{i} \u2264 10^9)\u00a0\u2014 the elements of the array.\n\n\n-----Output-----\n\nPrint one positive integer\u00a0\u2014 the maximum possible value of mex of the array after Alyona applies some (possibly none) operations.\n\n\n-----Examples-----\nInput\n5\n1 3 3 3 6\n\nOutput\n5\n\nInput\n2\n2 1\n\nOutput\n3\n\n\n\n-----Note-----\n\nIn the first sample case if one will decrease the second element value to 2 and the fifth element value to 4 then the mex value of resulting array 1 2 3 3 4 will be equal to 5.\n\nTo reach the answer to the second sample case one must not decrease any of the array elements.\nUse Standard Input format\nANSWER:\n\n\nAn example of step-by-step clues for finding the longest palindrome substring is displayed below:\n\n```json\n[\n{\"Clue of Step 1\": \"For a substring, if it is a palindrome and the length is greater than 2, it is still a palindrome after the first and last letters are removed. According to this idea, we can use dynamic programming to solve this problem.\"},\n{\"Clue of Step 2\": \"Then we should consider the state transition function. We use P(i,j) to indicate whether the string composed of the i-th to j-th letters of the string s (denoted as as s[i:j]) is a palindrome string. s[i:j] is a palindrome only if s[i+1:j\u22121] is a palindrome and the i and j letters of s are the same.\"},\n{\"Clue of Step 3\": \"We also need to consider the boundary conditions in dynamic programming. For a substring of length 1, it is obviously a palindrome string; For a substring of length 2, it is a palindrome as long as its two letters are the same.\"},\n{\"Clue of Step 4\": \"We also need to consider the the cyclic order of dynamic programming. In the state transition equation, we are moving from a shorter string to a longer string.\"},\n{\"Clue of Step 5\": \"The final answer is the maximum length of the valid sub-strings.\"}\n]\n```\nYou can refer to the following example and generate step-by-step clues for the given problem.\n\n\n-----Clues-----\nClue of Step 1: Our first step should involve creating a frequency set of available integers from the input array. This will help us understand which numbers we can utilize or replace to maximize the mex.\n", "Clue of Step 2: Generate a set of unique elements from the input array. This will help us identify which integers are present and can be utilized in the final mex calculation.\n", "Clue of Step 2: Iterate through the sorted unique elements and keep track of the smallest positive integer that is missing. If we encounter a number greater than the current smallest missing number, we update it.\n"], ["\nYou will be given a problem desciption.\n\nPlease analyze the problem and generate step-by-step clues of how to solve the problem with executable python code.\n\nThe problem:\n\n\nQUESTION:\nSomeone gave Alyona an array containing n positive integers a_1, a_2, ..., a_{n}. In one operation, Alyona can choose any element of the array and decrease it, i.e. replace with any positive integer that is smaller than the current one. Alyona can repeat this operation as many times as she wants. In particular, she may not apply any operation to the array at all.\n\nFormally, after applying some operations Alyona will get an array of n positive integers b_1, b_2, ..., b_{n} such that 1 \u2264 b_{i} \u2264 a_{i} for every 1 \u2264 i \u2264 n. Your task is to determine the maximum possible value of mex of this array.\n\nMex of an array in this problem is the minimum positive integer that doesn't appear in this array. For example, mex of the array containing 1, 3 and 4 is equal to 2, while mex of the array containing 2, 3 and 2 is equal to 1.\n\n\n-----Input-----\n\nThe first line of the input contains a single integer n (1 \u2264 n \u2264 100 000)\u00a0\u2014 the number of elements in the Alyona's array.\n\nThe second line of the input contains n integers a_1, a_2, ..., a_{n} (1 \u2264 a_{i} \u2264 10^9)\u00a0\u2014 the elements of the array.\n\n\n-----Output-----\n\nPrint one positive integer\u00a0\u2014 the maximum possible value of mex of the array after Alyona applies some (possibly none) operations.\n\n\n-----Examples-----\nInput\n5\n1 3 3 3 6\n\nOutput\n5\n\nInput\n2\n2 1\n\nOutput\n3\n\n\n\n-----Note-----\n\nIn the first sample case if one will decrease the second element value to 2 and the fifth element value to 4 then the mex value of resulting array 1 2 3 3 4 will be equal to 5.\n\nTo reach the answer to the second sample case one must not decrease any of the array elements.\nUse Standard Input format\nANSWER:\n\n\nAn example of step-by-step clues for finding the longest palindrome substring is displayed below:\n\n```json\n[\n{\"Clue of Step 1\": \"For a substring, if it is a palindrome and the length is greater than 2, it is still a palindrome after the first and last letters are removed. According to this idea, we can use dynamic programming to solve this problem.\"},\n{\"Clue of Step 2\": \"Then we should consider the state transition function. We use P(i,j) to indicate whether the string composed of the i-th to j-th letters of the string s (denoted as as s[i:j]) is a palindrome string. s[i:j] is a palindrome only if s[i+1:j\u22121] is a palindrome and the i and j letters of s are the same.\"},\n{\"Clue of Step 3\": \"We also need to consider the boundary conditions in dynamic programming. For a substring of length 1, it is obviously a palindrome string; For a substring of length 2, it is a palindrome as long as its two letters are the same.\"},\n{\"Clue of Step 4\": \"We also need to consider the the cyclic order of dynamic programming. In the state transition equation, we are moving from a shorter string to a longer string.\"},\n{\"Clue of Step 5\": \"The final answer is the maximum length of the valid sub-strings.\"}\n]\n```\nYou can refer to the following example and generate step-by-step clues for the given problem.\n\n\n-----Clues-----\nClue of Step 1: Our first step should involve creating a frequency set of available integers from the input array. This will help us understand which numbers we can utilize or replace to maximize the mex.\n", "Clue of Step 2: Sort the unique elements from the previous step. Sorting allows us to efficiently determine the smallest missing integer from the sequence.\n", "Clue of Step 2: Iterate through the sorted unique elements and keep track of the smallest positive integer that is missing. If we encounter a number greater than the current smallest missing number, we update it.\n"], ["\nYou will be given a problem desciption.\n\nPlease analyze the problem and generate step-by-step clues of how to solve the problem with executable python code.\n\nThe problem:\n\n\nQUESTION:\nSomeone gave Alyona an array containing n positive integers a_1, a_2, ..., a_{n}. In one operation, Alyona can choose any element of the array and decrease it, i.e. replace with any positive integer that is smaller than the current one. Alyona can repeat this operation as many times as she wants. In particular, she may not apply any operation to the array at all.\n\nFormally, after applying some operations Alyona will get an array of n positive integers b_1, b_2, ..., b_{n} such that 1 \u2264 b_{i} \u2264 a_{i} for every 1 \u2264 i \u2264 n. Your task is to determine the maximum possible value of mex of this array.\n\nMex of an array in this problem is the minimum positive integer that doesn't appear in this array. For example, mex of the array containing 1, 3 and 4 is equal to 2, while mex of the array containing 2, 3 and 2 is equal to 1.\n\n\n-----Input-----\n\nThe first line of the input contains a single integer n (1 \u2264 n \u2264 100 000)\u00a0\u2014 the number of elements in the Alyona's array.\n\nThe second line of the input contains n integers a_1, a_2, ..., a_{n} (1 \u2264 a_{i} \u2264 10^9)\u00a0\u2014 the elements of the array.\n\n\n-----Output-----\n\nPrint one positive integer\u00a0\u2014 the maximum possible value of mex of the array after Alyona applies some (possibly none) operations.\n\n\n-----Examples-----\nInput\n5\n1 3 3 3 6\n\nOutput\n5\n\nInput\n2\n2 1\n\nOutput\n3\n\n\n\n-----Note-----\n\nIn the first sample case if one will decrease the second element value to 2 and the fifth element value to 4 then the mex value of resulting array 1 2 3 3 4 will be equal to 5.\n\nTo reach the answer to the second sample case one must not decrease any of the array elements.\nUse Standard Input format\nANSWER:\n\n\nAn example of step-by-step clues for finding the longest palindrome substring is displayed below:\n\n```json\n[\n{\"Clue of Step 1\": \"For a substring, if it is a palindrome and the length is greater than 2, it is still a palindrome after the first and last letters are removed. According to this idea, we can use dynamic programming to solve this problem.\"},\n{\"Clue of Step 2\": \"Then we should consider the state transition function. We use P(i,j) to indicate whether the string composed of the i-th to j-th letters of the string s (denoted as as s[i:j]) is a palindrome string. s[i:j] is a palindrome only if s[i+1:j\u22121] is a palindrome and the i and j letters of s are the same.\"},\n{\"Clue of Step 3\": \"We also need to consider the boundary conditions in dynamic programming. For a substring of length 1, it is obviously a palindrome string; For a substring of length 2, it is a palindrome as long as its two letters are the same.\"},\n{\"Clue of Step 4\": \"We also need to consider the the cyclic order of dynamic programming. In the state transition equation, we are moving from a shorter string to a longer string.\"},\n{\"Clue of Step 5\": \"The final answer is the maximum length of the valid sub-strings.\"}\n]\n```\nYou can refer to the following example and generate step-by-step clues for the given problem.\n\n\n-----Clues-----\nClue of Step 1: Our first step should involve creating a frequency set of available integers from the input array. This will help us understand which numbers we can utilize or replace to maximize the mex.\n", "Clue of Step 2: We should generate a sequence of integers starting from 1 and check if each integer can be part of the modified array. The first missing integer in this sequence will be the maximum possible MEX.\n", "Clue of Step 2: Iterate through the sorted unique elements and keep track of the smallest positive integer that is missing. If we encounter a number greater than the current smallest missing number, we update it.\n"], ["\nYou will be given a problem desciption.\n\nPlease analyze the problem and generate step-by-step clues of how to solve the problem with executable python code.\n\nThe problem:\n\n\nQUESTION:\nSomeone gave Alyona an array containing n positive integers a_1, a_2, ..., a_{n}. In one operation, Alyona can choose any element of the array and decrease it, i.e. replace with any positive integer that is smaller than the current one. Alyona can repeat this operation as many times as she wants. In particular, she may not apply any operation to the array at all.\n\nFormally, after applying some operations Alyona will get an array of n positive integers b_1, b_2, ..., b_{n} such that 1 \u2264 b_{i} \u2264 a_{i} for every 1 \u2264 i \u2264 n. Your task is to determine the maximum possible value of mex of this array.\n\nMex of an array in this problem is the minimum positive integer that doesn't appear in this array. For example, mex of the array containing 1, 3 and 4 is equal to 2, while mex of the array containing 2, 3 and 2 is equal to 1.\n\n\n-----Input-----\n\nThe first line of the input contains a single integer n (1 \u2264 n \u2264 100 000)\u00a0\u2014 the number of elements in the Alyona's array.\n\nThe second line of the input contains n integers a_1, a_2, ..., a_{n} (1 \u2264 a_{i} \u2264 10^9)\u00a0\u2014 the elements of the array.\n\n\n-----Output-----\n\nPrint one positive integer\u00a0\u2014 the maximum possible value of mex of the array after Alyona applies some (possibly none) operations.\n\n\n-----Examples-----\nInput\n5\n1 3 3 3 6\n\nOutput\n5\n\nInput\n2\n2 1\n\nOutput\n3\n\n\n\n-----Note-----\n\nIn the first sample case if one will decrease the second element value to 2 and the fifth element value to 4 then the mex value of resulting array 1 2 3 3 4 will be equal to 5.\n\nTo reach the answer to the second sample case one must not decrease any of the array elements.\nUse Standard Input format\nANSWER:\n\n\nAn example of step-by-step clues for finding the longest palindrome substring is displayed below:\n\n```json\n[\n{\"Clue of Step 1\": \"For a substring, if it is a palindrome and the length is greater than 2, it is still a palindrome after the first and last letters are removed. According to this idea, we can use dynamic programming to solve this problem.\"},\n{\"Clue of Step 2\": \"Then we should consider the state transition function. We use P(i,j) to indicate whether the string composed of the i-th to j-th letters of the string s (denoted as as s[i:j]) is a palindrome string. s[i:j] is a palindrome only if s[i+1:j\u22121] is a palindrome and the i and j letters of s are the same.\"},\n{\"Clue of Step 3\": \"We also need to consider the boundary conditions in dynamic programming. For a substring of length 1, it is obviously a palindrome string; For a substring of length 2, it is a palindrome as long as its two letters are the same.\"},\n{\"Clue of Step 4\": \"We also need to consider the the cyclic order of dynamic programming. In the state transition equation, we are moving from a shorter string to a longer string.\"},\n{\"Clue of Step 5\": \"The final answer is the maximum length of the valid sub-strings.\"}\n]\n```\nYou can refer to the following example and generate step-by-step clues for the given problem.\n\n\n-----Clues-----\nClue of Step 1: Our first step should involve creating a frequency set of available integers from the input array. This will help us understand which numbers we can utilize or replace to maximize the mex.\n", "Clue of Step 2: We need to sort the unique elements from the array and iterate through them to find the first gap in the sequence starting from 1, which will give us the maximum possible MEX.\n", "Clue of Step 2: Iterate through the sorted unique elements and keep track of the smallest positive integer that is missing. If we encounter a number greater than the current smallest missing number, we update it.\n"], ["\nYou will be given a problem desciption.\n\nPlease analyze the problem and generate step-by-step clues of how to solve the problem with executable python code.\n\nThe problem:\n\n\nQUESTION:\nSomeone gave Alyona an array containing n positive integers a_1, a_2, ..., a_{n}. In one operation, Alyona can choose any element of the array and decrease it, i.e. replace with any positive integer that is smaller than the current one. Alyona can repeat this operation as many times as she wants. In particular, she may not apply any operation to the array at all.\n\nFormally, after applying some operations Alyona will get an array of n positive integers b_1, b_2, ..., b_{n} such that 1 \u2264 b_{i} \u2264 a_{i} for every 1 \u2264 i \u2264 n. Your task is to determine the maximum possible value of mex of this array.\n\nMex of an array in this problem is the minimum positive integer that doesn't appear in this array. For example, mex of the array containing 1, 3 and 4 is equal to 2, while mex of the array containing 2, 3 and 2 is equal to 1.\n\n\n-----Input-----\n\nThe first line of the input contains a single integer n (1 \u2264 n \u2264 100 000)\u00a0\u2014 the number of elements in the Alyona's array.\n\nThe second line of the input contains n integers a_1, a_2, ..., a_{n} (1 \u2264 a_{i} \u2264 10^9)\u00a0\u2014 the elements of the array.\n\n\n-----Output-----\n\nPrint one positive integer\u00a0\u2014 the maximum possible value of mex of the array after Alyona applies some (possibly none) operations.\n\n\n-----Examples-----\nInput\n5\n1 3 3 3 6\n\nOutput\n5\n\nInput\n2\n2 1\n\nOutput\n3\n\n\n\n-----Note-----\n\nIn the first sample case if one will decrease the second element value to 2 and the fifth element value to 4 then the mex value of resulting array 1 2 3 3 4 will be equal to 5.\n\nTo reach the answer to the second sample case one must not decrease any of the array elements.\nUse Standard Input format\nANSWER:\n\n\nAn example of step-by-step clues for finding the longest palindrome substring is displayed below:\n\n```json\n[\n{\"Clue of Step 1\": \"For a substring, if it is a palindrome and the length is greater than 2, it is still a palindrome after the first and last letters are removed. According to this idea, we can use dynamic programming to solve this problem.\"},\n{\"Clue of Step 2\": \"Then we should consider the state transition function. We use P(i,j) to indicate whether the string composed of the i-th to j-th letters of the string s (denoted as as s[i:j]) is a palindrome string. s[i:j] is a palindrome only if s[i+1:j\u22121] is a palindrome and the i and j letters of s are the same.\"},\n{\"Clue of Step 3\": \"We also need to consider the boundary conditions in dynamic programming. For a substring of length 1, it is obviously a palindrome string; For a substring of length 2, it is a palindrome as long as its two letters are the same.\"},\n{\"Clue of Step 4\": \"We also need to consider the the cyclic order of dynamic programming. In the state transition equation, we are moving from a shorter string to a longer string.\"},\n{\"Clue of Step 5\": \"The final answer is the maximum length of the valid sub-strings.\"}\n]\n```\nYou can refer to the following example and generate step-by-step clues for the given problem.\n\n\n-----Clues-----\nClue of Step 1: Our first step should involve creating a frequency set of available integers from the input array. This will help us understand which numbers we can utilize or replace to maximize the mex.\n", "Clue of Step 2: We should simulate the process of constructing the array b[] such that 1 \u2264 b[i] \u2264 a[i] and find the first integer that cannot be formed, which will be the maximum possible MEX value.\n", "Clue of Step 2: Iterate through the sorted unique elements and keep track of the smallest positive integer that is missing. If we encounter a number greater than the current smallest missing number, we update it.\n"], ["\nYou will be given a problem desciption.\n\nPlease analyze the problem and generate step-by-step clues of how to solve the problem with executable python code.\n\nThe problem:\n\n\nQUESTION:\nSomeone gave Alyona an array containing n positive integers a_1, a_2, ..., a_{n}. In one operation, Alyona can choose any element of the array and decrease it, i.e. replace with any positive integer that is smaller than the current one. Alyona can repeat this operation as many times as she wants. In particular, she may not apply any operation to the array at all.\n\nFormally, after applying some operations Alyona will get an array of n positive integers b_1, b_2, ..., b_{n} such that 1 \u2264 b_{i} \u2264 a_{i} for every 1 \u2264 i \u2264 n. Your task is to determine the maximum possible value of mex of this array.\n\nMex of an array in this problem is the minimum positive integer that doesn't appear in this array. For example, mex of the array containing 1, 3 and 4 is equal to 2, while mex of the array containing 2, 3 and 2 is equal to 1.\n\n\n-----Input-----\n\nThe first line of the input contains a single integer n (1 \u2264 n \u2264 100 000)\u00a0\u2014 the number of elements in the Alyona's array.\n\nThe second line of the input contains n integers a_1, a_2, ..., a_{n} (1 \u2264 a_{i} \u2264 10^9)\u00a0\u2014 the elements of the array.\n\n\n-----Output-----\n\nPrint one positive integer\u00a0\u2014 the maximum possible value of mex of the array after Alyona applies some (possibly none) operations.\n\n\n-----Examples-----\nInput\n5\n1 3 3 3 6\n\nOutput\n5\n\nInput\n2\n2 1\n\nOutput\n3\n\n\n\n-----Note-----\n\nIn the first sample case if one will decrease the second element value to 2 and the fifth element value to 4 then the mex value of resulting array 1 2 3 3 4 will be equal to 5.\n\nTo reach the answer to the second sample case one must not decrease any of the array elements.\nUse Standard Input format\nANSWER:\n\n\nAn example of step-by-step clues for finding the longest palindrome substring is displayed below:\n\n```json\n[\n{\"Clue of Step 1\": \"For a substring, if it is a palindrome and the length is greater than 2, it is still a palindrome after the first and last letters are removed. According to this idea, we can use dynamic programming to solve this problem.\"},\n{\"Clue of Step 2\": \"Then we should consider the state transition function. We use P(i,j) to indicate whether the string composed of the i-th to j-th letters of the string s (denoted as as s[i:j]) is a palindrome string. s[i:j] is a palindrome only if s[i+1:j\u22121] is a palindrome and the i and j letters of s are the same.\"},\n{\"Clue of Step 3\": \"We also need to consider the boundary conditions in dynamic programming. For a substring of length 1, it is obviously a palindrome string; For a substring of length 2, it is a palindrome as long as its two letters are the same.\"},\n{\"Clue of Step 4\": \"We also need to consider the the cyclic order of dynamic programming. In the state transition equation, we are moving from a shorter string to a longer string.\"},\n{\"Clue of Step 5\": \"The final answer is the maximum length of the valid sub-strings.\"}\n]\n```\nYou can refer to the following example and generate step-by-step clues for the given problem.\n\n\n-----Clues-----\nClue of Step 1: To maximize the mex, we should create a sorted list of unique elements from the input array, as repetition of numbers can be substituted down to any smaller number, improving our options.\n", "Clue of Step 2: After sorting and creating a unique set of elements from the array, we should iterate through the numbers starting from 1 to determine the smallest number that cannot be formed with the reduced array elements.\n", "Clue of Step 2: While iterating, for each number, if it exists in the unique sorted array, then we can continue to the next number; if it doesn't exist, it will be our mex.\n"], ["\nYou will be given a problem desciption.\n\nPlease analyze the problem and generate step-by-step clues of how to solve the problem with executable python code.\n\nThe problem:\n\n\nQUESTION:\nSomeone gave Alyona an array containing n positive integers a_1, a_2, ..., a_{n}. In one operation, Alyona can choose any element of the array and decrease it, i.e. replace with any positive integer that is smaller than the current one. Alyona can repeat this operation as many times as she wants. In particular, she may not apply any operation to the array at all.\n\nFormally, after applying some operations Alyona will get an array of n positive integers b_1, b_2, ..., b_{n} such that 1 \u2264 b_{i} \u2264 a_{i} for every 1 \u2264 i \u2264 n. Your task is to determine the maximum possible value of mex of this array.\n\nMex of an array in this problem is the minimum positive integer that doesn't appear in this array. For example, mex of the array containing 1, 3 and 4 is equal to 2, while mex of the array containing 2, 3 and 2 is equal to 1.\n\n\n-----Input-----\n\nThe first line of the input contains a single integer n (1 \u2264 n \u2264 100 000)\u00a0\u2014 the number of elements in the Alyona's array.\n\nThe second line of the input contains n integers a_1, a_2, ..., a_{n} (1 \u2264 a_{i} \u2264 10^9)\u00a0\u2014 the elements of the array.\n\n\n-----Output-----\n\nPrint one positive integer\u00a0\u2014 the maximum possible value of mex of the array after Alyona applies some (possibly none) operations.\n\n\n-----Examples-----\nInput\n5\n1 3 3 3 6\n\nOutput\n5\n\nInput\n2\n2 1\n\nOutput\n3\n\n\n\n-----Note-----\n\nIn the first sample case if one will decrease the second element value to 2 and the fifth element value to 4 then the mex value of resulting array 1 2 3 3 4 will be equal to 5.\n\nTo reach the answer to the second sample case one must not decrease any of the array elements.\nUse Standard Input format\nANSWER:\n\n\nAn example of step-by-step clues for finding the longest palindrome substring is displayed below:\n\n```json\n[\n{\"Clue of Step 1\": \"For a substring, if it is a palindrome and the length is greater than 2, it is still a palindrome after the first and last letters are removed. According to this idea, we can use dynamic programming to solve this problem.\"},\n{\"Clue of Step 2\": \"Then we should consider the state transition function. We use P(i,j) to indicate whether the string composed of the i-th to j-th letters of the string s (denoted as as s[i:j]) is a palindrome string. s[i:j] is a palindrome only if s[i+1:j\u22121] is a palindrome and the i and j letters of s are the same.\"},\n{\"Clue of Step 3\": \"We also need to consider the boundary conditions in dynamic programming. For a substring of length 1, it is obviously a palindrome string; For a substring of length 2, it is a palindrome as long as its two letters are the same.\"},\n{\"Clue of Step 4\": \"We also need to consider the the cyclic order of dynamic programming. In the state transition equation, we are moving from a shorter string to a longer string.\"},\n{\"Clue of Step 5\": \"The final answer is the maximum length of the valid sub-strings.\"}\n]\n```\nYou can refer to the following example and generate step-by-step clues for the given problem.\n\n\n-----Clues-----\nClue of Step 1: To maximize the mex, we should create a sorted list of unique elements from the input array, as repetition of numbers can be substituted down to any smaller number, improving our options.\n", "Clue of Step 2: After sorting and creating a unique set of elements from the array, we should iterate through the numbers starting from 1 to determine the smallest number that cannot be formed with the reduced array elements.\n", "Clue of Step 2: To maximize the mex, we need to simulate the process of filling in the numbers from 1 upwards. Start by creating a set of unique elements from the array and sorting it. Then, iterate from 1 upwards and find the first number that is not present in the sorted unique elements, which will give the maximum mex.\n"], ["\nYou will be given a problem desciption.\n\nPlease analyze the problem and generate step-by-step clues of how to solve the problem with executable python code.\n\nThe problem:\n\n\nQUESTION:\nSomeone gave Alyona an array containing n positive integers a_1, a_2, ..., a_{n}. In one operation, Alyona can choose any element of the array and decrease it, i.e. replace with any positive integer that is smaller than the current one. Alyona can repeat this operation as many times as she wants. In particular, she may not apply any operation to the array at all.\n\nFormally, after applying some operations Alyona will get an array of n positive integers b_1, b_2, ..., b_{n} such that 1 \u2264 b_{i} \u2264 a_{i} for every 1 \u2264 i \u2264 n. Your task is to determine the maximum possible value of mex of this array.\n\nMex of an array in this problem is the minimum positive integer that doesn't appear in this array. For example, mex of the array containing 1, 3 and 4 is equal to 2, while mex of the array containing 2, 3 and 2 is equal to 1.\n\n\n-----Input-----\n\nThe first line of the input contains a single integer n (1 \u2264 n \u2264 100 000)\u00a0\u2014 the number of elements in the Alyona's array.\n\nThe second line of the input contains n integers a_1, a_2, ..., a_{n} (1 \u2264 a_{i} \u2264 10^9)\u00a0\u2014 the elements of the array.\n\n\n-----Output-----\n\nPrint one positive integer\u00a0\u2014 the maximum possible value of mex of the array after Alyona applies some (possibly none) operations.\n\n\n-----Examples-----\nInput\n5\n1 3 3 3 6\n\nOutput\n5\n\nInput\n2\n2 1\n\nOutput\n3\n\n\n\n-----Note-----\n\nIn the first sample case if one will decrease the second element value to 2 and the fifth element value to 4 then the mex value of resulting array 1 2 3 3 4 will be equal to 5.\n\nTo reach the answer to the second sample case one must not decrease any of the array elements.\nUse Standard Input format\nANSWER:\n\n\nAn example of step-by-step clues for finding the longest palindrome substring is displayed below:\n\n```json\n[\n{\"Clue of Step 1\": \"For a substring, if it is a palindrome and the length is greater than 2, it is still a palindrome after the first and last letters are removed. According to this idea, we can use dynamic programming to solve this problem.\"},\n{\"Clue of Step 2\": \"Then we should consider the state transition function. We use P(i,j) to indicate whether the string composed of the i-th to j-th letters of the string s (denoted as as s[i:j]) is a palindrome string. s[i:j] is a palindrome only if s[i+1:j\u22121] is a palindrome and the i and j letters of s are the same.\"},\n{\"Clue of Step 3\": \"We also need to consider the boundary conditions in dynamic programming. For a substring of length 1, it is obviously a palindrome string; For a substring of length 2, it is a palindrome as long as its two letters are the same.\"},\n{\"Clue of Step 4\": \"We also need to consider the the cyclic order of dynamic programming. In the state transition equation, we are moving from a shorter string to a longer string.\"},\n{\"Clue of Step 5\": \"The final answer is the maximum length of the valid sub-strings.\"}\n]\n```\nYou can refer to the following example and generate step-by-step clues for the given problem.\n\n\n-----Clues-----\nClue of Step 1: To maximize the mex, we should create a sorted list of unique elements from the input array, as repetition of numbers can be substituted down to any smaller number, improving our options.\n", "Clue of Step 2: To efficiently keep track of the unique sorted elements, we could utilize a set data structure and then convert it back to a sorted list for iteration.\n", "Clue of Step 2: While iterating, for each number, if it exists in the unique sorted array, then we can continue to the next number; if it doesn't exist, it will be our mex.\n"], ["\nYou will be given a problem desciption.\n\nPlease analyze the problem and generate step-by-step clues of how to solve the problem with executable python code.\n\nThe problem:\n\n\nQUESTION:\nSomeone gave Alyona an array containing n positive integers a_1, a_2, ..., a_{n}. In one operation, Alyona can choose any element of the array and decrease it, i.e. replace with any positive integer that is smaller than the current one. Alyona can repeat this operation as many times as she wants. In particular, she may not apply any operation to the array at all.\n\nFormally, after applying some operations Alyona will get an array of n positive integers b_1, b_2, ..., b_{n} such that 1 \u2264 b_{i} \u2264 a_{i} for every 1 \u2264 i \u2264 n. Your task is to determine the maximum possible value of mex of this array.\n\nMex of an array in this problem is the minimum positive integer that doesn't appear in this array. For example, mex of the array containing 1, 3 and 4 is equal to 2, while mex of the array containing 2, 3 and 2 is equal to 1.\n\n\n-----Input-----\n\nThe first line of the input contains a single integer n (1 \u2264 n \u2264 100 000)\u00a0\u2014 the number of elements in the Alyona's array.\n\nThe second line of the input contains n integers a_1, a_2, ..., a_{n} (1 \u2264 a_{i} \u2264 10^9)\u00a0\u2014 the elements of the array.\n\n\n-----Output-----\n\nPrint one positive integer\u00a0\u2014 the maximum possible value of mex of the array after Alyona applies some (possibly none) operations.\n\n\n-----Examples-----\nInput\n5\n1 3 3 3 6\n\nOutput\n5\n\nInput\n2\n2 1\n\nOutput\n3\n\n\n\n-----Note-----\n\nIn the first sample case if one will decrease the second element value to 2 and the fifth element value to 4 then the mex value of resulting array 1 2 3 3 4 will be equal to 5.\n\nTo reach the answer to the second sample case one must not decrease any of the array elements.\nUse Standard Input format\nANSWER:\n\n\nAn example of step-by-step clues for finding the longest palindrome substring is displayed below:\n\n```json\n[\n{\"Clue of Step 1\": \"For a substring, if it is a palindrome and the length is greater than 2, it is still a palindrome after the first and last letters are removed. According to this idea, we can use dynamic programming to solve this problem.\"},\n{\"Clue of Step 2\": \"Then we should consider the state transition function. We use P(i,j) to indicate whether the string composed of the i-th to j-th letters of the string s (denoted as as s[i:j]) is a palindrome string. s[i:j] is a palindrome only if s[i+1:j\u22121] is a palindrome and the i and j letters of s are the same.\"},\n{\"Clue of Step 3\": \"We also need to consider the boundary conditions in dynamic programming. For a substring of length 1, it is obviously a palindrome string; For a substring of length 2, it is a palindrome as long as its two letters are the same.\"},\n{\"Clue of Step 4\": \"We also need to consider the the cyclic order of dynamic programming. In the state transition equation, we are moving from a shorter string to a longer string.\"},\n{\"Clue of Step 5\": \"The final answer is the maximum length of the valid sub-strings.\"}\n]\n```\nYou can refer to the following example and generate step-by-step clues for the given problem.\n\n\n-----Clues-----\nClue of Step 1: To maximize the mex, we should create a sorted list of unique elements from the input array, as repetition of numbers can be substituted down to any smaller number, improving our options.\n", "Clue of Step 2: To efficiently keep track of the unique sorted elements, we could utilize a set data structure and then convert it back to a sorted list for iteration.\n", "Clue of Step 2: To maximize the mex, we need to simulate the process of filling in the numbers from 1 upwards. Start by creating a set of unique elements from the array and sorting it. Then, iterate from 1 upwards and find the first number that is not present in the sorted unique elements, which will give the maximum mex.\n"], ["\nYou will be given a problem desciption.\n\nPlease analyze the problem and generate step-by-step clues of how to solve the problem with executable python code.\n\nThe problem:\n\n\nQUESTION:\nSomeone gave Alyona an array containing n positive integers a_1, a_2, ..., a_{n}. In one operation, Alyona can choose any element of the array and decrease it, i.e. replace with any positive integer that is smaller than the current one. Alyona can repeat this operation as many times as she wants. In particular, she may not apply any operation to the array at all.\n\nFormally, after applying some operations Alyona will get an array of n positive integers b_1, b_2, ..., b_{n} such that 1 \u2264 b_{i} \u2264 a_{i} for every 1 \u2264 i \u2264 n. Your task is to determine the maximum possible value of mex of this array.\n\nMex of an array in this problem is the minimum positive integer that doesn't appear in this array. For example, mex of the array containing 1, 3 and 4 is equal to 2, while mex of the array containing 2, 3 and 2 is equal to 1.\n\n\n-----Input-----\n\nThe first line of the input contains a single integer n (1 \u2264 n \u2264 100 000)\u00a0\u2014 the number of elements in the Alyona's array.\n\nThe second line of the input contains n integers a_1, a_2, ..., a_{n} (1 \u2264 a_{i} \u2264 10^9)\u00a0\u2014 the elements of the array.\n\n\n-----Output-----\n\nPrint one positive integer\u00a0\u2014 the maximum possible value of mex of the array after Alyona applies some (possibly none) operations.\n\n\n-----Examples-----\nInput\n5\n1 3 3 3 6\n\nOutput\n5\n\nInput\n2\n2 1\n\nOutput\n3\n\n\n\n-----Note-----\n\nIn the first sample case if one will decrease the second element value to 2 and the fifth element value to 4 then the mex value of resulting array 1 2 3 3 4 will be equal to 5.\n\nTo reach the answer to the second sample case one must not decrease any of the array elements.\nUse Standard Input format\nANSWER:\n\n\nAn example of step-by-step clues for finding the longest palindrome substring is displayed below:\n\n```json\n[\n{\"Clue of Step 1\": \"For a substring, if it is a palindrome and the length is greater than 2, it is still a palindrome after the first and last letters are removed. According to this idea, we can use dynamic programming to solve this problem.\"},\n{\"Clue of Step 2\": \"Then we should consider the state transition function. We use P(i,j) to indicate whether the string composed of the i-th to j-th letters of the string s (denoted as as s[i:j]) is a palindrome string. s[i:j] is a palindrome only if s[i+1:j\u22121] is a palindrome and the i and j letters of s are the same.\"},\n{\"Clue of Step 3\": \"We also need to consider the boundary conditions in dynamic programming. For a substring of length 1, it is obviously a palindrome string; For a substring of length 2, it is a palindrome as long as its two letters are the same.\"},\n{\"Clue of Step 4\": \"We also need to consider the the cyclic order of dynamic programming. In the state transition equation, we are moving from a shorter string to a longer string.\"},\n{\"Clue of Step 5\": \"The final answer is the maximum length of the valid sub-strings.\"}\n]\n```\nYou can refer to the following example and generate step-by-step clues for the given problem.\n\n\n-----Clues-----\nClue of Step 1: To maximize the mex, we should create a sorted list of unique elements from the input array, as repetition of numbers can be substituted down to any smaller number, improving our options.\n", "Clue of Step 2: Since we can reduce any element in the array to any smaller positive integer, our goal is to ensure that all numbers from 1 up to the mex are present in the modified array. By sorting the array and using a set, we can easily track the smallest missing number.\n", "Clue of Step 2: While iterating, for each number, if it exists in the unique sorted array, then we can continue to the next number; if it doesn't exist, it will be our mex.\n"], ["\nYou will be given a problem desciption.\n\nPlease analyze the problem and generate step-by-step clues of how to solve the problem with executable python code.\n\nThe problem:\n\n\nQUESTION:\nSomeone gave Alyona an array containing n positive integers a_1, a_2, ..., a_{n}. In one operation, Alyona can choose any element of the array and decrease it, i.e. replace with any positive integer that is smaller than the current one. Alyona can repeat this operation as many times as she wants. In particular, she may not apply any operation to the array at all.\n\nFormally, after applying some operations Alyona will get an array of n positive integers b_1, b_2, ..., b_{n} such that 1 \u2264 b_{i} \u2264 a_{i} for every 1 \u2264 i \u2264 n. Your task is to determine the maximum possible value of mex of this array.\n\nMex of an array in this problem is the minimum positive integer that doesn't appear in this array. For example, mex of the array containing 1, 3 and 4 is equal to 2, while mex of the array containing 2, 3 and 2 is equal to 1.\n\n\n-----Input-----\n\nThe first line of the input contains a single integer n (1 \u2264 n \u2264 100 000)\u00a0\u2014 the number of elements in the Alyona's array.\n\nThe second line of the input contains n integers a_1, a_2, ..., a_{n} (1 \u2264 a_{i} \u2264 10^9)\u00a0\u2014 the elements of the array.\n\n\n-----Output-----\n\nPrint one positive integer\u00a0\u2014 the maximum possible value of mex of the array after Alyona applies some (possibly none) operations.\n\n\n-----Examples-----\nInput\n5\n1 3 3 3 6\n\nOutput\n5\n\nInput\n2\n2 1\n\nOutput\n3\n\n\n\n-----Note-----\n\nIn the first sample case if one will decrease the second element value to 2 and the fifth element value to 4 then the mex value of resulting array 1 2 3 3 4 will be equal to 5.\n\nTo reach the answer to the second sample case one must not decrease any of the array elements.\nUse Standard Input format\nANSWER:\n\n\nAn example of step-by-step clues for finding the longest palindrome substring is displayed below:\n\n```json\n[\n{\"Clue of Step 1\": \"For a substring, if it is a palindrome and the length is greater than 2, it is still a palindrome after the first and last letters are removed. According to this idea, we can use dynamic programming to solve this problem.\"},\n{\"Clue of Step 2\": \"Then we should consider the state transition function. We use P(i,j) to indicate whether the string composed of the i-th to j-th letters of the string s (denoted as as s[i:j]) is a palindrome string. s[i:j] is a palindrome only if s[i+1:j\u22121] is a palindrome and the i and j letters of s are the same.\"},\n{\"Clue of Step 3\": \"We also need to consider the boundary conditions in dynamic programming. For a substring of length 1, it is obviously a palindrome string; For a substring of length 2, it is a palindrome as long as its two letters are the same.\"},\n{\"Clue of Step 4\": \"We also need to consider the the cyclic order of dynamic programming. In the state transition equation, we are moving from a shorter string to a longer string.\"},\n{\"Clue of Step 5\": \"The final answer is the maximum length of the valid sub-strings.\"}\n]\n```\nYou can refer to the following example and generate step-by-step clues for the given problem.\n\n\n-----Clues-----\nClue of Step 1: To maximize the mex, we should create a sorted list of unique elements from the input array, as repetition of numbers can be substituted down to any smaller number, improving our options.\n", "Clue of Step 2: Since we can reduce any element in the array to any smaller positive integer, our goal is to ensure that all numbers from 1 up to the mex are present in the modified array. By sorting the array and using a set, we can easily track the smallest missing number.\n", "Clue of Step 2: To maximize the mex, we need to simulate the process of filling in the numbers from 1 upwards. Start by creating a set of unique elements from the array and sorting it. Then, iterate from 1 upwards and find the first number that is not present in the sorted unique elements, which will give the maximum mex.\n"], ["\nYou will be given a problem desciption.\n\nPlease analyze the problem and generate step-by-step clues of how to solve the problem with executable python code.\n\nThe problem:\n\n\nQUESTION:\nSomeone gave Alyona an array containing n positive integers a_1, a_2, ..., a_{n}. In one operation, Alyona can choose any element of the array and decrease it, i.e. replace with any positive integer that is smaller than the current one. Alyona can repeat this operation as many times as she wants. In particular, she may not apply any operation to the array at all.\n\nFormally, after applying some operations Alyona will get an array of n positive integers b_1, b_2, ..., b_{n} such that 1 \u2264 b_{i} \u2264 a_{i} for every 1 \u2264 i \u2264 n. Your task is to determine the maximum possible value of mex of this array.\n\nMex of an array in this problem is the minimum positive integer that doesn't appear in this array. For example, mex of the array containing 1, 3 and 4 is equal to 2, while mex of the array containing 2, 3 and 2 is equal to 1.\n\n\n-----Input-----\n\nThe first line of the input contains a single integer n (1 \u2264 n \u2264 100 000)\u00a0\u2014 the number of elements in the Alyona's array.\n\nThe second line of the input contains n integers a_1, a_2, ..., a_{n} (1 \u2264 a_{i} \u2264 10^9)\u00a0\u2014 the elements of the array.\n\n\n-----Output-----\n\nPrint one positive integer\u00a0\u2014 the maximum possible value of mex of the array after Alyona applies some (possibly none) operations.\n\n\n-----Examples-----\nInput\n5\n1 3 3 3 6\n\nOutput\n5\n\nInput\n2\n2 1\n\nOutput\n3\n\n\n\n-----Note-----\n\nIn the first sample case if one will decrease the second element value to 2 and the fifth element value to 4 then the mex value of resulting array 1 2 3 3 4 will be equal to 5.\n\nTo reach the answer to the second sample case one must not decrease any of the array elements.\nUse Standard Input format\nANSWER:\n\n\nAn example of step-by-step clues for finding the longest palindrome substring is displayed below:\n\n```json\n[\n{\"Clue of Step 1\": \"For a substring, if it is a palindrome and the length is greater than 2, it is still a palindrome after the first and last letters are removed. According to this idea, we can use dynamic programming to solve this problem.\"},\n{\"Clue of Step 2\": \"Then we should consider the state transition function. We use P(i,j) to indicate whether the string composed of the i-th to j-th letters of the string s (denoted as as s[i:j]) is a palindrome string. s[i:j] is a palindrome only if s[i+1:j\u22121] is a palindrome and the i and j letters of s are the same.\"},\n{\"Clue of Step 3\": \"We also need to consider the boundary conditions in dynamic programming. For a substring of length 1, it is obviously a palindrome string; For a substring of length 2, it is a palindrome as long as its two letters are the same.\"},\n{\"Clue of Step 4\": \"We also need to consider the the cyclic order of dynamic programming. In the state transition equation, we are moving from a shorter string to a longer string.\"},\n{\"Clue of Step 5\": \"The final answer is the maximum length of the valid sub-strings.\"}\n]\n```\nYou can refer to the following example and generate step-by-step clues for the given problem.\n\n\n-----Clues-----\nClue of Step 1: To maximize the mex, we should create a sorted list of unique elements from the input array, as repetition of numbers can be substituted down to any smaller number, improving our options.\n", "Clue of Step 2: After sorting the unique elements of the array, iterate through the sorted list and check each number sequentially. The first number that is greater than the current index plus one (i.e., i + 1) is the mex, because it indicates a gap in the sequence of numbers that can be formed.\n", "Clue of Step 2: While iterating, for each number, if it exists in the unique sorted array, then we can continue to the next number; if it doesn't exist, it will be our mex.\n"], ["\nYou will be given a problem desciption.\n\nPlease analyze the problem and generate step-by-step clues of how to solve the problem with executable python code.\n\nThe problem:\n\n\nQUESTION:\nSomeone gave Alyona an array containing n positive integers a_1, a_2, ..., a_{n}. In one operation, Alyona can choose any element of the array and decrease it, i.e. replace with any positive integer that is smaller than the current one. Alyona can repeat this operation as many times as she wants. In particular, she may not apply any operation to the array at all.\n\nFormally, after applying some operations Alyona will get an array of n positive integers b_1, b_2, ..., b_{n} such that 1 \u2264 b_{i} \u2264 a_{i} for every 1 \u2264 i \u2264 n. Your task is to determine the maximum possible value of mex of this array.\n\nMex of an array in this problem is the minimum positive integer that doesn't appear in this array. For example, mex of the array containing 1, 3 and 4 is equal to 2, while mex of the array containing 2, 3 and 2 is equal to 1.\n\n\n-----Input-----\n\nThe first line of the input contains a single integer n (1 \u2264 n \u2264 100 000)\u00a0\u2014 the number of elements in the Alyona's array.\n\nThe second line of the input contains n integers a_1, a_2, ..., a_{n} (1 \u2264 a_{i} \u2264 10^9)\u00a0\u2014 the elements of the array.\n\n\n-----Output-----\n\nPrint one positive integer\u00a0\u2014 the maximum possible value of mex of the array after Alyona applies some (possibly none) operations.\n\n\n-----Examples-----\nInput\n5\n1 3 3 3 6\n\nOutput\n5\n\nInput\n2\n2 1\n\nOutput\n3\n\n\n\n-----Note-----\n\nIn the first sample case if one will decrease the second element value to 2 and the fifth element value to 4 then the mex value of resulting array 1 2 3 3 4 will be equal to 5.\n\nTo reach the answer to the second sample case one must not decrease any of the array elements.\nUse Standard Input format\nANSWER:\n\n\nAn example of step-by-step clues for finding the longest palindrome substring is displayed below:\n\n```json\n[\n{\"Clue of Step 1\": \"For a substring, if it is a palindrome and the length is greater than 2, it is still a palindrome after the first and last letters are removed. According to this idea, we can use dynamic programming to solve this problem.\"},\n{\"Clue of Step 2\": \"Then we should consider the state transition function. We use P(i,j) to indicate whether the string composed of the i-th to j-th letters of the string s (denoted as as s[i:j]) is a palindrome string. s[i:j] is a palindrome only if s[i+1:j\u22121] is a palindrome and the i and j letters of s are the same.\"},\n{\"Clue of Step 3\": \"We also need to consider the boundary conditions in dynamic programming. For a substring of length 1, it is obviously a palindrome string; For a substring of length 2, it is a palindrome as long as its two letters are the same.\"},\n{\"Clue of Step 4\": \"We also need to consider the the cyclic order of dynamic programming. In the state transition equation, we are moving from a shorter string to a longer string.\"},\n{\"Clue of Step 5\": \"The final answer is the maximum length of the valid sub-strings.\"}\n]\n```\nYou can refer to the following example and generate step-by-step clues for the given problem.\n\n\n-----Clues-----\nClue of Step 1: To maximize the mex, we should create a sorted list of unique elements from the input array, as repetition of numbers can be substituted down to any smaller number, improving our options.\n", "Clue of Step 2: After sorting the unique elements of the array, iterate through the sorted list and check each number sequentially. The first number that is greater than the current index plus one (i.e., i + 1) is the mex, because it indicates a gap in the sequence of numbers that can be formed.\n", "Clue of Step 2: To maximize the mex, we need to simulate the process of filling in the numbers from 1 upwards. Start by creating a set of unique elements from the array and sorting it. Then, iterate from 1 upwards and find the first number that is not present in the sorted unique elements, which will give the maximum mex.\n"]], "SFT": ["\nYou will be given a problem desciption.\n\nPlease analyze the problem and generate step-by-step clues of how to solve the problem with executable python code.\n\nThe problem:\n\n\nQUESTION:\nSomeone gave Alyona an array containing n positive integers a_1, a_2, ..., a_{n}. In one operation, Alyona can choose any element of the array and decrease it, i.e. replace with any positive integer that is smaller than the current one. Alyona can repeat this operation as many times as she wants. In particular, she may not apply any operation to the array at all.\n\nFormally, after applying some operations Alyona will get an array of n positive integers b_1, b_2, ..., b_{n} such that 1 \u2264 b_{i} \u2264 a_{i} for every 1 \u2264 i \u2264 n. Your task is to determine the maximum possible value of mex of this array.\n\nMex of an array in this problem is the minimum positive integer that doesn't appear in this array. For example, mex of the array containing 1, 3 and 4 is equal to 2, while mex of the array containing 2, 3 and 2 is equal to 1.\n\n\n-----Input-----\n\nThe first line of the input contains a single integer n (1 \u2264 n \u2264 100 000)\u00a0\u2014 the number of elements in the Alyona's array.\n\nThe second line of the input contains n integers a_1, a_2, ..., a_{n} (1 \u2264 a_{i} \u2264 10^9)\u00a0\u2014 the elements of the array.\n\n\n-----Output-----\n\nPrint one positive integer\u00a0\u2014 the maximum possible value of mex of the array after Alyona applies some (possibly none) operations.\n\n\n-----Examples-----\nInput\n5\n1 3 3 3 6\n\nOutput\n5\n\nInput\n2\n2 1\n\nOutput\n3\n\n\n\n-----Note-----\n\nIn the first sample case if one will decrease the second element value to 2 and the fifth element value to 4 then the mex value of resulting array 1 2 3 3 4 will be equal to 5.\n\nTo reach the answer to the second sample case one must not decrease any of the array elements.\nUse Standard Input format\nANSWER:\n\n\nAn example of step-by-step clues for finding the longest palindrome substring is displayed below:\n\n```json\n[\n{\"Clue of Step 1\": \"For a substring, if it is a palindrome and the length is greater than 2, it is still a palindrome after the first and last letters are removed. According to this idea, we can use dynamic programming to solve this problem.\"},\n{\"Clue of Step 2\": \"Then we should consider the state transition function. We use P(i,j) to indicate whether the string composed of the i-th to j-th letters of the string s (denoted as as s[i:j]) is a palindrome string. s[i:j] is a palindrome only if s[i+1:j\u22121] is a palindrome and the i and j letters of s are the same.\"},\n{\"Clue of Step 3\": \"We also need to consider the boundary conditions in dynamic programming. For a substring of length 1, it is obviously a palindrome string; For a substring of length 2, it is a palindrome as long as its two letters are the same.\"},\n{\"Clue of Step 4\": \"We also need to consider the the cyclic order of dynamic programming. In the state transition equation, we are moving from a shorter string to a longer string.\"},\n{\"Clue of Step 5\": \"The final answer is the maximum length of the valid sub-strings.\"}\n]\n```\nYou can refer to the following example and generate step-by-step clues for the given problem.\n\n\n-----Clues-----\nClue of Step 1: The problem requires finding the maximum possible value of the mex of an array after reducing some elements. The mex is the smallest positive integer not present in the array, so initially sorting the array can help identify missing integers more easily.\n\nClue of Step 2: To maximize the mex, we need to ensure that all integers from 1 up to the mex are represented in the modified array. This means we need to focus on filling in the gaps (missing integers) starting from 1. A sorted array helps in easily identifying these gaps.\n", "```python\ndef max_mex(n, array):\n    array.sort()\n    current_mex = 1\n    for num in array:\n        if num >= current_mex:\n            current_mex += 1\n    return current_mex\n\n# Input reading\nn = int(input())\narray = list(map(int, input().split()))\n\n# Compute and print the result\nprint(max_mex(n, array))\n```"]}