{"StepDPO": [["\nYou will be given a problem desciption.\n\nPlease analyze the problem and generate step-by-step clues of how to solve the problem with executable python code.\n\nThe problem:\n\n\nQUESTION:\nPolycarp takes part in a math show. He is given n tasks, each consists of k subtasks, numbered 1 through k. It takes him t_{j} minutes to solve the j-th subtask of any task. Thus, time required to solve a subtask depends only on its index, but not on the task itself. Polycarp can solve subtasks in any order.\n\nBy solving subtask of arbitrary problem he earns one point. Thus, the number of points for task is equal to the number of solved subtasks in it. Moreover, if Polycarp completely solves the task (solves all k of its subtasks), he recieves one extra point. Thus, total number of points he recieves for the complete solution of the task is k + 1.\n\nPolycarp has M minutes of time. What is the maximum number of points he can earn?\n\n\n-----Input-----\n\nThe first line contains three integer numbers n, k and M (1 \u2264 n \u2264 45, 1 \u2264 k \u2264 45, 0 \u2264 M \u2264 2\u00b710^9).\n\nThe second line contains k integer numbers, values t_{j} (1 \u2264 t_{j} \u2264 1000000), where t_{j} is the time in minutes required to solve j-th subtask of any task.\n\n\n-----Output-----\n\nPrint the maximum amount of points Polycarp can earn in M minutes.\n\n\n-----Examples-----\nInput\n3 4 11\n1 2 3 4\n\nOutput\n6\n\nInput\n5 5 10\n1 2 4 8 16\n\nOutput\n7\n\n\n\n-----Note-----\n\nIn the first example Polycarp can complete the first task and spend 1 + 2 + 3 + 4 = 10 minutes. He also has the time to solve one subtask of the second task in one minute.\n\nIn the second example Polycarp can solve the first subtask of all five tasks and spend 5\u00b71 = 5 minutes. Also he can solve the second subtasks of two tasks and spend 2\u00b72 = 4 minutes. Thus, he earns 5 + 2 = 7 points in total.\nUse Standard Input format\nANSWER:\n\n\nAn example of step-by-step clues for finding the longest palindrome substring is displayed below:\n\n```json\n[\n{\"Clue of Step 1\": \"For a substring, if it is a palindrome and the length is greater than 2, it is still a palindrome after the first and last letters are removed. According to this idea, we can use dynamic programming to solve this problem.\"},\n{\"Clue of Step 2\": \"Then we should consider the state transition function. We use P(i,j) to indicate whether the string composed of the i-th to j-th letters of the string s (denoted as as s[i:j]) is a palindrome string. s[i:j] is a palindrome only if s[i+1:j\u22121] is a palindrome and the i and j letters of s are the same.\"},\n{\"Clue of Step 3\": \"We also need to consider the boundary conditions in dynamic programming. For a substring of length 1, it is obviously a palindrome string; For a substring of length 2, it is a palindrome as long as its two letters are the same.\"},\n{\"Clue of Step 4\": \"We also need to consider the the cyclic order of dynamic programming. In the state transition equation, we are moving from a shorter string to a longer string.\"},\n{\"Clue of Step 5\": \"The final answer is the maximum length of the valid sub-strings.\"}\n]\n```\nYou can refer to the following example and generate step-by-step clues for the given problem.\n\n\n-----Clues-----\nClue of Step 1: We should evaluate how many complete tasks Polycarp can finish within the given time limit M by dividing M by the total time required for one task.\n", "Clue of Step 2: We need to calculate the total time required to complete a single task by summing up the times for each subtask. This can be done using the sum function on the list of times.\n", "Clue of Step 2: After determining how many complete tasks can be finished, we should calculate the remaining time after accounting for the time spent on complete tasks. This remaining time will be used to solve as many subtasks as possible from the incomplete tasks to maximize points.\n"], ["\nYou will be given a problem desciption.\n\nPlease analyze the problem and generate step-by-step clues of how to solve the problem with executable python code.\n\nThe problem:\n\n\nQUESTION:\nPolycarp takes part in a math show. He is given n tasks, each consists of k subtasks, numbered 1 through k. It takes him t_{j} minutes to solve the j-th subtask of any task. Thus, time required to solve a subtask depends only on its index, but not on the task itself. Polycarp can solve subtasks in any order.\n\nBy solving subtask of arbitrary problem he earns one point. Thus, the number of points for task is equal to the number of solved subtasks in it. Moreover, if Polycarp completely solves the task (solves all k of its subtasks), he recieves one extra point. Thus, total number of points he recieves for the complete solution of the task is k + 1.\n\nPolycarp has M minutes of time. What is the maximum number of points he can earn?\n\n\n-----Input-----\n\nThe first line contains three integer numbers n, k and M (1 \u2264 n \u2264 45, 1 \u2264 k \u2264 45, 0 \u2264 M \u2264 2\u00b710^9).\n\nThe second line contains k integer numbers, values t_{j} (1 \u2264 t_{j} \u2264 1000000), where t_{j} is the time in minutes required to solve j-th subtask of any task.\n\n\n-----Output-----\n\nPrint the maximum amount of points Polycarp can earn in M minutes.\n\n\n-----Examples-----\nInput\n3 4 11\n1 2 3 4\n\nOutput\n6\n\nInput\n5 5 10\n1 2 4 8 16\n\nOutput\n7\n\n\n\n-----Note-----\n\nIn the first example Polycarp can complete the first task and spend 1 + 2 + 3 + 4 = 10 minutes. He also has the time to solve one subtask of the second task in one minute.\n\nIn the second example Polycarp can solve the first subtask of all five tasks and spend 5\u00b71 = 5 minutes. Also he can solve the second subtasks of two tasks and spend 2\u00b72 = 4 minutes. Thus, he earns 5 + 2 = 7 points in total.\nUse Standard Input format\nANSWER:\n\n\nAn example of step-by-step clues for finding the longest palindrome substring is displayed below:\n\n```json\n[\n{\"Clue of Step 1\": \"For a substring, if it is a palindrome and the length is greater than 2, it is still a palindrome after the first and last letters are removed. According to this idea, we can use dynamic programming to solve this problem.\"},\n{\"Clue of Step 2\": \"Then we should consider the state transition function. We use P(i,j) to indicate whether the string composed of the i-th to j-th letters of the string s (denoted as as s[i:j]) is a palindrome string. s[i:j] is a palindrome only if s[i+1:j\u22121] is a palindrome and the i and j letters of s are the same.\"},\n{\"Clue of Step 3\": \"We also need to consider the boundary conditions in dynamic programming. For a substring of length 1, it is obviously a palindrome string; For a substring of length 2, it is a palindrome as long as its two letters are the same.\"},\n{\"Clue of Step 4\": \"We also need to consider the the cyclic order of dynamic programming. In the state transition equation, we are moving from a shorter string to a longer string.\"},\n{\"Clue of Step 5\": \"The final answer is the maximum length of the valid sub-strings.\"}\n]\n```\nYou can refer to the following example and generate step-by-step clues for the given problem.\n\n\n-----Clues-----\nClue of Step 1: We should evaluate how many complete tasks Polycarp can finish within the given time limit M by dividing M by the total time required for one task.\n", "Clue of Step 2: We need to calculate the total time required to complete a single task by summing up the times for each subtask. This can be done using the sum function on the list of times.\n", "Clue of Step 2: We need to simulate the process of using the remaining time to solve individual subtasks, keeping track of the points earned, until the time runs out or no more subtasks can be solved.\n"], ["\nYou will be given a problem desciption.\n\nPlease analyze the problem and generate step-by-step clues of how to solve the problem with executable python code.\n\nThe problem:\n\n\nQUESTION:\nPolycarp takes part in a math show. He is given n tasks, each consists of k subtasks, numbered 1 through k. It takes him t_{j} minutes to solve the j-th subtask of any task. Thus, time required to solve a subtask depends only on its index, but not on the task itself. Polycarp can solve subtasks in any order.\n\nBy solving subtask of arbitrary problem he earns one point. Thus, the number of points for task is equal to the number of solved subtasks in it. Moreover, if Polycarp completely solves the task (solves all k of its subtasks), he recieves one extra point. Thus, total number of points he recieves for the complete solution of the task is k + 1.\n\nPolycarp has M minutes of time. What is the maximum number of points he can earn?\n\n\n-----Input-----\n\nThe first line contains three integer numbers n, k and M (1 \u2264 n \u2264 45, 1 \u2264 k \u2264 45, 0 \u2264 M \u2264 2\u00b710^9).\n\nThe second line contains k integer numbers, values t_{j} (1 \u2264 t_{j} \u2264 1000000), where t_{j} is the time in minutes required to solve j-th subtask of any task.\n\n\n-----Output-----\n\nPrint the maximum amount of points Polycarp can earn in M minutes.\n\n\n-----Examples-----\nInput\n3 4 11\n1 2 3 4\n\nOutput\n6\n\nInput\n5 5 10\n1 2 4 8 16\n\nOutput\n7\n\n\n\n-----Note-----\n\nIn the first example Polycarp can complete the first task and spend 1 + 2 + 3 + 4 = 10 minutes. He also has the time to solve one subtask of the second task in one minute.\n\nIn the second example Polycarp can solve the first subtask of all five tasks and spend 5\u00b71 = 5 minutes. Also he can solve the second subtasks of two tasks and spend 2\u00b72 = 4 minutes. Thus, he earns 5 + 2 = 7 points in total.\nUse Standard Input format\nANSWER:\n\n\nAn example of step-by-step clues for finding the longest palindrome substring is displayed below:\n\n```json\n[\n{\"Clue of Step 1\": \"For a substring, if it is a palindrome and the length is greater than 2, it is still a palindrome after the first and last letters are removed. According to this idea, we can use dynamic programming to solve this problem.\"},\n{\"Clue of Step 2\": \"Then we should consider the state transition function. We use P(i,j) to indicate whether the string composed of the i-th to j-th letters of the string s (denoted as as s[i:j]) is a palindrome string. s[i:j] is a palindrome only if s[i+1:j\u22121] is a palindrome and the i and j letters of s are the same.\"},\n{\"Clue of Step 3\": \"We also need to consider the boundary conditions in dynamic programming. For a substring of length 1, it is obviously a palindrome string; For a substring of length 2, it is a palindrome as long as its two letters are the same.\"},\n{\"Clue of Step 4\": \"We also need to consider the the cyclic order of dynamic programming. In the state transition equation, we are moving from a shorter string to a longer string.\"},\n{\"Clue of Step 5\": \"The final answer is the maximum length of the valid sub-strings.\"}\n]\n```\nYou can refer to the following example and generate step-by-step clues for the given problem.\n\n\n-----Clues-----\nClue of Step 1: We should evaluate how many complete tasks Polycarp can finish within the given time limit M by dividing M by the total time required for one task.\n", "Clue of Step 2: After calculating the total time for one task, we should determine how many complete tasks Polycarp can solve within the time limit M using integer division of M by the total time for one task.\n", "Clue of Step 2: After determining how many complete tasks can be finished, we should calculate the remaining time after accounting for the time spent on complete tasks. This remaining time will be used to solve as many subtasks as possible from the incomplete tasks to maximize points.\n"], ["\nYou will be given a problem desciption.\n\nPlease analyze the problem and generate step-by-step clues of how to solve the problem with executable python code.\n\nThe problem:\n\n\nQUESTION:\nPolycarp takes part in a math show. He is given n tasks, each consists of k subtasks, numbered 1 through k. It takes him t_{j} minutes to solve the j-th subtask of any task. Thus, time required to solve a subtask depends only on its index, but not on the task itself. Polycarp can solve subtasks in any order.\n\nBy solving subtask of arbitrary problem he earns one point. Thus, the number of points for task is equal to the number of solved subtasks in it. Moreover, if Polycarp completely solves the task (solves all k of its subtasks), he recieves one extra point. Thus, total number of points he recieves for the complete solution of the task is k + 1.\n\nPolycarp has M minutes of time. What is the maximum number of points he can earn?\n\n\n-----Input-----\n\nThe first line contains three integer numbers n, k and M (1 \u2264 n \u2264 45, 1 \u2264 k \u2264 45, 0 \u2264 M \u2264 2\u00b710^9).\n\nThe second line contains k integer numbers, values t_{j} (1 \u2264 t_{j} \u2264 1000000), where t_{j} is the time in minutes required to solve j-th subtask of any task.\n\n\n-----Output-----\n\nPrint the maximum amount of points Polycarp can earn in M minutes.\n\n\n-----Examples-----\nInput\n3 4 11\n1 2 3 4\n\nOutput\n6\n\nInput\n5 5 10\n1 2 4 8 16\n\nOutput\n7\n\n\n\n-----Note-----\n\nIn the first example Polycarp can complete the first task and spend 1 + 2 + 3 + 4 = 10 minutes. He also has the time to solve one subtask of the second task in one minute.\n\nIn the second example Polycarp can solve the first subtask of all five tasks and spend 5\u00b71 = 5 minutes. Also he can solve the second subtasks of two tasks and spend 2\u00b72 = 4 minutes. Thus, he earns 5 + 2 = 7 points in total.\nUse Standard Input format\nANSWER:\n\n\nAn example of step-by-step clues for finding the longest palindrome substring is displayed below:\n\n```json\n[\n{\"Clue of Step 1\": \"For a substring, if it is a palindrome and the length is greater than 2, it is still a palindrome after the first and last letters are removed. According to this idea, we can use dynamic programming to solve this problem.\"},\n{\"Clue of Step 2\": \"Then we should consider the state transition function. We use P(i,j) to indicate whether the string composed of the i-th to j-th letters of the string s (denoted as as s[i:j]) is a palindrome string. s[i:j] is a palindrome only if s[i+1:j\u22121] is a palindrome and the i and j letters of s are the same.\"},\n{\"Clue of Step 3\": \"We also need to consider the boundary conditions in dynamic programming. For a substring of length 1, it is obviously a palindrome string; For a substring of length 2, it is a palindrome as long as its two letters are the same.\"},\n{\"Clue of Step 4\": \"We also need to consider the the cyclic order of dynamic programming. In the state transition equation, we are moving from a shorter string to a longer string.\"},\n{\"Clue of Step 5\": \"The final answer is the maximum length of the valid sub-strings.\"}\n]\n```\nYou can refer to the following example and generate step-by-step clues for the given problem.\n\n\n-----Clues-----\nClue of Step 1: We should evaluate how many complete tasks Polycarp can finish within the given time limit M by dividing M by the total time required for one task.\n", "Clue of Step 2: After calculating the total time for one task, we should determine how many complete tasks Polycarp can solve within the time limit M using integer division of M by the total time for one task.\n", "Clue of Step 2: We need to simulate the process of using the remaining time to solve individual subtasks, keeping track of the points earned, until the time runs out or no more subtasks can be solved.\n"], ["\nYou will be given a problem desciption.\n\nPlease analyze the problem and generate step-by-step clues of how to solve the problem with executable python code.\n\nThe problem:\n\n\nQUESTION:\nPolycarp takes part in a math show. He is given n tasks, each consists of k subtasks, numbered 1 through k. It takes him t_{j} minutes to solve the j-th subtask of any task. Thus, time required to solve a subtask depends only on its index, but not on the task itself. Polycarp can solve subtasks in any order.\n\nBy solving subtask of arbitrary problem he earns one point. Thus, the number of points for task is equal to the number of solved subtasks in it. Moreover, if Polycarp completely solves the task (solves all k of its subtasks), he recieves one extra point. Thus, total number of points he recieves for the complete solution of the task is k + 1.\n\nPolycarp has M minutes of time. What is the maximum number of points he can earn?\n\n\n-----Input-----\n\nThe first line contains three integer numbers n, k and M (1 \u2264 n \u2264 45, 1 \u2264 k \u2264 45, 0 \u2264 M \u2264 2\u00b710^9).\n\nThe second line contains k integer numbers, values t_{j} (1 \u2264 t_{j} \u2264 1000000), where t_{j} is the time in minutes required to solve j-th subtask of any task.\n\n\n-----Output-----\n\nPrint the maximum amount of points Polycarp can earn in M minutes.\n\n\n-----Examples-----\nInput\n3 4 11\n1 2 3 4\n\nOutput\n6\n\nInput\n5 5 10\n1 2 4 8 16\n\nOutput\n7\n\n\n\n-----Note-----\n\nIn the first example Polycarp can complete the first task and spend 1 + 2 + 3 + 4 = 10 minutes. He also has the time to solve one subtask of the second task in one minute.\n\nIn the second example Polycarp can solve the first subtask of all five tasks and spend 5\u00b71 = 5 minutes. Also he can solve the second subtasks of two tasks and spend 2\u00b72 = 4 minutes. Thus, he earns 5 + 2 = 7 points in total.\nUse Standard Input format\nANSWER:\n\n\nAn example of step-by-step clues for finding the longest palindrome substring is displayed below:\n\n```json\n[\n{\"Clue of Step 1\": \"For a substring, if it is a palindrome and the length is greater than 2, it is still a palindrome after the first and last letters are removed. According to this idea, we can use dynamic programming to solve this problem.\"},\n{\"Clue of Step 2\": \"Then we should consider the state transition function. We use P(i,j) to indicate whether the string composed of the i-th to j-th letters of the string s (denoted as as s[i:j]) is a palindrome string. s[i:j] is a palindrome only if s[i+1:j\u22121] is a palindrome and the i and j letters of s are the same.\"},\n{\"Clue of Step 3\": \"We also need to consider the boundary conditions in dynamic programming. For a substring of length 1, it is obviously a palindrome string; For a substring of length 2, it is a palindrome as long as its two letters are the same.\"},\n{\"Clue of Step 4\": \"We also need to consider the the cyclic order of dynamic programming. In the state transition equation, we are moving from a shorter string to a longer string.\"},\n{\"Clue of Step 5\": \"The final answer is the maximum length of the valid sub-strings.\"}\n]\n```\nYou can refer to the following example and generate step-by-step clues for the given problem.\n\n\n-----Clues-----\nClue of Step 1: We should evaluate how many complete tasks Polycarp can finish within the given time limit M by dividing M by the total time required for one task.\n", "Clue of Step 2: For the remaining time after solving complete tasks, we should calculate how many additional subtasks Polycarp can solve and add those points to the total points obtained from complete tasks.\n", "Clue of Step 2: After determining how many complete tasks can be finished, we should calculate the remaining time after accounting for the time spent on complete tasks. This remaining time will be used to solve as many subtasks as possible from the incomplete tasks to maximize points.\n"], ["\nYou will be given a problem desciption.\n\nPlease analyze the problem and generate step-by-step clues of how to solve the problem with executable python code.\n\nThe problem:\n\n\nQUESTION:\nPolycarp takes part in a math show. He is given n tasks, each consists of k subtasks, numbered 1 through k. It takes him t_{j} minutes to solve the j-th subtask of any task. Thus, time required to solve a subtask depends only on its index, but not on the task itself. Polycarp can solve subtasks in any order.\n\nBy solving subtask of arbitrary problem he earns one point. Thus, the number of points for task is equal to the number of solved subtasks in it. Moreover, if Polycarp completely solves the task (solves all k of its subtasks), he recieves one extra point. Thus, total number of points he recieves for the complete solution of the task is k + 1.\n\nPolycarp has M minutes of time. What is the maximum number of points he can earn?\n\n\n-----Input-----\n\nThe first line contains three integer numbers n, k and M (1 \u2264 n \u2264 45, 1 \u2264 k \u2264 45, 0 \u2264 M \u2264 2\u00b710^9).\n\nThe second line contains k integer numbers, values t_{j} (1 \u2264 t_{j} \u2264 1000000), where t_{j} is the time in minutes required to solve j-th subtask of any task.\n\n\n-----Output-----\n\nPrint the maximum amount of points Polycarp can earn in M minutes.\n\n\n-----Examples-----\nInput\n3 4 11\n1 2 3 4\n\nOutput\n6\n\nInput\n5 5 10\n1 2 4 8 16\n\nOutput\n7\n\n\n\n-----Note-----\n\nIn the first example Polycarp can complete the first task and spend 1 + 2 + 3 + 4 = 10 minutes. He also has the time to solve one subtask of the second task in one minute.\n\nIn the second example Polycarp can solve the first subtask of all five tasks and spend 5\u00b71 = 5 minutes. Also he can solve the second subtasks of two tasks and spend 2\u00b72 = 4 minutes. Thus, he earns 5 + 2 = 7 points in total.\nUse Standard Input format\nANSWER:\n\n\nAn example of step-by-step clues for finding the longest palindrome substring is displayed below:\n\n```json\n[\n{\"Clue of Step 1\": \"For a substring, if it is a palindrome and the length is greater than 2, it is still a palindrome after the first and last letters are removed. According to this idea, we can use dynamic programming to solve this problem.\"},\n{\"Clue of Step 2\": \"Then we should consider the state transition function. We use P(i,j) to indicate whether the string composed of the i-th to j-th letters of the string s (denoted as as s[i:j]) is a palindrome string. s[i:j] is a palindrome only if s[i+1:j\u22121] is a palindrome and the i and j letters of s are the same.\"},\n{\"Clue of Step 3\": \"We also need to consider the boundary conditions in dynamic programming. For a substring of length 1, it is obviously a palindrome string; For a substring of length 2, it is a palindrome as long as its two letters are the same.\"},\n{\"Clue of Step 4\": \"We also need to consider the the cyclic order of dynamic programming. In the state transition equation, we are moving from a shorter string to a longer string.\"},\n{\"Clue of Step 5\": \"The final answer is the maximum length of the valid sub-strings.\"}\n]\n```\nYou can refer to the following example and generate step-by-step clues for the given problem.\n\n\n-----Clues-----\nClue of Step 1: We should evaluate how many complete tasks Polycarp can finish within the given time limit M by dividing M by the total time required for one task.\n", "Clue of Step 2: For the remaining time after solving complete tasks, we should calculate how many additional subtasks Polycarp can solve and add those points to the total points obtained from complete tasks.\n", "Clue of Step 2: We need to simulate the process of using the remaining time to solve individual subtasks, keeping track of the points earned, until the time runs out or no more subtasks can be solved.\n"], ["\nYou will be given a problem desciption.\n\nPlease analyze the problem and generate step-by-step clues of how to solve the problem with executable python code.\n\nThe problem:\n\n\nQUESTION:\nPolycarp takes part in a math show. He is given n tasks, each consists of k subtasks, numbered 1 through k. It takes him t_{j} minutes to solve the j-th subtask of any task. Thus, time required to solve a subtask depends only on its index, but not on the task itself. Polycarp can solve subtasks in any order.\n\nBy solving subtask of arbitrary problem he earns one point. Thus, the number of points for task is equal to the number of solved subtasks in it. Moreover, if Polycarp completely solves the task (solves all k of its subtasks), he recieves one extra point. Thus, total number of points he recieves for the complete solution of the task is k + 1.\n\nPolycarp has M minutes of time. What is the maximum number of points he can earn?\n\n\n-----Input-----\n\nThe first line contains three integer numbers n, k and M (1 \u2264 n \u2264 45, 1 \u2264 k \u2264 45, 0 \u2264 M \u2264 2\u00b710^9).\n\nThe second line contains k integer numbers, values t_{j} (1 \u2264 t_{j} \u2264 1000000), where t_{j} is the time in minutes required to solve j-th subtask of any task.\n\n\n-----Output-----\n\nPrint the maximum amount of points Polycarp can earn in M minutes.\n\n\n-----Examples-----\nInput\n3 4 11\n1 2 3 4\n\nOutput\n6\n\nInput\n5 5 10\n1 2 4 8 16\n\nOutput\n7\n\n\n\n-----Note-----\n\nIn the first example Polycarp can complete the first task and spend 1 + 2 + 3 + 4 = 10 minutes. He also has the time to solve one subtask of the second task in one minute.\n\nIn the second example Polycarp can solve the first subtask of all five tasks and spend 5\u00b71 = 5 minutes. Also he can solve the second subtasks of two tasks and spend 2\u00b72 = 4 minutes. Thus, he earns 5 + 2 = 7 points in total.\nUse Standard Input format\nANSWER:\n\n\nAn example of step-by-step clues for finding the longest palindrome substring is displayed below:\n\n```json\n[\n{\"Clue of Step 1\": \"For a substring, if it is a palindrome and the length is greater than 2, it is still a palindrome after the first and last letters are removed. According to this idea, we can use dynamic programming to solve this problem.\"},\n{\"Clue of Step 2\": \"Then we should consider the state transition function. We use P(i,j) to indicate whether the string composed of the i-th to j-th letters of the string s (denoted as as s[i:j]) is a palindrome string. s[i:j] is a palindrome only if s[i+1:j\u22121] is a palindrome and the i and j letters of s are the same.\"},\n{\"Clue of Step 3\": \"We also need to consider the boundary conditions in dynamic programming. For a substring of length 1, it is obviously a palindrome string; For a substring of length 2, it is a palindrome as long as its two letters are the same.\"},\n{\"Clue of Step 4\": \"We also need to consider the the cyclic order of dynamic programming. In the state transition equation, we are moving from a shorter string to a longer string.\"},\n{\"Clue of Step 5\": \"The final answer is the maximum length of the valid sub-strings.\"}\n]\n```\nYou can refer to the following example and generate step-by-step clues for the given problem.\n\n\n-----Clues-----\nClue of Step 1: We should evaluate how many complete tasks Polycarp can finish within the given time limit M by dividing M by the total time required for one task.\n", "Clue of Step 2: We should sort the subtasks by their required times to ensure that we maximize the points by solving the easiest subtasks first within the remaining time.\n", "Clue of Step 2: After determining how many complete tasks can be finished, we should calculate the remaining time after accounting for the time spent on complete tasks. This remaining time will be used to solve as many subtasks as possible from the incomplete tasks to maximize points.\n"], ["\nYou will be given a problem desciption.\n\nPlease analyze the problem and generate step-by-step clues of how to solve the problem with executable python code.\n\nThe problem:\n\n\nQUESTION:\nPolycarp takes part in a math show. He is given n tasks, each consists of k subtasks, numbered 1 through k. It takes him t_{j} minutes to solve the j-th subtask of any task. Thus, time required to solve a subtask depends only on its index, but not on the task itself. Polycarp can solve subtasks in any order.\n\nBy solving subtask of arbitrary problem he earns one point. Thus, the number of points for task is equal to the number of solved subtasks in it. Moreover, if Polycarp completely solves the task (solves all k of its subtasks), he recieves one extra point. Thus, total number of points he recieves for the complete solution of the task is k + 1.\n\nPolycarp has M minutes of time. What is the maximum number of points he can earn?\n\n\n-----Input-----\n\nThe first line contains three integer numbers n, k and M (1 \u2264 n \u2264 45, 1 \u2264 k \u2264 45, 0 \u2264 M \u2264 2\u00b710^9).\n\nThe second line contains k integer numbers, values t_{j} (1 \u2264 t_{j} \u2264 1000000), where t_{j} is the time in minutes required to solve j-th subtask of any task.\n\n\n-----Output-----\n\nPrint the maximum amount of points Polycarp can earn in M minutes.\n\n\n-----Examples-----\nInput\n3 4 11\n1 2 3 4\n\nOutput\n6\n\nInput\n5 5 10\n1 2 4 8 16\n\nOutput\n7\n\n\n\n-----Note-----\n\nIn the first example Polycarp can complete the first task and spend 1 + 2 + 3 + 4 = 10 minutes. He also has the time to solve one subtask of the second task in one minute.\n\nIn the second example Polycarp can solve the first subtask of all five tasks and spend 5\u00b71 = 5 minutes. Also he can solve the second subtasks of two tasks and spend 2\u00b72 = 4 minutes. Thus, he earns 5 + 2 = 7 points in total.\nUse Standard Input format\nANSWER:\n\n\nAn example of step-by-step clues for finding the longest palindrome substring is displayed below:\n\n```json\n[\n{\"Clue of Step 1\": \"For a substring, if it is a palindrome and the length is greater than 2, it is still a palindrome after the first and last letters are removed. According to this idea, we can use dynamic programming to solve this problem.\"},\n{\"Clue of Step 2\": \"Then we should consider the state transition function. We use P(i,j) to indicate whether the string composed of the i-th to j-th letters of the string s (denoted as as s[i:j]) is a palindrome string. s[i:j] is a palindrome only if s[i+1:j\u22121] is a palindrome and the i and j letters of s are the same.\"},\n{\"Clue of Step 3\": \"We also need to consider the boundary conditions in dynamic programming. For a substring of length 1, it is obviously a palindrome string; For a substring of length 2, it is a palindrome as long as its two letters are the same.\"},\n{\"Clue of Step 4\": \"We also need to consider the the cyclic order of dynamic programming. In the state transition equation, we are moving from a shorter string to a longer string.\"},\n{\"Clue of Step 5\": \"The final answer is the maximum length of the valid sub-strings.\"}\n]\n```\nYou can refer to the following example and generate step-by-step clues for the given problem.\n\n\n-----Clues-----\nClue of Step 1: We should evaluate how many complete tasks Polycarp can finish within the given time limit M by dividing M by the total time required for one task.\n", "Clue of Step 2: We should sort the subtasks by their required times to ensure that we maximize the points by solving the easiest subtasks first within the remaining time.\n", "Clue of Step 2: We need to simulate the process of using the remaining time to solve individual subtasks, keeping track of the points earned, until the time runs out or no more subtasks can be solved.\n"]], "SFT": ["\nYou will be given a problem desciption.\n\nPlease analyze the problem and generate step-by-step clues of how to solve the problem with executable python code.\n\nThe problem:\n\n\nQUESTION:\nPolycarp takes part in a math show. He is given n tasks, each consists of k subtasks, numbered 1 through k. It takes him t_{j} minutes to solve the j-th subtask of any task. Thus, time required to solve a subtask depends only on its index, but not on the task itself. Polycarp can solve subtasks in any order.\n\nBy solving subtask of arbitrary problem he earns one point. Thus, the number of points for task is equal to the number of solved subtasks in it. Moreover, if Polycarp completely solves the task (solves all k of its subtasks), he recieves one extra point. Thus, total number of points he recieves for the complete solution of the task is k + 1.\n\nPolycarp has M minutes of time. What is the maximum number of points he can earn?\n\n\n-----Input-----\n\nThe first line contains three integer numbers n, k and M (1 \u2264 n \u2264 45, 1 \u2264 k \u2264 45, 0 \u2264 M \u2264 2\u00b710^9).\n\nThe second line contains k integer numbers, values t_{j} (1 \u2264 t_{j} \u2264 1000000), where t_{j} is the time in minutes required to solve j-th subtask of any task.\n\n\n-----Output-----\n\nPrint the maximum amount of points Polycarp can earn in M minutes.\n\n\n-----Examples-----\nInput\n3 4 11\n1 2 3 4\n\nOutput\n6\n\nInput\n5 5 10\n1 2 4 8 16\n\nOutput\n7\n\n\n\n-----Note-----\n\nIn the first example Polycarp can complete the first task and spend 1 + 2 + 3 + 4 = 10 minutes. He also has the time to solve one subtask of the second task in one minute.\n\nIn the second example Polycarp can solve the first subtask of all five tasks and spend 5\u00b71 = 5 minutes. Also he can solve the second subtasks of two tasks and spend 2\u00b72 = 4 minutes. Thus, he earns 5 + 2 = 7 points in total.\nUse Standard Input format\nANSWER:\n\n\nAn example of step-by-step clues for finding the longest palindrome substring is displayed below:\n\n```json\n[\n{\"Clue of Step 1\": \"For a substring, if it is a palindrome and the length is greater than 2, it is still a palindrome after the first and last letters are removed. According to this idea, we can use dynamic programming to solve this problem.\"},\n{\"Clue of Step 2\": \"Then we should consider the state transition function. We use P(i,j) to indicate whether the string composed of the i-th to j-th letters of the string s (denoted as as s[i:j]) is a palindrome string. s[i:j] is a palindrome only if s[i+1:j\u22121] is a palindrome and the i and j letters of s are the same.\"},\n{\"Clue of Step 3\": \"We also need to consider the boundary conditions in dynamic programming. For a substring of length 1, it is obviously a palindrome string; For a substring of length 2, it is a palindrome as long as its two letters are the same.\"},\n{\"Clue of Step 4\": \"We also need to consider the the cyclic order of dynamic programming. In the state transition equation, we are moving from a shorter string to a longer string.\"},\n{\"Clue of Step 5\": \"The final answer is the maximum length of the valid sub-strings.\"}\n]\n```\nYou can refer to the following example and generate step-by-step clues for the given problem.\n\n\n-----Clues-----\nClue of Step 1: A greedy approach may be useful here. We should first sort or prioritize subtasks based on their required times t[j] to maximize the points within the given time M.\n\nClue of Step 2: We can maintain a loop to iterate through each task while keeping track of the remaining time, and for each task, we should also consider solving additional subtasks from other tasks based on remaining time after completing any full task.\n", "```python\ndef max_points(n, k, M, times):\n    # Sort task times\n    times.sort()\n    \n    # Initialize maximum points\n    max_points = 0\n    \n    # Try to complete from 0 to n tasks\n    for completed_tasks in range(n + 1):\n        time_spent = completed_tasks * sum(times)  # Time spent to complete 'completed_tasks'\n        points = completed_tasks * (k + 1)  # Points for completed tasks\n\n        if time_spent > M:\n            break  # No need to check further if time spent exceeds M\n\n        remaining_time = M - time_spent\n        \n        # Calculate how many additional subtasks can be completed in the remaining time\n        additional_points = 0\n        for j in range(1, k + 1):\n            # Time for the j-th subtask\n            time_for_subtask = times[j - 1]\n            max_possible_subtasks = remaining_time // time_for_subtask\n            \n            # We can complete these subtasks for the remaining tasks\n            additional_points += min(max_possible_subtasks, n - completed_tasks)\n            remaining_time -= min(max_possible_subtasks, n - completed_tasks) * time_for_subtask\n            \n            if remaining_time < 0:\n                break  # No more time left to solve subtasks\n\n        max_points = max(max_points, points + additional_points)\n\n    return max_points\n\n# Input handling\nn, k, M = map(int, input().split())\ntimes = list(map(int, input().split()))\n\n# Calculate and print the maximum points\nprint(max_points(n, k, M, times))\n```"]}