{"StepDPO": [["\nYou will be given a problem desciption.\n\nPlease analyze the problem and generate step-by-step clues of how to solve the problem with executable python code.\n\nThe problem:\n\n\nQUESTION:\nAndrey received a postcard from Irina. It contained only the words \"Hello, Andrey!\", and a strange string consisting of lowercase Latin letters, snowflakes and candy canes. Andrey thought that this string is an encrypted message, and decided to decrypt it.\n\nAndrey noticed that snowflakes and candy canes always stand after the letters, so he supposed that the message was encrypted as follows. Candy cane means that the letter before it can be removed, or can be left. A snowflake means that the letter before it can be removed, left, or repeated several times.\n\nFor example, consider the following string:  [Image] \n\nThis string can encode the message \u00abhappynewyear\u00bb. For this, candy canes and snowflakes should be used as follows:   candy cane 1: remove the letter w,  snowflake 1: repeat the letter p twice,  candy cane 2: leave the letter n,  snowflake 2: remove the letter w,  snowflake 3: leave the letter e. \n\n [Image] \n\nPlease note that the same string can encode different messages. For example, the string above can encode \u00abhayewyar\u00bb, \u00abhapppppynewwwwwyear\u00bb, and other messages.\n\nAndrey knows that messages from Irina usually have a length of $k$ letters. Help him to find out if a given string can encode a message of $k$ letters, and if so, give an example of such a message.\n\n\n-----Input-----\n\nThe first line contains the string received in the postcard. The string consists only of lowercase Latin letters, as well as the characters \u00ab*\u00bb and \u00ab?\u00bb, meaning snowflake and candy cone, respectively. These characters can only appear immediately after the letter. The length of the string does not exceed $200$.\n\nThe second line contains an integer number $k$ ($1 \\leq k \\leq 200$), the required message length.\n\n\n-----Output-----\n\nPrint any message of length $k$ that the given string can encode, or \u00abImpossible\u00bb if such a message does not exist.\n\n\n-----Examples-----\nInput\nhw?ap*yn?eww*ye*ar\n12\n\nOutput\nhappynewyear\n\nInput\nab?a\n2\n\nOutput\naa\nInput\nab?a\n3\n\nOutput\naba\nInput\nababb\n5\n\nOutput\nababb\nInput\nab?a\n1\n\nOutput\nImpossible\nUse Standard Input format\nANSWER:\n\n\nAn example of step-by-step clues for finding the longest palindrome substring is displayed below:\n\n```json\n[\n{\"Clue of Step 1\": \"For a substring, if it is a palindrome and the length is greater than 2, it is still a palindrome after the first and last letters are removed. According to this idea, we can use dynamic programming to solve this problem.\"},\n{\"Clue of Step 2\": \"Then we should consider the state transition function. We use P(i,j) to indicate whether the string composed of the i-th to j-th letters of the string s (denoted as as s[i:j]) is a palindrome string. s[i:j] is a palindrome only if s[i+1:j\u22121] is a palindrome and the i and j letters of s are the same.\"},\n{\"Clue of Step 3\": \"We also need to consider the boundary conditions in dynamic programming. For a substring of length 1, it is obviously a palindrome string; For a substring of length 2, it is a palindrome as long as its two letters are the same.\"},\n{\"Clue of Step 4\": \"We also need to consider the the cyclic order of dynamic programming. In the state transition equation, we are moving from a shorter string to a longer string.\"},\n{\"Clue of Step 5\": \"The final answer is the maximum length of the valid sub-strings.\"}\n]\n```\nYou can refer to the following example and generate step-by-step clues for the given problem.\n\n\n-----Clues-----\nClue of Step 1: We can treat the problem as a backtracking problem where we explore all possible ways to handle the letters and the special characters ('*' and '?'). The '?' (candy cane) allows us to either keep or remove the preceding letter, and '*' (snowflake) allows us to keep, remove, or repeat the preceding letter. We need to explore these possibilities recursively to construct a message of length k.\n", "Clue of Step 2: We need to parse the input string and transform it into a sequence of operations based on the letters and their corresponding special characters ('*', '?').\n", "Clue of Step 2: We can define a recursive function where each recursive call processes a letter along with any following special characters ('?' or '*'). For each letter, the function can either include the letter, remove it (in the case of '?'), or repeat it multiple times (in the case of '*'), and then recursively process the rest of the string.\n"], ["\nYou will be given a problem desciption.\n\nPlease analyze the problem and generate step-by-step clues of how to solve the problem with executable python code.\n\nThe problem:\n\n\nQUESTION:\nAndrey received a postcard from Irina. It contained only the words \"Hello, Andrey!\", and a strange string consisting of lowercase Latin letters, snowflakes and candy canes. Andrey thought that this string is an encrypted message, and decided to decrypt it.\n\nAndrey noticed that snowflakes and candy canes always stand after the letters, so he supposed that the message was encrypted as follows. Candy cane means that the letter before it can be removed, or can be left. A snowflake means that the letter before it can be removed, left, or repeated several times.\n\nFor example, consider the following string:  [Image] \n\nThis string can encode the message \u00abhappynewyear\u00bb. For this, candy canes and snowflakes should be used as follows:   candy cane 1: remove the letter w,  snowflake 1: repeat the letter p twice,  candy cane 2: leave the letter n,  snowflake 2: remove the letter w,  snowflake 3: leave the letter e. \n\n [Image] \n\nPlease note that the same string can encode different messages. For example, the string above can encode \u00abhayewyar\u00bb, \u00abhapppppynewwwwwyear\u00bb, and other messages.\n\nAndrey knows that messages from Irina usually have a length of $k$ letters. Help him to find out if a given string can encode a message of $k$ letters, and if so, give an example of such a message.\n\n\n-----Input-----\n\nThe first line contains the string received in the postcard. The string consists only of lowercase Latin letters, as well as the characters \u00ab*\u00bb and \u00ab?\u00bb, meaning snowflake and candy cone, respectively. These characters can only appear immediately after the letter. The length of the string does not exceed $200$.\n\nThe second line contains an integer number $k$ ($1 \\leq k \\leq 200$), the required message length.\n\n\n-----Output-----\n\nPrint any message of length $k$ that the given string can encode, or \u00abImpossible\u00bb if such a message does not exist.\n\n\n-----Examples-----\nInput\nhw?ap*yn?eww*ye*ar\n12\n\nOutput\nhappynewyear\n\nInput\nab?a\n2\n\nOutput\naa\nInput\nab?a\n3\n\nOutput\naba\nInput\nababb\n5\n\nOutput\nababb\nInput\nab?a\n1\n\nOutput\nImpossible\nUse Standard Input format\nANSWER:\n\n\nAn example of step-by-step clues for finding the longest palindrome substring is displayed below:\n\n```json\n[\n{\"Clue of Step 1\": \"For a substring, if it is a palindrome and the length is greater than 2, it is still a palindrome after the first and last letters are removed. According to this idea, we can use dynamic programming to solve this problem.\"},\n{\"Clue of Step 2\": \"Then we should consider the state transition function. We use P(i,j) to indicate whether the string composed of the i-th to j-th letters of the string s (denoted as as s[i:j]) is a palindrome string. s[i:j] is a palindrome only if s[i+1:j\u22121] is a palindrome and the i and j letters of s are the same.\"},\n{\"Clue of Step 3\": \"We also need to consider the boundary conditions in dynamic programming. For a substring of length 1, it is obviously a palindrome string; For a substring of length 2, it is a palindrome as long as its two letters are the same.\"},\n{\"Clue of Step 4\": \"We also need to consider the the cyclic order of dynamic programming. In the state transition equation, we are moving from a shorter string to a longer string.\"},\n{\"Clue of Step 5\": \"The final answer is the maximum length of the valid sub-strings.\"}\n]\n```\nYou can refer to the following example and generate step-by-step clues for the given problem.\n\n\n-----Clues-----\nClue of Step 1: We can treat the problem as a backtracking problem where we explore all possible ways to handle the letters and the special characters ('*' and '?'). The '?' (candy cane) allows us to either keep or remove the preceding letter, and '*' (snowflake) allows us to keep, remove, or repeat the preceding letter. We need to explore these possibilities recursively to construct a message of length k.\n", "Clue of Step 2: We need to parse the input string and transform it into a sequence of operations based on the letters and their corresponding special characters ('*', '?').\n", "Clue of Step 2: To handle base cases, if we reach the end of the string, we should check if the current message length matches k. If it does, we can return the message as a valid solution. If no valid message is found after all possibilities are explored, we return 'Impossible'.\n"], ["\nYou will be given a problem desciption.\n\nPlease analyze the problem and generate step-by-step clues of how to solve the problem with executable python code.\n\nThe problem:\n\n\nQUESTION:\nAndrey received a postcard from Irina. It contained only the words \"Hello, Andrey!\", and a strange string consisting of lowercase Latin letters, snowflakes and candy canes. Andrey thought that this string is an encrypted message, and decided to decrypt it.\n\nAndrey noticed that snowflakes and candy canes always stand after the letters, so he supposed that the message was encrypted as follows. Candy cane means that the letter before it can be removed, or can be left. A snowflake means that the letter before it can be removed, left, or repeated several times.\n\nFor example, consider the following string:  [Image] \n\nThis string can encode the message \u00abhappynewyear\u00bb. For this, candy canes and snowflakes should be used as follows:   candy cane 1: remove the letter w,  snowflake 1: repeat the letter p twice,  candy cane 2: leave the letter n,  snowflake 2: remove the letter w,  snowflake 3: leave the letter e. \n\n [Image] \n\nPlease note that the same string can encode different messages. For example, the string above can encode \u00abhayewyar\u00bb, \u00abhapppppynewwwwwyear\u00bb, and other messages.\n\nAndrey knows that messages from Irina usually have a length of $k$ letters. Help him to find out if a given string can encode a message of $k$ letters, and if so, give an example of such a message.\n\n\n-----Input-----\n\nThe first line contains the string received in the postcard. The string consists only of lowercase Latin letters, as well as the characters \u00ab*\u00bb and \u00ab?\u00bb, meaning snowflake and candy cone, respectively. These characters can only appear immediately after the letter. The length of the string does not exceed $200$.\n\nThe second line contains an integer number $k$ ($1 \\leq k \\leq 200$), the required message length.\n\n\n-----Output-----\n\nPrint any message of length $k$ that the given string can encode, or \u00abImpossible\u00bb if such a message does not exist.\n\n\n-----Examples-----\nInput\nhw?ap*yn?eww*ye*ar\n12\n\nOutput\nhappynewyear\n\nInput\nab?a\n2\n\nOutput\naa\nInput\nab?a\n3\n\nOutput\naba\nInput\nababb\n5\n\nOutput\nababb\nInput\nab?a\n1\n\nOutput\nImpossible\nUse Standard Input format\nANSWER:\n\n\nAn example of step-by-step clues for finding the longest palindrome substring is displayed below:\n\n```json\n[\n{\"Clue of Step 1\": \"For a substring, if it is a palindrome and the length is greater than 2, it is still a palindrome after the first and last letters are removed. According to this idea, we can use dynamic programming to solve this problem.\"},\n{\"Clue of Step 2\": \"Then we should consider the state transition function. We use P(i,j) to indicate whether the string composed of the i-th to j-th letters of the string s (denoted as as s[i:j]) is a palindrome string. s[i:j] is a palindrome only if s[i+1:j\u22121] is a palindrome and the i and j letters of s are the same.\"},\n{\"Clue of Step 3\": \"We also need to consider the boundary conditions in dynamic programming. For a substring of length 1, it is obviously a palindrome string; For a substring of length 2, it is a palindrome as long as its two letters are the same.\"},\n{\"Clue of Step 4\": \"We also need to consider the the cyclic order of dynamic programming. In the state transition equation, we are moving from a shorter string to a longer string.\"},\n{\"Clue of Step 5\": \"The final answer is the maximum length of the valid sub-strings.\"}\n]\n```\nYou can refer to the following example and generate step-by-step clues for the given problem.\n\n\n-----Clues-----\nClue of Step 1: We can treat the problem as a backtracking problem where we explore all possible ways to handle the letters and the special characters ('*' and '?'). The '?' (candy cane) allows us to either keep or remove the preceding letter, and '*' (snowflake) allows us to keep, remove, or repeat the preceding letter. We need to explore these possibilities recursively to construct a message of length k.\n", "Clue of Step 2: We can maintain a list to represent the possible outcomes of each character processing, using depth-first search or recursion to explore valid configurations for the message.\n", "Clue of Step 2: We can define a recursive function where each recursive call processes a letter along with any following special characters ('?' or '*'). For each letter, the function can either include the letter, remove it (in the case of '?'), or repeat it multiple times (in the case of '*'), and then recursively process the rest of the string.\n"], ["\nYou will be given a problem desciption.\n\nPlease analyze the problem and generate step-by-step clues of how to solve the problem with executable python code.\n\nThe problem:\n\n\nQUESTION:\nAndrey received a postcard from Irina. It contained only the words \"Hello, Andrey!\", and a strange string consisting of lowercase Latin letters, snowflakes and candy canes. Andrey thought that this string is an encrypted message, and decided to decrypt it.\n\nAndrey noticed that snowflakes and candy canes always stand after the letters, so he supposed that the message was encrypted as follows. Candy cane means that the letter before it can be removed, or can be left. A snowflake means that the letter before it can be removed, left, or repeated several times.\n\nFor example, consider the following string:  [Image] \n\nThis string can encode the message \u00abhappynewyear\u00bb. For this, candy canes and snowflakes should be used as follows:   candy cane 1: remove the letter w,  snowflake 1: repeat the letter p twice,  candy cane 2: leave the letter n,  snowflake 2: remove the letter w,  snowflake 3: leave the letter e. \n\n [Image] \n\nPlease note that the same string can encode different messages. For example, the string above can encode \u00abhayewyar\u00bb, \u00abhapppppynewwwwwyear\u00bb, and other messages.\n\nAndrey knows that messages from Irina usually have a length of $k$ letters. Help him to find out if a given string can encode a message of $k$ letters, and if so, give an example of such a message.\n\n\n-----Input-----\n\nThe first line contains the string received in the postcard. The string consists only of lowercase Latin letters, as well as the characters \u00ab*\u00bb and \u00ab?\u00bb, meaning snowflake and candy cone, respectively. These characters can only appear immediately after the letter. The length of the string does not exceed $200$.\n\nThe second line contains an integer number $k$ ($1 \\leq k \\leq 200$), the required message length.\n\n\n-----Output-----\n\nPrint any message of length $k$ that the given string can encode, or \u00abImpossible\u00bb if such a message does not exist.\n\n\n-----Examples-----\nInput\nhw?ap*yn?eww*ye*ar\n12\n\nOutput\nhappynewyear\n\nInput\nab?a\n2\n\nOutput\naa\nInput\nab?a\n3\n\nOutput\naba\nInput\nababb\n5\n\nOutput\nababb\nInput\nab?a\n1\n\nOutput\nImpossible\nUse Standard Input format\nANSWER:\n\n\nAn example of step-by-step clues for finding the longest palindrome substring is displayed below:\n\n```json\n[\n{\"Clue of Step 1\": \"For a substring, if it is a palindrome and the length is greater than 2, it is still a palindrome after the first and last letters are removed. According to this idea, we can use dynamic programming to solve this problem.\"},\n{\"Clue of Step 2\": \"Then we should consider the state transition function. We use P(i,j) to indicate whether the string composed of the i-th to j-th letters of the string s (denoted as as s[i:j]) is a palindrome string. s[i:j] is a palindrome only if s[i+1:j\u22121] is a palindrome and the i and j letters of s are the same.\"},\n{\"Clue of Step 3\": \"We also need to consider the boundary conditions in dynamic programming. For a substring of length 1, it is obviously a palindrome string; For a substring of length 2, it is a palindrome as long as its two letters are the same.\"},\n{\"Clue of Step 4\": \"We also need to consider the the cyclic order of dynamic programming. In the state transition equation, we are moving from a shorter string to a longer string.\"},\n{\"Clue of Step 5\": \"The final answer is the maximum length of the valid sub-strings.\"}\n]\n```\nYou can refer to the following example and generate step-by-step clues for the given problem.\n\n\n-----Clues-----\nClue of Step 1: We can treat the problem as a backtracking problem where we explore all possible ways to handle the letters and the special characters ('*' and '?'). The '?' (candy cane) allows us to either keep or remove the preceding letter, and '*' (snowflake) allows us to keep, remove, or repeat the preceding letter. We need to explore these possibilities recursively to construct a message of length k.\n", "Clue of Step 2: We can maintain a list to represent the possible outcomes of each character processing, using depth-first search or recursion to explore valid configurations for the message.\n", "Clue of Step 2: To handle base cases, if we reach the end of the string, we should check if the current message length matches k. If it does, we can return the message as a valid solution. If no valid message is found after all possibilities are explored, we return 'Impossible'.\n"], ["\nYou will be given a problem desciption.\n\nPlease analyze the problem and generate step-by-step clues of how to solve the problem with executable python code.\n\nThe problem:\n\n\nQUESTION:\nAndrey received a postcard from Irina. It contained only the words \"Hello, Andrey!\", and a strange string consisting of lowercase Latin letters, snowflakes and candy canes. Andrey thought that this string is an encrypted message, and decided to decrypt it.\n\nAndrey noticed that snowflakes and candy canes always stand after the letters, so he supposed that the message was encrypted as follows. Candy cane means that the letter before it can be removed, or can be left. A snowflake means that the letter before it can be removed, left, or repeated several times.\n\nFor example, consider the following string:  [Image] \n\nThis string can encode the message \u00abhappynewyear\u00bb. For this, candy canes and snowflakes should be used as follows:   candy cane 1: remove the letter w,  snowflake 1: repeat the letter p twice,  candy cane 2: leave the letter n,  snowflake 2: remove the letter w,  snowflake 3: leave the letter e. \n\n [Image] \n\nPlease note that the same string can encode different messages. For example, the string above can encode \u00abhayewyar\u00bb, \u00abhapppppynewwwwwyear\u00bb, and other messages.\n\nAndrey knows that messages from Irina usually have a length of $k$ letters. Help him to find out if a given string can encode a message of $k$ letters, and if so, give an example of such a message.\n\n\n-----Input-----\n\nThe first line contains the string received in the postcard. The string consists only of lowercase Latin letters, as well as the characters \u00ab*\u00bb and \u00ab?\u00bb, meaning snowflake and candy cone, respectively. These characters can only appear immediately after the letter. The length of the string does not exceed $200$.\n\nThe second line contains an integer number $k$ ($1 \\leq k \\leq 200$), the required message length.\n\n\n-----Output-----\n\nPrint any message of length $k$ that the given string can encode, or \u00abImpossible\u00bb if such a message does not exist.\n\n\n-----Examples-----\nInput\nhw?ap*yn?eww*ye*ar\n12\n\nOutput\nhappynewyear\n\nInput\nab?a\n2\n\nOutput\naa\nInput\nab?a\n3\n\nOutput\naba\nInput\nababb\n5\n\nOutput\nababb\nInput\nab?a\n1\n\nOutput\nImpossible\nUse Standard Input format\nANSWER:\n\n\nAn example of step-by-step clues for finding the longest palindrome substring is displayed below:\n\n```json\n[\n{\"Clue of Step 1\": \"For a substring, if it is a palindrome and the length is greater than 2, it is still a palindrome after the first and last letters are removed. According to this idea, we can use dynamic programming to solve this problem.\"},\n{\"Clue of Step 2\": \"Then we should consider the state transition function. We use P(i,j) to indicate whether the string composed of the i-th to j-th letters of the string s (denoted as as s[i:j]) is a palindrome string. s[i:j] is a palindrome only if s[i+1:j\u22121] is a palindrome and the i and j letters of s are the same.\"},\n{\"Clue of Step 3\": \"We also need to consider the boundary conditions in dynamic programming. For a substring of length 1, it is obviously a palindrome string; For a substring of length 2, it is a palindrome as long as its two letters are the same.\"},\n{\"Clue of Step 4\": \"We also need to consider the the cyclic order of dynamic programming. In the state transition equation, we are moving from a shorter string to a longer string.\"},\n{\"Clue of Step 5\": \"The final answer is the maximum length of the valid sub-strings.\"}\n]\n```\nYou can refer to the following example and generate step-by-step clues for the given problem.\n\n\n-----Clues-----\nClue of Step 1: We can treat the problem as a backtracking problem where we explore all possible ways to handle the letters and the special characters ('*' and '?'). The '?' (candy cane) allows us to either keep or remove the preceding letter, and '*' (snowflake) allows us to keep, remove, or repeat the preceding letter. We need to explore these possibilities recursively to construct a message of length k.\n", "Clue of Step 2: We should implement a way to count how many characters can potentially be derived from each letter and its corresponding special character to ensure we track the total length accurately while forming our output.\n", "Clue of Step 2: We can define a recursive function where each recursive call processes a letter along with any following special characters ('?' or '*'). For each letter, the function can either include the letter, remove it (in the case of '?'), or repeat it multiple times (in the case of '*'), and then recursively process the rest of the string.\n"], ["\nYou will be given a problem desciption.\n\nPlease analyze the problem and generate step-by-step clues of how to solve the problem with executable python code.\n\nThe problem:\n\n\nQUESTION:\nAndrey received a postcard from Irina. It contained only the words \"Hello, Andrey!\", and a strange string consisting of lowercase Latin letters, snowflakes and candy canes. Andrey thought that this string is an encrypted message, and decided to decrypt it.\n\nAndrey noticed that snowflakes and candy canes always stand after the letters, so he supposed that the message was encrypted as follows. Candy cane means that the letter before it can be removed, or can be left. A snowflake means that the letter before it can be removed, left, or repeated several times.\n\nFor example, consider the following string:  [Image] \n\nThis string can encode the message \u00abhappynewyear\u00bb. For this, candy canes and snowflakes should be used as follows:   candy cane 1: remove the letter w,  snowflake 1: repeat the letter p twice,  candy cane 2: leave the letter n,  snowflake 2: remove the letter w,  snowflake 3: leave the letter e. \n\n [Image] \n\nPlease note that the same string can encode different messages. For example, the string above can encode \u00abhayewyar\u00bb, \u00abhapppppynewwwwwyear\u00bb, and other messages.\n\nAndrey knows that messages from Irina usually have a length of $k$ letters. Help him to find out if a given string can encode a message of $k$ letters, and if so, give an example of such a message.\n\n\n-----Input-----\n\nThe first line contains the string received in the postcard. The string consists only of lowercase Latin letters, as well as the characters \u00ab*\u00bb and \u00ab?\u00bb, meaning snowflake and candy cone, respectively. These characters can only appear immediately after the letter. The length of the string does not exceed $200$.\n\nThe second line contains an integer number $k$ ($1 \\leq k \\leq 200$), the required message length.\n\n\n-----Output-----\n\nPrint any message of length $k$ that the given string can encode, or \u00abImpossible\u00bb if such a message does not exist.\n\n\n-----Examples-----\nInput\nhw?ap*yn?eww*ye*ar\n12\n\nOutput\nhappynewyear\n\nInput\nab?a\n2\n\nOutput\naa\nInput\nab?a\n3\n\nOutput\naba\nInput\nababb\n5\n\nOutput\nababb\nInput\nab?a\n1\n\nOutput\nImpossible\nUse Standard Input format\nANSWER:\n\n\nAn example of step-by-step clues for finding the longest palindrome substring is displayed below:\n\n```json\n[\n{\"Clue of Step 1\": \"For a substring, if it is a palindrome and the length is greater than 2, it is still a palindrome after the first and last letters are removed. According to this idea, we can use dynamic programming to solve this problem.\"},\n{\"Clue of Step 2\": \"Then we should consider the state transition function. We use P(i,j) to indicate whether the string composed of the i-th to j-th letters of the string s (denoted as as s[i:j]) is a palindrome string. s[i:j] is a palindrome only if s[i+1:j\u22121] is a palindrome and the i and j letters of s are the same.\"},\n{\"Clue of Step 3\": \"We also need to consider the boundary conditions in dynamic programming. For a substring of length 1, it is obviously a palindrome string; For a substring of length 2, it is a palindrome as long as its two letters are the same.\"},\n{\"Clue of Step 4\": \"We also need to consider the the cyclic order of dynamic programming. In the state transition equation, we are moving from a shorter string to a longer string.\"},\n{\"Clue of Step 5\": \"The final answer is the maximum length of the valid sub-strings.\"}\n]\n```\nYou can refer to the following example and generate step-by-step clues for the given problem.\n\n\n-----Clues-----\nClue of Step 1: We can treat the problem as a backtracking problem where we explore all possible ways to handle the letters and the special characters ('*' and '?'). The '?' (candy cane) allows us to either keep or remove the preceding letter, and '*' (snowflake) allows us to keep, remove, or repeat the preceding letter. We need to explore these possibilities recursively to construct a message of length k.\n", "Clue of Step 2: We should implement a way to count how many characters can potentially be derived from each letter and its corresponding special character to ensure we track the total length accurately while forming our output.\n", "Clue of Step 2: To handle base cases, if we reach the end of the string, we should check if the current message length matches k. If it does, we can return the message as a valid solution. If no valid message is found after all possibilities are explored, we return 'Impossible'.\n"], ["\nYou will be given a problem desciption.\n\nPlease analyze the problem and generate step-by-step clues of how to solve the problem with executable python code.\n\nThe problem:\n\n\nQUESTION:\nAndrey received a postcard from Irina. It contained only the words \"Hello, Andrey!\", and a strange string consisting of lowercase Latin letters, snowflakes and candy canes. Andrey thought that this string is an encrypted message, and decided to decrypt it.\n\nAndrey noticed that snowflakes and candy canes always stand after the letters, so he supposed that the message was encrypted as follows. Candy cane means that the letter before it can be removed, or can be left. A snowflake means that the letter before it can be removed, left, or repeated several times.\n\nFor example, consider the following string:  [Image] \n\nThis string can encode the message \u00abhappynewyear\u00bb. For this, candy canes and snowflakes should be used as follows:   candy cane 1: remove the letter w,  snowflake 1: repeat the letter p twice,  candy cane 2: leave the letter n,  snowflake 2: remove the letter w,  snowflake 3: leave the letter e. \n\n [Image] \n\nPlease note that the same string can encode different messages. For example, the string above can encode \u00abhayewyar\u00bb, \u00abhapppppynewwwwwyear\u00bb, and other messages.\n\nAndrey knows that messages from Irina usually have a length of $k$ letters. Help him to find out if a given string can encode a message of $k$ letters, and if so, give an example of such a message.\n\n\n-----Input-----\n\nThe first line contains the string received in the postcard. The string consists only of lowercase Latin letters, as well as the characters \u00ab*\u00bb and \u00ab?\u00bb, meaning snowflake and candy cone, respectively. These characters can only appear immediately after the letter. The length of the string does not exceed $200$.\n\nThe second line contains an integer number $k$ ($1 \\leq k \\leq 200$), the required message length.\n\n\n-----Output-----\n\nPrint any message of length $k$ that the given string can encode, or \u00abImpossible\u00bb if such a message does not exist.\n\n\n-----Examples-----\nInput\nhw?ap*yn?eww*ye*ar\n12\n\nOutput\nhappynewyear\n\nInput\nab?a\n2\n\nOutput\naa\nInput\nab?a\n3\n\nOutput\naba\nInput\nababb\n5\n\nOutput\nababb\nInput\nab?a\n1\n\nOutput\nImpossible\nUse Standard Input format\nANSWER:\n\n\nAn example of step-by-step clues for finding the longest palindrome substring is displayed below:\n\n```json\n[\n{\"Clue of Step 1\": \"For a substring, if it is a palindrome and the length is greater than 2, it is still a palindrome after the first and last letters are removed. According to this idea, we can use dynamic programming to solve this problem.\"},\n{\"Clue of Step 2\": \"Then we should consider the state transition function. We use P(i,j) to indicate whether the string composed of the i-th to j-th letters of the string s (denoted as as s[i:j]) is a palindrome string. s[i:j] is a palindrome only if s[i+1:j\u22121] is a palindrome and the i and j letters of s are the same.\"},\n{\"Clue of Step 3\": \"We also need to consider the boundary conditions in dynamic programming. For a substring of length 1, it is obviously a palindrome string; For a substring of length 2, it is a palindrome as long as its two letters are the same.\"},\n{\"Clue of Step 4\": \"We also need to consider the the cyclic order of dynamic programming. In the state transition equation, we are moving from a shorter string to a longer string.\"},\n{\"Clue of Step 5\": \"The final answer is the maximum length of the valid sub-strings.\"}\n]\n```\nYou can refer to the following example and generate step-by-step clues for the given problem.\n\n\n-----Clues-----\nClue of Step 1: We can treat the problem as a backtracking problem where we explore all possible ways to handle the letters and the special characters ('*' and '?'). The '?' (candy cane) allows us to either keep or remove the preceding letter, and '*' (snowflake) allows us to keep, remove, or repeat the preceding letter. We need to explore these possibilities recursively to construct a message of length k.\n", "Clue of Step 2: We should maintain a current message as we explore the possibilities, and ensure that it does not exceed the required length k. If at any point, the length of the current message exceeds k, we should backtrack and try other possibilities.\n", "Clue of Step 2: We can define a recursive function where each recursive call processes a letter along with any following special characters ('?' or '*'). For each letter, the function can either include the letter, remove it (in the case of '?'), or repeat it multiple times (in the case of '*'), and then recursively process the rest of the string.\n"], ["\nYou will be given a problem desciption.\n\nPlease analyze the problem and generate step-by-step clues of how to solve the problem with executable python code.\n\nThe problem:\n\n\nQUESTION:\nAndrey received a postcard from Irina. It contained only the words \"Hello, Andrey!\", and a strange string consisting of lowercase Latin letters, snowflakes and candy canes. Andrey thought that this string is an encrypted message, and decided to decrypt it.\n\nAndrey noticed that snowflakes and candy canes always stand after the letters, so he supposed that the message was encrypted as follows. Candy cane means that the letter before it can be removed, or can be left. A snowflake means that the letter before it can be removed, left, or repeated several times.\n\nFor example, consider the following string:  [Image] \n\nThis string can encode the message \u00abhappynewyear\u00bb. For this, candy canes and snowflakes should be used as follows:   candy cane 1: remove the letter w,  snowflake 1: repeat the letter p twice,  candy cane 2: leave the letter n,  snowflake 2: remove the letter w,  snowflake 3: leave the letter e. \n\n [Image] \n\nPlease note that the same string can encode different messages. For example, the string above can encode \u00abhayewyar\u00bb, \u00abhapppppynewwwwwyear\u00bb, and other messages.\n\nAndrey knows that messages from Irina usually have a length of $k$ letters. Help him to find out if a given string can encode a message of $k$ letters, and if so, give an example of such a message.\n\n\n-----Input-----\n\nThe first line contains the string received in the postcard. The string consists only of lowercase Latin letters, as well as the characters \u00ab*\u00bb and \u00ab?\u00bb, meaning snowflake and candy cone, respectively. These characters can only appear immediately after the letter. The length of the string does not exceed $200$.\n\nThe second line contains an integer number $k$ ($1 \\leq k \\leq 200$), the required message length.\n\n\n-----Output-----\n\nPrint any message of length $k$ that the given string can encode, or \u00abImpossible\u00bb if such a message does not exist.\n\n\n-----Examples-----\nInput\nhw?ap*yn?eww*ye*ar\n12\n\nOutput\nhappynewyear\n\nInput\nab?a\n2\n\nOutput\naa\nInput\nab?a\n3\n\nOutput\naba\nInput\nababb\n5\n\nOutput\nababb\nInput\nab?a\n1\n\nOutput\nImpossible\nUse Standard Input format\nANSWER:\n\n\nAn example of step-by-step clues for finding the longest palindrome substring is displayed below:\n\n```json\n[\n{\"Clue of Step 1\": \"For a substring, if it is a palindrome and the length is greater than 2, it is still a palindrome after the first and last letters are removed. According to this idea, we can use dynamic programming to solve this problem.\"},\n{\"Clue of Step 2\": \"Then we should consider the state transition function. We use P(i,j) to indicate whether the string composed of the i-th to j-th letters of the string s (denoted as as s[i:j]) is a palindrome string. s[i:j] is a palindrome only if s[i+1:j\u22121] is a palindrome and the i and j letters of s are the same.\"},\n{\"Clue of Step 3\": \"We also need to consider the boundary conditions in dynamic programming. For a substring of length 1, it is obviously a palindrome string; For a substring of length 2, it is a palindrome as long as its two letters are the same.\"},\n{\"Clue of Step 4\": \"We also need to consider the the cyclic order of dynamic programming. In the state transition equation, we are moving from a shorter string to a longer string.\"},\n{\"Clue of Step 5\": \"The final answer is the maximum length of the valid sub-strings.\"}\n]\n```\nYou can refer to the following example and generate step-by-step clues for the given problem.\n\n\n-----Clues-----\nClue of Step 1: We can treat the problem as a backtracking problem where we explore all possible ways to handle the letters and the special characters ('*' and '?'). The '?' (candy cane) allows us to either keep or remove the preceding letter, and '*' (snowflake) allows us to keep, remove, or repeat the preceding letter. We need to explore these possibilities recursively to construct a message of length k.\n", "Clue of Step 2: We should maintain a current message as we explore the possibilities, and ensure that it does not exceed the required length k. If at any point, the length of the current message exceeds k, we should backtrack and try other possibilities.\n", "Clue of Step 2: To handle base cases, if we reach the end of the string, we should check if the current message length matches k. If it does, we can return the message as a valid solution. If no valid message is found after all possibilities are explored, we return 'Impossible'.\n"], ["\nYou will be given a problem desciption.\n\nPlease analyze the problem and generate step-by-step clues of how to solve the problem with executable python code.\n\nThe problem:\n\n\nQUESTION:\nAndrey received a postcard from Irina. It contained only the words \"Hello, Andrey!\", and a strange string consisting of lowercase Latin letters, snowflakes and candy canes. Andrey thought that this string is an encrypted message, and decided to decrypt it.\n\nAndrey noticed that snowflakes and candy canes always stand after the letters, so he supposed that the message was encrypted as follows. Candy cane means that the letter before it can be removed, or can be left. A snowflake means that the letter before it can be removed, left, or repeated several times.\n\nFor example, consider the following string:  [Image] \n\nThis string can encode the message \u00abhappynewyear\u00bb. For this, candy canes and snowflakes should be used as follows:   candy cane 1: remove the letter w,  snowflake 1: repeat the letter p twice,  candy cane 2: leave the letter n,  snowflake 2: remove the letter w,  snowflake 3: leave the letter e. \n\n [Image] \n\nPlease note that the same string can encode different messages. For example, the string above can encode \u00abhayewyar\u00bb, \u00abhapppppynewwwwwyear\u00bb, and other messages.\n\nAndrey knows that messages from Irina usually have a length of $k$ letters. Help him to find out if a given string can encode a message of $k$ letters, and if so, give an example of such a message.\n\n\n-----Input-----\n\nThe first line contains the string received in the postcard. The string consists only of lowercase Latin letters, as well as the characters \u00ab*\u00bb and \u00ab?\u00bb, meaning snowflake and candy cone, respectively. These characters can only appear immediately after the letter. The length of the string does not exceed $200$.\n\nThe second line contains an integer number $k$ ($1 \\leq k \\leq 200$), the required message length.\n\n\n-----Output-----\n\nPrint any message of length $k$ that the given string can encode, or \u00abImpossible\u00bb if such a message does not exist.\n\n\n-----Examples-----\nInput\nhw?ap*yn?eww*ye*ar\n12\n\nOutput\nhappynewyear\n\nInput\nab?a\n2\n\nOutput\naa\nInput\nab?a\n3\n\nOutput\naba\nInput\nababb\n5\n\nOutput\nababb\nInput\nab?a\n1\n\nOutput\nImpossible\nUse Standard Input format\nANSWER:\n\n\nAn example of step-by-step clues for finding the longest palindrome substring is displayed below:\n\n```json\n[\n{\"Clue of Step 1\": \"For a substring, if it is a palindrome and the length is greater than 2, it is still a palindrome after the first and last letters are removed. According to this idea, we can use dynamic programming to solve this problem.\"},\n{\"Clue of Step 2\": \"Then we should consider the state transition function. We use P(i,j) to indicate whether the string composed of the i-th to j-th letters of the string s (denoted as as s[i:j]) is a palindrome string. s[i:j] is a palindrome only if s[i+1:j\u22121] is a palindrome and the i and j letters of s are the same.\"},\n{\"Clue of Step 3\": \"We also need to consider the boundary conditions in dynamic programming. For a substring of length 1, it is obviously a palindrome string; For a substring of length 2, it is a palindrome as long as its two letters are the same.\"},\n{\"Clue of Step 4\": \"We also need to consider the the cyclic order of dynamic programming. In the state transition equation, we are moving from a shorter string to a longer string.\"},\n{\"Clue of Step 5\": \"The final answer is the maximum length of the valid sub-strings.\"}\n]\n```\nYou can refer to the following example and generate step-by-step clues for the given problem.\n\n\n-----Clues-----\nClue of Step 1: We can approach the problem by simulating the process of constructing the message. As we traverse the string, we handle each letter normally, skip the letter if we encounter '?', and decide how many times to include the letter (once, multiple times, or not at all) when we encounter '*'. A recursive or iterative approach with backtracking can help us explore all valid configurations that result in a message of length k.\n", "Clue of Step 2: To systematically build the output message, we will initialize a count variable to keep track of the message length as we process the input string character by character.\n", "Clue of Step 2: A backtracking approach can be used to simulate all possible ways to construct the message. At each step, maintain a current message and its length. When encountering '?', try both including and skipping the previous character. For '*', try including the previous character 1 or more times or skipping it entirely.\n"], ["\nYou will be given a problem desciption.\n\nPlease analyze the problem and generate step-by-step clues of how to solve the problem with executable python code.\n\nThe problem:\n\n\nQUESTION:\nAndrey received a postcard from Irina. It contained only the words \"Hello, Andrey!\", and a strange string consisting of lowercase Latin letters, snowflakes and candy canes. Andrey thought that this string is an encrypted message, and decided to decrypt it.\n\nAndrey noticed that snowflakes and candy canes always stand after the letters, so he supposed that the message was encrypted as follows. Candy cane means that the letter before it can be removed, or can be left. A snowflake means that the letter before it can be removed, left, or repeated several times.\n\nFor example, consider the following string:  [Image] \n\nThis string can encode the message \u00abhappynewyear\u00bb. For this, candy canes and snowflakes should be used as follows:   candy cane 1: remove the letter w,  snowflake 1: repeat the letter p twice,  candy cane 2: leave the letter n,  snowflake 2: remove the letter w,  snowflake 3: leave the letter e. \n\n [Image] \n\nPlease note that the same string can encode different messages. For example, the string above can encode \u00abhayewyar\u00bb, \u00abhapppppynewwwwwyear\u00bb, and other messages.\n\nAndrey knows that messages from Irina usually have a length of $k$ letters. Help him to find out if a given string can encode a message of $k$ letters, and if so, give an example of such a message.\n\n\n-----Input-----\n\nThe first line contains the string received in the postcard. The string consists only of lowercase Latin letters, as well as the characters \u00ab*\u00bb and \u00ab?\u00bb, meaning snowflake and candy cone, respectively. These characters can only appear immediately after the letter. The length of the string does not exceed $200$.\n\nThe second line contains an integer number $k$ ($1 \\leq k \\leq 200$), the required message length.\n\n\n-----Output-----\n\nPrint any message of length $k$ that the given string can encode, or \u00abImpossible\u00bb if such a message does not exist.\n\n\n-----Examples-----\nInput\nhw?ap*yn?eww*ye*ar\n12\n\nOutput\nhappynewyear\n\nInput\nab?a\n2\n\nOutput\naa\nInput\nab?a\n3\n\nOutput\naba\nInput\nababb\n5\n\nOutput\nababb\nInput\nab?a\n1\n\nOutput\nImpossible\nUse Standard Input format\nANSWER:\n\n\nAn example of step-by-step clues for finding the longest palindrome substring is displayed below:\n\n```json\n[\n{\"Clue of Step 1\": \"For a substring, if it is a palindrome and the length is greater than 2, it is still a palindrome after the first and last letters are removed. According to this idea, we can use dynamic programming to solve this problem.\"},\n{\"Clue of Step 2\": \"Then we should consider the state transition function. We use P(i,j) to indicate whether the string composed of the i-th to j-th letters of the string s (denoted as as s[i:j]) is a palindrome string. s[i:j] is a palindrome only if s[i+1:j\u22121] is a palindrome and the i and j letters of s are the same.\"},\n{\"Clue of Step 3\": \"We also need to consider the boundary conditions in dynamic programming. For a substring of length 1, it is obviously a palindrome string; For a substring of length 2, it is a palindrome as long as its two letters are the same.\"},\n{\"Clue of Step 4\": \"We also need to consider the the cyclic order of dynamic programming. In the state transition equation, we are moving from a shorter string to a longer string.\"},\n{\"Clue of Step 5\": \"The final answer is the maximum length of the valid sub-strings.\"}\n]\n```\nYou can refer to the following example and generate step-by-step clues for the given problem.\n\n\n-----Clues-----\nClue of Step 1: We can approach the problem by simulating the process of constructing the message. As we traverse the string, we handle each letter normally, skip the letter if we encounter '?', and decide how many times to include the letter (once, multiple times, or not at all) when we encounter '*'. A recursive or iterative approach with backtracking can help us explore all valid configurations that result in a message of length k.\n", "Clue of Step 2: We should iterate through each character in the input string while checking for snowflakes or candy canes, adjusting the message length accordingly based on the specific rules: incrementing for letters, and varying number of inclusion for '*' and '?' characters.\n", "Clue of Step 2: A backtracking approach can be used to simulate all possible ways to construct the message. At each step, maintain a current message and its length. When encountering '?', try both including and skipping the previous character. For '*', try including the previous character 1 or more times or skipping it entirely.\n"], ["\nYou will be given a problem desciption.\n\nPlease analyze the problem and generate step-by-step clues of how to solve the problem with executable python code.\n\nThe problem:\n\n\nQUESTION:\nAndrey received a postcard from Irina. It contained only the words \"Hello, Andrey!\", and a strange string consisting of lowercase Latin letters, snowflakes and candy canes. Andrey thought that this string is an encrypted message, and decided to decrypt it.\n\nAndrey noticed that snowflakes and candy canes always stand after the letters, so he supposed that the message was encrypted as follows. Candy cane means that the letter before it can be removed, or can be left. A snowflake means that the letter before it can be removed, left, or repeated several times.\n\nFor example, consider the following string:  [Image] \n\nThis string can encode the message \u00abhappynewyear\u00bb. For this, candy canes and snowflakes should be used as follows:   candy cane 1: remove the letter w,  snowflake 1: repeat the letter p twice,  candy cane 2: leave the letter n,  snowflake 2: remove the letter w,  snowflake 3: leave the letter e. \n\n [Image] \n\nPlease note that the same string can encode different messages. For example, the string above can encode \u00abhayewyar\u00bb, \u00abhapppppynewwwwwyear\u00bb, and other messages.\n\nAndrey knows that messages from Irina usually have a length of $k$ letters. Help him to find out if a given string can encode a message of $k$ letters, and if so, give an example of such a message.\n\n\n-----Input-----\n\nThe first line contains the string received in the postcard. The string consists only of lowercase Latin letters, as well as the characters \u00ab*\u00bb and \u00ab?\u00bb, meaning snowflake and candy cone, respectively. These characters can only appear immediately after the letter. The length of the string does not exceed $200$.\n\nThe second line contains an integer number $k$ ($1 \\leq k \\leq 200$), the required message length.\n\n\n-----Output-----\n\nPrint any message of length $k$ that the given string can encode, or \u00abImpossible\u00bb if such a message does not exist.\n\n\n-----Examples-----\nInput\nhw?ap*yn?eww*ye*ar\n12\n\nOutput\nhappynewyear\n\nInput\nab?a\n2\n\nOutput\naa\nInput\nab?a\n3\n\nOutput\naba\nInput\nababb\n5\n\nOutput\nababb\nInput\nab?a\n1\n\nOutput\nImpossible\nUse Standard Input format\nANSWER:\n\n\nAn example of step-by-step clues for finding the longest palindrome substring is displayed below:\n\n```json\n[\n{\"Clue of Step 1\": \"For a substring, if it is a palindrome and the length is greater than 2, it is still a palindrome after the first and last letters are removed. According to this idea, we can use dynamic programming to solve this problem.\"},\n{\"Clue of Step 2\": \"Then we should consider the state transition function. We use P(i,j) to indicate whether the string composed of the i-th to j-th letters of the string s (denoted as as s[i:j]) is a palindrome string. s[i:j] is a palindrome only if s[i+1:j\u22121] is a palindrome and the i and j letters of s are the same.\"},\n{\"Clue of Step 3\": \"We also need to consider the boundary conditions in dynamic programming. For a substring of length 1, it is obviously a palindrome string; For a substring of length 2, it is a palindrome as long as its two letters are the same.\"},\n{\"Clue of Step 4\": \"We also need to consider the the cyclic order of dynamic programming. In the state transition equation, we are moving from a shorter string to a longer string.\"},\n{\"Clue of Step 5\": \"The final answer is the maximum length of the valid sub-strings.\"}\n]\n```\nYou can refer to the following example and generate step-by-step clues for the given problem.\n\n\n-----Clues-----\nClue of Step 1: We can approach the problem by simulating the process of constructing the message. As we traverse the string, we handle each letter normally, skip the letter if we encounter '?', and decide how many times to include the letter (once, multiple times, or not at all) when we encounter '*'. A recursive or iterative approach with backtracking can help us explore all valid configurations that result in a message of length k.\n", "Clue of Step 2: To ensure we achieve the exact length 'k', we may need to use a backtracking approach: whenever we exceed 'k', we should backtrack and try a different combination of letter inclusion and omissions.\n", "Clue of Step 2: A backtracking approach can be used to simulate all possible ways to construct the message. At each step, maintain a current message and its length. When encountering '?', try both including and skipping the previous character. For '*', try including the previous character 1 or more times or skipping it entirely.\n"], ["\nYou will be given a problem desciption.\n\nPlease analyze the problem and generate step-by-step clues of how to solve the problem with executable python code.\n\nThe problem:\n\n\nQUESTION:\nAndrey received a postcard from Irina. It contained only the words \"Hello, Andrey!\", and a strange string consisting of lowercase Latin letters, snowflakes and candy canes. Andrey thought that this string is an encrypted message, and decided to decrypt it.\n\nAndrey noticed that snowflakes and candy canes always stand after the letters, so he supposed that the message was encrypted as follows. Candy cane means that the letter before it can be removed, or can be left. A snowflake means that the letter before it can be removed, left, or repeated several times.\n\nFor example, consider the following string:  [Image] \n\nThis string can encode the message \u00abhappynewyear\u00bb. For this, candy canes and snowflakes should be used as follows:   candy cane 1: remove the letter w,  snowflake 1: repeat the letter p twice,  candy cane 2: leave the letter n,  snowflake 2: remove the letter w,  snowflake 3: leave the letter e. \n\n [Image] \n\nPlease note that the same string can encode different messages. For example, the string above can encode \u00abhayewyar\u00bb, \u00abhapppppynewwwwwyear\u00bb, and other messages.\n\nAndrey knows that messages from Irina usually have a length of $k$ letters. Help him to find out if a given string can encode a message of $k$ letters, and if so, give an example of such a message.\n\n\n-----Input-----\n\nThe first line contains the string received in the postcard. The string consists only of lowercase Latin letters, as well as the characters \u00ab*\u00bb and \u00ab?\u00bb, meaning snowflake and candy cone, respectively. These characters can only appear immediately after the letter. The length of the string does not exceed $200$.\n\nThe second line contains an integer number $k$ ($1 \\leq k \\leq 200$), the required message length.\n\n\n-----Output-----\n\nPrint any message of length $k$ that the given string can encode, or \u00abImpossible\u00bb if such a message does not exist.\n\n\n-----Examples-----\nInput\nhw?ap*yn?eww*ye*ar\n12\n\nOutput\nhappynewyear\n\nInput\nab?a\n2\n\nOutput\naa\nInput\nab?a\n3\n\nOutput\naba\nInput\nababb\n5\n\nOutput\nababb\nInput\nab?a\n1\n\nOutput\nImpossible\nUse Standard Input format\nANSWER:\n\n\nAn example of step-by-step clues for finding the longest palindrome substring is displayed below:\n\n```json\n[\n{\"Clue of Step 1\": \"For a substring, if it is a palindrome and the length is greater than 2, it is still a palindrome after the first and last letters are removed. According to this idea, we can use dynamic programming to solve this problem.\"},\n{\"Clue of Step 2\": \"Then we should consider the state transition function. We use P(i,j) to indicate whether the string composed of the i-th to j-th letters of the string s (denoted as as s[i:j]) is a palindrome string. s[i:j] is a palindrome only if s[i+1:j\u22121] is a palindrome and the i and j letters of s are the same.\"},\n{\"Clue of Step 3\": \"We also need to consider the boundary conditions in dynamic programming. For a substring of length 1, it is obviously a palindrome string; For a substring of length 2, it is a palindrome as long as its two letters are the same.\"},\n{\"Clue of Step 4\": \"We also need to consider the the cyclic order of dynamic programming. In the state transition equation, we are moving from a shorter string to a longer string.\"},\n{\"Clue of Step 5\": \"The final answer is the maximum length of the valid sub-strings.\"}\n]\n```\nYou can refer to the following example and generate step-by-step clues for the given problem.\n\n\n-----Clues-----\nClue of Step 1: We can approach the problem by simulating the process of constructing the message. As we traverse the string, we handle each letter normally, skip the letter if we encounter '?', and decide how many times to include the letter (once, multiple times, or not at all) when we encounter '*'. A recursive or iterative approach with backtracking can help us explore all valid configurations that result in a message of length k.\n", "Clue of Step 2: We can define a recursive function with parameters for the current index in the string, the current length of the constructed message, and the target length k. The base case would be when the message length equals k or when we've processed all characters. The recursive case will handle letters, '?', and '*' accordingly by trying different possibilities for each.\n", "Clue of Step 2: A backtracking approach can be used to simulate all possible ways to construct the message. At each step, maintain a current message and its length. When encountering '?', try both including and skipping the previous character. For '*', try including the previous character 1 or more times or skipping it entirely.\n"], ["\nYou will be given a problem desciption.\n\nPlease analyze the problem and generate step-by-step clues of how to solve the problem with executable python code.\n\nThe problem:\n\n\nQUESTION:\nAndrey received a postcard from Irina. It contained only the words \"Hello, Andrey!\", and a strange string consisting of lowercase Latin letters, snowflakes and candy canes. Andrey thought that this string is an encrypted message, and decided to decrypt it.\n\nAndrey noticed that snowflakes and candy canes always stand after the letters, so he supposed that the message was encrypted as follows. Candy cane means that the letter before it can be removed, or can be left. A snowflake means that the letter before it can be removed, left, or repeated several times.\n\nFor example, consider the following string:  [Image] \n\nThis string can encode the message \u00abhappynewyear\u00bb. For this, candy canes and snowflakes should be used as follows:   candy cane 1: remove the letter w,  snowflake 1: repeat the letter p twice,  candy cane 2: leave the letter n,  snowflake 2: remove the letter w,  snowflake 3: leave the letter e. \n\n [Image] \n\nPlease note that the same string can encode different messages. For example, the string above can encode \u00abhayewyar\u00bb, \u00abhapppppynewwwwwyear\u00bb, and other messages.\n\nAndrey knows that messages from Irina usually have a length of $k$ letters. Help him to find out if a given string can encode a message of $k$ letters, and if so, give an example of such a message.\n\n\n-----Input-----\n\nThe first line contains the string received in the postcard. The string consists only of lowercase Latin letters, as well as the characters \u00ab*\u00bb and \u00ab?\u00bb, meaning snowflake and candy cone, respectively. These characters can only appear immediately after the letter. The length of the string does not exceed $200$.\n\nThe second line contains an integer number $k$ ($1 \\leq k \\leq 200$), the required message length.\n\n\n-----Output-----\n\nPrint any message of length $k$ that the given string can encode, or \u00abImpossible\u00bb if such a message does not exist.\n\n\n-----Examples-----\nInput\nhw?ap*yn?eww*ye*ar\n12\n\nOutput\nhappynewyear\n\nInput\nab?a\n2\n\nOutput\naa\nInput\nab?a\n3\n\nOutput\naba\nInput\nababb\n5\n\nOutput\nababb\nInput\nab?a\n1\n\nOutput\nImpossible\nUse Standard Input format\nANSWER:\n\n\nAn example of step-by-step clues for finding the longest palindrome substring is displayed below:\n\n```json\n[\n{\"Clue of Step 1\": \"For a substring, if it is a palindrome and the length is greater than 2, it is still a palindrome after the first and last letters are removed. According to this idea, we can use dynamic programming to solve this problem.\"},\n{\"Clue of Step 2\": \"Then we should consider the state transition function. We use P(i,j) to indicate whether the string composed of the i-th to j-th letters of the string s (denoted as as s[i:j]) is a palindrome string. s[i:j] is a palindrome only if s[i+1:j\u22121] is a palindrome and the i and j letters of s are the same.\"},\n{\"Clue of Step 3\": \"We also need to consider the boundary conditions in dynamic programming. For a substring of length 1, it is obviously a palindrome string; For a substring of length 2, it is a palindrome as long as its two letters are the same.\"},\n{\"Clue of Step 4\": \"We also need to consider the the cyclic order of dynamic programming. In the state transition equation, we are moving from a shorter string to a longer string.\"},\n{\"Clue of Step 5\": \"The final answer is the maximum length of the valid sub-strings.\"}\n]\n```\nYou can refer to the following example and generate step-by-step clues for the given problem.\n\n\n-----Clues-----\nClue of Step 1: We can approach the problem by simulating the process of constructing the message. As we traverse the string, we handle each letter normally, skip the letter if we encounter '?', and decide how many times to include the letter (once, multiple times, or not at all) when we encounter '*'. A recursive or iterative approach with backtracking can help us explore all valid configurations that result in a message of length k.\n", "Clue of Step 2: To handle the '?' and '*' cases efficiently, we can maintain a dynamic list of partial solutions and iterate through each character of the input string. For '?', we skip the letter, while for '*', we explore different possibilities of including the previous letter multiple times or skipping it.\n", "Clue of Step 2: A backtracking approach can be used to simulate all possible ways to construct the message. At each step, maintain a current message and its length. When encountering '?', try both including and skipping the previous character. For '*', try including the previous character 1 or more times or skipping it entirely.\n"], ["\nYou will be given a problem desciption.\n\nPlease analyze the problem and generate step-by-step clues of how to solve the problem with executable python code.\n\nThe problem:\n\n\nQUESTION:\nAndrey received a postcard from Irina. It contained only the words \"Hello, Andrey!\", and a strange string consisting of lowercase Latin letters, snowflakes and candy canes. Andrey thought that this string is an encrypted message, and decided to decrypt it.\n\nAndrey noticed that snowflakes and candy canes always stand after the letters, so he supposed that the message was encrypted as follows. Candy cane means that the letter before it can be removed, or can be left. A snowflake means that the letter before it can be removed, left, or repeated several times.\n\nFor example, consider the following string:  [Image] \n\nThis string can encode the message \u00abhappynewyear\u00bb. For this, candy canes and snowflakes should be used as follows:   candy cane 1: remove the letter w,  snowflake 1: repeat the letter p twice,  candy cane 2: leave the letter n,  snowflake 2: remove the letter w,  snowflake 3: leave the letter e. \n\n [Image] \n\nPlease note that the same string can encode different messages. For example, the string above can encode \u00abhayewyar\u00bb, \u00abhapppppynewwwwwyear\u00bb, and other messages.\n\nAndrey knows that messages from Irina usually have a length of $k$ letters. Help him to find out if a given string can encode a message of $k$ letters, and if so, give an example of such a message.\n\n\n-----Input-----\n\nThe first line contains the string received in the postcard. The string consists only of lowercase Latin letters, as well as the characters \u00ab*\u00bb and \u00ab?\u00bb, meaning snowflake and candy cone, respectively. These characters can only appear immediately after the letter. The length of the string does not exceed $200$.\n\nThe second line contains an integer number $k$ ($1 \\leq k \\leq 200$), the required message length.\n\n\n-----Output-----\n\nPrint any message of length $k$ that the given string can encode, or \u00abImpossible\u00bb if such a message does not exist.\n\n\n-----Examples-----\nInput\nhw?ap*yn?eww*ye*ar\n12\n\nOutput\nhappynewyear\n\nInput\nab?a\n2\n\nOutput\naa\nInput\nab?a\n3\n\nOutput\naba\nInput\nababb\n5\n\nOutput\nababb\nInput\nab?a\n1\n\nOutput\nImpossible\nUse Standard Input format\nANSWER:\n\n\nAn example of step-by-step clues for finding the longest palindrome substring is displayed below:\n\n```json\n[\n{\"Clue of Step 1\": \"For a substring, if it is a palindrome and the length is greater than 2, it is still a palindrome after the first and last letters are removed. According to this idea, we can use dynamic programming to solve this problem.\"},\n{\"Clue of Step 2\": \"Then we should consider the state transition function. We use P(i,j) to indicate whether the string composed of the i-th to j-th letters of the string s (denoted as as s[i:j]) is a palindrome string. s[i:j] is a palindrome only if s[i+1:j\u22121] is a palindrome and the i and j letters of s are the same.\"},\n{\"Clue of Step 3\": \"We also need to consider the boundary conditions in dynamic programming. For a substring of length 1, it is obviously a palindrome string; For a substring of length 2, it is a palindrome as long as its two letters are the same.\"},\n{\"Clue of Step 4\": \"We also need to consider the the cyclic order of dynamic programming. In the state transition equation, we are moving from a shorter string to a longer string.\"},\n{\"Clue of Step 5\": \"The final answer is the maximum length of the valid sub-strings.\"}\n]\n```\nYou can refer to the following example and generate step-by-step clues for the given problem.\n\n\n-----Clues-----\nClue of Step 1: Define a function to count the possible letter occurrences based on the number of candy canes and snowflakes associated with each letter in the string.\n", "Clue of Step 2: Parse the input string and for each character (letters, snowflakes, candy canes), keep track of the letter and the modifiers (number and type of modifiers)\n", "Clue of Step 2: Check if the total possible lengths from the parsed input can sum up to the required length k, and construct a valid message if it's feasible\n"], ["\nYou will be given a problem desciption.\n\nPlease analyze the problem and generate step-by-step clues of how to solve the problem with executable python code.\n\nThe problem:\n\n\nQUESTION:\nAndrey received a postcard from Irina. It contained only the words \"Hello, Andrey!\", and a strange string consisting of lowercase Latin letters, snowflakes and candy canes. Andrey thought that this string is an encrypted message, and decided to decrypt it.\n\nAndrey noticed that snowflakes and candy canes always stand after the letters, so he supposed that the message was encrypted as follows. Candy cane means that the letter before it can be removed, or can be left. A snowflake means that the letter before it can be removed, left, or repeated several times.\n\nFor example, consider the following string:  [Image] \n\nThis string can encode the message \u00abhappynewyear\u00bb. For this, candy canes and snowflakes should be used as follows:   candy cane 1: remove the letter w,  snowflake 1: repeat the letter p twice,  candy cane 2: leave the letter n,  snowflake 2: remove the letter w,  snowflake 3: leave the letter e. \n\n [Image] \n\nPlease note that the same string can encode different messages. For example, the string above can encode \u00abhayewyar\u00bb, \u00abhapppppynewwwwwyear\u00bb, and other messages.\n\nAndrey knows that messages from Irina usually have a length of $k$ letters. Help him to find out if a given string can encode a message of $k$ letters, and if so, give an example of such a message.\n\n\n-----Input-----\n\nThe first line contains the string received in the postcard. The string consists only of lowercase Latin letters, as well as the characters \u00ab*\u00bb and \u00ab?\u00bb, meaning snowflake and candy cone, respectively. These characters can only appear immediately after the letter. The length of the string does not exceed $200$.\n\nThe second line contains an integer number $k$ ($1 \\leq k \\leq 200$), the required message length.\n\n\n-----Output-----\n\nPrint any message of length $k$ that the given string can encode, or \u00abImpossible\u00bb if such a message does not exist.\n\n\n-----Examples-----\nInput\nhw?ap*yn?eww*ye*ar\n12\n\nOutput\nhappynewyear\n\nInput\nab?a\n2\n\nOutput\naa\nInput\nab?a\n3\n\nOutput\naba\nInput\nababb\n5\n\nOutput\nababb\nInput\nab?a\n1\n\nOutput\nImpossible\nUse Standard Input format\nANSWER:\n\n\nAn example of step-by-step clues for finding the longest palindrome substring is displayed below:\n\n```json\n[\n{\"Clue of Step 1\": \"For a substring, if it is a palindrome and the length is greater than 2, it is still a palindrome after the first and last letters are removed. According to this idea, we can use dynamic programming to solve this problem.\"},\n{\"Clue of Step 2\": \"Then we should consider the state transition function. We use P(i,j) to indicate whether the string composed of the i-th to j-th letters of the string s (denoted as as s[i:j]) is a palindrome string. s[i:j] is a palindrome only if s[i+1:j\u22121] is a palindrome and the i and j letters of s are the same.\"},\n{\"Clue of Step 3\": \"We also need to consider the boundary conditions in dynamic programming. For a substring of length 1, it is obviously a palindrome string; For a substring of length 2, it is a palindrome as long as its two letters are the same.\"},\n{\"Clue of Step 4\": \"We also need to consider the the cyclic order of dynamic programming. In the state transition equation, we are moving from a shorter string to a longer string.\"},\n{\"Clue of Step 5\": \"The final answer is the maximum length of the valid sub-strings.\"}\n]\n```\nYou can refer to the following example and generate step-by-step clues for the given problem.\n\n\n-----Clues-----\nClue of Step 1: Define a function to count the possible letter occurrences based on the number of candy canes and snowflakes associated with each letter in the string.\n", "Clue of Step 2: Implement a loop to iterate through the parsed data, calculating the minimum and maximum possible letter counts for the message while accounting for the modifiers\n", "Clue of Step 2: Check if the total possible lengths from the parsed input can sum up to the required length k, and construct a valid message if it's feasible\n"], ["\nYou will be given a problem desciption.\n\nPlease analyze the problem and generate step-by-step clues of how to solve the problem with executable python code.\n\nThe problem:\n\n\nQUESTION:\nAndrey received a postcard from Irina. It contained only the words \"Hello, Andrey!\", and a strange string consisting of lowercase Latin letters, snowflakes and candy canes. Andrey thought that this string is an encrypted message, and decided to decrypt it.\n\nAndrey noticed that snowflakes and candy canes always stand after the letters, so he supposed that the message was encrypted as follows. Candy cane means that the letter before it can be removed, or can be left. A snowflake means that the letter before it can be removed, left, or repeated several times.\n\nFor example, consider the following string:  [Image] \n\nThis string can encode the message \u00abhappynewyear\u00bb. For this, candy canes and snowflakes should be used as follows:   candy cane 1: remove the letter w,  snowflake 1: repeat the letter p twice,  candy cane 2: leave the letter n,  snowflake 2: remove the letter w,  snowflake 3: leave the letter e. \n\n [Image] \n\nPlease note that the same string can encode different messages. For example, the string above can encode \u00abhayewyar\u00bb, \u00abhapppppynewwwwwyear\u00bb, and other messages.\n\nAndrey knows that messages from Irina usually have a length of $k$ letters. Help him to find out if a given string can encode a message of $k$ letters, and if so, give an example of such a message.\n\n\n-----Input-----\n\nThe first line contains the string received in the postcard. The string consists only of lowercase Latin letters, as well as the characters \u00ab*\u00bb and \u00ab?\u00bb, meaning snowflake and candy cone, respectively. These characters can only appear immediately after the letter. The length of the string does not exceed $200$.\n\nThe second line contains an integer number $k$ ($1 \\leq k \\leq 200$), the required message length.\n\n\n-----Output-----\n\nPrint any message of length $k$ that the given string can encode, or \u00abImpossible\u00bb if such a message does not exist.\n\n\n-----Examples-----\nInput\nhw?ap*yn?eww*ye*ar\n12\n\nOutput\nhappynewyear\n\nInput\nab?a\n2\n\nOutput\naa\nInput\nab?a\n3\n\nOutput\naba\nInput\nababb\n5\n\nOutput\nababb\nInput\nab?a\n1\n\nOutput\nImpossible\nUse Standard Input format\nANSWER:\n\n\nAn example of step-by-step clues for finding the longest palindrome substring is displayed below:\n\n```json\n[\n{\"Clue of Step 1\": \"For a substring, if it is a palindrome and the length is greater than 2, it is still a palindrome after the first and last letters are removed. According to this idea, we can use dynamic programming to solve this problem.\"},\n{\"Clue of Step 2\": \"Then we should consider the state transition function. We use P(i,j) to indicate whether the string composed of the i-th to j-th letters of the string s (denoted as as s[i:j]) is a palindrome string. s[i:j] is a palindrome only if s[i+1:j\u22121] is a palindrome and the i and j letters of s are the same.\"},\n{\"Clue of Step 3\": \"We also need to consider the boundary conditions in dynamic programming. For a substring of length 1, it is obviously a palindrome string; For a substring of length 2, it is a palindrome as long as its two letters are the same.\"},\n{\"Clue of Step 4\": \"We also need to consider the the cyclic order of dynamic programming. In the state transition equation, we are moving from a shorter string to a longer string.\"},\n{\"Clue of Step 5\": \"The final answer is the maximum length of the valid sub-strings.\"}\n]\n```\nYou can refer to the following example and generate step-by-step clues for the given problem.\n\n\n-----Clues-----\nClue of Step 1: Define a function to count the possible letter occurrences based on the number of candy canes and snowflakes associated with each letter in the string.\n", "Clue of Step 2: We can use backtracking to explore all possible combinations of letters based on the constraints provided by candy canes (optional removal) and snowflakes (optional repetition). Start with an empty message and try adding letters or skipping them based on the symbols '?' (candy cane) and '*' (snowflake).\n", "Clue of Step 2: Check if the total possible lengths from the parsed input can sum up to the required length k, and construct a valid message if it's feasible\n"], ["\nYou will be given a problem desciption.\n\nPlease analyze the problem and generate step-by-step clues of how to solve the problem with executable python code.\n\nThe problem:\n\n\nQUESTION:\nAndrey received a postcard from Irina. It contained only the words \"Hello, Andrey!\", and a strange string consisting of lowercase Latin letters, snowflakes and candy canes. Andrey thought that this string is an encrypted message, and decided to decrypt it.\n\nAndrey noticed that snowflakes and candy canes always stand after the letters, so he supposed that the message was encrypted as follows. Candy cane means that the letter before it can be removed, or can be left. A snowflake means that the letter before it can be removed, left, or repeated several times.\n\nFor example, consider the following string:  [Image] \n\nThis string can encode the message \u00abhappynewyear\u00bb. For this, candy canes and snowflakes should be used as follows:   candy cane 1: remove the letter w,  snowflake 1: repeat the letter p twice,  candy cane 2: leave the letter n,  snowflake 2: remove the letter w,  snowflake 3: leave the letter e. \n\n [Image] \n\nPlease note that the same string can encode different messages. For example, the string above can encode \u00abhayewyar\u00bb, \u00abhapppppynewwwwwyear\u00bb, and other messages.\n\nAndrey knows that messages from Irina usually have a length of $k$ letters. Help him to find out if a given string can encode a message of $k$ letters, and if so, give an example of such a message.\n\n\n-----Input-----\n\nThe first line contains the string received in the postcard. The string consists only of lowercase Latin letters, as well as the characters \u00ab*\u00bb and \u00ab?\u00bb, meaning snowflake and candy cone, respectively. These characters can only appear immediately after the letter. The length of the string does not exceed $200$.\n\nThe second line contains an integer number $k$ ($1 \\leq k \\leq 200$), the required message length.\n\n\n-----Output-----\n\nPrint any message of length $k$ that the given string can encode, or \u00abImpossible\u00bb if such a message does not exist.\n\n\n-----Examples-----\nInput\nhw?ap*yn?eww*ye*ar\n12\n\nOutput\nhappynewyear\n\nInput\nab?a\n2\n\nOutput\naa\nInput\nab?a\n3\n\nOutput\naba\nInput\nababb\n5\n\nOutput\nababb\nInput\nab?a\n1\n\nOutput\nImpossible\nUse Standard Input format\nANSWER:\n\n\nAn example of step-by-step clues for finding the longest palindrome substring is displayed below:\n\n```json\n[\n{\"Clue of Step 1\": \"For a substring, if it is a palindrome and the length is greater than 2, it is still a palindrome after the first and last letters are removed. According to this idea, we can use dynamic programming to solve this problem.\"},\n{\"Clue of Step 2\": \"Then we should consider the state transition function. We use P(i,j) to indicate whether the string composed of the i-th to j-th letters of the string s (denoted as as s[i:j]) is a palindrome string. s[i:j] is a palindrome only if s[i+1:j\u22121] is a palindrome and the i and j letters of s are the same.\"},\n{\"Clue of Step 3\": \"We also need to consider the boundary conditions in dynamic programming. For a substring of length 1, it is obviously a palindrome string; For a substring of length 2, it is a palindrome as long as its two letters are the same.\"},\n{\"Clue of Step 4\": \"We also need to consider the the cyclic order of dynamic programming. In the state transition equation, we are moving from a shorter string to a longer string.\"},\n{\"Clue of Step 5\": \"The final answer is the maximum length of the valid sub-strings.\"}\n]\n```\nYou can refer to the following example and generate step-by-step clues for the given problem.\n\n\n-----Clues-----\nClue of Step 1: Define a function to count the possible letter occurrences based on the number of candy canes and snowflakes associated with each letter in the string.\n", "Clue of Step 2: To handle the snowflakes ('*'), implement a mechanism to repeat the previous letter 1 or more times. For candy canes ('?'), implement a choice to either keep or remove the previous letter. Use recursion to try different possibilities and backtrack if a valid message of length k cannot be formed.\n", "Clue of Step 2: Check if the total possible lengths from the parsed input can sum up to the required length k, and construct a valid message if it's feasible\n"], ["\nYou will be given a problem desciption.\n\nPlease analyze the problem and generate step-by-step clues of how to solve the problem with executable python code.\n\nThe problem:\n\n\nQUESTION:\nAndrey received a postcard from Irina. It contained only the words \"Hello, Andrey!\", and a strange string consisting of lowercase Latin letters, snowflakes and candy canes. Andrey thought that this string is an encrypted message, and decided to decrypt it.\n\nAndrey noticed that snowflakes and candy canes always stand after the letters, so he supposed that the message was encrypted as follows. Candy cane means that the letter before it can be removed, or can be left. A snowflake means that the letter before it can be removed, left, or repeated several times.\n\nFor example, consider the following string:  [Image] \n\nThis string can encode the message \u00abhappynewyear\u00bb. For this, candy canes and snowflakes should be used as follows:   candy cane 1: remove the letter w,  snowflake 1: repeat the letter p twice,  candy cane 2: leave the letter n,  snowflake 2: remove the letter w,  snowflake 3: leave the letter e. \n\n [Image] \n\nPlease note that the same string can encode different messages. For example, the string above can encode \u00abhayewyar\u00bb, \u00abhapppppynewwwwwyear\u00bb, and other messages.\n\nAndrey knows that messages from Irina usually have a length of $k$ letters. Help him to find out if a given string can encode a message of $k$ letters, and if so, give an example of such a message.\n\n\n-----Input-----\n\nThe first line contains the string received in the postcard. The string consists only of lowercase Latin letters, as well as the characters \u00ab*\u00bb and \u00ab?\u00bb, meaning snowflake and candy cone, respectively. These characters can only appear immediately after the letter. The length of the string does not exceed $200$.\n\nThe second line contains an integer number $k$ ($1 \\leq k \\leq 200$), the required message length.\n\n\n-----Output-----\n\nPrint any message of length $k$ that the given string can encode, or \u00abImpossible\u00bb if such a message does not exist.\n\n\n-----Examples-----\nInput\nhw?ap*yn?eww*ye*ar\n12\n\nOutput\nhappynewyear\n\nInput\nab?a\n2\n\nOutput\naa\nInput\nab?a\n3\n\nOutput\naba\nInput\nababb\n5\n\nOutput\nababb\nInput\nab?a\n1\n\nOutput\nImpossible\nUse Standard Input format\nANSWER:\n\n\nAn example of step-by-step clues for finding the longest palindrome substring is displayed below:\n\n```json\n[\n{\"Clue of Step 1\": \"For a substring, if it is a palindrome and the length is greater than 2, it is still a palindrome after the first and last letters are removed. According to this idea, we can use dynamic programming to solve this problem.\"},\n{\"Clue of Step 2\": \"Then we should consider the state transition function. We use P(i,j) to indicate whether the string composed of the i-th to j-th letters of the string s (denoted as as s[i:j]) is a palindrome string. s[i:j] is a palindrome only if s[i+1:j\u22121] is a palindrome and the i and j letters of s are the same.\"},\n{\"Clue of Step 3\": \"We also need to consider the boundary conditions in dynamic programming. For a substring of length 1, it is obviously a palindrome string; For a substring of length 2, it is a palindrome as long as its two letters are the same.\"},\n{\"Clue of Step 4\": \"We also need to consider the the cyclic order of dynamic programming. In the state transition equation, we are moving from a shorter string to a longer string.\"},\n{\"Clue of Step 5\": \"The final answer is the maximum length of the valid sub-strings.\"}\n]\n```\nYou can refer to the following example and generate step-by-step clues for the given problem.\n\n\n-----Clues-----\nClue of Step 1: Define a function to count the possible letter occurrences based on the number of candy canes and snowflakes associated with each letter in the string.\n", "Clue of Step 2: We should keep track of the current length of the message being constructed. If it reaches exactly k, check if it's valid based on the original string's constraints. If it exceeds k or no valid configuration is possible, backtrack and try a different combination of letters.\n", "Clue of Step 2: Check if the total possible lengths from the parsed input can sum up to the required length k, and construct a valid message if it's feasible\n"]], "SFT": ["\nYou will be given a problem desciption.\n\nPlease analyze the problem and generate step-by-step clues of how to solve the problem with executable python code.\n\nThe problem:\n\n\nQUESTION:\nAndrey received a postcard from Irina. It contained only the words \"Hello, Andrey!\", and a strange string consisting of lowercase Latin letters, snowflakes and candy canes. Andrey thought that this string is an encrypted message, and decided to decrypt it.\n\nAndrey noticed that snowflakes and candy canes always stand after the letters, so he supposed that the message was encrypted as follows. Candy cane means that the letter before it can be removed, or can be left. A snowflake means that the letter before it can be removed, left, or repeated several times.\n\nFor example, consider the following string:  [Image] \n\nThis string can encode the message \u00abhappynewyear\u00bb. For this, candy canes and snowflakes should be used as follows:   candy cane 1: remove the letter w,  snowflake 1: repeat the letter p twice,  candy cane 2: leave the letter n,  snowflake 2: remove the letter w,  snowflake 3: leave the letter e. \n\n [Image] \n\nPlease note that the same string can encode different messages. For example, the string above can encode \u00abhayewyar\u00bb, \u00abhapppppynewwwwwyear\u00bb, and other messages.\n\nAndrey knows that messages from Irina usually have a length of $k$ letters. Help him to find out if a given string can encode a message of $k$ letters, and if so, give an example of such a message.\n\n\n-----Input-----\n\nThe first line contains the string received in the postcard. The string consists only of lowercase Latin letters, as well as the characters \u00ab*\u00bb and \u00ab?\u00bb, meaning snowflake and candy cone, respectively. These characters can only appear immediately after the letter. The length of the string does not exceed $200$.\n\nThe second line contains an integer number $k$ ($1 \\leq k \\leq 200$), the required message length.\n\n\n-----Output-----\n\nPrint any message of length $k$ that the given string can encode, or \u00abImpossible\u00bb if such a message does not exist.\n\n\n-----Examples-----\nInput\nhw?ap*yn?eww*ye*ar\n12\n\nOutput\nhappynewyear\n\nInput\nab?a\n2\n\nOutput\naa\nInput\nab?a\n3\n\nOutput\naba\nInput\nababb\n5\n\nOutput\nababb\nInput\nab?a\n1\n\nOutput\nImpossible\nUse Standard Input format\nANSWER:\n\n\nAn example of step-by-step clues for finding the longest palindrome substring is displayed below:\n\n```json\n[\n{\"Clue of Step 1\": \"For a substring, if it is a palindrome and the length is greater than 2, it is still a palindrome after the first and last letters are removed. According to this idea, we can use dynamic programming to solve this problem.\"},\n{\"Clue of Step 2\": \"Then we should consider the state transition function. We use P(i,j) to indicate whether the string composed of the i-th to j-th letters of the string s (denoted as as s[i:j]) is a palindrome string. s[i:j] is a palindrome only if s[i+1:j\u22121] is a palindrome and the i and j letters of s are the same.\"},\n{\"Clue of Step 3\": \"We also need to consider the boundary conditions in dynamic programming. For a substring of length 1, it is obviously a palindrome string; For a substring of length 2, it is a palindrome as long as its two letters are the same.\"},\n{\"Clue of Step 4\": \"We also need to consider the the cyclic order of dynamic programming. In the state transition equation, we are moving from a shorter string to a longer string.\"},\n{\"Clue of Step 5\": \"The final answer is the maximum length of the valid sub-strings.\"}\n]\n```\nYou can refer to the following example and generate step-by-step clues for the given problem.\n\n\n-----Clues-----\nClue of Step 1: We can iterate over the string and build the output message step by step. When encountering '?' (candy cane), we have two choices: either include the preceding letter or skip it. For '*' (snowflake), we have three choices: include the letter once, skip it, or repeat it multiple times. We need to ensure that the total length of the constructed message matches k.\n\nClue of Step 2: We can use a list to dynamically build the resulting message, appending characters based on the rules for '?' and '*'. We should also ensure that we don't exceed the length k at any point.\n", "```python\ndef decode_message(encoded_str, k):\n    potential_message = []\n    \n    i = 0\n    while i < len(encoded_str):\n        char = encoded_str[i]\n        count = 1  # At least one occurrence of the current character\n        \n        if i + 1 < len(encoded_str) and encoded_str[i + 1] == '?':\n            # Candy cane allows this character to be present or removed\n            potential_message.append((char, 0, 1))  # (character, min_count, max_count 1)\n            i += 2  # Skip the candy cane\n        elif i + 1 < len(encoded_str) and encoded_str[i + 1] == '*':\n            # Snowflake allows this character to be present, removed, or repeated several times\n            potential_message.append((char, 0, float('inf')))  # (character, min_count, max_count \u221e)\n            i += 2  # Skip the snowflake\n        else:\n            # No special character, just add it once\n            potential_message.append((char, 1, 1))  # (character, min_count 1, max_count 1)\n            i += 1\n\n    total_min_length = sum(min_count for _, min_count, _ in potential_message)\n    total_max_length = sum(max_count for _, _, max_count in potential_message)\n    \n    if total_min_length > k or total_max_length < k:\n        return \"Impossible\"\n    \n    result = []\n    remaining = k - total_min_length\n    \n    for char, min_count, max_count in potential_message:\n        if remaining > 0:\n            # How many additional characters can we use?\n            use_count = min(remaining, max_count - min_count)\n            result.extend([char] * (min_count + use_count))\n            remaining -= use_count\n        else:\n            result.extend([char] * min_count)\n    \n    return ''.join(result[:k])\n\n# Read input\ninput_str = input().strip()\nk = int(input().strip())\n\n# Get the output\noutput = decode_message(input_str, k)\nprint(output)\n```"]}