{"StepDPO": [["\nYou will be given a problem desciption.\n\nPlease analyze the problem and generate step-by-step clues of how to solve the problem with executable python code.\n\nThe problem:\n\n\nQUESTION:\nNick had received an awesome array of integers $a=[a_1, a_2, \\dots, a_n]$ as a gift for his $5$ birthday from his mother. He was already going to explore its various properties but after unpacking he was disappointed a lot because the product $a_1 \\cdot a_2 \\cdot \\dots a_n$ of its elements seemed to him not large enough.\n\nHe was ready to throw out the array, but his mother reassured him. She told him, that array would not be spoiled after the following operation: choose any index $i$ ($1 \\le i \\le n$) and do $a_i := -a_i - 1$.\n\nFor example, he can change array $[3, -1, -4, 1]$ to an array $[-4, -1, 3, 1]$ after applying this operation to elements with indices $i=1$ and $i=3$. \n\nKolya had immediately understood that sometimes it's possible to increase the product of integers of the array a lot. Now he has decided that he wants to get an array with the maximal possible product of integers using only this operation with its elements (possibly zero, one or more times, as many as he wants), it is not forbidden to do this operation several times for the same index. \n\nHelp Kolya and print the array with the maximal possible product of elements $a_1 \\cdot a_2 \\cdot \\dots a_n$ which can be received using only this operation in some order.\n\nIf there are multiple answers, print any of them.\n\n\n-----Input-----\n\nThe first line contains integer $n$ ($1 \\leq n \\leq 10^{5}$)\u00a0\u2014 number of integers in the array.\n\nThe second line contains $n$ integers $a_1, a_2, \\ldots, a_n$ ($-10^{6} \\leq a_i \\leq 10^{6}$)\u00a0\u2014 elements of the array\n\n\n-----Output-----\n\nPrint $n$ numbers\u00a0\u2014 elements of the array with the maximal possible product of elements which can be received using only this operation in some order from the given array.\n\nIf there are multiple answers, print any of them.\n\n\n-----Examples-----\nInput\n4\n2 2 2 2\n\nOutput\n-3 -3 -3 -3 \nInput\n1\n0\n\nOutput\n0 \nInput\n3\n-3 -3 2\n\nOutput\n-3 -3 2\nUse Standard Input format\nANSWER:\n\n\nAn example of step-by-step clues for finding the longest palindrome substring is displayed below:\n\n```json\n[\n{\"Clue of Step 1\": \"For a substring, if it is a palindrome and the length is greater than 2, it is still a palindrome after the first and last letters are removed. According to this idea, we can use dynamic programming to solve this problem.\"},\n{\"Clue of Step 2\": \"Then we should consider the state transition function. We use P(i,j) to indicate whether the string composed of the i-th to j-th letters of the string s (denoted as as s[i:j]) is a palindrome string. s[i:j] is a palindrome only if s[i+1:j\u22121] is a palindrome and the i and j letters of s are the same.\"},\n{\"Clue of Step 3\": \"We also need to consider the boundary conditions in dynamic programming. For a substring of length 1, it is obviously a palindrome string; For a substring of length 2, it is a palindrome as long as its two letters are the same.\"},\n{\"Clue of Step 4\": \"We also need to consider the the cyclic order of dynamic programming. In the state transition equation, we are moving from a shorter string to a longer string.\"},\n{\"Clue of Step 5\": \"The final answer is the maximum length of the valid sub-strings.\"}\n]\n```\nYou can refer to the following example and generate step-by-step clues for the given problem.\n\n\n-----Clues-----\nClue of Step 1: If the array contains an even number of negative elements, we can flip all of them to make them positive, thus maximizing the product. If there is an odd number of negative elements, we should flip all except one to maximize the product (since an odd number of negatives results in a negative product).\n", "Clue of Step 2: We should iterate through the array and apply the operation to all elements that are negative to make them as large as possible, which is done by changing each negative element a_i to -a_i - 1.\n", "Clue of Step 2: Finally, we should output the modified array after performing the operations according to the previous steps to ensure we have the maximum product possible.\n"], ["\nYou will be given a problem desciption.\n\nPlease analyze the problem and generate step-by-step clues of how to solve the problem with executable python code.\n\nThe problem:\n\n\nQUESTION:\nNick had received an awesome array of integers $a=[a_1, a_2, \\dots, a_n]$ as a gift for his $5$ birthday from his mother. He was already going to explore its various properties but after unpacking he was disappointed a lot because the product $a_1 \\cdot a_2 \\cdot \\dots a_n$ of its elements seemed to him not large enough.\n\nHe was ready to throw out the array, but his mother reassured him. She told him, that array would not be spoiled after the following operation: choose any index $i$ ($1 \\le i \\le n$) and do $a_i := -a_i - 1$.\n\nFor example, he can change array $[3, -1, -4, 1]$ to an array $[-4, -1, 3, 1]$ after applying this operation to elements with indices $i=1$ and $i=3$. \n\nKolya had immediately understood that sometimes it's possible to increase the product of integers of the array a lot. Now he has decided that he wants to get an array with the maximal possible product of integers using only this operation with its elements (possibly zero, one or more times, as many as he wants), it is not forbidden to do this operation several times for the same index. \n\nHelp Kolya and print the array with the maximal possible product of elements $a_1 \\cdot a_2 \\cdot \\dots a_n$ which can be received using only this operation in some order.\n\nIf there are multiple answers, print any of them.\n\n\n-----Input-----\n\nThe first line contains integer $n$ ($1 \\leq n \\leq 10^{5}$)\u00a0\u2014 number of integers in the array.\n\nThe second line contains $n$ integers $a_1, a_2, \\ldots, a_n$ ($-10^{6} \\leq a_i \\leq 10^{6}$)\u00a0\u2014 elements of the array\n\n\n-----Output-----\n\nPrint $n$ numbers\u00a0\u2014 elements of the array with the maximal possible product of elements which can be received using only this operation in some order from the given array.\n\nIf there are multiple answers, print any of them.\n\n\n-----Examples-----\nInput\n4\n2 2 2 2\n\nOutput\n-3 -3 -3 -3 \nInput\n1\n0\n\nOutput\n0 \nInput\n3\n-3 -3 2\n\nOutput\n-3 -3 2\nUse Standard Input format\nANSWER:\n\n\nAn example of step-by-step clues for finding the longest palindrome substring is displayed below:\n\n```json\n[\n{\"Clue of Step 1\": \"For a substring, if it is a palindrome and the length is greater than 2, it is still a palindrome after the first and last letters are removed. According to this idea, we can use dynamic programming to solve this problem.\"},\n{\"Clue of Step 2\": \"Then we should consider the state transition function. We use P(i,j) to indicate whether the string composed of the i-th to j-th letters of the string s (denoted as as s[i:j]) is a palindrome string. s[i:j] is a palindrome only if s[i+1:j\u22121] is a palindrome and the i and j letters of s are the same.\"},\n{\"Clue of Step 3\": \"We also need to consider the boundary conditions in dynamic programming. For a substring of length 1, it is obviously a palindrome string; For a substring of length 2, it is a palindrome as long as its two letters are the same.\"},\n{\"Clue of Step 4\": \"We also need to consider the the cyclic order of dynamic programming. In the state transition equation, we are moving from a shorter string to a longer string.\"},\n{\"Clue of Step 5\": \"The final answer is the maximum length of the valid sub-strings.\"}\n]\n```\nYou can refer to the following example and generate step-by-step clues for the given problem.\n\n\n-----Clues-----\nClue of Step 1: If the array contains an even number of negative elements, we can flip all of them to make them positive, thus maximizing the product. If there is an odd number of negative elements, we should flip all except one to maximize the product (since an odd number of negatives results in a negative product).\n", "Clue of Step 2: Next, we need to check if the number of negative elements is odd. If it is, we should leave the least negative number unchanged (the one that stays the smallest after applying the operation) to maintain an even count of negatives.\n", "Clue of Step 2: Finally, we should output the modified array after performing the operations according to the previous steps to ensure we have the maximum product possible.\n"], ["\nYou will be given a problem desciption.\n\nPlease analyze the problem and generate step-by-step clues of how to solve the problem with executable python code.\n\nThe problem:\n\n\nQUESTION:\nNick had received an awesome array of integers $a=[a_1, a_2, \\dots, a_n]$ as a gift for his $5$ birthday from his mother. He was already going to explore its various properties but after unpacking he was disappointed a lot because the product $a_1 \\cdot a_2 \\cdot \\dots a_n$ of its elements seemed to him not large enough.\n\nHe was ready to throw out the array, but his mother reassured him. She told him, that array would not be spoiled after the following operation: choose any index $i$ ($1 \\le i \\le n$) and do $a_i := -a_i - 1$.\n\nFor example, he can change array $[3, -1, -4, 1]$ to an array $[-4, -1, 3, 1]$ after applying this operation to elements with indices $i=1$ and $i=3$. \n\nKolya had immediately understood that sometimes it's possible to increase the product of integers of the array a lot. Now he has decided that he wants to get an array with the maximal possible product of integers using only this operation with its elements (possibly zero, one or more times, as many as he wants), it is not forbidden to do this operation several times for the same index. \n\nHelp Kolya and print the array with the maximal possible product of elements $a_1 \\cdot a_2 \\cdot \\dots a_n$ which can be received using only this operation in some order.\n\nIf there are multiple answers, print any of them.\n\n\n-----Input-----\n\nThe first line contains integer $n$ ($1 \\leq n \\leq 10^{5}$)\u00a0\u2014 number of integers in the array.\n\nThe second line contains $n$ integers $a_1, a_2, \\ldots, a_n$ ($-10^{6} \\leq a_i \\leq 10^{6}$)\u00a0\u2014 elements of the array\n\n\n-----Output-----\n\nPrint $n$ numbers\u00a0\u2014 elements of the array with the maximal possible product of elements which can be received using only this operation in some order from the given array.\n\nIf there are multiple answers, print any of them.\n\n\n-----Examples-----\nInput\n4\n2 2 2 2\n\nOutput\n-3 -3 -3 -3 \nInput\n1\n0\n\nOutput\n0 \nInput\n3\n-3 -3 2\n\nOutput\n-3 -3 2\nUse Standard Input format\nANSWER:\n\n\nAn example of step-by-step clues for finding the longest palindrome substring is displayed below:\n\n```json\n[\n{\"Clue of Step 1\": \"For a substring, if it is a palindrome and the length is greater than 2, it is still a palindrome after the first and last letters are removed. According to this idea, we can use dynamic programming to solve this problem.\"},\n{\"Clue of Step 2\": \"Then we should consider the state transition function. We use P(i,j) to indicate whether the string composed of the i-th to j-th letters of the string s (denoted as as s[i:j]) is a palindrome string. s[i:j] is a palindrome only if s[i+1:j\u22121] is a palindrome and the i and j letters of s are the same.\"},\n{\"Clue of Step 3\": \"We also need to consider the boundary conditions in dynamic programming. For a substring of length 1, it is obviously a palindrome string; For a substring of length 2, it is a palindrome as long as its two letters are the same.\"},\n{\"Clue of Step 4\": \"We also need to consider the the cyclic order of dynamic programming. In the state transition equation, we are moving from a shorter string to a longer string.\"},\n{\"Clue of Step 5\": \"The final answer is the maximum length of the valid sub-strings.\"}\n]\n```\nYou can refer to the following example and generate step-by-step clues for the given problem.\n\n\n-----Clues-----\nClue of Step 1: If the array contains an even number of negative elements, we can flip all of them to make them positive, thus maximizing the product. If there is an odd number of negative elements, we should flip all except one to maximize the product (since an odd number of negatives results in a negative product).\n", "Clue of Step 2: To maximize the product, you should flip all negative numbers to positive using the operation $ a_i := -a_i - 1 $, except when there is an odd number of negative elements. In that case, leave one negative number unchanged to avoid reducing the overall product to negative.\n", "Clue of Step 2: Finally, we should output the modified array after performing the operations according to the previous steps to ensure we have the maximum product possible.\n"], ["\nYou will be given a problem desciption.\n\nPlease analyze the problem and generate step-by-step clues of how to solve the problem with executable python code.\n\nThe problem:\n\n\nQUESTION:\nNick had received an awesome array of integers $a=[a_1, a_2, \\dots, a_n]$ as a gift for his $5$ birthday from his mother. He was already going to explore its various properties but after unpacking he was disappointed a lot because the product $a_1 \\cdot a_2 \\cdot \\dots a_n$ of its elements seemed to him not large enough.\n\nHe was ready to throw out the array, but his mother reassured him. She told him, that array would not be spoiled after the following operation: choose any index $i$ ($1 \\le i \\le n$) and do $a_i := -a_i - 1$.\n\nFor example, he can change array $[3, -1, -4, 1]$ to an array $[-4, -1, 3, 1]$ after applying this operation to elements with indices $i=1$ and $i=3$. \n\nKolya had immediately understood that sometimes it's possible to increase the product of integers of the array a lot. Now he has decided that he wants to get an array with the maximal possible product of integers using only this operation with its elements (possibly zero, one or more times, as many as he wants), it is not forbidden to do this operation several times for the same index. \n\nHelp Kolya and print the array with the maximal possible product of elements $a_1 \\cdot a_2 \\cdot \\dots a_n$ which can be received using only this operation in some order.\n\nIf there are multiple answers, print any of them.\n\n\n-----Input-----\n\nThe first line contains integer $n$ ($1 \\leq n \\leq 10^{5}$)\u00a0\u2014 number of integers in the array.\n\nThe second line contains $n$ integers $a_1, a_2, \\ldots, a_n$ ($-10^{6} \\leq a_i \\leq 10^{6}$)\u00a0\u2014 elements of the array\n\n\n-----Output-----\n\nPrint $n$ numbers\u00a0\u2014 elements of the array with the maximal possible product of elements which can be received using only this operation in some order from the given array.\n\nIf there are multiple answers, print any of them.\n\n\n-----Examples-----\nInput\n4\n2 2 2 2\n\nOutput\n-3 -3 -3 -3 \nInput\n1\n0\n\nOutput\n0 \nInput\n3\n-3 -3 2\n\nOutput\n-3 -3 2\nUse Standard Input format\nANSWER:\n\n\nAn example of step-by-step clues for finding the longest palindrome substring is displayed below:\n\n```json\n[\n{\"Clue of Step 1\": \"For a substring, if it is a palindrome and the length is greater than 2, it is still a palindrome after the first and last letters are removed. According to this idea, we can use dynamic programming to solve this problem.\"},\n{\"Clue of Step 2\": \"Then we should consider the state transition function. We use P(i,j) to indicate whether the string composed of the i-th to j-th letters of the string s (denoted as as s[i:j]) is a palindrome string. s[i:j] is a palindrome only if s[i+1:j\u22121] is a palindrome and the i and j letters of s are the same.\"},\n{\"Clue of Step 3\": \"We also need to consider the boundary conditions in dynamic programming. For a substring of length 1, it is obviously a palindrome string; For a substring of length 2, it is a palindrome as long as its two letters are the same.\"},\n{\"Clue of Step 4\": \"We also need to consider the the cyclic order of dynamic programming. In the state transition equation, we are moving from a shorter string to a longer string.\"},\n{\"Clue of Step 5\": \"The final answer is the maximum length of the valid sub-strings.\"}\n]\n```\nYou can refer to the following example and generate step-by-step clues for the given problem.\n\n\n-----Clues-----\nClue of Step 1: If the array contains an even number of negative elements, we can flip all of them to make them positive, thus maximizing the product. If there is an odd number of negative elements, we should flip all except one to maximize the product (since an odd number of negatives results in a negative product).\n", "Clue of Step 2: For zero elements in the array, the operation does not change the value (0 remains 0). Therefore, you can ignore zero values as they do not contribute to the product.\n", "Clue of Step 2: Finally, we should output the modified array after performing the operations according to the previous steps to ensure we have the maximum product possible.\n"], ["\nYou will be given a problem desciption.\n\nPlease analyze the problem and generate step-by-step clues of how to solve the problem with executable python code.\n\nThe problem:\n\n\nQUESTION:\nNick had received an awesome array of integers $a=[a_1, a_2, \\dots, a_n]$ as a gift for his $5$ birthday from his mother. He was already going to explore its various properties but after unpacking he was disappointed a lot because the product $a_1 \\cdot a_2 \\cdot \\dots a_n$ of its elements seemed to him not large enough.\n\nHe was ready to throw out the array, but his mother reassured him. She told him, that array would not be spoiled after the following operation: choose any index $i$ ($1 \\le i \\le n$) and do $a_i := -a_i - 1$.\n\nFor example, he can change array $[3, -1, -4, 1]$ to an array $[-4, -1, 3, 1]$ after applying this operation to elements with indices $i=1$ and $i=3$. \n\nKolya had immediately understood that sometimes it's possible to increase the product of integers of the array a lot. Now he has decided that he wants to get an array with the maximal possible product of integers using only this operation with its elements (possibly zero, one or more times, as many as he wants), it is not forbidden to do this operation several times for the same index. \n\nHelp Kolya and print the array with the maximal possible product of elements $a_1 \\cdot a_2 \\cdot \\dots a_n$ which can be received using only this operation in some order.\n\nIf there are multiple answers, print any of them.\n\n\n-----Input-----\n\nThe first line contains integer $n$ ($1 \\leq n \\leq 10^{5}$)\u00a0\u2014 number of integers in the array.\n\nThe second line contains $n$ integers $a_1, a_2, \\ldots, a_n$ ($-10^{6} \\leq a_i \\leq 10^{6}$)\u00a0\u2014 elements of the array\n\n\n-----Output-----\n\nPrint $n$ numbers\u00a0\u2014 elements of the array with the maximal possible product of elements which can be received using only this operation in some order from the given array.\n\nIf there are multiple answers, print any of them.\n\n\n-----Examples-----\nInput\n4\n2 2 2 2\n\nOutput\n-3 -3 -3 -3 \nInput\n1\n0\n\nOutput\n0 \nInput\n3\n-3 -3 2\n\nOutput\n-3 -3 2\nUse Standard Input format\nANSWER:\n\n\nAn example of step-by-step clues for finding the longest palindrome substring is displayed below:\n\n```json\n[\n{\"Clue of Step 1\": \"For a substring, if it is a palindrome and the length is greater than 2, it is still a palindrome after the first and last letters are removed. According to this idea, we can use dynamic programming to solve this problem.\"},\n{\"Clue of Step 2\": \"Then we should consider the state transition function. We use P(i,j) to indicate whether the string composed of the i-th to j-th letters of the string s (denoted as as s[i:j]) is a palindrome string. s[i:j] is a palindrome only if s[i+1:j\u22121] is a palindrome and the i and j letters of s are the same.\"},\n{\"Clue of Step 3\": \"We also need to consider the boundary conditions in dynamic programming. For a substring of length 1, it is obviously a palindrome string; For a substring of length 2, it is a palindrome as long as its two letters are the same.\"},\n{\"Clue of Step 4\": \"We also need to consider the the cyclic order of dynamic programming. In the state transition equation, we are moving from a shorter string to a longer string.\"},\n{\"Clue of Step 5\": \"The final answer is the maximum length of the valid sub-strings.\"}\n]\n```\nYou can refer to the following example and generate step-by-step clues for the given problem.\n\n\n-----Clues-----\nClue of Step 1: If the array contains an even number of negative elements, we can flip all of them to make them positive, thus maximizing the product. If there is an odd number of negative elements, we should flip all except one to maximize the product (since an odd number of negatives results in a negative product).\n", "Clue of Step 2: If all elements are negative and there is an odd count, flip all but the largest negative number to positive, as this will minimize the negative impact on the product.\n", "Clue of Step 2: Finally, we should output the modified array after performing the operations according to the previous steps to ensure we have the maximum product possible.\n"], ["\nYou will be given a problem desciption.\n\nPlease analyze the problem and generate step-by-step clues of how to solve the problem with executable python code.\n\nThe problem:\n\n\nQUESTION:\nNick had received an awesome array of integers $a=[a_1, a_2, \\dots, a_n]$ as a gift for his $5$ birthday from his mother. He was already going to explore its various properties but after unpacking he was disappointed a lot because the product $a_1 \\cdot a_2 \\cdot \\dots a_n$ of its elements seemed to him not large enough.\n\nHe was ready to throw out the array, but his mother reassured him. She told him, that array would not be spoiled after the following operation: choose any index $i$ ($1 \\le i \\le n$) and do $a_i := -a_i - 1$.\n\nFor example, he can change array $[3, -1, -4, 1]$ to an array $[-4, -1, 3, 1]$ after applying this operation to elements with indices $i=1$ and $i=3$. \n\nKolya had immediately understood that sometimes it's possible to increase the product of integers of the array a lot. Now he has decided that he wants to get an array with the maximal possible product of integers using only this operation with its elements (possibly zero, one or more times, as many as he wants), it is not forbidden to do this operation several times for the same index. \n\nHelp Kolya and print the array with the maximal possible product of elements $a_1 \\cdot a_2 \\cdot \\dots a_n$ which can be received using only this operation in some order.\n\nIf there are multiple answers, print any of them.\n\n\n-----Input-----\n\nThe first line contains integer $n$ ($1 \\leq n \\leq 10^{5}$)\u00a0\u2014 number of integers in the array.\n\nThe second line contains $n$ integers $a_1, a_2, \\ldots, a_n$ ($-10^{6} \\leq a_i \\leq 10^{6}$)\u00a0\u2014 elements of the array\n\n\n-----Output-----\n\nPrint $n$ numbers\u00a0\u2014 elements of the array with the maximal possible product of elements which can be received using only this operation in some order from the given array.\n\nIf there are multiple answers, print any of them.\n\n\n-----Examples-----\nInput\n4\n2 2 2 2\n\nOutput\n-3 -3 -3 -3 \nInput\n1\n0\n\nOutput\n0 \nInput\n3\n-3 -3 2\n\nOutput\n-3 -3 2\nUse Standard Input format\nANSWER:\n\n\nAn example of step-by-step clues for finding the longest palindrome substring is displayed below:\n\n```json\n[\n{\"Clue of Step 1\": \"For a substring, if it is a palindrome and the length is greater than 2, it is still a palindrome after the first and last letters are removed. According to this idea, we can use dynamic programming to solve this problem.\"},\n{\"Clue of Step 2\": \"Then we should consider the state transition function. We use P(i,j) to indicate whether the string composed of the i-th to j-th letters of the string s (denoted as as s[i:j]) is a palindrome string. s[i:j] is a palindrome only if s[i+1:j\u22121] is a palindrome and the i and j letters of s are the same.\"},\n{\"Clue of Step 3\": \"We also need to consider the boundary conditions in dynamic programming. For a substring of length 1, it is obviously a palindrome string; For a substring of length 2, it is a palindrome as long as its two letters are the same.\"},\n{\"Clue of Step 4\": \"We also need to consider the the cyclic order of dynamic programming. In the state transition equation, we are moving from a shorter string to a longer string.\"},\n{\"Clue of Step 5\": \"The final answer is the maximum length of the valid sub-strings.\"}\n]\n```\nYou can refer to the following example and generate step-by-step clues for the given problem.\n\n\n-----Clues-----\nClue of Step 1: The goal is to maximize the product of the entire array. To achieve this, we should try to maximize the number of negative numbers that can be turned into positive, as positive numbers contribute positively to the product. Additionally, zero should be left unchanged since it doesn't affect the product.\n", "Clue of Step 2: We should determine the optimal transformation for each element in the array: If an element is positive, we can transform it to a smaller negative value (e.g., a_i -> -a_i - 1) which may increase the overall product if done strategically. For negative values, consider if applying the transformation would yield a higher absolute value than keeping it negative.\n", "Clue of Step 2: Consider the case where applying transformations changes the count of positive and negative values in the array. Ensure we are minimizing the number of negative values if we need an even count for maximum product. An even count of negatives results in a positive product, so if we have an odd number of negatives, handle the smallest negative value optimally.\n"], ["\nYou will be given a problem desciption.\n\nPlease analyze the problem and generate step-by-step clues of how to solve the problem with executable python code.\n\nThe problem:\n\n\nQUESTION:\nNick had received an awesome array of integers $a=[a_1, a_2, \\dots, a_n]$ as a gift for his $5$ birthday from his mother. He was already going to explore its various properties but after unpacking he was disappointed a lot because the product $a_1 \\cdot a_2 \\cdot \\dots a_n$ of its elements seemed to him not large enough.\n\nHe was ready to throw out the array, but his mother reassured him. She told him, that array would not be spoiled after the following operation: choose any index $i$ ($1 \\le i \\le n$) and do $a_i := -a_i - 1$.\n\nFor example, he can change array $[3, -1, -4, 1]$ to an array $[-4, -1, 3, 1]$ after applying this operation to elements with indices $i=1$ and $i=3$. \n\nKolya had immediately understood that sometimes it's possible to increase the product of integers of the array a lot. Now he has decided that he wants to get an array with the maximal possible product of integers using only this operation with its elements (possibly zero, one or more times, as many as he wants), it is not forbidden to do this operation several times for the same index. \n\nHelp Kolya and print the array with the maximal possible product of elements $a_1 \\cdot a_2 \\cdot \\dots a_n$ which can be received using only this operation in some order.\n\nIf there are multiple answers, print any of them.\n\n\n-----Input-----\n\nThe first line contains integer $n$ ($1 \\leq n \\leq 10^{5}$)\u00a0\u2014 number of integers in the array.\n\nThe second line contains $n$ integers $a_1, a_2, \\ldots, a_n$ ($-10^{6} \\leq a_i \\leq 10^{6}$)\u00a0\u2014 elements of the array\n\n\n-----Output-----\n\nPrint $n$ numbers\u00a0\u2014 elements of the array with the maximal possible product of elements which can be received using only this operation in some order from the given array.\n\nIf there are multiple answers, print any of them.\n\n\n-----Examples-----\nInput\n4\n2 2 2 2\n\nOutput\n-3 -3 -3 -3 \nInput\n1\n0\n\nOutput\n0 \nInput\n3\n-3 -3 2\n\nOutput\n-3 -3 2\nUse Standard Input format\nANSWER:\n\n\nAn example of step-by-step clues for finding the longest palindrome substring is displayed below:\n\n```json\n[\n{\"Clue of Step 1\": \"For a substring, if it is a palindrome and the length is greater than 2, it is still a palindrome after the first and last letters are removed. According to this idea, we can use dynamic programming to solve this problem.\"},\n{\"Clue of Step 2\": \"Then we should consider the state transition function. We use P(i,j) to indicate whether the string composed of the i-th to j-th letters of the string s (denoted as as s[i:j]) is a palindrome string. s[i:j] is a palindrome only if s[i+1:j\u22121] is a palindrome and the i and j letters of s are the same.\"},\n{\"Clue of Step 3\": \"We also need to consider the boundary conditions in dynamic programming. For a substring of length 1, it is obviously a palindrome string; For a substring of length 2, it is a palindrome as long as its two letters are the same.\"},\n{\"Clue of Step 4\": \"We also need to consider the the cyclic order of dynamic programming. In the state transition equation, we are moving from a shorter string to a longer string.\"},\n{\"Clue of Step 5\": \"The final answer is the maximum length of the valid sub-strings.\"}\n]\n```\nYou can refer to the following example and generate step-by-step clues for the given problem.\n\n\n-----Clues-----\nClue of Step 1: The goal is to maximize the product of the entire array. To achieve this, we should try to maximize the number of negative numbers that can be turned into positive, as positive numbers contribute positively to the product. Additionally, zero should be left unchanged since it doesn't affect the product.\n", "Clue of Step 2: We should determine the optimal transformation for each element in the array: If an element is positive, we can transform it to a smaller negative value (e.g., a_i -> -a_i - 1) which may increase the overall product if done strategically. For negative values, consider if applying the transformation would yield a higher absolute value than keeping it negative.\n", "Clue of Step 2: Negative numbers can often be turned into positive numbers by applying the operation, which can help maximize the product. For each negative number, decide if flipping its sign increases the overall product.\n"], ["\nYou will be given a problem desciption.\n\nPlease analyze the problem and generate step-by-step clues of how to solve the problem with executable python code.\n\nThe problem:\n\n\nQUESTION:\nNick had received an awesome array of integers $a=[a_1, a_2, \\dots, a_n]$ as a gift for his $5$ birthday from his mother. He was already going to explore its various properties but after unpacking he was disappointed a lot because the product $a_1 \\cdot a_2 \\cdot \\dots a_n$ of its elements seemed to him not large enough.\n\nHe was ready to throw out the array, but his mother reassured him. She told him, that array would not be spoiled after the following operation: choose any index $i$ ($1 \\le i \\le n$) and do $a_i := -a_i - 1$.\n\nFor example, he can change array $[3, -1, -4, 1]$ to an array $[-4, -1, 3, 1]$ after applying this operation to elements with indices $i=1$ and $i=3$. \n\nKolya had immediately understood that sometimes it's possible to increase the product of integers of the array a lot. Now he has decided that he wants to get an array with the maximal possible product of integers using only this operation with its elements (possibly zero, one or more times, as many as he wants), it is not forbidden to do this operation several times for the same index. \n\nHelp Kolya and print the array with the maximal possible product of elements $a_1 \\cdot a_2 \\cdot \\dots a_n$ which can be received using only this operation in some order.\n\nIf there are multiple answers, print any of them.\n\n\n-----Input-----\n\nThe first line contains integer $n$ ($1 \\leq n \\leq 10^{5}$)\u00a0\u2014 number of integers in the array.\n\nThe second line contains $n$ integers $a_1, a_2, \\ldots, a_n$ ($-10^{6} \\leq a_i \\leq 10^{6}$)\u00a0\u2014 elements of the array\n\n\n-----Output-----\n\nPrint $n$ numbers\u00a0\u2014 elements of the array with the maximal possible product of elements which can be received using only this operation in some order from the given array.\n\nIf there are multiple answers, print any of them.\n\n\n-----Examples-----\nInput\n4\n2 2 2 2\n\nOutput\n-3 -3 -3 -3 \nInput\n1\n0\n\nOutput\n0 \nInput\n3\n-3 -3 2\n\nOutput\n-3 -3 2\nUse Standard Input format\nANSWER:\n\n\nAn example of step-by-step clues for finding the longest palindrome substring is displayed below:\n\n```json\n[\n{\"Clue of Step 1\": \"For a substring, if it is a palindrome and the length is greater than 2, it is still a palindrome after the first and last letters are removed. According to this idea, we can use dynamic programming to solve this problem.\"},\n{\"Clue of Step 2\": \"Then we should consider the state transition function. We use P(i,j) to indicate whether the string composed of the i-th to j-th letters of the string s (denoted as as s[i:j]) is a palindrome string. s[i:j] is a palindrome only if s[i+1:j\u22121] is a palindrome and the i and j letters of s are the same.\"},\n{\"Clue of Step 3\": \"We also need to consider the boundary conditions in dynamic programming. For a substring of length 1, it is obviously a palindrome string; For a substring of length 2, it is a palindrome as long as its two letters are the same.\"},\n{\"Clue of Step 4\": \"We also need to consider the the cyclic order of dynamic programming. In the state transition equation, we are moving from a shorter string to a longer string.\"},\n{\"Clue of Step 5\": \"The final answer is the maximum length of the valid sub-strings.\"}\n]\n```\nYou can refer to the following example and generate step-by-step clues for the given problem.\n\n\n-----Clues-----\nClue of Step 1: The goal is to maximize the product of the entire array. To achieve this, we should try to maximize the number of negative numbers that can be turned into positive, as positive numbers contribute positively to the product. Additionally, zero should be left unchanged since it doesn't affect the product.\n", "Clue of Step 2: We need to iterate through each element in the array and decide whether to apply the transformation or not based on the current value and its potential impact on the overall product. Track the number of transformations to ensure the maximum product is achieved.\n", "Clue of Step 2: Consider the case where applying transformations changes the count of positive and negative values in the array. Ensure we are minimizing the number of negative values if we need an even count for maximum product. An even count of negatives results in a positive product, so if we have an odd number of negatives, handle the smallest negative value optimally.\n"], ["\nYou will be given a problem desciption.\n\nPlease analyze the problem and generate step-by-step clues of how to solve the problem with executable python code.\n\nThe problem:\n\n\nQUESTION:\nNick had received an awesome array of integers $a=[a_1, a_2, \\dots, a_n]$ as a gift for his $5$ birthday from his mother. He was already going to explore its various properties but after unpacking he was disappointed a lot because the product $a_1 \\cdot a_2 \\cdot \\dots a_n$ of its elements seemed to him not large enough.\n\nHe was ready to throw out the array, but his mother reassured him. She told him, that array would not be spoiled after the following operation: choose any index $i$ ($1 \\le i \\le n$) and do $a_i := -a_i - 1$.\n\nFor example, he can change array $[3, -1, -4, 1]$ to an array $[-4, -1, 3, 1]$ after applying this operation to elements with indices $i=1$ and $i=3$. \n\nKolya had immediately understood that sometimes it's possible to increase the product of integers of the array a lot. Now he has decided that he wants to get an array with the maximal possible product of integers using only this operation with its elements (possibly zero, one or more times, as many as he wants), it is not forbidden to do this operation several times for the same index. \n\nHelp Kolya and print the array with the maximal possible product of elements $a_1 \\cdot a_2 \\cdot \\dots a_n$ which can be received using only this operation in some order.\n\nIf there are multiple answers, print any of them.\n\n\n-----Input-----\n\nThe first line contains integer $n$ ($1 \\leq n \\leq 10^{5}$)\u00a0\u2014 number of integers in the array.\n\nThe second line contains $n$ integers $a_1, a_2, \\ldots, a_n$ ($-10^{6} \\leq a_i \\leq 10^{6}$)\u00a0\u2014 elements of the array\n\n\n-----Output-----\n\nPrint $n$ numbers\u00a0\u2014 elements of the array with the maximal possible product of elements which can be received using only this operation in some order from the given array.\n\nIf there are multiple answers, print any of them.\n\n\n-----Examples-----\nInput\n4\n2 2 2 2\n\nOutput\n-3 -3 -3 -3 \nInput\n1\n0\n\nOutput\n0 \nInput\n3\n-3 -3 2\n\nOutput\n-3 -3 2\nUse Standard Input format\nANSWER:\n\n\nAn example of step-by-step clues for finding the longest palindrome substring is displayed below:\n\n```json\n[\n{\"Clue of Step 1\": \"For a substring, if it is a palindrome and the length is greater than 2, it is still a palindrome after the first and last letters are removed. According to this idea, we can use dynamic programming to solve this problem.\"},\n{\"Clue of Step 2\": \"Then we should consider the state transition function. We use P(i,j) to indicate whether the string composed of the i-th to j-th letters of the string s (denoted as as s[i:j]) is a palindrome string. s[i:j] is a palindrome only if s[i+1:j\u22121] is a palindrome and the i and j letters of s are the same.\"},\n{\"Clue of Step 3\": \"We also need to consider the boundary conditions in dynamic programming. For a substring of length 1, it is obviously a palindrome string; For a substring of length 2, it is a palindrome as long as its two letters are the same.\"},\n{\"Clue of Step 4\": \"We also need to consider the the cyclic order of dynamic programming. In the state transition equation, we are moving from a shorter string to a longer string.\"},\n{\"Clue of Step 5\": \"The final answer is the maximum length of the valid sub-strings.\"}\n]\n```\nYou can refer to the following example and generate step-by-step clues for the given problem.\n\n\n-----Clues-----\nClue of Step 1: The goal is to maximize the product of the entire array. To achieve this, we should try to maximize the number of negative numbers that can be turned into positive, as positive numbers contribute positively to the product. Additionally, zero should be left unchanged since it doesn't affect the product.\n", "Clue of Step 2: We need to iterate through each element in the array and decide whether to apply the transformation or not based on the current value and its potential impact on the overall product. Track the number of transformations to ensure the maximum product is achieved.\n", "Clue of Step 2: Negative numbers can often be turned into positive numbers by applying the operation, which can help maximize the product. For each negative number, decide if flipping its sign increases the overall product.\n"], ["\nYou will be given a problem desciption.\n\nPlease analyze the problem and generate step-by-step clues of how to solve the problem with executable python code.\n\nThe problem:\n\n\nQUESTION:\nNick had received an awesome array of integers $a=[a_1, a_2, \\dots, a_n]$ as a gift for his $5$ birthday from his mother. He was already going to explore its various properties but after unpacking he was disappointed a lot because the product $a_1 \\cdot a_2 \\cdot \\dots a_n$ of its elements seemed to him not large enough.\n\nHe was ready to throw out the array, but his mother reassured him. She told him, that array would not be spoiled after the following operation: choose any index $i$ ($1 \\le i \\le n$) and do $a_i := -a_i - 1$.\n\nFor example, he can change array $[3, -1, -4, 1]$ to an array $[-4, -1, 3, 1]$ after applying this operation to elements with indices $i=1$ and $i=3$. \n\nKolya had immediately understood that sometimes it's possible to increase the product of integers of the array a lot. Now he has decided that he wants to get an array with the maximal possible product of integers using only this operation with its elements (possibly zero, one or more times, as many as he wants), it is not forbidden to do this operation several times for the same index. \n\nHelp Kolya and print the array with the maximal possible product of elements $a_1 \\cdot a_2 \\cdot \\dots a_n$ which can be received using only this operation in some order.\n\nIf there are multiple answers, print any of them.\n\n\n-----Input-----\n\nThe first line contains integer $n$ ($1 \\leq n \\leq 10^{5}$)\u00a0\u2014 number of integers in the array.\n\nThe second line contains $n$ integers $a_1, a_2, \\ldots, a_n$ ($-10^{6} \\leq a_i \\leq 10^{6}$)\u00a0\u2014 elements of the array\n\n\n-----Output-----\n\nPrint $n$ numbers\u00a0\u2014 elements of the array with the maximal possible product of elements which can be received using only this operation in some order from the given array.\n\nIf there are multiple answers, print any of them.\n\n\n-----Examples-----\nInput\n4\n2 2 2 2\n\nOutput\n-3 -3 -3 -3 \nInput\n1\n0\n\nOutput\n0 \nInput\n3\n-3 -3 2\n\nOutput\n-3 -3 2\nUse Standard Input format\nANSWER:\n\n\nAn example of step-by-step clues for finding the longest palindrome substring is displayed below:\n\n```json\n[\n{\"Clue of Step 1\": \"For a substring, if it is a palindrome and the length is greater than 2, it is still a palindrome after the first and last letters are removed. According to this idea, we can use dynamic programming to solve this problem.\"},\n{\"Clue of Step 2\": \"Then we should consider the state transition function. We use P(i,j) to indicate whether the string composed of the i-th to j-th letters of the string s (denoted as as s[i:j]) is a palindrome string. s[i:j] is a palindrome only if s[i+1:j\u22121] is a palindrome and the i and j letters of s are the same.\"},\n{\"Clue of Step 3\": \"We also need to consider the boundary conditions in dynamic programming. For a substring of length 1, it is obviously a palindrome string; For a substring of length 2, it is a palindrome as long as its two letters are the same.\"},\n{\"Clue of Step 4\": \"We also need to consider the the cyclic order of dynamic programming. In the state transition equation, we are moving from a shorter string to a longer string.\"},\n{\"Clue of Step 5\": \"The final answer is the maximum length of the valid sub-strings.\"}\n]\n```\nYou can refer to the following example and generate step-by-step clues for the given problem.\n\n\n-----Clues-----\nClue of Step 1: The goal is to maximize the product of the entire array. To achieve this, we should try to maximize the number of negative numbers that can be turned into positive, as positive numbers contribute positively to the product. Additionally, zero should be left unchanged since it doesn't affect the product.\n", "Clue of Step 2: Positive numbers should generally be left unchanged unless applying the operation in specific scenarios (like balancing the number of negative elements) helps maximize the product. Analyze how changing a positive number affects the overall sign of the product.\n", "Clue of Step 2: Consider the case where applying transformations changes the count of positive and negative values in the array. Ensure we are minimizing the number of negative values if we need an even count for maximum product. An even count of negatives results in a positive product, so if we have an odd number of negatives, handle the smallest negative value optimally.\n"], ["\nYou will be given a problem desciption.\n\nPlease analyze the problem and generate step-by-step clues of how to solve the problem with executable python code.\n\nThe problem:\n\n\nQUESTION:\nNick had received an awesome array of integers $a=[a_1, a_2, \\dots, a_n]$ as a gift for his $5$ birthday from his mother. He was already going to explore its various properties but after unpacking he was disappointed a lot because the product $a_1 \\cdot a_2 \\cdot \\dots a_n$ of its elements seemed to him not large enough.\n\nHe was ready to throw out the array, but his mother reassured him. She told him, that array would not be spoiled after the following operation: choose any index $i$ ($1 \\le i \\le n$) and do $a_i := -a_i - 1$.\n\nFor example, he can change array $[3, -1, -4, 1]$ to an array $[-4, -1, 3, 1]$ after applying this operation to elements with indices $i=1$ and $i=3$. \n\nKolya had immediately understood that sometimes it's possible to increase the product of integers of the array a lot. Now he has decided that he wants to get an array with the maximal possible product of integers using only this operation with its elements (possibly zero, one or more times, as many as he wants), it is not forbidden to do this operation several times for the same index. \n\nHelp Kolya and print the array with the maximal possible product of elements $a_1 \\cdot a_2 \\cdot \\dots a_n$ which can be received using only this operation in some order.\n\nIf there are multiple answers, print any of them.\n\n\n-----Input-----\n\nThe first line contains integer $n$ ($1 \\leq n \\leq 10^{5}$)\u00a0\u2014 number of integers in the array.\n\nThe second line contains $n$ integers $a_1, a_2, \\ldots, a_n$ ($-10^{6} \\leq a_i \\leq 10^{6}$)\u00a0\u2014 elements of the array\n\n\n-----Output-----\n\nPrint $n$ numbers\u00a0\u2014 elements of the array with the maximal possible product of elements which can be received using only this operation in some order from the given array.\n\nIf there are multiple answers, print any of them.\n\n\n-----Examples-----\nInput\n4\n2 2 2 2\n\nOutput\n-3 -3 -3 -3 \nInput\n1\n0\n\nOutput\n0 \nInput\n3\n-3 -3 2\n\nOutput\n-3 -3 2\nUse Standard Input format\nANSWER:\n\n\nAn example of step-by-step clues for finding the longest palindrome substring is displayed below:\n\n```json\n[\n{\"Clue of Step 1\": \"For a substring, if it is a palindrome and the length is greater than 2, it is still a palindrome after the first and last letters are removed. According to this idea, we can use dynamic programming to solve this problem.\"},\n{\"Clue of Step 2\": \"Then we should consider the state transition function. We use P(i,j) to indicate whether the string composed of the i-th to j-th letters of the string s (denoted as as s[i:j]) is a palindrome string. s[i:j] is a palindrome only if s[i+1:j\u22121] is a palindrome and the i and j letters of s are the same.\"},\n{\"Clue of Step 3\": \"We also need to consider the boundary conditions in dynamic programming. For a substring of length 1, it is obviously a palindrome string; For a substring of length 2, it is a palindrome as long as its two letters are the same.\"},\n{\"Clue of Step 4\": \"We also need to consider the the cyclic order of dynamic programming. In the state transition equation, we are moving from a shorter string to a longer string.\"},\n{\"Clue of Step 5\": \"The final answer is the maximum length of the valid sub-strings.\"}\n]\n```\nYou can refer to the following example and generate step-by-step clues for the given problem.\n\n\n-----Clues-----\nClue of Step 1: The goal is to maximize the product of the entire array. To achieve this, we should try to maximize the number of negative numbers that can be turned into positive, as positive numbers contribute positively to the product. Additionally, zero should be left unchanged since it doesn't affect the product.\n", "Clue of Step 2: Positive numbers should generally be left unchanged unless applying the operation in specific scenarios (like balancing the number of negative elements) helps maximize the product. Analyze how changing a positive number affects the overall sign of the product.\n", "Clue of Step 2: Negative numbers can often be turned into positive numbers by applying the operation, which can help maximize the product. For each negative number, decide if flipping its sign increases the overall product.\n"], ["\nYou will be given a problem desciption.\n\nPlease analyze the problem and generate step-by-step clues of how to solve the problem with executable python code.\n\nThe problem:\n\n\nQUESTION:\nNick had received an awesome array of integers $a=[a_1, a_2, \\dots, a_n]$ as a gift for his $5$ birthday from his mother. He was already going to explore its various properties but after unpacking he was disappointed a lot because the product $a_1 \\cdot a_2 \\cdot \\dots a_n$ of its elements seemed to him not large enough.\n\nHe was ready to throw out the array, but his mother reassured him. She told him, that array would not be spoiled after the following operation: choose any index $i$ ($1 \\le i \\le n$) and do $a_i := -a_i - 1$.\n\nFor example, he can change array $[3, -1, -4, 1]$ to an array $[-4, -1, 3, 1]$ after applying this operation to elements with indices $i=1$ and $i=3$. \n\nKolya had immediately understood that sometimes it's possible to increase the product of integers of the array a lot. Now he has decided that he wants to get an array with the maximal possible product of integers using only this operation with its elements (possibly zero, one or more times, as many as he wants), it is not forbidden to do this operation several times for the same index. \n\nHelp Kolya and print the array with the maximal possible product of elements $a_1 \\cdot a_2 \\cdot \\dots a_n$ which can be received using only this operation in some order.\n\nIf there are multiple answers, print any of them.\n\n\n-----Input-----\n\nThe first line contains integer $n$ ($1 \\leq n \\leq 10^{5}$)\u00a0\u2014 number of integers in the array.\n\nThe second line contains $n$ integers $a_1, a_2, \\ldots, a_n$ ($-10^{6} \\leq a_i \\leq 10^{6}$)\u00a0\u2014 elements of the array\n\n\n-----Output-----\n\nPrint $n$ numbers\u00a0\u2014 elements of the array with the maximal possible product of elements which can be received using only this operation in some order from the given array.\n\nIf there are multiple answers, print any of them.\n\n\n-----Examples-----\nInput\n4\n2 2 2 2\n\nOutput\n-3 -3 -3 -3 \nInput\n1\n0\n\nOutput\n0 \nInput\n3\n-3 -3 2\n\nOutput\n-3 -3 2\nUse Standard Input format\nANSWER:\n\n\nAn example of step-by-step clues for finding the longest palindrome substring is displayed below:\n\n```json\n[\n{\"Clue of Step 1\": \"For a substring, if it is a palindrome and the length is greater than 2, it is still a palindrome after the first and last letters are removed. According to this idea, we can use dynamic programming to solve this problem.\"},\n{\"Clue of Step 2\": \"Then we should consider the state transition function. We use P(i,j) to indicate whether the string composed of the i-th to j-th letters of the string s (denoted as as s[i:j]) is a palindrome string. s[i:j] is a palindrome only if s[i+1:j\u22121] is a palindrome and the i and j letters of s are the same.\"},\n{\"Clue of Step 3\": \"We also need to consider the boundary conditions in dynamic programming. For a substring of length 1, it is obviously a palindrome string; For a substring of length 2, it is a palindrome as long as its two letters are the same.\"},\n{\"Clue of Step 4\": \"We also need to consider the the cyclic order of dynamic programming. In the state transition equation, we are moving from a shorter string to a longer string.\"},\n{\"Clue of Step 5\": \"The final answer is the maximum length of the valid sub-strings.\"}\n]\n```\nYou can refer to the following example and generate step-by-step clues for the given problem.\n\n\n-----Clues-----\nClue of Step 1: The goal is to maximize the product of the entire array. To achieve this, we should try to maximize the number of negative numbers that can be turned into positive, as positive numbers contribute positively to the product. Additionally, zero should be left unchanged since it doesn't affect the product.\n", "Clue of Step 2: Zero doesn't affect the product when multiplied, so it should generally be left unchanged. However, if all elements are non-positive, consider whether turning a negative number into zero could be beneficial.\n", "Clue of Step 2: Consider the case where applying transformations changes the count of positive and negative values in the array. Ensure we are minimizing the number of negative values if we need an even count for maximum product. An even count of negatives results in a positive product, so if we have an odd number of negatives, handle the smallest negative value optimally.\n"], ["\nYou will be given a problem desciption.\n\nPlease analyze the problem and generate step-by-step clues of how to solve the problem with executable python code.\n\nThe problem:\n\n\nQUESTION:\nNick had received an awesome array of integers $a=[a_1, a_2, \\dots, a_n]$ as a gift for his $5$ birthday from his mother. He was already going to explore its various properties but after unpacking he was disappointed a lot because the product $a_1 \\cdot a_2 \\cdot \\dots a_n$ of its elements seemed to him not large enough.\n\nHe was ready to throw out the array, but his mother reassured him. She told him, that array would not be spoiled after the following operation: choose any index $i$ ($1 \\le i \\le n$) and do $a_i := -a_i - 1$.\n\nFor example, he can change array $[3, -1, -4, 1]$ to an array $[-4, -1, 3, 1]$ after applying this operation to elements with indices $i=1$ and $i=3$. \n\nKolya had immediately understood that sometimes it's possible to increase the product of integers of the array a lot. Now he has decided that he wants to get an array with the maximal possible product of integers using only this operation with its elements (possibly zero, one or more times, as many as he wants), it is not forbidden to do this operation several times for the same index. \n\nHelp Kolya and print the array with the maximal possible product of elements $a_1 \\cdot a_2 \\cdot \\dots a_n$ which can be received using only this operation in some order.\n\nIf there are multiple answers, print any of them.\n\n\n-----Input-----\n\nThe first line contains integer $n$ ($1 \\leq n \\leq 10^{5}$)\u00a0\u2014 number of integers in the array.\n\nThe second line contains $n$ integers $a_1, a_2, \\ldots, a_n$ ($-10^{6} \\leq a_i \\leq 10^{6}$)\u00a0\u2014 elements of the array\n\n\n-----Output-----\n\nPrint $n$ numbers\u00a0\u2014 elements of the array with the maximal possible product of elements which can be received using only this operation in some order from the given array.\n\nIf there are multiple answers, print any of them.\n\n\n-----Examples-----\nInput\n4\n2 2 2 2\n\nOutput\n-3 -3 -3 -3 \nInput\n1\n0\n\nOutput\n0 \nInput\n3\n-3 -3 2\n\nOutput\n-3 -3 2\nUse Standard Input format\nANSWER:\n\n\nAn example of step-by-step clues for finding the longest palindrome substring is displayed below:\n\n```json\n[\n{\"Clue of Step 1\": \"For a substring, if it is a palindrome and the length is greater than 2, it is still a palindrome after the first and last letters are removed. According to this idea, we can use dynamic programming to solve this problem.\"},\n{\"Clue of Step 2\": \"Then we should consider the state transition function. We use P(i,j) to indicate whether the string composed of the i-th to j-th letters of the string s (denoted as as s[i:j]) is a palindrome string. s[i:j] is a palindrome only if s[i+1:j\u22121] is a palindrome and the i and j letters of s are the same.\"},\n{\"Clue of Step 3\": \"We also need to consider the boundary conditions in dynamic programming. For a substring of length 1, it is obviously a palindrome string; For a substring of length 2, it is a palindrome as long as its two letters are the same.\"},\n{\"Clue of Step 4\": \"We also need to consider the the cyclic order of dynamic programming. In the state transition equation, we are moving from a shorter string to a longer string.\"},\n{\"Clue of Step 5\": \"The final answer is the maximum length of the valid sub-strings.\"}\n]\n```\nYou can refer to the following example and generate step-by-step clues for the given problem.\n\n\n-----Clues-----\nClue of Step 1: The goal is to maximize the product of the entire array. To achieve this, we should try to maximize the number of negative numbers that can be turned into positive, as positive numbers contribute positively to the product. Additionally, zero should be left unchanged since it doesn't affect the product.\n", "Clue of Step 2: Zero doesn't affect the product when multiplied, so it should generally be left unchanged. However, if all elements are non-positive, consider whether turning a negative number into zero could be beneficial.\n", "Clue of Step 2: Negative numbers can often be turned into positive numbers by applying the operation, which can help maximize the product. For each negative number, decide if flipping its sign increases the overall product.\n"], ["\nYou will be given a problem desciption.\n\nPlease analyze the problem and generate step-by-step clues of how to solve the problem with executable python code.\n\nThe problem:\n\n\nQUESTION:\nNick had received an awesome array of integers $a=[a_1, a_2, \\dots, a_n]$ as a gift for his $5$ birthday from his mother. He was already going to explore its various properties but after unpacking he was disappointed a lot because the product $a_1 \\cdot a_2 \\cdot \\dots a_n$ of its elements seemed to him not large enough.\n\nHe was ready to throw out the array, but his mother reassured him. She told him, that array would not be spoiled after the following operation: choose any index $i$ ($1 \\le i \\le n$) and do $a_i := -a_i - 1$.\n\nFor example, he can change array $[3, -1, -4, 1]$ to an array $[-4, -1, 3, 1]$ after applying this operation to elements with indices $i=1$ and $i=3$. \n\nKolya had immediately understood that sometimes it's possible to increase the product of integers of the array a lot. Now he has decided that he wants to get an array with the maximal possible product of integers using only this operation with its elements (possibly zero, one or more times, as many as he wants), it is not forbidden to do this operation several times for the same index. \n\nHelp Kolya and print the array with the maximal possible product of elements $a_1 \\cdot a_2 \\cdot \\dots a_n$ which can be received using only this operation in some order.\n\nIf there are multiple answers, print any of them.\n\n\n-----Input-----\n\nThe first line contains integer $n$ ($1 \\leq n \\leq 10^{5}$)\u00a0\u2014 number of integers in the array.\n\nThe second line contains $n$ integers $a_1, a_2, \\ldots, a_n$ ($-10^{6} \\leq a_i \\leq 10^{6}$)\u00a0\u2014 elements of the array\n\n\n-----Output-----\n\nPrint $n$ numbers\u00a0\u2014 elements of the array with the maximal possible product of elements which can be received using only this operation in some order from the given array.\n\nIf there are multiple answers, print any of them.\n\n\n-----Examples-----\nInput\n4\n2 2 2 2\n\nOutput\n-3 -3 -3 -3 \nInput\n1\n0\n\nOutput\n0 \nInput\n3\n-3 -3 2\n\nOutput\n-3 -3 2\nUse Standard Input format\nANSWER:\n\n\nAn example of step-by-step clues for finding the longest palindrome substring is displayed below:\n\n```json\n[\n{\"Clue of Step 1\": \"For a substring, if it is a palindrome and the length is greater than 2, it is still a palindrome after the first and last letters are removed. According to this idea, we can use dynamic programming to solve this problem.\"},\n{\"Clue of Step 2\": \"Then we should consider the state transition function. We use P(i,j) to indicate whether the string composed of the i-th to j-th letters of the string s (denoted as as s[i:j]) is a palindrome string. s[i:j] is a palindrome only if s[i+1:j\u22121] is a palindrome and the i and j letters of s are the same.\"},\n{\"Clue of Step 3\": \"We also need to consider the boundary conditions in dynamic programming. For a substring of length 1, it is obviously a palindrome string; For a substring of length 2, it is a palindrome as long as its two letters are the same.\"},\n{\"Clue of Step 4\": \"We also need to consider the the cyclic order of dynamic programming. In the state transition equation, we are moving from a shorter string to a longer string.\"},\n{\"Clue of Step 5\": \"The final answer is the maximum length of the valid sub-strings.\"}\n]\n```\nYou can refer to the following example and generate step-by-step clues for the given problem.\n\n\n-----Clues-----\nClue of Step 1: Determine the initial product of the array and observe how applying the operation on different elements impacts the overall product, noting that turning negative numbers into positives generally increases the product.\n", "Clue of Step 2: Analyze each element of the array. If the element is positive, it is optimal to leave it unchanged. For negative numbers, consider transforming them using the operation to see if the resulting value (which is negative and one less than the absolute value) yields a product closer to zero or positive.\n", "Clue of Step 2: Focus on negative numbers since applying the operation a_i := -a_i - 1 can turn negative numbers into larger positive numbers, which will increase the product. Specifically, for negative numbers, applying the operation turns them into positive values minus one, which generally helps increase the product.\n"], ["\nYou will be given a problem desciption.\n\nPlease analyze the problem and generate step-by-step clues of how to solve the problem with executable python code.\n\nThe problem:\n\n\nQUESTION:\nNick had received an awesome array of integers $a=[a_1, a_2, \\dots, a_n]$ as a gift for his $5$ birthday from his mother. He was already going to explore its various properties but after unpacking he was disappointed a lot because the product $a_1 \\cdot a_2 \\cdot \\dots a_n$ of its elements seemed to him not large enough.\n\nHe was ready to throw out the array, but his mother reassured him. She told him, that array would not be spoiled after the following operation: choose any index $i$ ($1 \\le i \\le n$) and do $a_i := -a_i - 1$.\n\nFor example, he can change array $[3, -1, -4, 1]$ to an array $[-4, -1, 3, 1]$ after applying this operation to elements with indices $i=1$ and $i=3$. \n\nKolya had immediately understood that sometimes it's possible to increase the product of integers of the array a lot. Now he has decided that he wants to get an array with the maximal possible product of integers using only this operation with its elements (possibly zero, one or more times, as many as he wants), it is not forbidden to do this operation several times for the same index. \n\nHelp Kolya and print the array with the maximal possible product of elements $a_1 \\cdot a_2 \\cdot \\dots a_n$ which can be received using only this operation in some order.\n\nIf there are multiple answers, print any of them.\n\n\n-----Input-----\n\nThe first line contains integer $n$ ($1 \\leq n \\leq 10^{5}$)\u00a0\u2014 number of integers in the array.\n\nThe second line contains $n$ integers $a_1, a_2, \\ldots, a_n$ ($-10^{6} \\leq a_i \\leq 10^{6}$)\u00a0\u2014 elements of the array\n\n\n-----Output-----\n\nPrint $n$ numbers\u00a0\u2014 elements of the array with the maximal possible product of elements which can be received using only this operation in some order from the given array.\n\nIf there are multiple answers, print any of them.\n\n\n-----Examples-----\nInput\n4\n2 2 2 2\n\nOutput\n-3 -3 -3 -3 \nInput\n1\n0\n\nOutput\n0 \nInput\n3\n-3 -3 2\n\nOutput\n-3 -3 2\nUse Standard Input format\nANSWER:\n\n\nAn example of step-by-step clues for finding the longest palindrome substring is displayed below:\n\n```json\n[\n{\"Clue of Step 1\": \"For a substring, if it is a palindrome and the length is greater than 2, it is still a palindrome after the first and last letters are removed. According to this idea, we can use dynamic programming to solve this problem.\"},\n{\"Clue of Step 2\": \"Then we should consider the state transition function. We use P(i,j) to indicate whether the string composed of the i-th to j-th letters of the string s (denoted as as s[i:j]) is a palindrome string. s[i:j] is a palindrome only if s[i+1:j\u22121] is a palindrome and the i and j letters of s are the same.\"},\n{\"Clue of Step 3\": \"We also need to consider the boundary conditions in dynamic programming. For a substring of length 1, it is obviously a palindrome string; For a substring of length 2, it is a palindrome as long as its two letters are the same.\"},\n{\"Clue of Step 4\": \"We also need to consider the the cyclic order of dynamic programming. In the state transition equation, we are moving from a shorter string to a longer string.\"},\n{\"Clue of Step 5\": \"The final answer is the maximum length of the valid sub-strings.\"}\n]\n```\nYou can refer to the following example and generate step-by-step clues for the given problem.\n\n\n-----Clues-----\nClue of Step 1: Determine the initial product of the array and observe how applying the operation on different elements impacts the overall product, noting that turning negative numbers into positives generally increases the product.\n", "Clue of Step 2: In this operation, note that for even counts of negative numbers, their product will remain positive if no transformation is applied; for an odd count, we should transform one to maximize the overall product. Identify if any transformations on negative values would benefit the overall product.\n", "Clue of Step 2: Focus on negative numbers since applying the operation a_i := -a_i - 1 can turn negative numbers into larger positive numbers, which will increase the product. Specifically, for negative numbers, applying the operation turns them into positive values minus one, which generally helps increase the product.\n"], ["\nYou will be given a problem desciption.\n\nPlease analyze the problem and generate step-by-step clues of how to solve the problem with executable python code.\n\nThe problem:\n\n\nQUESTION:\nNick had received an awesome array of integers $a=[a_1, a_2, \\dots, a_n]$ as a gift for his $5$ birthday from his mother. He was already going to explore its various properties but after unpacking he was disappointed a lot because the product $a_1 \\cdot a_2 \\cdot \\dots a_n$ of its elements seemed to him not large enough.\n\nHe was ready to throw out the array, but his mother reassured him. She told him, that array would not be spoiled after the following operation: choose any index $i$ ($1 \\le i \\le n$) and do $a_i := -a_i - 1$.\n\nFor example, he can change array $[3, -1, -4, 1]$ to an array $[-4, -1, 3, 1]$ after applying this operation to elements with indices $i=1$ and $i=3$. \n\nKolya had immediately understood that sometimes it's possible to increase the product of integers of the array a lot. Now he has decided that he wants to get an array with the maximal possible product of integers using only this operation with its elements (possibly zero, one or more times, as many as he wants), it is not forbidden to do this operation several times for the same index. \n\nHelp Kolya and print the array with the maximal possible product of elements $a_1 \\cdot a_2 \\cdot \\dots a_n$ which can be received using only this operation in some order.\n\nIf there are multiple answers, print any of them.\n\n\n-----Input-----\n\nThe first line contains integer $n$ ($1 \\leq n \\leq 10^{5}$)\u00a0\u2014 number of integers in the array.\n\nThe second line contains $n$ integers $a_1, a_2, \\ldots, a_n$ ($-10^{6} \\leq a_i \\leq 10^{6}$)\u00a0\u2014 elements of the array\n\n\n-----Output-----\n\nPrint $n$ numbers\u00a0\u2014 elements of the array with the maximal possible product of elements which can be received using only this operation in some order from the given array.\n\nIf there are multiple answers, print any of them.\n\n\n-----Examples-----\nInput\n4\n2 2 2 2\n\nOutput\n-3 -3 -3 -3 \nInput\n1\n0\n\nOutput\n0 \nInput\n3\n-3 -3 2\n\nOutput\n-3 -3 2\nUse Standard Input format\nANSWER:\n\n\nAn example of step-by-step clues for finding the longest palindrome substring is displayed below:\n\n```json\n[\n{\"Clue of Step 1\": \"For a substring, if it is a palindrome and the length is greater than 2, it is still a palindrome after the first and last letters are removed. According to this idea, we can use dynamic programming to solve this problem.\"},\n{\"Clue of Step 2\": \"Then we should consider the state transition function. We use P(i,j) to indicate whether the string composed of the i-th to j-th letters of the string s (denoted as as s[i:j]) is a palindrome string. s[i:j] is a palindrome only if s[i+1:j\u22121] is a palindrome and the i and j letters of s are the same.\"},\n{\"Clue of Step 3\": \"We also need to consider the boundary conditions in dynamic programming. For a substring of length 1, it is obviously a palindrome string; For a substring of length 2, it is a palindrome as long as its two letters are the same.\"},\n{\"Clue of Step 4\": \"We also need to consider the the cyclic order of dynamic programming. In the state transition equation, we are moving from a shorter string to a longer string.\"},\n{\"Clue of Step 5\": \"The final answer is the maximum length of the valid sub-strings.\"}\n]\n```\nYou can refer to the following example and generate step-by-step clues for the given problem.\n\n\n-----Clues-----\nClue of Step 1: Determine the initial product of the array and observe how applying the operation on different elements impacts the overall product, noting that turning negative numbers into positives generally increases the product.\n", "Clue of Step 2: Iterate through the list to gather statistics on the current configuration; for each negative number, consider the best transformation (applying the operation zero or one time) and evaluate the resulting array's product based on counting negative transformations.\n", "Clue of Step 2: Focus on negative numbers since applying the operation a_i := -a_i - 1 can turn negative numbers into larger positive numbers, which will increase the product. Specifically, for negative numbers, applying the operation turns them into positive values minus one, which generally helps increase the product.\n"], ["\nYou will be given a problem desciption.\n\nPlease analyze the problem and generate step-by-step clues of how to solve the problem with executable python code.\n\nThe problem:\n\n\nQUESTION:\nNick had received an awesome array of integers $a=[a_1, a_2, \\dots, a_n]$ as a gift for his $5$ birthday from his mother. He was already going to explore its various properties but after unpacking he was disappointed a lot because the product $a_1 \\cdot a_2 \\cdot \\dots a_n$ of its elements seemed to him not large enough.\n\nHe was ready to throw out the array, but his mother reassured him. She told him, that array would not be spoiled after the following operation: choose any index $i$ ($1 \\le i \\le n$) and do $a_i := -a_i - 1$.\n\nFor example, he can change array $[3, -1, -4, 1]$ to an array $[-4, -1, 3, 1]$ after applying this operation to elements with indices $i=1$ and $i=3$. \n\nKolya had immediately understood that sometimes it's possible to increase the product of integers of the array a lot. Now he has decided that he wants to get an array with the maximal possible product of integers using only this operation with its elements (possibly zero, one or more times, as many as he wants), it is not forbidden to do this operation several times for the same index. \n\nHelp Kolya and print the array with the maximal possible product of elements $a_1 \\cdot a_2 \\cdot \\dots a_n$ which can be received using only this operation in some order.\n\nIf there are multiple answers, print any of them.\n\n\n-----Input-----\n\nThe first line contains integer $n$ ($1 \\leq n \\leq 10^{5}$)\u00a0\u2014 number of integers in the array.\n\nThe second line contains $n$ integers $a_1, a_2, \\ldots, a_n$ ($-10^{6} \\leq a_i \\leq 10^{6}$)\u00a0\u2014 elements of the array\n\n\n-----Output-----\n\nPrint $n$ numbers\u00a0\u2014 elements of the array with the maximal possible product of elements which can be received using only this operation in some order from the given array.\n\nIf there are multiple answers, print any of them.\n\n\n-----Examples-----\nInput\n4\n2 2 2 2\n\nOutput\n-3 -3 -3 -3 \nInput\n1\n0\n\nOutput\n0 \nInput\n3\n-3 -3 2\n\nOutput\n-3 -3 2\nUse Standard Input format\nANSWER:\n\n\nAn example of step-by-step clues for finding the longest palindrome substring is displayed below:\n\n```json\n[\n{\"Clue of Step 1\": \"For a substring, if it is a palindrome and the length is greater than 2, it is still a palindrome after the first and last letters are removed. According to this idea, we can use dynamic programming to solve this problem.\"},\n{\"Clue of Step 2\": \"Then we should consider the state transition function. We use P(i,j) to indicate whether the string composed of the i-th to j-th letters of the string s (denoted as as s[i:j]) is a palindrome string. s[i:j] is a palindrome only if s[i+1:j\u22121] is a palindrome and the i and j letters of s are the same.\"},\n{\"Clue of Step 3\": \"We also need to consider the boundary conditions in dynamic programming. For a substring of length 1, it is obviously a palindrome string; For a substring of length 2, it is a palindrome as long as its two letters are the same.\"},\n{\"Clue of Step 4\": \"We also need to consider the the cyclic order of dynamic programming. In the state transition equation, we are moving from a shorter string to a longer string.\"},\n{\"Clue of Step 5\": \"The final answer is the maximum length of the valid sub-strings.\"}\n]\n```\nYou can refer to the following example and generate step-by-step clues for the given problem.\n\n\n-----Clues-----\nClue of Step 1: Determine the initial product of the array and observe how applying the operation on different elements impacts the overall product, noting that turning negative numbers into positives generally increases the product.\n", "Clue of Step 2: For elements that are already positive, applying the operation decreases their value (since -a_i - 1 for positive a_i results in a negative number). Hence, avoid applying the operation on positive numbers unless the array contains an odd number of negative numbers and you need to flip one positive to negative to maximize the product.\n", "Clue of Step 2: Focus on negative numbers since applying the operation a_i := -a_i - 1 can turn negative numbers into larger positive numbers, which will increase the product. Specifically, for negative numbers, applying the operation turns them into positive values minus one, which generally helps increase the product.\n"], ["\nYou will be given a problem desciption.\n\nPlease analyze the problem and generate step-by-step clues of how to solve the problem with executable python code.\n\nThe problem:\n\n\nQUESTION:\nNick had received an awesome array of integers $a=[a_1, a_2, \\dots, a_n]$ as a gift for his $5$ birthday from his mother. He was already going to explore its various properties but after unpacking he was disappointed a lot because the product $a_1 \\cdot a_2 \\cdot \\dots a_n$ of its elements seemed to him not large enough.\n\nHe was ready to throw out the array, but his mother reassured him. She told him, that array would not be spoiled after the following operation: choose any index $i$ ($1 \\le i \\le n$) and do $a_i := -a_i - 1$.\n\nFor example, he can change array $[3, -1, -4, 1]$ to an array $[-4, -1, 3, 1]$ after applying this operation to elements with indices $i=1$ and $i=3$. \n\nKolya had immediately understood that sometimes it's possible to increase the product of integers of the array a lot. Now he has decided that he wants to get an array with the maximal possible product of integers using only this operation with its elements (possibly zero, one or more times, as many as he wants), it is not forbidden to do this operation several times for the same index. \n\nHelp Kolya and print the array with the maximal possible product of elements $a_1 \\cdot a_2 \\cdot \\dots a_n$ which can be received using only this operation in some order.\n\nIf there are multiple answers, print any of them.\n\n\n-----Input-----\n\nThe first line contains integer $n$ ($1 \\leq n \\leq 10^{5}$)\u00a0\u2014 number of integers in the array.\n\nThe second line contains $n$ integers $a_1, a_2, \\ldots, a_n$ ($-10^{6} \\leq a_i \\leq 10^{6}$)\u00a0\u2014 elements of the array\n\n\n-----Output-----\n\nPrint $n$ numbers\u00a0\u2014 elements of the array with the maximal possible product of elements which can be received using only this operation in some order from the given array.\n\nIf there are multiple answers, print any of them.\n\n\n-----Examples-----\nInput\n4\n2 2 2 2\n\nOutput\n-3 -3 -3 -3 \nInput\n1\n0\n\nOutput\n0 \nInput\n3\n-3 -3 2\n\nOutput\n-3 -3 2\nUse Standard Input format\nANSWER:\n\n\nAn example of step-by-step clues for finding the longest palindrome substring is displayed below:\n\n```json\n[\n{\"Clue of Step 1\": \"For a substring, if it is a palindrome and the length is greater than 2, it is still a palindrome after the first and last letters are removed. According to this idea, we can use dynamic programming to solve this problem.\"},\n{\"Clue of Step 2\": \"Then we should consider the state transition function. We use P(i,j) to indicate whether the string composed of the i-th to j-th letters of the string s (denoted as as s[i:j]) is a palindrome string. s[i:j] is a palindrome only if s[i+1:j\u22121] is a palindrome and the i and j letters of s are the same.\"},\n{\"Clue of Step 3\": \"We also need to consider the boundary conditions in dynamic programming. For a substring of length 1, it is obviously a palindrome string; For a substring of length 2, it is a palindrome as long as its two letters are the same.\"},\n{\"Clue of Step 4\": \"We also need to consider the the cyclic order of dynamic programming. In the state transition equation, we are moving from a shorter string to a longer string.\"},\n{\"Clue of Step 5\": \"The final answer is the maximum length of the valid sub-strings.\"}\n]\n```\nYou can refer to the following example and generate step-by-step clues for the given problem.\n\n\n-----Clues-----\nClue of Step 1: Determine the initial product of the array and observe how applying the operation on different elements impacts the overall product, noting that turning negative numbers into positives generally increases the product.\n", "Clue of Step 2: Pay special attention to zero values. If there is at least one zero in the array, the product of the array is already zero. In such cases, you can apply the operation to the zero to make it -1, which might help if all other numbers are non-negative, as -1 does not affect the product as much as a zero does.\n", "Clue of Step 2: Focus on negative numbers since applying the operation a_i := -a_i - 1 can turn negative numbers into larger positive numbers, which will increase the product. Specifically, for negative numbers, applying the operation turns them into positive values minus one, which generally helps increase the product.\n"]], "SFT": ["\nYou will be given a problem desciption.\n\nPlease analyze the problem and generate step-by-step clues of how to solve the problem with executable python code.\n\nThe problem:\n\n\nQUESTION:\nNick had received an awesome array of integers $a=[a_1, a_2, \\dots, a_n]$ as a gift for his $5$ birthday from his mother. He was already going to explore its various properties but after unpacking he was disappointed a lot because the product $a_1 \\cdot a_2 \\cdot \\dots a_n$ of its elements seemed to him not large enough.\n\nHe was ready to throw out the array, but his mother reassured him. She told him, that array would not be spoiled after the following operation: choose any index $i$ ($1 \\le i \\le n$) and do $a_i := -a_i - 1$.\n\nFor example, he can change array $[3, -1, -4, 1]$ to an array $[-4, -1, 3, 1]$ after applying this operation to elements with indices $i=1$ and $i=3$. \n\nKolya had immediately understood that sometimes it's possible to increase the product of integers of the array a lot. Now he has decided that he wants to get an array with the maximal possible product of integers using only this operation with its elements (possibly zero, one or more times, as many as he wants), it is not forbidden to do this operation several times for the same index. \n\nHelp Kolya and print the array with the maximal possible product of elements $a_1 \\cdot a_2 \\cdot \\dots a_n$ which can be received using only this operation in some order.\n\nIf there are multiple answers, print any of them.\n\n\n-----Input-----\n\nThe first line contains integer $n$ ($1 \\leq n \\leq 10^{5}$)\u00a0\u2014 number of integers in the array.\n\nThe second line contains $n$ integers $a_1, a_2, \\ldots, a_n$ ($-10^{6} \\leq a_i \\leq 10^{6}$)\u00a0\u2014 elements of the array\n\n\n-----Output-----\n\nPrint $n$ numbers\u00a0\u2014 elements of the array with the maximal possible product of elements which can be received using only this operation in some order from the given array.\n\nIf there are multiple answers, print any of them.\n\n\n-----Examples-----\nInput\n4\n2 2 2 2\n\nOutput\n-3 -3 -3 -3 \nInput\n1\n0\n\nOutput\n0 \nInput\n3\n-3 -3 2\n\nOutput\n-3 -3 2\nUse Standard Input format\nANSWER:\n\n\nAn example of step-by-step clues for finding the longest palindrome substring is displayed below:\n\n```json\n[\n{\"Clue of Step 1\": \"For a substring, if it is a palindrome and the length is greater than 2, it is still a palindrome after the first and last letters are removed. According to this idea, we can use dynamic programming to solve this problem.\"},\n{\"Clue of Step 2\": \"Then we should consider the state transition function. We use P(i,j) to indicate whether the string composed of the i-th to j-th letters of the string s (denoted as as s[i:j]) is a palindrome string. s[i:j] is a palindrome only if s[i+1:j\u22121] is a palindrome and the i and j letters of s are the same.\"},\n{\"Clue of Step 3\": \"We also need to consider the boundary conditions in dynamic programming. For a substring of length 1, it is obviously a palindrome string; For a substring of length 2, it is a palindrome as long as its two letters are the same.\"},\n{\"Clue of Step 4\": \"We also need to consider the the cyclic order of dynamic programming. In the state transition equation, we are moving from a shorter string to a longer string.\"},\n{\"Clue of Step 5\": \"The final answer is the maximum length of the valid sub-strings.\"}\n]\n```\nYou can refer to the following example and generate step-by-step clues for the given problem.\n\n\n-----Clues-----\nClue of Step 1: Identify the elements in the array which would benefit from the operation a_i := -a_i - 1, particularly focusing on any positive integers and negative integers that could turn into positive after the operation.\n\nClue of Step 2: Apply the operation a_i := -a_i - 1 on positive integers in the array since converting a positive integer to a negative one (and then flipping it) generally decreases the product, and determine the impact of doing this operation on negative numbers that can become positive.\n", "```python\ndef max_product_array(n, a):\n    for i in range(n):\n        if a[i] >= 0:\n            a[i] = -a[i] - 1  # Apply operation to non-negative numbers\n    \n    # We need to ensure the final product is positive or zero\n    count_negative = sum(1 for x in a if x < 0)\n    \n    # If the count of negative numbers is odd, we need to flip one of them\n    if count_negative % 2 == 1:\n        # Find the least negative number to flip\n        min_neg_index = min(range(n), key=lambda x: a[x] if a[x] < 0 else float('inf'))\n        a[min_neg_index] = -a[min_neg_index] - 1  # Apply the operation to flip this one negative\n    \n    print(' '.join(map(str, a)))\n\n# Example usage\nn = int(input())\na = list(map(int, input().split()))\nmax_product_array(n, a)\n```"]}