{"StepDPO": [["\nYou will be given a problem desciption.\n\nPlease analyze the problem and generate step-by-step clues of how to solve the problem with executable python code.\n\nThe problem:\n\n\nQUESTION:\nToday an outstanding event is going to happen in the forest\u00a0\u2014 hedgehog Filya will come to his old fried Sonya!\n\nSonya is an owl and she sleeps during the day and stay awake from minute l_1 to minute r_1 inclusive. Also, during the minute k she prinks and is unavailable for Filya.\n\nFilya works a lot and he plans to visit Sonya from minute l_2 to minute r_2 inclusive.\n\nCalculate the number of minutes they will be able to spend together.\n\n\n-----Input-----\n\nThe only line of the input contains integers l_1, r_1, l_2, r_2 and k (1 \u2264 l_1, r_1, l_2, r_2, k \u2264 10^18, l_1 \u2264 r_1, l_2 \u2264 r_2), providing the segments of time for Sonya and Filya and the moment of time when Sonya prinks.\n\n\n-----Output-----\n\nPrint one integer\u00a0\u2014 the number of minutes Sonya and Filya will be able to spend together.\n\n\n-----Examples-----\nInput\n1 10 9 20 1\n\nOutput\n2\n\nInput\n1 100 50 200 75\n\nOutput\n50\n\n\n\n-----Note-----\n\nIn the first sample, they will be together during minutes 9 and 10.\n\nIn the second sample, they will be together from minute 50 to minute 74 and from minute 76 to minute 100.\nUse Standard Input format\nANSWER:\n\n\nAn example of step-by-step clues for finding the longest palindrome substring is displayed below:\n\n```json\n[\n{\"Clue of Step 1\": \"For a substring, if it is a palindrome and the length is greater than 2, it is still a palindrome after the first and last letters are removed. According to this idea, we can use dynamic programming to solve this problem.\"},\n{\"Clue of Step 2\": \"Then we should consider the state transition function. We use P(i,j) to indicate whether the string composed of the i-th to j-th letters of the string s (denoted as as s[i:j]) is a palindrome string. s[i:j] is a palindrome only if s[i+1:j\u22121] is a palindrome and the i and j letters of s are the same.\"},\n{\"Clue of Step 3\": \"We also need to consider the boundary conditions in dynamic programming. For a substring of length 1, it is obviously a palindrome string; For a substring of length 2, it is a palindrome as long as its two letters are the same.\"},\n{\"Clue of Step 4\": \"We also need to consider the the cyclic order of dynamic programming. In the state transition equation, we are moving from a shorter string to a longer string.\"},\n{\"Clue of Step 5\": \"The final answer is the maximum length of the valid sub-strings.\"}\n]\n```\nYou can refer to the following example and generate step-by-step clues for the given problem.\n\n\n-----Clues-----\nClue of Step 1: We can start by calculating the start and end of the overlapping period between the time intervals [l_1, r_1] and [l_2, r_2], ensuring we handle the case where k, the minute Sonya is unavailable, falls within this range.\n", "Clue of Step 2: Calculate the minimum of the ending points of both intervals to find the overlap's end time. This can be done using min(r_1, r_2).\n", "Clue of Step 2: Calculate the maximum of the starting points of both intervals to find the overlap's start time. This can be done using max(l_1, l_2).\n"], ["\nYou will be given a problem desciption.\n\nPlease analyze the problem and generate step-by-step clues of how to solve the problem with executable python code.\n\nThe problem:\n\n\nQUESTION:\nToday an outstanding event is going to happen in the forest\u00a0\u2014 hedgehog Filya will come to his old fried Sonya!\n\nSonya is an owl and she sleeps during the day and stay awake from minute l_1 to minute r_1 inclusive. Also, during the minute k she prinks and is unavailable for Filya.\n\nFilya works a lot and he plans to visit Sonya from minute l_2 to minute r_2 inclusive.\n\nCalculate the number of minutes they will be able to spend together.\n\n\n-----Input-----\n\nThe only line of the input contains integers l_1, r_1, l_2, r_2 and k (1 \u2264 l_1, r_1, l_2, r_2, k \u2264 10^18, l_1 \u2264 r_1, l_2 \u2264 r_2), providing the segments of time for Sonya and Filya and the moment of time when Sonya prinks.\n\n\n-----Output-----\n\nPrint one integer\u00a0\u2014 the number of minutes Sonya and Filya will be able to spend together.\n\n\n-----Examples-----\nInput\n1 10 9 20 1\n\nOutput\n2\n\nInput\n1 100 50 200 75\n\nOutput\n50\n\n\n\n-----Note-----\n\nIn the first sample, they will be together during minutes 9 and 10.\n\nIn the second sample, they will be together from minute 50 to minute 74 and from minute 76 to minute 100.\nUse Standard Input format\nANSWER:\n\n\nAn example of step-by-step clues for finding the longest palindrome substring is displayed below:\n\n```json\n[\n{\"Clue of Step 1\": \"For a substring, if it is a palindrome and the length is greater than 2, it is still a palindrome after the first and last letters are removed. According to this idea, we can use dynamic programming to solve this problem.\"},\n{\"Clue of Step 2\": \"Then we should consider the state transition function. We use P(i,j) to indicate whether the string composed of the i-th to j-th letters of the string s (denoted as as s[i:j]) is a palindrome string. s[i:j] is a palindrome only if s[i+1:j\u22121] is a palindrome and the i and j letters of s are the same.\"},\n{\"Clue of Step 3\": \"We also need to consider the boundary conditions in dynamic programming. For a substring of length 1, it is obviously a palindrome string; For a substring of length 2, it is a palindrome as long as its two letters are the same.\"},\n{\"Clue of Step 4\": \"We also need to consider the the cyclic order of dynamic programming. In the state transition equation, we are moving from a shorter string to a longer string.\"},\n{\"Clue of Step 5\": \"The final answer is the maximum length of the valid sub-strings.\"}\n]\n```\nYou can refer to the following example and generate step-by-step clues for the given problem.\n\n\n-----Clues-----\nClue of Step 1: We can start by calculating the start and end of the overlapping period between the time intervals [l_1, r_1] and [l_2, r_2], ensuring we handle the case where k, the minute Sonya is unavailable, falls within this range.\n", "Clue of Step 2: Determine if the overlap includes the minute k. If k falls within the overlap range, then reduce the overlap length by 1 minute.\n", "Clue of Step 2: Calculate the maximum of the starting points of both intervals to find the overlap's start time. This can be done using max(l_1, l_2).\n"], ["\nYou will be given a problem desciption.\n\nPlease analyze the problem and generate step-by-step clues of how to solve the problem with executable python code.\n\nThe problem:\n\n\nQUESTION:\nToday an outstanding event is going to happen in the forest\u00a0\u2014 hedgehog Filya will come to his old fried Sonya!\n\nSonya is an owl and she sleeps during the day and stay awake from minute l_1 to minute r_1 inclusive. Also, during the minute k she prinks and is unavailable for Filya.\n\nFilya works a lot and he plans to visit Sonya from minute l_2 to minute r_2 inclusive.\n\nCalculate the number of minutes they will be able to spend together.\n\n\n-----Input-----\n\nThe only line of the input contains integers l_1, r_1, l_2, r_2 and k (1 \u2264 l_1, r_1, l_2, r_2, k \u2264 10^18, l_1 \u2264 r_1, l_2 \u2264 r_2), providing the segments of time for Sonya and Filya and the moment of time when Sonya prinks.\n\n\n-----Output-----\n\nPrint one integer\u00a0\u2014 the number of minutes Sonya and Filya will be able to spend together.\n\n\n-----Examples-----\nInput\n1 10 9 20 1\n\nOutput\n2\n\nInput\n1 100 50 200 75\n\nOutput\n50\n\n\n\n-----Note-----\n\nIn the first sample, they will be together during minutes 9 and 10.\n\nIn the second sample, they will be together from minute 50 to minute 74 and from minute 76 to minute 100.\nUse Standard Input format\nANSWER:\n\n\nAn example of step-by-step clues for finding the longest palindrome substring is displayed below:\n\n```json\n[\n{\"Clue of Step 1\": \"For a substring, if it is a palindrome and the length is greater than 2, it is still a palindrome after the first and last letters are removed. According to this idea, we can use dynamic programming to solve this problem.\"},\n{\"Clue of Step 2\": \"Then we should consider the state transition function. We use P(i,j) to indicate whether the string composed of the i-th to j-th letters of the string s (denoted as as s[i:j]) is a palindrome string. s[i:j] is a palindrome only if s[i+1:j\u22121] is a palindrome and the i and j letters of s are the same.\"},\n{\"Clue of Step 3\": \"We also need to consider the boundary conditions in dynamic programming. For a substring of length 1, it is obviously a palindrome string; For a substring of length 2, it is a palindrome as long as its two letters are the same.\"},\n{\"Clue of Step 4\": \"We also need to consider the the cyclic order of dynamic programming. In the state transition equation, we are moving from a shorter string to a longer string.\"},\n{\"Clue of Step 5\": \"The final answer is the maximum length of the valid sub-strings.\"}\n]\n```\nYou can refer to the following example and generate step-by-step clues for the given problem.\n\n\n-----Clues-----\nClue of Step 1: We can start by calculating the start and end of the overlapping period between the time intervals [l_1, r_1] and [l_2, r_2], ensuring we handle the case where k, the minute Sonya is unavailable, falls within this range.\n", "Clue of Step 2: To calculate the overlapping time interval, find the latest start time between l_1 and l_2, i.e., max(l_1, l_2), and the earliest end time between r_1 and r_2, i.e., min(r_1, r_2). This gives the potential time range during which Filya and Sonya can meet.\n", "Clue of Step 2: Calculate the maximum of the starting points of both intervals to find the overlap's start time. This can be done using max(l_1, l_2).\n"], ["\nYou will be given a problem desciption.\n\nPlease analyze the problem and generate step-by-step clues of how to solve the problem with executable python code.\n\nThe problem:\n\n\nQUESTION:\nToday an outstanding event is going to happen in the forest\u00a0\u2014 hedgehog Filya will come to his old fried Sonya!\n\nSonya is an owl and she sleeps during the day and stay awake from minute l_1 to minute r_1 inclusive. Also, during the minute k she prinks and is unavailable for Filya.\n\nFilya works a lot and he plans to visit Sonya from minute l_2 to minute r_2 inclusive.\n\nCalculate the number of minutes they will be able to spend together.\n\n\n-----Input-----\n\nThe only line of the input contains integers l_1, r_1, l_2, r_2 and k (1 \u2264 l_1, r_1, l_2, r_2, k \u2264 10^18, l_1 \u2264 r_1, l_2 \u2264 r_2), providing the segments of time for Sonya and Filya and the moment of time when Sonya prinks.\n\n\n-----Output-----\n\nPrint one integer\u00a0\u2014 the number of minutes Sonya and Filya will be able to spend together.\n\n\n-----Examples-----\nInput\n1 10 9 20 1\n\nOutput\n2\n\nInput\n1 100 50 200 75\n\nOutput\n50\n\n\n\n-----Note-----\n\nIn the first sample, they will be together during minutes 9 and 10.\n\nIn the second sample, they will be together from minute 50 to minute 74 and from minute 76 to minute 100.\nUse Standard Input format\nANSWER:\n\n\nAn example of step-by-step clues for finding the longest palindrome substring is displayed below:\n\n```json\n[\n{\"Clue of Step 1\": \"For a substring, if it is a palindrome and the length is greater than 2, it is still a palindrome after the first and last letters are removed. According to this idea, we can use dynamic programming to solve this problem.\"},\n{\"Clue of Step 2\": \"Then we should consider the state transition function. We use P(i,j) to indicate whether the string composed of the i-th to j-th letters of the string s (denoted as as s[i:j]) is a palindrome string. s[i:j] is a palindrome only if s[i+1:j\u22121] is a palindrome and the i and j letters of s are the same.\"},\n{\"Clue of Step 3\": \"We also need to consider the boundary conditions in dynamic programming. For a substring of length 1, it is obviously a palindrome string; For a substring of length 2, it is a palindrome as long as its two letters are the same.\"},\n{\"Clue of Step 4\": \"We also need to consider the the cyclic order of dynamic programming. In the state transition equation, we are moving from a shorter string to a longer string.\"},\n{\"Clue of Step 5\": \"The final answer is the maximum length of the valid sub-strings.\"}\n]\n```\nYou can refer to the following example and generate step-by-step clues for the given problem.\n\n\n-----Clues-----\nClue of Step 1: We can start by calculating the start and end of the overlapping period between the time intervals [l_1, r_1] and [l_2, r_2], ensuring we handle the case where k, the minute Sonya is unavailable, falls within this range.\n", "Clue of Step 2: After determining the overlapping interval [max(l_1, l_2), min(r_1, r_2)], ensure that the prink time k does not fall within this interval. If k is within the overlapping interval, subtract 1 from the total duration to account for the minute Sonya is unavailable.\n", "Clue of Step 2: Calculate the maximum of the starting points of both intervals to find the overlap's start time. This can be done using max(l_1, l_2).\n"], ["\nYou will be given a problem desciption.\n\nPlease analyze the problem and generate step-by-step clues of how to solve the problem with executable python code.\n\nThe problem:\n\n\nQUESTION:\nToday an outstanding event is going to happen in the forest\u00a0\u2014 hedgehog Filya will come to his old fried Sonya!\n\nSonya is an owl and she sleeps during the day and stay awake from minute l_1 to minute r_1 inclusive. Also, during the minute k she prinks and is unavailable for Filya.\n\nFilya works a lot and he plans to visit Sonya from minute l_2 to minute r_2 inclusive.\n\nCalculate the number of minutes they will be able to spend together.\n\n\n-----Input-----\n\nThe only line of the input contains integers l_1, r_1, l_2, r_2 and k (1 \u2264 l_1, r_1, l_2, r_2, k \u2264 10^18, l_1 \u2264 r_1, l_2 \u2264 r_2), providing the segments of time for Sonya and Filya and the moment of time when Sonya prinks.\n\n\n-----Output-----\n\nPrint one integer\u00a0\u2014 the number of minutes Sonya and Filya will be able to spend together.\n\n\n-----Examples-----\nInput\n1 10 9 20 1\n\nOutput\n2\n\nInput\n1 100 50 200 75\n\nOutput\n50\n\n\n\n-----Note-----\n\nIn the first sample, they will be together during minutes 9 and 10.\n\nIn the second sample, they will be together from minute 50 to minute 74 and from minute 76 to minute 100.\nUse Standard Input format\nANSWER:\n\n\nAn example of step-by-step clues for finding the longest palindrome substring is displayed below:\n\n```json\n[\n{\"Clue of Step 1\": \"For a substring, if it is a palindrome and the length is greater than 2, it is still a palindrome after the first and last letters are removed. According to this idea, we can use dynamic programming to solve this problem.\"},\n{\"Clue of Step 2\": \"Then we should consider the state transition function. We use P(i,j) to indicate whether the string composed of the i-th to j-th letters of the string s (denoted as as s[i:j]) is a palindrome string. s[i:j] is a palindrome only if s[i+1:j\u22121] is a palindrome and the i and j letters of s are the same.\"},\n{\"Clue of Step 3\": \"We also need to consider the boundary conditions in dynamic programming. For a substring of length 1, it is obviously a palindrome string; For a substring of length 2, it is a palindrome as long as its two letters are the same.\"},\n{\"Clue of Step 4\": \"We also need to consider the the cyclic order of dynamic programming. In the state transition equation, we are moving from a shorter string to a longer string.\"},\n{\"Clue of Step 5\": \"The final answer is the maximum length of the valid sub-strings.\"}\n]\n```\nYou can refer to the following example and generate step-by-step clues for the given problem.\n\n\n-----Clues-----\nClue of Step 1: We can start by calculating the start and end of the overlapping period between the time intervals [l_1, r_1] and [l_2, r_2], ensuring we handle the case where k, the minute Sonya is unavailable, falls within this range.\n", "Clue of Step 2: If the overlapping interval is invalid (i.e., max(l_1, l_2) > min(r_1, r_2)), the result should be 0 because Filya and Sonya do not have any common time to meet.\n", "Clue of Step 2: Calculate the maximum of the starting points of both intervals to find the overlap's start time. This can be done using max(l_1, l_2).\n"], ["\nYou will be given a problem desciption.\n\nPlease analyze the problem and generate step-by-step clues of how to solve the problem with executable python code.\n\nThe problem:\n\n\nQUESTION:\nToday an outstanding event is going to happen in the forest\u00a0\u2014 hedgehog Filya will come to his old fried Sonya!\n\nSonya is an owl and she sleeps during the day and stay awake from minute l_1 to minute r_1 inclusive. Also, during the minute k she prinks and is unavailable for Filya.\n\nFilya works a lot and he plans to visit Sonya from minute l_2 to minute r_2 inclusive.\n\nCalculate the number of minutes they will be able to spend together.\n\n\n-----Input-----\n\nThe only line of the input contains integers l_1, r_1, l_2, r_2 and k (1 \u2264 l_1, r_1, l_2, r_2, k \u2264 10^18, l_1 \u2264 r_1, l_2 \u2264 r_2), providing the segments of time for Sonya and Filya and the moment of time when Sonya prinks.\n\n\n-----Output-----\n\nPrint one integer\u00a0\u2014 the number of minutes Sonya and Filya will be able to spend together.\n\n\n-----Examples-----\nInput\n1 10 9 20 1\n\nOutput\n2\n\nInput\n1 100 50 200 75\n\nOutput\n50\n\n\n\n-----Note-----\n\nIn the first sample, they will be together during minutes 9 and 10.\n\nIn the second sample, they will be together from minute 50 to minute 74 and from minute 76 to minute 100.\nUse Standard Input format\nANSWER:\n\n\nAn example of step-by-step clues for finding the longest palindrome substring is displayed below:\n\n```json\n[\n{\"Clue of Step 1\": \"For a substring, if it is a palindrome and the length is greater than 2, it is still a palindrome after the first and last letters are removed. According to this idea, we can use dynamic programming to solve this problem.\"},\n{\"Clue of Step 2\": \"Then we should consider the state transition function. We use P(i,j) to indicate whether the string composed of the i-th to j-th letters of the string s (denoted as as s[i:j]) is a palindrome string. s[i:j] is a palindrome only if s[i+1:j\u22121] is a palindrome and the i and j letters of s are the same.\"},\n{\"Clue of Step 3\": \"We also need to consider the boundary conditions in dynamic programming. For a substring of length 1, it is obviously a palindrome string; For a substring of length 2, it is a palindrome as long as its two letters are the same.\"},\n{\"Clue of Step 4\": \"We also need to consider the the cyclic order of dynamic programming. In the state transition equation, we are moving from a shorter string to a longer string.\"},\n{\"Clue of Step 5\": \"The final answer is the maximum length of the valid sub-strings.\"}\n]\n```\nYou can refer to the following example and generate step-by-step clues for the given problem.\n\n\n-----Clues-----\nClue of Step 1: Additionally, consider the prinking minute k. If k lies within the overlapping interval, subtract one minute from the total time they can spend together.\n", "Clue of Step 2: Determine the effective time intervals for Sonya and Filya to meet by calculating the overlapping range between their available minutes.\n", "Clue of Step 2: The overlapping interval can be calculated using the maximum of the starting times and the minimum of the ending times: start = max(l_1, l_2) and end = min(r_1, r_2).\n"], ["\nYou will be given a problem desciption.\n\nPlease analyze the problem and generate step-by-step clues of how to solve the problem with executable python code.\n\nThe problem:\n\n\nQUESTION:\nToday an outstanding event is going to happen in the forest\u00a0\u2014 hedgehog Filya will come to his old fried Sonya!\n\nSonya is an owl and she sleeps during the day and stay awake from minute l_1 to minute r_1 inclusive. Also, during the minute k she prinks and is unavailable for Filya.\n\nFilya works a lot and he plans to visit Sonya from minute l_2 to minute r_2 inclusive.\n\nCalculate the number of minutes they will be able to spend together.\n\n\n-----Input-----\n\nThe only line of the input contains integers l_1, r_1, l_2, r_2 and k (1 \u2264 l_1, r_1, l_2, r_2, k \u2264 10^18, l_1 \u2264 r_1, l_2 \u2264 r_2), providing the segments of time for Sonya and Filya and the moment of time when Sonya prinks.\n\n\n-----Output-----\n\nPrint one integer\u00a0\u2014 the number of minutes Sonya and Filya will be able to spend together.\n\n\n-----Examples-----\nInput\n1 10 9 20 1\n\nOutput\n2\n\nInput\n1 100 50 200 75\n\nOutput\n50\n\n\n\n-----Note-----\n\nIn the first sample, they will be together during minutes 9 and 10.\n\nIn the second sample, they will be together from minute 50 to minute 74 and from minute 76 to minute 100.\nUse Standard Input format\nANSWER:\n\n\nAn example of step-by-step clues for finding the longest palindrome substring is displayed below:\n\n```json\n[\n{\"Clue of Step 1\": \"For a substring, if it is a palindrome and the length is greater than 2, it is still a palindrome after the first and last letters are removed. According to this idea, we can use dynamic programming to solve this problem.\"},\n{\"Clue of Step 2\": \"Then we should consider the state transition function. We use P(i,j) to indicate whether the string composed of the i-th to j-th letters of the string s (denoted as as s[i:j]) is a palindrome string. s[i:j] is a palindrome only if s[i+1:j\u22121] is a palindrome and the i and j letters of s are the same.\"},\n{\"Clue of Step 3\": \"We also need to consider the boundary conditions in dynamic programming. For a substring of length 1, it is obviously a palindrome string; For a substring of length 2, it is a palindrome as long as its two letters are the same.\"},\n{\"Clue of Step 4\": \"We also need to consider the the cyclic order of dynamic programming. In the state transition equation, we are moving from a shorter string to a longer string.\"},\n{\"Clue of Step 5\": \"The final answer is the maximum length of the valid sub-strings.\"}\n]\n```\nYou can refer to the following example and generate step-by-step clues for the given problem.\n\n\n-----Clues-----\nClue of Step 1: Additionally, consider the prinking minute k. If k lies within the overlapping interval, subtract one minute from the total time they can spend together.\n", "Clue of Step 2: Determine the effective time intervals for Sonya and Filya to meet by calculating the overlapping range between their available minutes.\n", "Clue of Step 2: We should first find the overlapping time interval between Sonya's and Filya's active periods. The overlap can be calculated using the formula: max(0, min(r_1, r_2) - max(l_1, l_2) + 1). This gives the total minutes they could potentially spend together, excluding the prinking minute.\n"], ["\nYou will be given a problem desciption.\n\nPlease analyze the problem and generate step-by-step clues of how to solve the problem with executable python code.\n\nThe problem:\n\n\nQUESTION:\nToday an outstanding event is going to happen in the forest\u00a0\u2014 hedgehog Filya will come to his old fried Sonya!\n\nSonya is an owl and she sleeps during the day and stay awake from minute l_1 to minute r_1 inclusive. Also, during the minute k she prinks and is unavailable for Filya.\n\nFilya works a lot and he plans to visit Sonya from minute l_2 to minute r_2 inclusive.\n\nCalculate the number of minutes they will be able to spend together.\n\n\n-----Input-----\n\nThe only line of the input contains integers l_1, r_1, l_2, r_2 and k (1 \u2264 l_1, r_1, l_2, r_2, k \u2264 10^18, l_1 \u2264 r_1, l_2 \u2264 r_2), providing the segments of time for Sonya and Filya and the moment of time when Sonya prinks.\n\n\n-----Output-----\n\nPrint one integer\u00a0\u2014 the number of minutes Sonya and Filya will be able to spend together.\n\n\n-----Examples-----\nInput\n1 10 9 20 1\n\nOutput\n2\n\nInput\n1 100 50 200 75\n\nOutput\n50\n\n\n\n-----Note-----\n\nIn the first sample, they will be together during minutes 9 and 10.\n\nIn the second sample, they will be together from minute 50 to minute 74 and from minute 76 to minute 100.\nUse Standard Input format\nANSWER:\n\n\nAn example of step-by-step clues for finding the longest palindrome substring is displayed below:\n\n```json\n[\n{\"Clue of Step 1\": \"For a substring, if it is a palindrome and the length is greater than 2, it is still a palindrome after the first and last letters are removed. According to this idea, we can use dynamic programming to solve this problem.\"},\n{\"Clue of Step 2\": \"Then we should consider the state transition function. We use P(i,j) to indicate whether the string composed of the i-th to j-th letters of the string s (denoted as as s[i:j]) is a palindrome string. s[i:j] is a palindrome only if s[i+1:j\u22121] is a palindrome and the i and j letters of s are the same.\"},\n{\"Clue of Step 3\": \"We also need to consider the boundary conditions in dynamic programming. For a substring of length 1, it is obviously a palindrome string; For a substring of length 2, it is a palindrome as long as its two letters are the same.\"},\n{\"Clue of Step 4\": \"We also need to consider the the cyclic order of dynamic programming. In the state transition equation, we are moving from a shorter string to a longer string.\"},\n{\"Clue of Step 5\": \"The final answer is the maximum length of the valid sub-strings.\"}\n]\n```\nYou can refer to the following example and generate step-by-step clues for the given problem.\n\n\n-----Clues-----\nClue of Step 1: Additionally, consider the prinking minute k. If k lies within the overlapping interval, subtract one minute from the total time they can spend together.\n", "Clue of Step 2: After calculating the potential overlapping interval, check if the interval is valid (i.e., start <= end) to ensure they can actually meet.\n", "Clue of Step 2: The overlapping interval can be calculated using the maximum of the starting times and the minimum of the ending times: start = max(l_1, l_2) and end = min(r_1, r_2).\n"], ["\nYou will be given a problem desciption.\n\nPlease analyze the problem and generate step-by-step clues of how to solve the problem with executable python code.\n\nThe problem:\n\n\nQUESTION:\nToday an outstanding event is going to happen in the forest\u00a0\u2014 hedgehog Filya will come to his old fried Sonya!\n\nSonya is an owl and she sleeps during the day and stay awake from minute l_1 to minute r_1 inclusive. Also, during the minute k she prinks and is unavailable for Filya.\n\nFilya works a lot and he plans to visit Sonya from minute l_2 to minute r_2 inclusive.\n\nCalculate the number of minutes they will be able to spend together.\n\n\n-----Input-----\n\nThe only line of the input contains integers l_1, r_1, l_2, r_2 and k (1 \u2264 l_1, r_1, l_2, r_2, k \u2264 10^18, l_1 \u2264 r_1, l_2 \u2264 r_2), providing the segments of time for Sonya and Filya and the moment of time when Sonya prinks.\n\n\n-----Output-----\n\nPrint one integer\u00a0\u2014 the number of minutes Sonya and Filya will be able to spend together.\n\n\n-----Examples-----\nInput\n1 10 9 20 1\n\nOutput\n2\n\nInput\n1 100 50 200 75\n\nOutput\n50\n\n\n\n-----Note-----\n\nIn the first sample, they will be together during minutes 9 and 10.\n\nIn the second sample, they will be together from minute 50 to minute 74 and from minute 76 to minute 100.\nUse Standard Input format\nANSWER:\n\n\nAn example of step-by-step clues for finding the longest palindrome substring is displayed below:\n\n```json\n[\n{\"Clue of Step 1\": \"For a substring, if it is a palindrome and the length is greater than 2, it is still a palindrome after the first and last letters are removed. According to this idea, we can use dynamic programming to solve this problem.\"},\n{\"Clue of Step 2\": \"Then we should consider the state transition function. We use P(i,j) to indicate whether the string composed of the i-th to j-th letters of the string s (denoted as as s[i:j]) is a palindrome string. s[i:j] is a palindrome only if s[i+1:j\u22121] is a palindrome and the i and j letters of s are the same.\"},\n{\"Clue of Step 3\": \"We also need to consider the boundary conditions in dynamic programming. For a substring of length 1, it is obviously a palindrome string; For a substring of length 2, it is a palindrome as long as its two letters are the same.\"},\n{\"Clue of Step 4\": \"We also need to consider the the cyclic order of dynamic programming. In the state transition equation, we are moving from a shorter string to a longer string.\"},\n{\"Clue of Step 5\": \"The final answer is the maximum length of the valid sub-strings.\"}\n]\n```\nYou can refer to the following example and generate step-by-step clues for the given problem.\n\n\n-----Clues-----\nClue of Step 1: Additionally, consider the prinking minute k. If k lies within the overlapping interval, subtract one minute from the total time they can spend together.\n", "Clue of Step 2: After calculating the potential overlapping interval, check if the interval is valid (i.e., start <= end) to ensure they can actually meet.\n", "Clue of Step 2: We should first find the overlapping time interval between Sonya's and Filya's active periods. The overlap can be calculated using the formula: max(0, min(r_1, r_2) - max(l_1, l_2) + 1). This gives the total minutes they could potentially spend together, excluding the prinking minute.\n"], ["\nYou will be given a problem desciption.\n\nPlease analyze the problem and generate step-by-step clues of how to solve the problem with executable python code.\n\nThe problem:\n\n\nQUESTION:\nToday an outstanding event is going to happen in the forest\u00a0\u2014 hedgehog Filya will come to his old fried Sonya!\n\nSonya is an owl and she sleeps during the day and stay awake from minute l_1 to minute r_1 inclusive. Also, during the minute k she prinks and is unavailable for Filya.\n\nFilya works a lot and he plans to visit Sonya from minute l_2 to minute r_2 inclusive.\n\nCalculate the number of minutes they will be able to spend together.\n\n\n-----Input-----\n\nThe only line of the input contains integers l_1, r_1, l_2, r_2 and k (1 \u2264 l_1, r_1, l_2, r_2, k \u2264 10^18, l_1 \u2264 r_1, l_2 \u2264 r_2), providing the segments of time for Sonya and Filya and the moment of time when Sonya prinks.\n\n\n-----Output-----\n\nPrint one integer\u00a0\u2014 the number of minutes Sonya and Filya will be able to spend together.\n\n\n-----Examples-----\nInput\n1 10 9 20 1\n\nOutput\n2\n\nInput\n1 100 50 200 75\n\nOutput\n50\n\n\n\n-----Note-----\n\nIn the first sample, they will be together during minutes 9 and 10.\n\nIn the second sample, they will be together from minute 50 to minute 74 and from minute 76 to minute 100.\nUse Standard Input format\nANSWER:\n\n\nAn example of step-by-step clues for finding the longest palindrome substring is displayed below:\n\n```json\n[\n{\"Clue of Step 1\": \"For a substring, if it is a palindrome and the length is greater than 2, it is still a palindrome after the first and last letters are removed. According to this idea, we can use dynamic programming to solve this problem.\"},\n{\"Clue of Step 2\": \"Then we should consider the state transition function. We use P(i,j) to indicate whether the string composed of the i-th to j-th letters of the string s (denoted as as s[i:j]) is a palindrome string. s[i:j] is a palindrome only if s[i+1:j\u22121] is a palindrome and the i and j letters of s are the same.\"},\n{\"Clue of Step 3\": \"We also need to consider the boundary conditions in dynamic programming. For a substring of length 1, it is obviously a palindrome string; For a substring of length 2, it is a palindrome as long as its two letters are the same.\"},\n{\"Clue of Step 4\": \"We also need to consider the the cyclic order of dynamic programming. In the state transition equation, we are moving from a shorter string to a longer string.\"},\n{\"Clue of Step 5\": \"The final answer is the maximum length of the valid sub-strings.\"}\n]\n```\nYou can refer to the following example and generate step-by-step clues for the given problem.\n\n\n-----Clues-----\nClue of Step 1: Additionally, consider the prinking minute k. If k lies within the overlapping interval, subtract one minute from the total time they can spend together.\n", "Clue of Step 2: Once we have the overlapping interval, we need to check if the prinking minute k falls within this interval. If k is within the overlapping period, we subtract 1 minute from the total overlap.\n", "Clue of Step 2: The overlapping interval can be calculated using the maximum of the starting times and the minimum of the ending times: start = max(l_1, l_2) and end = min(r_1, r_2).\n"], ["\nYou will be given a problem desciption.\n\nPlease analyze the problem and generate step-by-step clues of how to solve the problem with executable python code.\n\nThe problem:\n\n\nQUESTION:\nToday an outstanding event is going to happen in the forest\u00a0\u2014 hedgehog Filya will come to his old fried Sonya!\n\nSonya is an owl and she sleeps during the day and stay awake from minute l_1 to minute r_1 inclusive. Also, during the minute k she prinks and is unavailable for Filya.\n\nFilya works a lot and he plans to visit Sonya from minute l_2 to minute r_2 inclusive.\n\nCalculate the number of minutes they will be able to spend together.\n\n\n-----Input-----\n\nThe only line of the input contains integers l_1, r_1, l_2, r_2 and k (1 \u2264 l_1, r_1, l_2, r_2, k \u2264 10^18, l_1 \u2264 r_1, l_2 \u2264 r_2), providing the segments of time for Sonya and Filya and the moment of time when Sonya prinks.\n\n\n-----Output-----\n\nPrint one integer\u00a0\u2014 the number of minutes Sonya and Filya will be able to spend together.\n\n\n-----Examples-----\nInput\n1 10 9 20 1\n\nOutput\n2\n\nInput\n1 100 50 200 75\n\nOutput\n50\n\n\n\n-----Note-----\n\nIn the first sample, they will be together during minutes 9 and 10.\n\nIn the second sample, they will be together from minute 50 to minute 74 and from minute 76 to minute 100.\nUse Standard Input format\nANSWER:\n\n\nAn example of step-by-step clues for finding the longest palindrome substring is displayed below:\n\n```json\n[\n{\"Clue of Step 1\": \"For a substring, if it is a palindrome and the length is greater than 2, it is still a palindrome after the first and last letters are removed. According to this idea, we can use dynamic programming to solve this problem.\"},\n{\"Clue of Step 2\": \"Then we should consider the state transition function. We use P(i,j) to indicate whether the string composed of the i-th to j-th letters of the string s (denoted as as s[i:j]) is a palindrome string. s[i:j] is a palindrome only if s[i+1:j\u22121] is a palindrome and the i and j letters of s are the same.\"},\n{\"Clue of Step 3\": \"We also need to consider the boundary conditions in dynamic programming. For a substring of length 1, it is obviously a palindrome string; For a substring of length 2, it is a palindrome as long as its two letters are the same.\"},\n{\"Clue of Step 4\": \"We also need to consider the the cyclic order of dynamic programming. In the state transition equation, we are moving from a shorter string to a longer string.\"},\n{\"Clue of Step 5\": \"The final answer is the maximum length of the valid sub-strings.\"}\n]\n```\nYou can refer to the following example and generate step-by-step clues for the given problem.\n\n\n-----Clues-----\nClue of Step 1: Additionally, consider the prinking minute k. If k lies within the overlapping interval, subtract one minute from the total time they can spend together.\n", "Clue of Step 2: Once we have the overlapping interval, we need to check if the prinking minute k falls within this interval. If k is within the overlapping period, we subtract 1 minute from the total overlap.\n", "Clue of Step 2: We should first find the overlapping time interval between Sonya's and Filya's active periods. The overlap can be calculated using the formula: max(0, min(r_1, r_2) - max(l_1, l_2) + 1). This gives the total minutes they could potentially spend together, excluding the prinking minute.\n"], ["\nYou will be given a problem desciption.\n\nPlease analyze the problem and generate step-by-step clues of how to solve the problem with executable python code.\n\nThe problem:\n\n\nQUESTION:\nToday an outstanding event is going to happen in the forest\u00a0\u2014 hedgehog Filya will come to his old fried Sonya!\n\nSonya is an owl and she sleeps during the day and stay awake from minute l_1 to minute r_1 inclusive. Also, during the minute k she prinks and is unavailable for Filya.\n\nFilya works a lot and he plans to visit Sonya from minute l_2 to minute r_2 inclusive.\n\nCalculate the number of minutes they will be able to spend together.\n\n\n-----Input-----\n\nThe only line of the input contains integers l_1, r_1, l_2, r_2 and k (1 \u2264 l_1, r_1, l_2, r_2, k \u2264 10^18, l_1 \u2264 r_1, l_2 \u2264 r_2), providing the segments of time for Sonya and Filya and the moment of time when Sonya prinks.\n\n\n-----Output-----\n\nPrint one integer\u00a0\u2014 the number of minutes Sonya and Filya will be able to spend together.\n\n\n-----Examples-----\nInput\n1 10 9 20 1\n\nOutput\n2\n\nInput\n1 100 50 200 75\n\nOutput\n50\n\n\n\n-----Note-----\n\nIn the first sample, they will be together during minutes 9 and 10.\n\nIn the second sample, they will be together from minute 50 to minute 74 and from minute 76 to minute 100.\nUse Standard Input format\nANSWER:\n\n\nAn example of step-by-step clues for finding the longest palindrome substring is displayed below:\n\n```json\n[\n{\"Clue of Step 1\": \"For a substring, if it is a palindrome and the length is greater than 2, it is still a palindrome after the first and last letters are removed. According to this idea, we can use dynamic programming to solve this problem.\"},\n{\"Clue of Step 2\": \"Then we should consider the state transition function. We use P(i,j) to indicate whether the string composed of the i-th to j-th letters of the string s (denoted as as s[i:j]) is a palindrome string. s[i:j] is a palindrome only if s[i+1:j\u22121] is a palindrome and the i and j letters of s are the same.\"},\n{\"Clue of Step 3\": \"We also need to consider the boundary conditions in dynamic programming. For a substring of length 1, it is obviously a palindrome string; For a substring of length 2, it is a palindrome as long as its two letters are the same.\"},\n{\"Clue of Step 4\": \"We also need to consider the the cyclic order of dynamic programming. In the state transition equation, we are moving from a shorter string to a longer string.\"},\n{\"Clue of Step 5\": \"The final answer is the maximum length of the valid sub-strings.\"}\n]\n```\nYou can refer to the following example and generate step-by-step clues for the given problem.\n\n\n-----Clues-----\nClue of Step 1: Additionally, consider the prinking minute k. If k lies within the overlapping interval, subtract one minute from the total time they can spend together.\n", "Clue of Step 2: It's important to handle edge cases where the overlap is 0 or negative, meaning they don't have any common time. In such cases, no time should be subtracted, and the result should simply be 0.\n", "Clue of Step 2: The overlapping interval can be calculated using the maximum of the starting times and the minimum of the ending times: start = max(l_1, l_2) and end = min(r_1, r_2).\n"], ["\nYou will be given a problem desciption.\n\nPlease analyze the problem and generate step-by-step clues of how to solve the problem with executable python code.\n\nThe problem:\n\n\nQUESTION:\nToday an outstanding event is going to happen in the forest\u00a0\u2014 hedgehog Filya will come to his old fried Sonya!\n\nSonya is an owl and she sleeps during the day and stay awake from minute l_1 to minute r_1 inclusive. Also, during the minute k she prinks and is unavailable for Filya.\n\nFilya works a lot and he plans to visit Sonya from minute l_2 to minute r_2 inclusive.\n\nCalculate the number of minutes they will be able to spend together.\n\n\n-----Input-----\n\nThe only line of the input contains integers l_1, r_1, l_2, r_2 and k (1 \u2264 l_1, r_1, l_2, r_2, k \u2264 10^18, l_1 \u2264 r_1, l_2 \u2264 r_2), providing the segments of time for Sonya and Filya and the moment of time when Sonya prinks.\n\n\n-----Output-----\n\nPrint one integer\u00a0\u2014 the number of minutes Sonya and Filya will be able to spend together.\n\n\n-----Examples-----\nInput\n1 10 9 20 1\n\nOutput\n2\n\nInput\n1 100 50 200 75\n\nOutput\n50\n\n\n\n-----Note-----\n\nIn the first sample, they will be together during minutes 9 and 10.\n\nIn the second sample, they will be together from minute 50 to minute 74 and from minute 76 to minute 100.\nUse Standard Input format\nANSWER:\n\n\nAn example of step-by-step clues for finding the longest palindrome substring is displayed below:\n\n```json\n[\n{\"Clue of Step 1\": \"For a substring, if it is a palindrome and the length is greater than 2, it is still a palindrome after the first and last letters are removed. According to this idea, we can use dynamic programming to solve this problem.\"},\n{\"Clue of Step 2\": \"Then we should consider the state transition function. We use P(i,j) to indicate whether the string composed of the i-th to j-th letters of the string s (denoted as as s[i:j]) is a palindrome string. s[i:j] is a palindrome only if s[i+1:j\u22121] is a palindrome and the i and j letters of s are the same.\"},\n{\"Clue of Step 3\": \"We also need to consider the boundary conditions in dynamic programming. For a substring of length 1, it is obviously a palindrome string; For a substring of length 2, it is a palindrome as long as its two letters are the same.\"},\n{\"Clue of Step 4\": \"We also need to consider the the cyclic order of dynamic programming. In the state transition equation, we are moving from a shorter string to a longer string.\"},\n{\"Clue of Step 5\": \"The final answer is the maximum length of the valid sub-strings.\"}\n]\n```\nYou can refer to the following example and generate step-by-step clues for the given problem.\n\n\n-----Clues-----\nClue of Step 1: Additionally, consider the prinking minute k. If k lies within the overlapping interval, subtract one minute from the total time they can spend together.\n", "Clue of Step 2: It's important to handle edge cases where the overlap is 0 or negative, meaning they don't have any common time. In such cases, no time should be subtracted, and the result should simply be 0.\n", "Clue of Step 2: We should first find the overlapping time interval between Sonya's and Filya's active periods. The overlap can be calculated using the formula: max(0, min(r_1, r_2) - max(l_1, l_2) + 1). This gives the total minutes they could potentially spend together, excluding the prinking minute.\n"]], "SFT": ["\nYou will be given a problem desciption.\n\nPlease analyze the problem and generate step-by-step clues of how to solve the problem with executable python code.\n\nThe problem:\n\n\nQUESTION:\nToday an outstanding event is going to happen in the forest\u00a0\u2014 hedgehog Filya will come to his old fried Sonya!\n\nSonya is an owl and she sleeps during the day and stay awake from minute l_1 to minute r_1 inclusive. Also, during the minute k she prinks and is unavailable for Filya.\n\nFilya works a lot and he plans to visit Sonya from minute l_2 to minute r_2 inclusive.\n\nCalculate the number of minutes they will be able to spend together.\n\n\n-----Input-----\n\nThe only line of the input contains integers l_1, r_1, l_2, r_2 and k (1 \u2264 l_1, r_1, l_2, r_2, k \u2264 10^18, l_1 \u2264 r_1, l_2 \u2264 r_2), providing the segments of time for Sonya and Filya and the moment of time when Sonya prinks.\n\n\n-----Output-----\n\nPrint one integer\u00a0\u2014 the number of minutes Sonya and Filya will be able to spend together.\n\n\n-----Examples-----\nInput\n1 10 9 20 1\n\nOutput\n2\n\nInput\n1 100 50 200 75\n\nOutput\n50\n\n\n\n-----Note-----\n\nIn the first sample, they will be together during minutes 9 and 10.\n\nIn the second sample, they will be together from minute 50 to minute 74 and from minute 76 to minute 100.\nUse Standard Input format\nANSWER:\n\n\nAn example of step-by-step clues for finding the longest palindrome substring is displayed below:\n\n```json\n[\n{\"Clue of Step 1\": \"For a substring, if it is a palindrome and the length is greater than 2, it is still a palindrome after the first and last letters are removed. According to this idea, we can use dynamic programming to solve this problem.\"},\n{\"Clue of Step 2\": \"Then we should consider the state transition function. We use P(i,j) to indicate whether the string composed of the i-th to j-th letters of the string s (denoted as as s[i:j]) is a palindrome string. s[i:j] is a palindrome only if s[i+1:j\u22121] is a palindrome and the i and j letters of s are the same.\"},\n{\"Clue of Step 3\": \"We also need to consider the boundary conditions in dynamic programming. For a substring of length 1, it is obviously a palindrome string; For a substring of length 2, it is a palindrome as long as its two letters are the same.\"},\n{\"Clue of Step 4\": \"We also need to consider the the cyclic order of dynamic programming. In the state transition equation, we are moving from a shorter string to a longer string.\"},\n{\"Clue of Step 5\": \"The final answer is the maximum length of the valid sub-strings.\"}\n]\n```\nYou can refer to the following example and generate step-by-step clues for the given problem.\n\n\n-----Clues-----\nClue of Step 1: Additionally, consider the prinking minute k. If k lies within the overlapping interval, subtract one minute from the total time they can spend together.\n", "```python\ndef calculate_meeting_time(l1, r1, l2, r2, k):\n    # Calculate the overlapping time interval\n    start = max(l1, l2)\n    end = min(r1, r2)\n\n    # Determine the total minutes they can spend together\n    if start > end:\n        return 0  # No overlap\n\n    total_minutes = end - start + 1\n\n    # Exclude the minute when Sonya is unavailable due to prinking\n    if start <= k <= end:\n        total_minutes -= 1\n\n    return total_minutes\n\n\n# Read input data\nl1, r1, l2, r2, k = map(int, input().split())\nresult = calculate_meeting_time(l1, r1, l2, r2, k)\nprint(result)\n```"]}