{"StepDPO": [["\nYou will be given a problem desciption.\n\nPlease analyze the problem and generate step-by-step clues of how to solve the problem with executable python code.\n\nThe problem:\n\n\nQUESTION:\nImp is watching a documentary about cave painting. [Image] \n\nSome numbers, carved in chaotic order, immediately attracted his attention. Imp rapidly proposed a guess that they are the remainders of division of a number n by all integers i from 1 to k. Unfortunately, there are too many integers to analyze for Imp.\n\nImp wants you to check whether all these remainders are distinct. Formally, he wants to check, if all $n \\text{mod} i$, 1 \u2264 i \u2264 k, are distinct, i.\u00a0e. there is no such pair (i, j) that:   1 \u2264 i < j \u2264 k,  $n \\operatorname{mod} i = n \\operatorname{mod} j$, where $x \\operatorname{mod} y$ is the remainder of division x by y. \n\n\n-----Input-----\n\nThe only line contains two integers n, k (1 \u2264 n, k \u2264 10^18).\n\n\n-----Output-----\n\nPrint \"Yes\", if all the remainders are distinct, and \"No\" otherwise.\n\nYou can print each letter in arbitrary case (lower or upper).\n\n\n-----Examples-----\nInput\n4 4\n\nOutput\nNo\n\nInput\n5 3\n\nOutput\nYes\n\n\n\n-----Note-----\n\nIn the first sample remainders modulo 1 and 4 coincide.\nUse Standard Input format\nANSWER:\n\n\nAn example of step-by-step clues for finding the longest palindrome substring is displayed below:\n\n```json\n[\n{\"Clue of Step 1\": \"For a substring, if it is a palindrome and the length is greater than 2, it is still a palindrome after the first and last letters are removed. According to this idea, we can use dynamic programming to solve this problem.\"},\n{\"Clue of Step 2\": \"Then we should consider the state transition function. We use P(i,j) to indicate whether the string composed of the i-th to j-th letters of the string s (denoted as as s[i:j]) is a palindrome string. s[i:j] is a palindrome only if s[i+1:j\u22121] is a palindrome and the i and j letters of s are the same.\"},\n{\"Clue of Step 3\": \"We also need to consider the boundary conditions in dynamic programming. For a substring of length 1, it is obviously a palindrome string; For a substring of length 2, it is a palindrome as long as its two letters are the same.\"},\n{\"Clue of Step 4\": \"We also need to consider the the cyclic order of dynamic programming. In the state transition equation, we are moving from a shorter string to a longer string.\"},\n{\"Clue of Step 5\": \"The final answer is the maximum length of the valid sub-strings.\"}\n]\n```\nYou can refer to the following example and generate step-by-step clues for the given problem.\n\n\n-----Clues-----\nClue of Step 1: We should iterate through all integers i from 1 to k, calculating the remainder n mod i for each i.\n", "Clue of Step 2: We should use a set to store the remainders to easily check for duplicates since sets do not allow duplicate values.\n", "Clue of Step 2: We can iterate from 1 to k and calculate the remainder n mod i for each i, adding each result to the set.\n"], ["\nYou will be given a problem desciption.\n\nPlease analyze the problem and generate step-by-step clues of how to solve the problem with executable python code.\n\nThe problem:\n\n\nQUESTION:\nImp is watching a documentary about cave painting. [Image] \n\nSome numbers, carved in chaotic order, immediately attracted his attention. Imp rapidly proposed a guess that they are the remainders of division of a number n by all integers i from 1 to k. Unfortunately, there are too many integers to analyze for Imp.\n\nImp wants you to check whether all these remainders are distinct. Formally, he wants to check, if all $n \\text{mod} i$, 1 \u2264 i \u2264 k, are distinct, i.\u00a0e. there is no such pair (i, j) that:   1 \u2264 i < j \u2264 k,  $n \\operatorname{mod} i = n \\operatorname{mod} j$, where $x \\operatorname{mod} y$ is the remainder of division x by y. \n\n\n-----Input-----\n\nThe only line contains two integers n, k (1 \u2264 n, k \u2264 10^18).\n\n\n-----Output-----\n\nPrint \"Yes\", if all the remainders are distinct, and \"No\" otherwise.\n\nYou can print each letter in arbitrary case (lower or upper).\n\n\n-----Examples-----\nInput\n4 4\n\nOutput\nNo\n\nInput\n5 3\n\nOutput\nYes\n\n\n\n-----Note-----\n\nIn the first sample remainders modulo 1 and 4 coincide.\nUse Standard Input format\nANSWER:\n\n\nAn example of step-by-step clues for finding the longest palindrome substring is displayed below:\n\n```json\n[\n{\"Clue of Step 1\": \"For a substring, if it is a palindrome and the length is greater than 2, it is still a palindrome after the first and last letters are removed. According to this idea, we can use dynamic programming to solve this problem.\"},\n{\"Clue of Step 2\": \"Then we should consider the state transition function. We use P(i,j) to indicate whether the string composed of the i-th to j-th letters of the string s (denoted as as s[i:j]) is a palindrome string. s[i:j] is a palindrome only if s[i+1:j\u22121] is a palindrome and the i and j letters of s are the same.\"},\n{\"Clue of Step 3\": \"We also need to consider the boundary conditions in dynamic programming. For a substring of length 1, it is obviously a palindrome string; For a substring of length 2, it is a palindrome as long as its two letters are the same.\"},\n{\"Clue of Step 4\": \"We also need to consider the the cyclic order of dynamic programming. In the state transition equation, we are moving from a shorter string to a longer string.\"},\n{\"Clue of Step 5\": \"The final answer is the maximum length of the valid sub-strings.\"}\n]\n```\nYou can refer to the following example and generate step-by-step clues for the given problem.\n\n\n-----Clues-----\nClue of Step 1: We should iterate through all integers i from 1 to k, calculating the remainder n mod i for each i.\n", "Clue of Step 2: We should use a set to store the remainders to easily check for duplicates since sets do not allow duplicate values.\n", "Clue of Step 2: To ensure the remainders are distinct, we can use a set to store each remainder as we calculate it. Since sets in Python do not allow duplicate values, we can easily check for duplicates by attempting to add each remainder to the set and comparing its size before and after.\n"], ["\nYou will be given a problem desciption.\n\nPlease analyze the problem and generate step-by-step clues of how to solve the problem with executable python code.\n\nThe problem:\n\n\nQUESTION:\nImp is watching a documentary about cave painting. [Image] \n\nSome numbers, carved in chaotic order, immediately attracted his attention. Imp rapidly proposed a guess that they are the remainders of division of a number n by all integers i from 1 to k. Unfortunately, there are too many integers to analyze for Imp.\n\nImp wants you to check whether all these remainders are distinct. Formally, he wants to check, if all $n \\text{mod} i$, 1 \u2264 i \u2264 k, are distinct, i.\u00a0e. there is no such pair (i, j) that:   1 \u2264 i < j \u2264 k,  $n \\operatorname{mod} i = n \\operatorname{mod} j$, where $x \\operatorname{mod} y$ is the remainder of division x by y. \n\n\n-----Input-----\n\nThe only line contains two integers n, k (1 \u2264 n, k \u2264 10^18).\n\n\n-----Output-----\n\nPrint \"Yes\", if all the remainders are distinct, and \"No\" otherwise.\n\nYou can print each letter in arbitrary case (lower or upper).\n\n\n-----Examples-----\nInput\n4 4\n\nOutput\nNo\n\nInput\n5 3\n\nOutput\nYes\n\n\n\n-----Note-----\n\nIn the first sample remainders modulo 1 and 4 coincide.\nUse Standard Input format\nANSWER:\n\n\nAn example of step-by-step clues for finding the longest palindrome substring is displayed below:\n\n```json\n[\n{\"Clue of Step 1\": \"For a substring, if it is a palindrome and the length is greater than 2, it is still a palindrome after the first and last letters are removed. According to this idea, we can use dynamic programming to solve this problem.\"},\n{\"Clue of Step 2\": \"Then we should consider the state transition function. We use P(i,j) to indicate whether the string composed of the i-th to j-th letters of the string s (denoted as as s[i:j]) is a palindrome string. s[i:j] is a palindrome only if s[i+1:j\u22121] is a palindrome and the i and j letters of s are the same.\"},\n{\"Clue of Step 3\": \"We also need to consider the boundary conditions in dynamic programming. For a substring of length 1, it is obviously a palindrome string; For a substring of length 2, it is a palindrome as long as its two letters are the same.\"},\n{\"Clue of Step 4\": \"We also need to consider the the cyclic order of dynamic programming. In the state transition equation, we are moving from a shorter string to a longer string.\"},\n{\"Clue of Step 5\": \"The final answer is the maximum length of the valid sub-strings.\"}\n]\n```\nYou can refer to the following example and generate step-by-step clues for the given problem.\n\n\n-----Clues-----\nClue of Step 1: We should iterate through all integers i from 1 to k, calculating the remainder n mod i for each i.\n", "Clue of Step 2: After calculating the remainders, we should compare the size of the set (which holds distinct values) to k to determine if any duplicates exist.\n", "Clue of Step 2: We can iterate from 1 to k and calculate the remainder n mod i for each i, adding each result to the set.\n"], ["\nYou will be given a problem desciption.\n\nPlease analyze the problem and generate step-by-step clues of how to solve the problem with executable python code.\n\nThe problem:\n\n\nQUESTION:\nImp is watching a documentary about cave painting. [Image] \n\nSome numbers, carved in chaotic order, immediately attracted his attention. Imp rapidly proposed a guess that they are the remainders of division of a number n by all integers i from 1 to k. Unfortunately, there are too many integers to analyze for Imp.\n\nImp wants you to check whether all these remainders are distinct. Formally, he wants to check, if all $n \\text{mod} i$, 1 \u2264 i \u2264 k, are distinct, i.\u00a0e. there is no such pair (i, j) that:   1 \u2264 i < j \u2264 k,  $n \\operatorname{mod} i = n \\operatorname{mod} j$, where $x \\operatorname{mod} y$ is the remainder of division x by y. \n\n\n-----Input-----\n\nThe only line contains two integers n, k (1 \u2264 n, k \u2264 10^18).\n\n\n-----Output-----\n\nPrint \"Yes\", if all the remainders are distinct, and \"No\" otherwise.\n\nYou can print each letter in arbitrary case (lower or upper).\n\n\n-----Examples-----\nInput\n4 4\n\nOutput\nNo\n\nInput\n5 3\n\nOutput\nYes\n\n\n\n-----Note-----\n\nIn the first sample remainders modulo 1 and 4 coincide.\nUse Standard Input format\nANSWER:\n\n\nAn example of step-by-step clues for finding the longest palindrome substring is displayed below:\n\n```json\n[\n{\"Clue of Step 1\": \"For a substring, if it is a palindrome and the length is greater than 2, it is still a palindrome after the first and last letters are removed. According to this idea, we can use dynamic programming to solve this problem.\"},\n{\"Clue of Step 2\": \"Then we should consider the state transition function. We use P(i,j) to indicate whether the string composed of the i-th to j-th letters of the string s (denoted as as s[i:j]) is a palindrome string. s[i:j] is a palindrome only if s[i+1:j\u22121] is a palindrome and the i and j letters of s are the same.\"},\n{\"Clue of Step 3\": \"We also need to consider the boundary conditions in dynamic programming. For a substring of length 1, it is obviously a palindrome string; For a substring of length 2, it is a palindrome as long as its two letters are the same.\"},\n{\"Clue of Step 4\": \"We also need to consider the the cyclic order of dynamic programming. In the state transition equation, we are moving from a shorter string to a longer string.\"},\n{\"Clue of Step 5\": \"The final answer is the maximum length of the valid sub-strings.\"}\n]\n```\nYou can refer to the following example and generate step-by-step clues for the given problem.\n\n\n-----Clues-----\nClue of Step 1: We should iterate through all integers i from 1 to k, calculating the remainder n mod i for each i.\n", "Clue of Step 2: After calculating the remainders, we should compare the size of the set (which holds distinct values) to k to determine if any duplicates exist.\n", "Clue of Step 2: To ensure the remainders are distinct, we can use a set to store each remainder as we calculate it. Since sets in Python do not allow duplicate values, we can easily check for duplicates by attempting to add each remainder to the set and comparing its size before and after.\n"], ["\nYou will be given a problem desciption.\n\nPlease analyze the problem and generate step-by-step clues of how to solve the problem with executable python code.\n\nThe problem:\n\n\nQUESTION:\nImp is watching a documentary about cave painting. [Image] \n\nSome numbers, carved in chaotic order, immediately attracted his attention. Imp rapidly proposed a guess that they are the remainders of division of a number n by all integers i from 1 to k. Unfortunately, there are too many integers to analyze for Imp.\n\nImp wants you to check whether all these remainders are distinct. Formally, he wants to check, if all $n \\text{mod} i$, 1 \u2264 i \u2264 k, are distinct, i.\u00a0e. there is no such pair (i, j) that:   1 \u2264 i < j \u2264 k,  $n \\operatorname{mod} i = n \\operatorname{mod} j$, where $x \\operatorname{mod} y$ is the remainder of division x by y. \n\n\n-----Input-----\n\nThe only line contains two integers n, k (1 \u2264 n, k \u2264 10^18).\n\n\n-----Output-----\n\nPrint \"Yes\", if all the remainders are distinct, and \"No\" otherwise.\n\nYou can print each letter in arbitrary case (lower or upper).\n\n\n-----Examples-----\nInput\n4 4\n\nOutput\nNo\n\nInput\n5 3\n\nOutput\nYes\n\n\n\n-----Note-----\n\nIn the first sample remainders modulo 1 and 4 coincide.\nUse Standard Input format\nANSWER:\n\n\nAn example of step-by-step clues for finding the longest palindrome substring is displayed below:\n\n```json\n[\n{\"Clue of Step 1\": \"For a substring, if it is a palindrome and the length is greater than 2, it is still a palindrome after the first and last letters are removed. According to this idea, we can use dynamic programming to solve this problem.\"},\n{\"Clue of Step 2\": \"Then we should consider the state transition function. We use P(i,j) to indicate whether the string composed of the i-th to j-th letters of the string s (denoted as as s[i:j]) is a palindrome string. s[i:j] is a palindrome only if s[i+1:j\u22121] is a palindrome and the i and j letters of s are the same.\"},\n{\"Clue of Step 3\": \"We also need to consider the boundary conditions in dynamic programming. For a substring of length 1, it is obviously a palindrome string; For a substring of length 2, it is a palindrome as long as its two letters are the same.\"},\n{\"Clue of Step 4\": \"We also need to consider the the cyclic order of dynamic programming. In the state transition equation, we are moving from a shorter string to a longer string.\"},\n{\"Clue of Step 5\": \"The final answer is the maximum length of the valid sub-strings.\"}\n]\n```\nYou can refer to the following example and generate step-by-step clues for the given problem.\n\n\n-----Clues-----\nClue of Step 1: We should iterate through all integers i from 1 to k, calculating the remainder n mod i for each i.\n", "Clue of Step 2: We should break the loop early if we find a duplicate remainder. If at any point the current remainder n % i is already in the set, we can immediately print 'No' and terminate, since the remainders are not distinct.\n", "Clue of Step 2: We can iterate from 1 to k and calculate the remainder n mod i for each i, adding each result to the set.\n"], ["\nYou will be given a problem desciption.\n\nPlease analyze the problem and generate step-by-step clues of how to solve the problem with executable python code.\n\nThe problem:\n\n\nQUESTION:\nImp is watching a documentary about cave painting. [Image] \n\nSome numbers, carved in chaotic order, immediately attracted his attention. Imp rapidly proposed a guess that they are the remainders of division of a number n by all integers i from 1 to k. Unfortunately, there are too many integers to analyze for Imp.\n\nImp wants you to check whether all these remainders are distinct. Formally, he wants to check, if all $n \\text{mod} i$, 1 \u2264 i \u2264 k, are distinct, i.\u00a0e. there is no such pair (i, j) that:   1 \u2264 i < j \u2264 k,  $n \\operatorname{mod} i = n \\operatorname{mod} j$, where $x \\operatorname{mod} y$ is the remainder of division x by y. \n\n\n-----Input-----\n\nThe only line contains two integers n, k (1 \u2264 n, k \u2264 10^18).\n\n\n-----Output-----\n\nPrint \"Yes\", if all the remainders are distinct, and \"No\" otherwise.\n\nYou can print each letter in arbitrary case (lower or upper).\n\n\n-----Examples-----\nInput\n4 4\n\nOutput\nNo\n\nInput\n5 3\n\nOutput\nYes\n\n\n\n-----Note-----\n\nIn the first sample remainders modulo 1 and 4 coincide.\nUse Standard Input format\nANSWER:\n\n\nAn example of step-by-step clues for finding the longest palindrome substring is displayed below:\n\n```json\n[\n{\"Clue of Step 1\": \"For a substring, if it is a palindrome and the length is greater than 2, it is still a palindrome after the first and last letters are removed. According to this idea, we can use dynamic programming to solve this problem.\"},\n{\"Clue of Step 2\": \"Then we should consider the state transition function. We use P(i,j) to indicate whether the string composed of the i-th to j-th letters of the string s (denoted as as s[i:j]) is a palindrome string. s[i:j] is a palindrome only if s[i+1:j\u22121] is a palindrome and the i and j letters of s are the same.\"},\n{\"Clue of Step 3\": \"We also need to consider the boundary conditions in dynamic programming. For a substring of length 1, it is obviously a palindrome string; For a substring of length 2, it is a palindrome as long as its two letters are the same.\"},\n{\"Clue of Step 4\": \"We also need to consider the the cyclic order of dynamic programming. In the state transition equation, we are moving from a shorter string to a longer string.\"},\n{\"Clue of Step 5\": \"The final answer is the maximum length of the valid sub-strings.\"}\n]\n```\nYou can refer to the following example and generate step-by-step clues for the given problem.\n\n\n-----Clues-----\nClue of Step 1: We should iterate through all integers i from 1 to k, calculating the remainder n mod i for each i.\n", "Clue of Step 2: We should break the loop early if we find a duplicate remainder. If at any point the current remainder n % i is already in the set, we can immediately print 'No' and terminate, since the remainders are not distinct.\n", "Clue of Step 2: To ensure the remainders are distinct, we can use a set to store each remainder as we calculate it. Since sets in Python do not allow duplicate values, we can easily check for duplicates by attempting to add each remainder to the set and comparing its size before and after.\n"], ["\nYou will be given a problem desciption.\n\nPlease analyze the problem and generate step-by-step clues of how to solve the problem with executable python code.\n\nThe problem:\n\n\nQUESTION:\nImp is watching a documentary about cave painting. [Image] \n\nSome numbers, carved in chaotic order, immediately attracted his attention. Imp rapidly proposed a guess that they are the remainders of division of a number n by all integers i from 1 to k. Unfortunately, there are too many integers to analyze for Imp.\n\nImp wants you to check whether all these remainders are distinct. Formally, he wants to check, if all $n \\text{mod} i$, 1 \u2264 i \u2264 k, are distinct, i.\u00a0e. there is no such pair (i, j) that:   1 \u2264 i < j \u2264 k,  $n \\operatorname{mod} i = n \\operatorname{mod} j$, where $x \\operatorname{mod} y$ is the remainder of division x by y. \n\n\n-----Input-----\n\nThe only line contains two integers n, k (1 \u2264 n, k \u2264 10^18).\n\n\n-----Output-----\n\nPrint \"Yes\", if all the remainders are distinct, and \"No\" otherwise.\n\nYou can print each letter in arbitrary case (lower or upper).\n\n\n-----Examples-----\nInput\n4 4\n\nOutput\nNo\n\nInput\n5 3\n\nOutput\nYes\n\n\n\n-----Note-----\n\nIn the first sample remainders modulo 1 and 4 coincide.\nUse Standard Input format\nANSWER:\n\n\nAn example of step-by-step clues for finding the longest palindrome substring is displayed below:\n\n```json\n[\n{\"Clue of Step 1\": \"For a substring, if it is a palindrome and the length is greater than 2, it is still a palindrome after the first and last letters are removed. According to this idea, we can use dynamic programming to solve this problem.\"},\n{\"Clue of Step 2\": \"Then we should consider the state transition function. We use P(i,j) to indicate whether the string composed of the i-th to j-th letters of the string s (denoted as as s[i:j]) is a palindrome string. s[i:j] is a palindrome only if s[i+1:j\u22121] is a palindrome and the i and j letters of s are the same.\"},\n{\"Clue of Step 3\": \"We also need to consider the boundary conditions in dynamic programming. For a substring of length 1, it is obviously a palindrome string; For a substring of length 2, it is a palindrome as long as its two letters are the same.\"},\n{\"Clue of Step 4\": \"We also need to consider the the cyclic order of dynamic programming. In the state transition equation, we are moving from a shorter string to a longer string.\"},\n{\"Clue of Step 5\": \"The final answer is the maximum length of the valid sub-strings.\"}\n]\n```\nYou can refer to the following example and generate step-by-step clues for the given problem.\n\n\n-----Clues-----\nClue of Step 1: We should iterate through all integers i from 1 to k, calculating the remainder n mod i for each i.\n", "Clue of Step 2: After iterating through all integers from 1 to k, if no duplicates are found, we can safely print 'Yes', meaning all remainders are distinct.\n", "Clue of Step 2: We can iterate from 1 to k and calculate the remainder n mod i for each i, adding each result to the set.\n"], ["\nYou will be given a problem desciption.\n\nPlease analyze the problem and generate step-by-step clues of how to solve the problem with executable python code.\n\nThe problem:\n\n\nQUESTION:\nImp is watching a documentary about cave painting. [Image] \n\nSome numbers, carved in chaotic order, immediately attracted his attention. Imp rapidly proposed a guess that they are the remainders of division of a number n by all integers i from 1 to k. Unfortunately, there are too many integers to analyze for Imp.\n\nImp wants you to check whether all these remainders are distinct. Formally, he wants to check, if all $n \\text{mod} i$, 1 \u2264 i \u2264 k, are distinct, i.\u00a0e. there is no such pair (i, j) that:   1 \u2264 i < j \u2264 k,  $n \\operatorname{mod} i = n \\operatorname{mod} j$, where $x \\operatorname{mod} y$ is the remainder of division x by y. \n\n\n-----Input-----\n\nThe only line contains two integers n, k (1 \u2264 n, k \u2264 10^18).\n\n\n-----Output-----\n\nPrint \"Yes\", if all the remainders are distinct, and \"No\" otherwise.\n\nYou can print each letter in arbitrary case (lower or upper).\n\n\n-----Examples-----\nInput\n4 4\n\nOutput\nNo\n\nInput\n5 3\n\nOutput\nYes\n\n\n\n-----Note-----\n\nIn the first sample remainders modulo 1 and 4 coincide.\nUse Standard Input format\nANSWER:\n\n\nAn example of step-by-step clues for finding the longest palindrome substring is displayed below:\n\n```json\n[\n{\"Clue of Step 1\": \"For a substring, if it is a palindrome and the length is greater than 2, it is still a palindrome after the first and last letters are removed. According to this idea, we can use dynamic programming to solve this problem.\"},\n{\"Clue of Step 2\": \"Then we should consider the state transition function. We use P(i,j) to indicate whether the string composed of the i-th to j-th letters of the string s (denoted as as s[i:j]) is a palindrome string. s[i:j] is a palindrome only if s[i+1:j\u22121] is a palindrome and the i and j letters of s are the same.\"},\n{\"Clue of Step 3\": \"We also need to consider the boundary conditions in dynamic programming. For a substring of length 1, it is obviously a palindrome string; For a substring of length 2, it is a palindrome as long as its two letters are the same.\"},\n{\"Clue of Step 4\": \"We also need to consider the the cyclic order of dynamic programming. In the state transition equation, we are moving from a shorter string to a longer string.\"},\n{\"Clue of Step 5\": \"The final answer is the maximum length of the valid sub-strings.\"}\n]\n```\nYou can refer to the following example and generate step-by-step clues for the given problem.\n\n\n-----Clues-----\nClue of Step 1: We should iterate through all integers i from 1 to k, calculating the remainder n mod i for each i.\n", "Clue of Step 2: After iterating through all integers from 1 to k, if no duplicates are found, we can safely print 'Yes', meaning all remainders are distinct.\n", "Clue of Step 2: To ensure the remainders are distinct, we can use a set to store each remainder as we calculate it. Since sets in Python do not allow duplicate values, we can easily check for duplicates by attempting to add each remainder to the set and comparing its size before and after.\n"], ["\nYou will be given a problem desciption.\n\nPlease analyze the problem and generate step-by-step clues of how to solve the problem with executable python code.\n\nThe problem:\n\n\nQUESTION:\nImp is watching a documentary about cave painting. [Image] \n\nSome numbers, carved in chaotic order, immediately attracted his attention. Imp rapidly proposed a guess that they are the remainders of division of a number n by all integers i from 1 to k. Unfortunately, there are too many integers to analyze for Imp.\n\nImp wants you to check whether all these remainders are distinct. Formally, he wants to check, if all $n \\text{mod} i$, 1 \u2264 i \u2264 k, are distinct, i.\u00a0e. there is no such pair (i, j) that:   1 \u2264 i < j \u2264 k,  $n \\operatorname{mod} i = n \\operatorname{mod} j$, where $x \\operatorname{mod} y$ is the remainder of division x by y. \n\n\n-----Input-----\n\nThe only line contains two integers n, k (1 \u2264 n, k \u2264 10^18).\n\n\n-----Output-----\n\nPrint \"Yes\", if all the remainders are distinct, and \"No\" otherwise.\n\nYou can print each letter in arbitrary case (lower or upper).\n\n\n-----Examples-----\nInput\n4 4\n\nOutput\nNo\n\nInput\n5 3\n\nOutput\nYes\n\n\n\n-----Note-----\n\nIn the first sample remainders modulo 1 and 4 coincide.\nUse Standard Input format\nANSWER:\n\n\nAn example of step-by-step clues for finding the longest palindrome substring is displayed below:\n\n```json\n[\n{\"Clue of Step 1\": \"For a substring, if it is a palindrome and the length is greater than 2, it is still a palindrome after the first and last letters are removed. According to this idea, we can use dynamic programming to solve this problem.\"},\n{\"Clue of Step 2\": \"Then we should consider the state transition function. We use P(i,j) to indicate whether the string composed of the i-th to j-th letters of the string s (denoted as as s[i:j]) is a palindrome string. s[i:j] is a palindrome only if s[i+1:j\u22121] is a palindrome and the i and j letters of s are the same.\"},\n{\"Clue of Step 3\": \"We also need to consider the boundary conditions in dynamic programming. For a substring of length 1, it is obviously a palindrome string; For a substring of length 2, it is a palindrome as long as its two letters are the same.\"},\n{\"Clue of Step 4\": \"We also need to consider the the cyclic order of dynamic programming. In the state transition equation, we are moving from a shorter string to a longer string.\"},\n{\"Clue of Step 5\": \"The final answer is the maximum length of the valid sub-strings.\"}\n]\n```\nYou can refer to the following example and generate step-by-step clues for the given problem.\n\n\n-----Clues-----\nClue of Step 1: Start by understanding the behavior of the modulus operation. For a given integer n, compute n mod i for all i from 1 to k. This involves iterating through each integer i and calculating the remainder when n is divided by i.\n", "Clue of Step 2: While iterating through each integer i, after calculating n mod i, we should check if this remainder already exists in the set. If it does, we should print 'No' and terminate the program.\n", "Clue of Step 2: To check if all remainders are distinct, we can use a set to store the results of n mod i as we compute them.\n"], ["\nYou will be given a problem desciption.\n\nPlease analyze the problem and generate step-by-step clues of how to solve the problem with executable python code.\n\nThe problem:\n\n\nQUESTION:\nImp is watching a documentary about cave painting. [Image] \n\nSome numbers, carved in chaotic order, immediately attracted his attention. Imp rapidly proposed a guess that they are the remainders of division of a number n by all integers i from 1 to k. Unfortunately, there are too many integers to analyze for Imp.\n\nImp wants you to check whether all these remainders are distinct. Formally, he wants to check, if all $n \\text{mod} i$, 1 \u2264 i \u2264 k, are distinct, i.\u00a0e. there is no such pair (i, j) that:   1 \u2264 i < j \u2264 k,  $n \\operatorname{mod} i = n \\operatorname{mod} j$, where $x \\operatorname{mod} y$ is the remainder of division x by y. \n\n\n-----Input-----\n\nThe only line contains two integers n, k (1 \u2264 n, k \u2264 10^18).\n\n\n-----Output-----\n\nPrint \"Yes\", if all the remainders are distinct, and \"No\" otherwise.\n\nYou can print each letter in arbitrary case (lower or upper).\n\n\n-----Examples-----\nInput\n4 4\n\nOutput\nNo\n\nInput\n5 3\n\nOutput\nYes\n\n\n\n-----Note-----\n\nIn the first sample remainders modulo 1 and 4 coincide.\nUse Standard Input format\nANSWER:\n\n\nAn example of step-by-step clues for finding the longest palindrome substring is displayed below:\n\n```json\n[\n{\"Clue of Step 1\": \"For a substring, if it is a palindrome and the length is greater than 2, it is still a palindrome after the first and last letters are removed. According to this idea, we can use dynamic programming to solve this problem.\"},\n{\"Clue of Step 2\": \"Then we should consider the state transition function. We use P(i,j) to indicate whether the string composed of the i-th to j-th letters of the string s (denoted as as s[i:j]) is a palindrome string. s[i:j] is a palindrome only if s[i+1:j\u22121] is a palindrome and the i and j letters of s are the same.\"},\n{\"Clue of Step 3\": \"We also need to consider the boundary conditions in dynamic programming. For a substring of length 1, it is obviously a palindrome string; For a substring of length 2, it is a palindrome as long as its two letters are the same.\"},\n{\"Clue of Step 4\": \"We also need to consider the the cyclic order of dynamic programming. In the state transition equation, we are moving from a shorter string to a longer string.\"},\n{\"Clue of Step 5\": \"The final answer is the maximum length of the valid sub-strings.\"}\n]\n```\nYou can refer to the following example and generate step-by-step clues for the given problem.\n\n\n-----Clues-----\nClue of Step 1: Start by understanding the behavior of the modulus operation. For a given integer n, compute n mod i for all i from 1 to k. This involves iterating through each integer i and calculating the remainder when n is divided by i.\n", "Clue of Step 2: While iterating through each integer i, after calculating n mod i, we should check if this remainder already exists in the set. If it does, we should print 'No' and terminate the program.\n", "Clue of Step 2: To check if all remainders are distinct, we can use a set data structure. As we compute each remainder n mod i, we can add it to the set. Since sets do not allow duplicate values, if we encounter a remainder that is already in the set, we can immediately conclude that the remainders are not distinct.\n"], ["\nYou will be given a problem desciption.\n\nPlease analyze the problem and generate step-by-step clues of how to solve the problem with executable python code.\n\nThe problem:\n\n\nQUESTION:\nImp is watching a documentary about cave painting. [Image] \n\nSome numbers, carved in chaotic order, immediately attracted his attention. Imp rapidly proposed a guess that they are the remainders of division of a number n by all integers i from 1 to k. Unfortunately, there are too many integers to analyze for Imp.\n\nImp wants you to check whether all these remainders are distinct. Formally, he wants to check, if all $n \\text{mod} i$, 1 \u2264 i \u2264 k, are distinct, i.\u00a0e. there is no such pair (i, j) that:   1 \u2264 i < j \u2264 k,  $n \\operatorname{mod} i = n \\operatorname{mod} j$, where $x \\operatorname{mod} y$ is the remainder of division x by y. \n\n\n-----Input-----\n\nThe only line contains two integers n, k (1 \u2264 n, k \u2264 10^18).\n\n\n-----Output-----\n\nPrint \"Yes\", if all the remainders are distinct, and \"No\" otherwise.\n\nYou can print each letter in arbitrary case (lower or upper).\n\n\n-----Examples-----\nInput\n4 4\n\nOutput\nNo\n\nInput\n5 3\n\nOutput\nYes\n\n\n\n-----Note-----\n\nIn the first sample remainders modulo 1 and 4 coincide.\nUse Standard Input format\nANSWER:\n\n\nAn example of step-by-step clues for finding the longest palindrome substring is displayed below:\n\n```json\n[\n{\"Clue of Step 1\": \"For a substring, if it is a palindrome and the length is greater than 2, it is still a palindrome after the first and last letters are removed. According to this idea, we can use dynamic programming to solve this problem.\"},\n{\"Clue of Step 2\": \"Then we should consider the state transition function. We use P(i,j) to indicate whether the string composed of the i-th to j-th letters of the string s (denoted as as s[i:j]) is a palindrome string. s[i:j] is a palindrome only if s[i+1:j\u22121] is a palindrome and the i and j letters of s are the same.\"},\n{\"Clue of Step 3\": \"We also need to consider the boundary conditions in dynamic programming. For a substring of length 1, it is obviously a palindrome string; For a substring of length 2, it is a palindrome as long as its two letters are the same.\"},\n{\"Clue of Step 4\": \"We also need to consider the the cyclic order of dynamic programming. In the state transition equation, we are moving from a shorter string to a longer string.\"},\n{\"Clue of Step 5\": \"The final answer is the maximum length of the valid sub-strings.\"}\n]\n```\nYou can refer to the following example and generate step-by-step clues for the given problem.\n\n\n-----Clues-----\nClue of Step 1: Start by understanding the behavior of the modulus operation. For a given integer n, compute n mod i for all i from 1 to k. This involves iterating through each integer i and calculating the remainder when n is divided by i.\n", "Clue of Step 2: If we complete the iteration without finding any duplicates in the remainders, we print 'Yes' to indicate all remainders are distinct.\n", "Clue of Step 2: To check if all remainders are distinct, we can use a set to store the results of n mod i as we compute them.\n"], ["\nYou will be given a problem desciption.\n\nPlease analyze the problem and generate step-by-step clues of how to solve the problem with executable python code.\n\nThe problem:\n\n\nQUESTION:\nImp is watching a documentary about cave painting. [Image] \n\nSome numbers, carved in chaotic order, immediately attracted his attention. Imp rapidly proposed a guess that they are the remainders of division of a number n by all integers i from 1 to k. Unfortunately, there are too many integers to analyze for Imp.\n\nImp wants you to check whether all these remainders are distinct. Formally, he wants to check, if all $n \\text{mod} i$, 1 \u2264 i \u2264 k, are distinct, i.\u00a0e. there is no such pair (i, j) that:   1 \u2264 i < j \u2264 k,  $n \\operatorname{mod} i = n \\operatorname{mod} j$, where $x \\operatorname{mod} y$ is the remainder of division x by y. \n\n\n-----Input-----\n\nThe only line contains two integers n, k (1 \u2264 n, k \u2264 10^18).\n\n\n-----Output-----\n\nPrint \"Yes\", if all the remainders are distinct, and \"No\" otherwise.\n\nYou can print each letter in arbitrary case (lower or upper).\n\n\n-----Examples-----\nInput\n4 4\n\nOutput\nNo\n\nInput\n5 3\n\nOutput\nYes\n\n\n\n-----Note-----\n\nIn the first sample remainders modulo 1 and 4 coincide.\nUse Standard Input format\nANSWER:\n\n\nAn example of step-by-step clues for finding the longest palindrome substring is displayed below:\n\n```json\n[\n{\"Clue of Step 1\": \"For a substring, if it is a palindrome and the length is greater than 2, it is still a palindrome after the first and last letters are removed. According to this idea, we can use dynamic programming to solve this problem.\"},\n{\"Clue of Step 2\": \"Then we should consider the state transition function. We use P(i,j) to indicate whether the string composed of the i-th to j-th letters of the string s (denoted as as s[i:j]) is a palindrome string. s[i:j] is a palindrome only if s[i+1:j\u22121] is a palindrome and the i and j letters of s are the same.\"},\n{\"Clue of Step 3\": \"We also need to consider the boundary conditions in dynamic programming. For a substring of length 1, it is obviously a palindrome string; For a substring of length 2, it is a palindrome as long as its two letters are the same.\"},\n{\"Clue of Step 4\": \"We also need to consider the the cyclic order of dynamic programming. In the state transition equation, we are moving from a shorter string to a longer string.\"},\n{\"Clue of Step 5\": \"The final answer is the maximum length of the valid sub-strings.\"}\n]\n```\nYou can refer to the following example and generate step-by-step clues for the given problem.\n\n\n-----Clues-----\nClue of Step 1: Start by understanding the behavior of the modulus operation. For a given integer n, compute n mod i for all i from 1 to k. This involves iterating through each integer i and calculating the remainder when n is divided by i.\n", "Clue of Step 2: If we complete the iteration without finding any duplicates in the remainders, we print 'Yes' to indicate all remainders are distinct.\n", "Clue of Step 2: To check if all remainders are distinct, we can use a set data structure. As we compute each remainder n mod i, we can add it to the set. Since sets do not allow duplicate values, if we encounter a remainder that is already in the set, we can immediately conclude that the remainders are not distinct.\n"], ["\nYou will be given a problem desciption.\n\nPlease analyze the problem and generate step-by-step clues of how to solve the problem with executable python code.\n\nThe problem:\n\n\nQUESTION:\nImp is watching a documentary about cave painting. [Image] \n\nSome numbers, carved in chaotic order, immediately attracted his attention. Imp rapidly proposed a guess that they are the remainders of division of a number n by all integers i from 1 to k. Unfortunately, there are too many integers to analyze for Imp.\n\nImp wants you to check whether all these remainders are distinct. Formally, he wants to check, if all $n \\text{mod} i$, 1 \u2264 i \u2264 k, are distinct, i.\u00a0e. there is no such pair (i, j) that:   1 \u2264 i < j \u2264 k,  $n \\operatorname{mod} i = n \\operatorname{mod} j$, where $x \\operatorname{mod} y$ is the remainder of division x by y. \n\n\n-----Input-----\n\nThe only line contains two integers n, k (1 \u2264 n, k \u2264 10^18).\n\n\n-----Output-----\n\nPrint \"Yes\", if all the remainders are distinct, and \"No\" otherwise.\n\nYou can print each letter in arbitrary case (lower or upper).\n\n\n-----Examples-----\nInput\n4 4\n\nOutput\nNo\n\nInput\n5 3\n\nOutput\nYes\n\n\n\n-----Note-----\n\nIn the first sample remainders modulo 1 and 4 coincide.\nUse Standard Input format\nANSWER:\n\n\nAn example of step-by-step clues for finding the longest palindrome substring is displayed below:\n\n```json\n[\n{\"Clue of Step 1\": \"For a substring, if it is a palindrome and the length is greater than 2, it is still a palindrome after the first and last letters are removed. According to this idea, we can use dynamic programming to solve this problem.\"},\n{\"Clue of Step 2\": \"Then we should consider the state transition function. We use P(i,j) to indicate whether the string composed of the i-th to j-th letters of the string s (denoted as as s[i:j]) is a palindrome string. s[i:j] is a palindrome only if s[i+1:j\u22121] is a palindrome and the i and j letters of s are the same.\"},\n{\"Clue of Step 3\": \"We also need to consider the boundary conditions in dynamic programming. For a substring of length 1, it is obviously a palindrome string; For a substring of length 2, it is a palindrome as long as its two letters are the same.\"},\n{\"Clue of Step 4\": \"We also need to consider the the cyclic order of dynamic programming. In the state transition equation, we are moving from a shorter string to a longer string.\"},\n{\"Clue of Step 5\": \"The final answer is the maximum length of the valid sub-strings.\"}\n]\n```\nYou can refer to the following example and generate step-by-step clues for the given problem.\n\n\n-----Clues-----\nClue of Step 1: Start by understanding the behavior of the modulus operation. For a given integer n, compute n mod i for all i from 1 to k. This involves iterating through each integer i and calculating the remainder when n is divided by i.\n", "Clue of Step 2: We should iterate from i = 1 to k and compute n % i for each i. During each iteration, we check if the current remainder (n % i) is already in the set of seen remainders. If it is, we print 'No' and terminate early. If we finish the loop without finding duplicates, we print 'Yes'.\n", "Clue of Step 2: To check if all remainders are distinct, we can use a set to store the results of n mod i as we compute them.\n"], ["\nYou will be given a problem desciption.\n\nPlease analyze the problem and generate step-by-step clues of how to solve the problem with executable python code.\n\nThe problem:\n\n\nQUESTION:\nImp is watching a documentary about cave painting. [Image] \n\nSome numbers, carved in chaotic order, immediately attracted his attention. Imp rapidly proposed a guess that they are the remainders of division of a number n by all integers i from 1 to k. Unfortunately, there are too many integers to analyze for Imp.\n\nImp wants you to check whether all these remainders are distinct. Formally, he wants to check, if all $n \\text{mod} i$, 1 \u2264 i \u2264 k, are distinct, i.\u00a0e. there is no such pair (i, j) that:   1 \u2264 i < j \u2264 k,  $n \\operatorname{mod} i = n \\operatorname{mod} j$, where $x \\operatorname{mod} y$ is the remainder of division x by y. \n\n\n-----Input-----\n\nThe only line contains two integers n, k (1 \u2264 n, k \u2264 10^18).\n\n\n-----Output-----\n\nPrint \"Yes\", if all the remainders are distinct, and \"No\" otherwise.\n\nYou can print each letter in arbitrary case (lower or upper).\n\n\n-----Examples-----\nInput\n4 4\n\nOutput\nNo\n\nInput\n5 3\n\nOutput\nYes\n\n\n\n-----Note-----\n\nIn the first sample remainders modulo 1 and 4 coincide.\nUse Standard Input format\nANSWER:\n\n\nAn example of step-by-step clues for finding the longest palindrome substring is displayed below:\n\n```json\n[\n{\"Clue of Step 1\": \"For a substring, if it is a palindrome and the length is greater than 2, it is still a palindrome after the first and last letters are removed. According to this idea, we can use dynamic programming to solve this problem.\"},\n{\"Clue of Step 2\": \"Then we should consider the state transition function. We use P(i,j) to indicate whether the string composed of the i-th to j-th letters of the string s (denoted as as s[i:j]) is a palindrome string. s[i:j] is a palindrome only if s[i+1:j\u22121] is a palindrome and the i and j letters of s are the same.\"},\n{\"Clue of Step 3\": \"We also need to consider the boundary conditions in dynamic programming. For a substring of length 1, it is obviously a palindrome string; For a substring of length 2, it is a palindrome as long as its two letters are the same.\"},\n{\"Clue of Step 4\": \"We also need to consider the the cyclic order of dynamic programming. In the state transition equation, we are moving from a shorter string to a longer string.\"},\n{\"Clue of Step 5\": \"The final answer is the maximum length of the valid sub-strings.\"}\n]\n```\nYou can refer to the following example and generate step-by-step clues for the given problem.\n\n\n-----Clues-----\nClue of Step 1: Start by understanding the behavior of the modulus operation. For a given integer n, compute n mod i for all i from 1 to k. This involves iterating through each integer i and calculating the remainder when n is divided by i.\n", "Clue of Step 2: We should iterate from i = 1 to k and compute n % i for each i. During each iteration, we check if the current remainder (n % i) is already in the set of seen remainders. If it is, we print 'No' and terminate early. If we finish the loop without finding duplicates, we print 'Yes'.\n", "Clue of Step 2: To check if all remainders are distinct, we can use a set data structure. As we compute each remainder n mod i, we can add it to the set. Since sets do not allow duplicate values, if we encounter a remainder that is already in the set, we can immediately conclude that the remainders are not distinct.\n"], ["\nYou will be given a problem desciption.\n\nPlease analyze the problem and generate step-by-step clues of how to solve the problem with executable python code.\n\nThe problem:\n\n\nQUESTION:\nImp is watching a documentary about cave painting. [Image] \n\nSome numbers, carved in chaotic order, immediately attracted his attention. Imp rapidly proposed a guess that they are the remainders of division of a number n by all integers i from 1 to k. Unfortunately, there are too many integers to analyze for Imp.\n\nImp wants you to check whether all these remainders are distinct. Formally, he wants to check, if all $n \\text{mod} i$, 1 \u2264 i \u2264 k, are distinct, i.\u00a0e. there is no such pair (i, j) that:   1 \u2264 i < j \u2264 k,  $n \\operatorname{mod} i = n \\operatorname{mod} j$, where $x \\operatorname{mod} y$ is the remainder of division x by y. \n\n\n-----Input-----\n\nThe only line contains two integers n, k (1 \u2264 n, k \u2264 10^18).\n\n\n-----Output-----\n\nPrint \"Yes\", if all the remainders are distinct, and \"No\" otherwise.\n\nYou can print each letter in arbitrary case (lower or upper).\n\n\n-----Examples-----\nInput\n4 4\n\nOutput\nNo\n\nInput\n5 3\n\nOutput\nYes\n\n\n\n-----Note-----\n\nIn the first sample remainders modulo 1 and 4 coincide.\nUse Standard Input format\nANSWER:\n\n\nAn example of step-by-step clues for finding the longest palindrome substring is displayed below:\n\n```json\n[\n{\"Clue of Step 1\": \"For a substring, if it is a palindrome and the length is greater than 2, it is still a palindrome after the first and last letters are removed. According to this idea, we can use dynamic programming to solve this problem.\"},\n{\"Clue of Step 2\": \"Then we should consider the state transition function. We use P(i,j) to indicate whether the string composed of the i-th to j-th letters of the string s (denoted as as s[i:j]) is a palindrome string. s[i:j] is a palindrome only if s[i+1:j\u22121] is a palindrome and the i and j letters of s are the same.\"},\n{\"Clue of Step 3\": \"We also need to consider the boundary conditions in dynamic programming. For a substring of length 1, it is obviously a palindrome string; For a substring of length 2, it is a palindrome as long as its two letters are the same.\"},\n{\"Clue of Step 4\": \"We also need to consider the the cyclic order of dynamic programming. In the state transition equation, we are moving from a shorter string to a longer string.\"},\n{\"Clue of Step 5\": \"The final answer is the maximum length of the valid sub-strings.\"}\n]\n```\nYou can refer to the following example and generate step-by-step clues for the given problem.\n\n\n-----Clues-----\nClue of Step 1: Start by understanding the behavior of the modulus operation. For a given integer n, compute n mod i for all i from 1 to k. This involves iterating through each integer i and calculating the remainder when n is divided by i.\n", "Clue of Step 2: Given the constraints where n and k can be as large as 10^18, it's important to note that the number of distinct remainders when dividing by numbers 1 through k is at most k. However, if k is large and we find that n mod i repeats early, we can short-circuit the process without needing to check all values up to k.\n", "Clue of Step 2: To check if all remainders are distinct, we can use a set to store the results of n mod i as we compute them.\n"], ["\nYou will be given a problem desciption.\n\nPlease analyze the problem and generate step-by-step clues of how to solve the problem with executable python code.\n\nThe problem:\n\n\nQUESTION:\nImp is watching a documentary about cave painting. [Image] \n\nSome numbers, carved in chaotic order, immediately attracted his attention. Imp rapidly proposed a guess that they are the remainders of division of a number n by all integers i from 1 to k. Unfortunately, there are too many integers to analyze for Imp.\n\nImp wants you to check whether all these remainders are distinct. Formally, he wants to check, if all $n \\text{mod} i$, 1 \u2264 i \u2264 k, are distinct, i.\u00a0e. there is no such pair (i, j) that:   1 \u2264 i < j \u2264 k,  $n \\operatorname{mod} i = n \\operatorname{mod} j$, where $x \\operatorname{mod} y$ is the remainder of division x by y. \n\n\n-----Input-----\n\nThe only line contains two integers n, k (1 \u2264 n, k \u2264 10^18).\n\n\n-----Output-----\n\nPrint \"Yes\", if all the remainders are distinct, and \"No\" otherwise.\n\nYou can print each letter in arbitrary case (lower or upper).\n\n\n-----Examples-----\nInput\n4 4\n\nOutput\nNo\n\nInput\n5 3\n\nOutput\nYes\n\n\n\n-----Note-----\n\nIn the first sample remainders modulo 1 and 4 coincide.\nUse Standard Input format\nANSWER:\n\n\nAn example of step-by-step clues for finding the longest palindrome substring is displayed below:\n\n```json\n[\n{\"Clue of Step 1\": \"For a substring, if it is a palindrome and the length is greater than 2, it is still a palindrome after the first and last letters are removed. According to this idea, we can use dynamic programming to solve this problem.\"},\n{\"Clue of Step 2\": \"Then we should consider the state transition function. We use P(i,j) to indicate whether the string composed of the i-th to j-th letters of the string s (denoted as as s[i:j]) is a palindrome string. s[i:j] is a palindrome only if s[i+1:j\u22121] is a palindrome and the i and j letters of s are the same.\"},\n{\"Clue of Step 3\": \"We also need to consider the boundary conditions in dynamic programming. For a substring of length 1, it is obviously a palindrome string; For a substring of length 2, it is a palindrome as long as its two letters are the same.\"},\n{\"Clue of Step 4\": \"We also need to consider the the cyclic order of dynamic programming. In the state transition equation, we are moving from a shorter string to a longer string.\"},\n{\"Clue of Step 5\": \"The final answer is the maximum length of the valid sub-strings.\"}\n]\n```\nYou can refer to the following example and generate step-by-step clues for the given problem.\n\n\n-----Clues-----\nClue of Step 1: Start by understanding the behavior of the modulus operation. For a given integer n, compute n mod i for all i from 1 to k. This involves iterating through each integer i and calculating the remainder when n is divided by i.\n", "Clue of Step 2: Given the constraints where n and k can be as large as 10^18, it's important to note that the number of distinct remainders when dividing by numbers 1 through k is at most k. However, if k is large and we find that n mod i repeats early, we can short-circuit the process without needing to check all values up to k.\n", "Clue of Step 2: To check if all remainders are distinct, we can use a set data structure. As we compute each remainder n mod i, we can add it to the set. Since sets do not allow duplicate values, if we encounter a remainder that is already in the set, we can immediately conclude that the remainders are not distinct.\n"], ["\nYou will be given a problem desciption.\n\nPlease analyze the problem and generate step-by-step clues of how to solve the problem with executable python code.\n\nThe problem:\n\n\nQUESTION:\nImp is watching a documentary about cave painting. [Image] \n\nSome numbers, carved in chaotic order, immediately attracted his attention. Imp rapidly proposed a guess that they are the remainders of division of a number n by all integers i from 1 to k. Unfortunately, there are too many integers to analyze for Imp.\n\nImp wants you to check whether all these remainders are distinct. Formally, he wants to check, if all $n \\text{mod} i$, 1 \u2264 i \u2264 k, are distinct, i.\u00a0e. there is no such pair (i, j) that:   1 \u2264 i < j \u2264 k,  $n \\operatorname{mod} i = n \\operatorname{mod} j$, where $x \\operatorname{mod} y$ is the remainder of division x by y. \n\n\n-----Input-----\n\nThe only line contains two integers n, k (1 \u2264 n, k \u2264 10^18).\n\n\n-----Output-----\n\nPrint \"Yes\", if all the remainders are distinct, and \"No\" otherwise.\n\nYou can print each letter in arbitrary case (lower or upper).\n\n\n-----Examples-----\nInput\n4 4\n\nOutput\nNo\n\nInput\n5 3\n\nOutput\nYes\n\n\n\n-----Note-----\n\nIn the first sample remainders modulo 1 and 4 coincide.\nUse Standard Input format\nANSWER:\n\n\nAn example of step-by-step clues for finding the longest palindrome substring is displayed below:\n\n```json\n[\n{\"Clue of Step 1\": \"For a substring, if it is a palindrome and the length is greater than 2, it is still a palindrome after the first and last letters are removed. According to this idea, we can use dynamic programming to solve this problem.\"},\n{\"Clue of Step 2\": \"Then we should consider the state transition function. We use P(i,j) to indicate whether the string composed of the i-th to j-th letters of the string s (denoted as as s[i:j]) is a palindrome string. s[i:j] is a palindrome only if s[i+1:j\u22121] is a palindrome and the i and j letters of s are the same.\"},\n{\"Clue of Step 3\": \"We also need to consider the boundary conditions in dynamic programming. For a substring of length 1, it is obviously a palindrome string; For a substring of length 2, it is a palindrome as long as its two letters are the same.\"},\n{\"Clue of Step 4\": \"We also need to consider the the cyclic order of dynamic programming. In the state transition equation, we are moving from a shorter string to a longer string.\"},\n{\"Clue of Step 5\": \"The final answer is the maximum length of the valid sub-strings.\"}\n]\n```\nYou can refer to the following example and generate step-by-step clues for the given problem.\n\n\n-----Clues-----\nClue of Step 1: We need to maintain a set to keep track of the remainders we have seen, as sets automatically handle duplicates.\n", "Clue of Step 2: For each computed remainder, we will add it to our set of seen remainders in order to check for duplicates.\n", "Clue of Step 2: We should iterate over each integer i from 1 to min(n, k) and compute the remainder n mod i.\n"], ["\nYou will be given a problem desciption.\n\nPlease analyze the problem and generate step-by-step clues of how to solve the problem with executable python code.\n\nThe problem:\n\n\nQUESTION:\nImp is watching a documentary about cave painting. [Image] \n\nSome numbers, carved in chaotic order, immediately attracted his attention. Imp rapidly proposed a guess that they are the remainders of division of a number n by all integers i from 1 to k. Unfortunately, there are too many integers to analyze for Imp.\n\nImp wants you to check whether all these remainders are distinct. Formally, he wants to check, if all $n \\text{mod} i$, 1 \u2264 i \u2264 k, are distinct, i.\u00a0e. there is no such pair (i, j) that:   1 \u2264 i < j \u2264 k,  $n \\operatorname{mod} i = n \\operatorname{mod} j$, where $x \\operatorname{mod} y$ is the remainder of division x by y. \n\n\n-----Input-----\n\nThe only line contains two integers n, k (1 \u2264 n, k \u2264 10^18).\n\n\n-----Output-----\n\nPrint \"Yes\", if all the remainders are distinct, and \"No\" otherwise.\n\nYou can print each letter in arbitrary case (lower or upper).\n\n\n-----Examples-----\nInput\n4 4\n\nOutput\nNo\n\nInput\n5 3\n\nOutput\nYes\n\n\n\n-----Note-----\n\nIn the first sample remainders modulo 1 and 4 coincide.\nUse Standard Input format\nANSWER:\n\n\nAn example of step-by-step clues for finding the longest palindrome substring is displayed below:\n\n```json\n[\n{\"Clue of Step 1\": \"For a substring, if it is a palindrome and the length is greater than 2, it is still a palindrome after the first and last letters are removed. According to this idea, we can use dynamic programming to solve this problem.\"},\n{\"Clue of Step 2\": \"Then we should consider the state transition function. We use P(i,j) to indicate whether the string composed of the i-th to j-th letters of the string s (denoted as as s[i:j]) is a palindrome string. s[i:j] is a palindrome only if s[i+1:j\u22121] is a palindrome and the i and j letters of s are the same.\"},\n{\"Clue of Step 3\": \"We also need to consider the boundary conditions in dynamic programming. For a substring of length 1, it is obviously a palindrome string; For a substring of length 2, it is a palindrome as long as its two letters are the same.\"},\n{\"Clue of Step 4\": \"We also need to consider the the cyclic order of dynamic programming. In the state transition equation, we are moving from a shorter string to a longer string.\"},\n{\"Clue of Step 5\": \"The final answer is the maximum length of the valid sub-strings.\"}\n]\n```\nYou can refer to the following example and generate step-by-step clues for the given problem.\n\n\n-----Clues-----\nClue of Step 1: We need to maintain a set to keep track of the remainders we have seen, as sets automatically handle duplicates.\n", "Clue of Step 2: For each computed remainder, we will add it to our set of seen remainders in order to check for duplicates.\n", "Clue of Step 2: We need to iterate through all integers i from 1 to k and compute n % i. During this iteration, if we encounter a remainder that has already been seen and stored in the set, we can immediately return 'No'.\n"], ["\nYou will be given a problem desciption.\n\nPlease analyze the problem and generate step-by-step clues of how to solve the problem with executable python code.\n\nThe problem:\n\n\nQUESTION:\nImp is watching a documentary about cave painting. [Image] \n\nSome numbers, carved in chaotic order, immediately attracted his attention. Imp rapidly proposed a guess that they are the remainders of division of a number n by all integers i from 1 to k. Unfortunately, there are too many integers to analyze for Imp.\n\nImp wants you to check whether all these remainders are distinct. Formally, he wants to check, if all $n \\text{mod} i$, 1 \u2264 i \u2264 k, are distinct, i.\u00a0e. there is no such pair (i, j) that:   1 \u2264 i < j \u2264 k,  $n \\operatorname{mod} i = n \\operatorname{mod} j$, where $x \\operatorname{mod} y$ is the remainder of division x by y. \n\n\n-----Input-----\n\nThe only line contains two integers n, k (1 \u2264 n, k \u2264 10^18).\n\n\n-----Output-----\n\nPrint \"Yes\", if all the remainders are distinct, and \"No\" otherwise.\n\nYou can print each letter in arbitrary case (lower or upper).\n\n\n-----Examples-----\nInput\n4 4\n\nOutput\nNo\n\nInput\n5 3\n\nOutput\nYes\n\n\n\n-----Note-----\n\nIn the first sample remainders modulo 1 and 4 coincide.\nUse Standard Input format\nANSWER:\n\n\nAn example of step-by-step clues for finding the longest palindrome substring is displayed below:\n\n```json\n[\n{\"Clue of Step 1\": \"For a substring, if it is a palindrome and the length is greater than 2, it is still a palindrome after the first and last letters are removed. According to this idea, we can use dynamic programming to solve this problem.\"},\n{\"Clue of Step 2\": \"Then we should consider the state transition function. We use P(i,j) to indicate whether the string composed of the i-th to j-th letters of the string s (denoted as as s[i:j]) is a palindrome string. s[i:j] is a palindrome only if s[i+1:j\u22121] is a palindrome and the i and j letters of s are the same.\"},\n{\"Clue of Step 3\": \"We also need to consider the boundary conditions in dynamic programming. For a substring of length 1, it is obviously a palindrome string; For a substring of length 2, it is a palindrome as long as its two letters are the same.\"},\n{\"Clue of Step 4\": \"We also need to consider the the cyclic order of dynamic programming. In the state transition equation, we are moving from a shorter string to a longer string.\"},\n{\"Clue of Step 5\": \"The final answer is the maximum length of the valid sub-strings.\"}\n]\n```\nYou can refer to the following example and generate step-by-step clues for the given problem.\n\n\n-----Clues-----\nClue of Step 1: We need to maintain a set to keep track of the remainders we have seen, as sets automatically handle duplicates.\n", "Clue of Step 2: After iterating through all integers, we can compare the size of the set of remainders to the number of integers we processed to determine if they are all distinct.\n", "Clue of Step 2: We should iterate over each integer i from 1 to min(n, k) and compute the remainder n mod i.\n"], ["\nYou will be given a problem desciption.\n\nPlease analyze the problem and generate step-by-step clues of how to solve the problem with executable python code.\n\nThe problem:\n\n\nQUESTION:\nImp is watching a documentary about cave painting. [Image] \n\nSome numbers, carved in chaotic order, immediately attracted his attention. Imp rapidly proposed a guess that they are the remainders of division of a number n by all integers i from 1 to k. Unfortunately, there are too many integers to analyze for Imp.\n\nImp wants you to check whether all these remainders are distinct. Formally, he wants to check, if all $n \\text{mod} i$, 1 \u2264 i \u2264 k, are distinct, i.\u00a0e. there is no such pair (i, j) that:   1 \u2264 i < j \u2264 k,  $n \\operatorname{mod} i = n \\operatorname{mod} j$, where $x \\operatorname{mod} y$ is the remainder of division x by y. \n\n\n-----Input-----\n\nThe only line contains two integers n, k (1 \u2264 n, k \u2264 10^18).\n\n\n-----Output-----\n\nPrint \"Yes\", if all the remainders are distinct, and \"No\" otherwise.\n\nYou can print each letter in arbitrary case (lower or upper).\n\n\n-----Examples-----\nInput\n4 4\n\nOutput\nNo\n\nInput\n5 3\n\nOutput\nYes\n\n\n\n-----Note-----\n\nIn the first sample remainders modulo 1 and 4 coincide.\nUse Standard Input format\nANSWER:\n\n\nAn example of step-by-step clues for finding the longest palindrome substring is displayed below:\n\n```json\n[\n{\"Clue of Step 1\": \"For a substring, if it is a palindrome and the length is greater than 2, it is still a palindrome after the first and last letters are removed. According to this idea, we can use dynamic programming to solve this problem.\"},\n{\"Clue of Step 2\": \"Then we should consider the state transition function. We use P(i,j) to indicate whether the string composed of the i-th to j-th letters of the string s (denoted as as s[i:j]) is a palindrome string. s[i:j] is a palindrome only if s[i+1:j\u22121] is a palindrome and the i and j letters of s are the same.\"},\n{\"Clue of Step 3\": \"We also need to consider the boundary conditions in dynamic programming. For a substring of length 1, it is obviously a palindrome string; For a substring of length 2, it is a palindrome as long as its two letters are the same.\"},\n{\"Clue of Step 4\": \"We also need to consider the the cyclic order of dynamic programming. In the state transition equation, we are moving from a shorter string to a longer string.\"},\n{\"Clue of Step 5\": \"The final answer is the maximum length of the valid sub-strings.\"}\n]\n```\nYou can refer to the following example and generate step-by-step clues for the given problem.\n\n\n-----Clues-----\nClue of Step 1: We need to maintain a set to keep track of the remainders we have seen, as sets automatically handle duplicates.\n", "Clue of Step 2: After iterating through all integers, we can compare the size of the set of remainders to the number of integers we processed to determine if they are all distinct.\n", "Clue of Step 2: We need to iterate through all integers i from 1 to k and compute n % i. During this iteration, if we encounter a remainder that has already been seen and stored in the set, we can immediately return 'No'.\n"], ["\nYou will be given a problem desciption.\n\nPlease analyze the problem and generate step-by-step clues of how to solve the problem with executable python code.\n\nThe problem:\n\n\nQUESTION:\nImp is watching a documentary about cave painting. [Image] \n\nSome numbers, carved in chaotic order, immediately attracted his attention. Imp rapidly proposed a guess that they are the remainders of division of a number n by all integers i from 1 to k. Unfortunately, there are too many integers to analyze for Imp.\n\nImp wants you to check whether all these remainders are distinct. Formally, he wants to check, if all $n \\text{mod} i$, 1 \u2264 i \u2264 k, are distinct, i.\u00a0e. there is no such pair (i, j) that:   1 \u2264 i < j \u2264 k,  $n \\operatorname{mod} i = n \\operatorname{mod} j$, where $x \\operatorname{mod} y$ is the remainder of division x by y. \n\n\n-----Input-----\n\nThe only line contains two integers n, k (1 \u2264 n, k \u2264 10^18).\n\n\n-----Output-----\n\nPrint \"Yes\", if all the remainders are distinct, and \"No\" otherwise.\n\nYou can print each letter in arbitrary case (lower or upper).\n\n\n-----Examples-----\nInput\n4 4\n\nOutput\nNo\n\nInput\n5 3\n\nOutput\nYes\n\n\n\n-----Note-----\n\nIn the first sample remainders modulo 1 and 4 coincide.\nUse Standard Input format\nANSWER:\n\n\nAn example of step-by-step clues for finding the longest palindrome substring is displayed below:\n\n```json\n[\n{\"Clue of Step 1\": \"For a substring, if it is a palindrome and the length is greater than 2, it is still a palindrome after the first and last letters are removed. According to this idea, we can use dynamic programming to solve this problem.\"},\n{\"Clue of Step 2\": \"Then we should consider the state transition function. We use P(i,j) to indicate whether the string composed of the i-th to j-th letters of the string s (denoted as as s[i:j]) is a palindrome string. s[i:j] is a palindrome only if s[i+1:j\u22121] is a palindrome and the i and j letters of s are the same.\"},\n{\"Clue of Step 3\": \"We also need to consider the boundary conditions in dynamic programming. For a substring of length 1, it is obviously a palindrome string; For a substring of length 2, it is a palindrome as long as its two letters are the same.\"},\n{\"Clue of Step 4\": \"We also need to consider the the cyclic order of dynamic programming. In the state transition equation, we are moving from a shorter string to a longer string.\"},\n{\"Clue of Step 5\": \"The final answer is the maximum length of the valid sub-strings.\"}\n]\n```\nYou can refer to the following example and generate step-by-step clues for the given problem.\n\n\n-----Clues-----\nClue of Step 1: We need to maintain a set to keep track of the remainders we have seen, as sets automatically handle duplicates.\n", "Clue of Step 2: Given the constraints where n and k can be as large as 10^18, we should consider early termination of the loop if a duplicate remainder is found to optimize performance.\n", "Clue of Step 2: We should iterate over each integer i from 1 to min(n, k) and compute the remainder n mod i.\n"], ["\nYou will be given a problem desciption.\n\nPlease analyze the problem and generate step-by-step clues of how to solve the problem with executable python code.\n\nThe problem:\n\n\nQUESTION:\nImp is watching a documentary about cave painting. [Image] \n\nSome numbers, carved in chaotic order, immediately attracted his attention. Imp rapidly proposed a guess that they are the remainders of division of a number n by all integers i from 1 to k. Unfortunately, there are too many integers to analyze for Imp.\n\nImp wants you to check whether all these remainders are distinct. Formally, he wants to check, if all $n \\text{mod} i$, 1 \u2264 i \u2264 k, are distinct, i.\u00a0e. there is no such pair (i, j) that:   1 \u2264 i < j \u2264 k,  $n \\operatorname{mod} i = n \\operatorname{mod} j$, where $x \\operatorname{mod} y$ is the remainder of division x by y. \n\n\n-----Input-----\n\nThe only line contains two integers n, k (1 \u2264 n, k \u2264 10^18).\n\n\n-----Output-----\n\nPrint \"Yes\", if all the remainders are distinct, and \"No\" otherwise.\n\nYou can print each letter in arbitrary case (lower or upper).\n\n\n-----Examples-----\nInput\n4 4\n\nOutput\nNo\n\nInput\n5 3\n\nOutput\nYes\n\n\n\n-----Note-----\n\nIn the first sample remainders modulo 1 and 4 coincide.\nUse Standard Input format\nANSWER:\n\n\nAn example of step-by-step clues for finding the longest palindrome substring is displayed below:\n\n```json\n[\n{\"Clue of Step 1\": \"For a substring, if it is a palindrome and the length is greater than 2, it is still a palindrome after the first and last letters are removed. According to this idea, we can use dynamic programming to solve this problem.\"},\n{\"Clue of Step 2\": \"Then we should consider the state transition function. We use P(i,j) to indicate whether the string composed of the i-th to j-th letters of the string s (denoted as as s[i:j]) is a palindrome string. s[i:j] is a palindrome only if s[i+1:j\u22121] is a palindrome and the i and j letters of s are the same.\"},\n{\"Clue of Step 3\": \"We also need to consider the boundary conditions in dynamic programming. For a substring of length 1, it is obviously a palindrome string; For a substring of length 2, it is a palindrome as long as its two letters are the same.\"},\n{\"Clue of Step 4\": \"We also need to consider the the cyclic order of dynamic programming. In the state transition equation, we are moving from a shorter string to a longer string.\"},\n{\"Clue of Step 5\": \"The final answer is the maximum length of the valid sub-strings.\"}\n]\n```\nYou can refer to the following example and generate step-by-step clues for the given problem.\n\n\n-----Clues-----\nClue of Step 1: We need to maintain a set to keep track of the remainders we have seen, as sets automatically handle duplicates.\n", "Clue of Step 2: Given the constraints where n and k can be as large as 10^18, we should consider early termination of the loop if a duplicate remainder is found to optimize performance.\n", "Clue of Step 2: We need to iterate through all integers i from 1 to k and compute n % i. During this iteration, if we encounter a remainder that has already been seen and stored in the set, we can immediately return 'No'.\n"], ["\nYou will be given a problem desciption.\n\nPlease analyze the problem and generate step-by-step clues of how to solve the problem with executable python code.\n\nThe problem:\n\n\nQUESTION:\nImp is watching a documentary about cave painting. [Image] \n\nSome numbers, carved in chaotic order, immediately attracted his attention. Imp rapidly proposed a guess that they are the remainders of division of a number n by all integers i from 1 to k. Unfortunately, there are too many integers to analyze for Imp.\n\nImp wants you to check whether all these remainders are distinct. Formally, he wants to check, if all $n \\text{mod} i$, 1 \u2264 i \u2264 k, are distinct, i.\u00a0e. there is no such pair (i, j) that:   1 \u2264 i < j \u2264 k,  $n \\operatorname{mod} i = n \\operatorname{mod} j$, where $x \\operatorname{mod} y$ is the remainder of division x by y. \n\n\n-----Input-----\n\nThe only line contains two integers n, k (1 \u2264 n, k \u2264 10^18).\n\n\n-----Output-----\n\nPrint \"Yes\", if all the remainders are distinct, and \"No\" otherwise.\n\nYou can print each letter in arbitrary case (lower or upper).\n\n\n-----Examples-----\nInput\n4 4\n\nOutput\nNo\n\nInput\n5 3\n\nOutput\nYes\n\n\n\n-----Note-----\n\nIn the first sample remainders modulo 1 and 4 coincide.\nUse Standard Input format\nANSWER:\n\n\nAn example of step-by-step clues for finding the longest palindrome substring is displayed below:\n\n```json\n[\n{\"Clue of Step 1\": \"For a substring, if it is a palindrome and the length is greater than 2, it is still a palindrome after the first and last letters are removed. According to this idea, we can use dynamic programming to solve this problem.\"},\n{\"Clue of Step 2\": \"Then we should consider the state transition function. We use P(i,j) to indicate whether the string composed of the i-th to j-th letters of the string s (denoted as as s[i:j]) is a palindrome string. s[i:j] is a palindrome only if s[i+1:j\u22121] is a palindrome and the i and j letters of s are the same.\"},\n{\"Clue of Step 3\": \"We also need to consider the boundary conditions in dynamic programming. For a substring of length 1, it is obviously a palindrome string; For a substring of length 2, it is a palindrome as long as its two letters are the same.\"},\n{\"Clue of Step 4\": \"We also need to consider the the cyclic order of dynamic programming. In the state transition equation, we are moving from a shorter string to a longer string.\"},\n{\"Clue of Step 5\": \"The final answer is the maximum length of the valid sub-strings.\"}\n]\n```\nYou can refer to the following example and generate step-by-step clues for the given problem.\n\n\n-----Clues-----\nClue of Step 1: We need to maintain a set to keep track of the remainders we have seen, as sets automatically handle duplicates.\n", "Clue of Step 2: If we complete the loop from 1 to k without finding any duplicate remainders, we can safely return 'Yes', indicating all remainders are distinct.\n", "Clue of Step 2: We should iterate over each integer i from 1 to min(n, k) and compute the remainder n mod i.\n"], ["\nYou will be given a problem desciption.\n\nPlease analyze the problem and generate step-by-step clues of how to solve the problem with executable python code.\n\nThe problem:\n\n\nQUESTION:\nImp is watching a documentary about cave painting. [Image] \n\nSome numbers, carved in chaotic order, immediately attracted his attention. Imp rapidly proposed a guess that they are the remainders of division of a number n by all integers i from 1 to k. Unfortunately, there are too many integers to analyze for Imp.\n\nImp wants you to check whether all these remainders are distinct. Formally, he wants to check, if all $n \\text{mod} i$, 1 \u2264 i \u2264 k, are distinct, i.\u00a0e. there is no such pair (i, j) that:   1 \u2264 i < j \u2264 k,  $n \\operatorname{mod} i = n \\operatorname{mod} j$, where $x \\operatorname{mod} y$ is the remainder of division x by y. \n\n\n-----Input-----\n\nThe only line contains two integers n, k (1 \u2264 n, k \u2264 10^18).\n\n\n-----Output-----\n\nPrint \"Yes\", if all the remainders are distinct, and \"No\" otherwise.\n\nYou can print each letter in arbitrary case (lower or upper).\n\n\n-----Examples-----\nInput\n4 4\n\nOutput\nNo\n\nInput\n5 3\n\nOutput\nYes\n\n\n\n-----Note-----\n\nIn the first sample remainders modulo 1 and 4 coincide.\nUse Standard Input format\nANSWER:\n\n\nAn example of step-by-step clues for finding the longest palindrome substring is displayed below:\n\n```json\n[\n{\"Clue of Step 1\": \"For a substring, if it is a palindrome and the length is greater than 2, it is still a palindrome after the first and last letters are removed. According to this idea, we can use dynamic programming to solve this problem.\"},\n{\"Clue of Step 2\": \"Then we should consider the state transition function. We use P(i,j) to indicate whether the string composed of the i-th to j-th letters of the string s (denoted as as s[i:j]) is a palindrome string. s[i:j] is a palindrome only if s[i+1:j\u22121] is a palindrome and the i and j letters of s are the same.\"},\n{\"Clue of Step 3\": \"We also need to consider the boundary conditions in dynamic programming. For a substring of length 1, it is obviously a palindrome string; For a substring of length 2, it is a palindrome as long as its two letters are the same.\"},\n{\"Clue of Step 4\": \"We also need to consider the the cyclic order of dynamic programming. In the state transition equation, we are moving from a shorter string to a longer string.\"},\n{\"Clue of Step 5\": \"The final answer is the maximum length of the valid sub-strings.\"}\n]\n```\nYou can refer to the following example and generate step-by-step clues for the given problem.\n\n\n-----Clues-----\nClue of Step 1: We need to maintain a set to keep track of the remainders we have seen, as sets automatically handle duplicates.\n", "Clue of Step 2: If we complete the loop from 1 to k without finding any duplicate remainders, we can safely return 'Yes', indicating all remainders are distinct.\n", "Clue of Step 2: We need to iterate through all integers i from 1 to k and compute n % i. During this iteration, if we encounter a remainder that has already been seen and stored in the set, we can immediately return 'No'.\n"]], "SFT": ["\nYou will be given a problem desciption.\n\nPlease analyze the problem and generate step-by-step clues of how to solve the problem with executable python code.\n\nThe problem:\n\n\nQUESTION:\nImp is watching a documentary about cave painting. [Image] \n\nSome numbers, carved in chaotic order, immediately attracted his attention. Imp rapidly proposed a guess that they are the remainders of division of a number n by all integers i from 1 to k. Unfortunately, there are too many integers to analyze for Imp.\n\nImp wants you to check whether all these remainders are distinct. Formally, he wants to check, if all $n \\text{mod} i$, 1 \u2264 i \u2264 k, are distinct, i.\u00a0e. there is no such pair (i, j) that:   1 \u2264 i < j \u2264 k,  $n \\operatorname{mod} i = n \\operatorname{mod} j$, where $x \\operatorname{mod} y$ is the remainder of division x by y. \n\n\n-----Input-----\n\nThe only line contains two integers n, k (1 \u2264 n, k \u2264 10^18).\n\n\n-----Output-----\n\nPrint \"Yes\", if all the remainders are distinct, and \"No\" otherwise.\n\nYou can print each letter in arbitrary case (lower or upper).\n\n\n-----Examples-----\nInput\n4 4\n\nOutput\nNo\n\nInput\n5 3\n\nOutput\nYes\n\n\n\n-----Note-----\n\nIn the first sample remainders modulo 1 and 4 coincide.\nUse Standard Input format\nANSWER:\n\n\nAn example of step-by-step clues for finding the longest palindrome substring is displayed below:\n\n```json\n[\n{\"Clue of Step 1\": \"For a substring, if it is a palindrome and the length is greater than 2, it is still a palindrome after the first and last letters are removed. According to this idea, we can use dynamic programming to solve this problem.\"},\n{\"Clue of Step 2\": \"Then we should consider the state transition function. We use P(i,j) to indicate whether the string composed of the i-th to j-th letters of the string s (denoted as as s[i:j]) is a palindrome string. s[i:j] is a palindrome only if s[i+1:j\u22121] is a palindrome and the i and j letters of s are the same.\"},\n{\"Clue of Step 3\": \"We also need to consider the boundary conditions in dynamic programming. For a substring of length 1, it is obviously a palindrome string; For a substring of length 2, it is a palindrome as long as its two letters are the same.\"},\n{\"Clue of Step 4\": \"We also need to consider the the cyclic order of dynamic programming. In the state transition equation, we are moving from a shorter string to a longer string.\"},\n{\"Clue of Step 5\": \"The final answer is the maximum length of the valid sub-strings.\"}\n]\n```\nYou can refer to the following example and generate step-by-step clues for the given problem.\n\n\n-----Clues-----\nClue of Step 1: We should iterate through all integers i from 1 to k, calculating the remainder n mod i for each i.\n", "```python\ndef all_remainders_distinct(n, k):\n    remainders = set()\n    \n    for i in range(1, k + 1):\n        remainder = n % i\n        if remainder in remainders:\n            print(\"No\")\n            return\n        remainders.add(remainder)\n    \n    print(\"Yes\")\n\n# Read input\nn, k = map(int, input().strip().split())\nall_remainders_distinct(n, k)\n```"]}