{"StepDPO": [["\nYou will be given a problem desciption.\n\nPlease analyze the problem and generate step-by-step clues of how to solve the problem with executable python code.\n\nThe problem:\n\n\nQUESTION:\nToday, Osama gave Fadi an integer $X$, and Fadi was wondering about the minimum possible value of $max(a, b)$ such that $LCM(a, b)$ equals $X$. Both $a$ and $b$ should be positive integers.\n\n$LCM(a, b)$ is the smallest positive integer that is divisible by both $a$ and $b$. For example, $LCM(6, 8) = 24$, $LCM(4, 12) = 12$, $LCM(2, 3) = 6$.\n\nOf course, Fadi immediately knew the answer. Can you be just like Fadi and find any such pair?\n\n\n-----Input-----\n\nThe first and only line contains an integer $X$ ($1 \\le X \\le 10^{12}$).\n\n\n-----Output-----\n\nPrint two positive integers, $a$ and $b$, such that the value of $max(a, b)$ is minimum possible and $LCM(a, b)$ equals $X$. If there are several possible such pairs, you can print any.\n\n\n-----Examples-----\nInput\n2\n\nOutput\n1 2\n\nInput\n6\n\nOutput\n2 3\n\nInput\n4\n\nOutput\n1 4\n\nInput\n1\n\nOutput\n1 1\nUse Standard Input format\nANSWER:\n\n\nAn example of step-by-step clues for finding the longest palindrome substring is displayed below:\n\n```json\n[\n{\"Clue of Step 1\": \"For a substring, if it is a palindrome and the length is greater than 2, it is still a palindrome after the first and last letters are removed. According to this idea, we can use dynamic programming to solve this problem.\"},\n{\"Clue of Step 2\": \"Then we should consider the state transition function. We use P(i,j) to indicate whether the string composed of the i-th to j-th letters of the string s (denoted as as s[i:j]) is a palindrome string. s[i:j] is a palindrome only if s[i+1:j\u22121] is a palindrome and the i and j letters of s are the same.\"},\n{\"Clue of Step 3\": \"We also need to consider the boundary conditions in dynamic programming. For a substring of length 1, it is obviously a palindrome string; For a substring of length 2, it is a palindrome as long as its two letters are the same.\"},\n{\"Clue of Step 4\": \"We also need to consider the the cyclic order of dynamic programming. In the state transition equation, we are moving from a shorter string to a longer string.\"},\n{\"Clue of Step 5\": \"The final answer is the maximum length of the valid sub-strings.\"}\n]\n```\nYou can refer to the following example and generate step-by-step clues for the given problem.\n\n\n-----Clues-----\nClue of Step 1: We should find the pairs (a, b) such that LCM(a, b) equals X, which is equivalent to a * b / GCD(a, b) = X.\n", "Clue of Step 2: We can iterate through all possible divisors of X, checking each pair (d1, d2) where d1 * d2 = X to find out which pair gives us LCM(d1, d2) = X and minimizes max(d1, d2).\n", "Clue of Step 2: To minimize max(a, b), we should aim to make a and b as close as possible. This implies that we should test pairs of divisors of X, since LCM(a, b) = X holds true for a and b being divisors.\n"], ["\nYou will be given a problem desciption.\n\nPlease analyze the problem and generate step-by-step clues of how to solve the problem with executable python code.\n\nThe problem:\n\n\nQUESTION:\nToday, Osama gave Fadi an integer $X$, and Fadi was wondering about the minimum possible value of $max(a, b)$ such that $LCM(a, b)$ equals $X$. Both $a$ and $b$ should be positive integers.\n\n$LCM(a, b)$ is the smallest positive integer that is divisible by both $a$ and $b$. For example, $LCM(6, 8) = 24$, $LCM(4, 12) = 12$, $LCM(2, 3) = 6$.\n\nOf course, Fadi immediately knew the answer. Can you be just like Fadi and find any such pair?\n\n\n-----Input-----\n\nThe first and only line contains an integer $X$ ($1 \\le X \\le 10^{12}$).\n\n\n-----Output-----\n\nPrint two positive integers, $a$ and $b$, such that the value of $max(a, b)$ is minimum possible and $LCM(a, b)$ equals $X$. If there are several possible such pairs, you can print any.\n\n\n-----Examples-----\nInput\n2\n\nOutput\n1 2\n\nInput\n6\n\nOutput\n2 3\n\nInput\n4\n\nOutput\n1 4\n\nInput\n1\n\nOutput\n1 1\nUse Standard Input format\nANSWER:\n\n\nAn example of step-by-step clues for finding the longest palindrome substring is displayed below:\n\n```json\n[\n{\"Clue of Step 1\": \"For a substring, if it is a palindrome and the length is greater than 2, it is still a palindrome after the first and last letters are removed. According to this idea, we can use dynamic programming to solve this problem.\"},\n{\"Clue of Step 2\": \"Then we should consider the state transition function. We use P(i,j) to indicate whether the string composed of the i-th to j-th letters of the string s (denoted as as s[i:j]) is a palindrome string. s[i:j] is a palindrome only if s[i+1:j\u22121] is a palindrome and the i and j letters of s are the same.\"},\n{\"Clue of Step 3\": \"We also need to consider the boundary conditions in dynamic programming. For a substring of length 1, it is obviously a palindrome string; For a substring of length 2, it is a palindrome as long as its two letters are the same.\"},\n{\"Clue of Step 4\": \"We also need to consider the the cyclic order of dynamic programming. In the state transition equation, we are moving from a shorter string to a longer string.\"},\n{\"Clue of Step 5\": \"The final answer is the maximum length of the valid sub-strings.\"}\n]\n```\nYou can refer to the following example and generate step-by-step clues for the given problem.\n\n\n-----Clues-----\nClue of Step 1: We should find the pairs (a, b) such that LCM(a, b) equals X, which is equivalent to a * b / GCD(a, b) = X.\n", "Clue of Step 2: Remember to calculate the GCD of each divisor pair using Euclid's algorithm, as LCM(a, b) can also be expressed as (a * b) / GCD(a, b).\n", "Clue of Step 2: To minimize max(a, b), we should aim to make a and b as close as possible. This implies that we should test pairs of divisors of X, since LCM(a, b) = X holds true for a and b being divisors.\n"], ["\nYou will be given a problem desciption.\n\nPlease analyze the problem and generate step-by-step clues of how to solve the problem with executable python code.\n\nThe problem:\n\n\nQUESTION:\nToday, Osama gave Fadi an integer $X$, and Fadi was wondering about the minimum possible value of $max(a, b)$ such that $LCM(a, b)$ equals $X$. Both $a$ and $b$ should be positive integers.\n\n$LCM(a, b)$ is the smallest positive integer that is divisible by both $a$ and $b$. For example, $LCM(6, 8) = 24$, $LCM(4, 12) = 12$, $LCM(2, 3) = 6$.\n\nOf course, Fadi immediately knew the answer. Can you be just like Fadi and find any such pair?\n\n\n-----Input-----\n\nThe first and only line contains an integer $X$ ($1 \\le X \\le 10^{12}$).\n\n\n-----Output-----\n\nPrint two positive integers, $a$ and $b$, such that the value of $max(a, b)$ is minimum possible and $LCM(a, b)$ equals $X$. If there are several possible such pairs, you can print any.\n\n\n-----Examples-----\nInput\n2\n\nOutput\n1 2\n\nInput\n6\n\nOutput\n2 3\n\nInput\n4\n\nOutput\n1 4\n\nInput\n1\n\nOutput\n1 1\nUse Standard Input format\nANSWER:\n\n\nAn example of step-by-step clues for finding the longest palindrome substring is displayed below:\n\n```json\n[\n{\"Clue of Step 1\": \"For a substring, if it is a palindrome and the length is greater than 2, it is still a palindrome after the first and last letters are removed. According to this idea, we can use dynamic programming to solve this problem.\"},\n{\"Clue of Step 2\": \"Then we should consider the state transition function. We use P(i,j) to indicate whether the string composed of the i-th to j-th letters of the string s (denoted as as s[i:j]) is a palindrome string. s[i:j] is a palindrome only if s[i+1:j\u22121] is a palindrome and the i and j letters of s are the same.\"},\n{\"Clue of Step 3\": \"We also need to consider the boundary conditions in dynamic programming. For a substring of length 1, it is obviously a palindrome string; For a substring of length 2, it is a palindrome as long as its two letters are the same.\"},\n{\"Clue of Step 4\": \"We also need to consider the the cyclic order of dynamic programming. In the state transition equation, we are moving from a shorter string to a longer string.\"},\n{\"Clue of Step 5\": \"The final answer is the maximum length of the valid sub-strings.\"}\n]\n```\nYou can refer to the following example and generate step-by-step clues for the given problem.\n\n\n-----Clues-----\nClue of Step 1: We should find the pairs (a, b) such that LCM(a, b) equals X, which is equivalent to a * b / GCD(a, b) = X.\n", "Clue of Step 2: We should iterate over possible values of 'a' from 1 to the square root of X because if a divides X, then both 'a' and 'b' can be derived from the equation LCM(a, b) = X and a * b = X * GCD(a, b). By choosing 'a' up to sqrt(X), we ensure that we find pairs (a, b) efficiently.\n", "Clue of Step 2: To minimize max(a, b), we should aim to make a and b as close as possible. This implies that we should test pairs of divisors of X, since LCM(a, b) = X holds true for a and b being divisors.\n"], ["\nYou will be given a problem desciption.\n\nPlease analyze the problem and generate step-by-step clues of how to solve the problem with executable python code.\n\nThe problem:\n\n\nQUESTION:\nToday, Osama gave Fadi an integer $X$, and Fadi was wondering about the minimum possible value of $max(a, b)$ such that $LCM(a, b)$ equals $X$. Both $a$ and $b$ should be positive integers.\n\n$LCM(a, b)$ is the smallest positive integer that is divisible by both $a$ and $b$. For example, $LCM(6, 8) = 24$, $LCM(4, 12) = 12$, $LCM(2, 3) = 6$.\n\nOf course, Fadi immediately knew the answer. Can you be just like Fadi and find any such pair?\n\n\n-----Input-----\n\nThe first and only line contains an integer $X$ ($1 \\le X \\le 10^{12}$).\n\n\n-----Output-----\n\nPrint two positive integers, $a$ and $b$, such that the value of $max(a, b)$ is minimum possible and $LCM(a, b)$ equals $X$. If there are several possible such pairs, you can print any.\n\n\n-----Examples-----\nInput\n2\n\nOutput\n1 2\n\nInput\n6\n\nOutput\n2 3\n\nInput\n4\n\nOutput\n1 4\n\nInput\n1\n\nOutput\n1 1\nUse Standard Input format\nANSWER:\n\n\nAn example of step-by-step clues for finding the longest palindrome substring is displayed below:\n\n```json\n[\n{\"Clue of Step 1\": \"For a substring, if it is a palindrome and the length is greater than 2, it is still a palindrome after the first and last letters are removed. According to this idea, we can use dynamic programming to solve this problem.\"},\n{\"Clue of Step 2\": \"Then we should consider the state transition function. We use P(i,j) to indicate whether the string composed of the i-th to j-th letters of the string s (denoted as as s[i:j]) is a palindrome string. s[i:j] is a palindrome only if s[i+1:j\u22121] is a palindrome and the i and j letters of s are the same.\"},\n{\"Clue of Step 3\": \"We also need to consider the boundary conditions in dynamic programming. For a substring of length 1, it is obviously a palindrome string; For a substring of length 2, it is a palindrome as long as its two letters are the same.\"},\n{\"Clue of Step 4\": \"We also need to consider the the cyclic order of dynamic programming. In the state transition equation, we are moving from a shorter string to a longer string.\"},\n{\"Clue of Step 5\": \"The final answer is the maximum length of the valid sub-strings.\"}\n]\n```\nYou can refer to the following example and generate step-by-step clues for the given problem.\n\n\n-----Clues-----\nClue of Step 1: We should find the pairs (a, b) such that LCM(a, b) equals X, which is equivalent to a * b / GCD(a, b) = X.\n", "Clue of Step 2: For each value of 'a', check if X is divisible by 'a'. If it is, calculate 'b' as X // a. Then verify if the pair (a, b) satisfies LCM(a, b) = X by confirming that GCD(a, b) divides both 'a' and 'b' such that their LCM equals X.\n", "Clue of Step 2: To minimize max(a, b), we should aim to make a and b as close as possible. This implies that we should test pairs of divisors of X, since LCM(a, b) = X holds true for a and b being divisors.\n"], ["\nYou will be given a problem desciption.\n\nPlease analyze the problem and generate step-by-step clues of how to solve the problem with executable python code.\n\nThe problem:\n\n\nQUESTION:\nToday, Osama gave Fadi an integer $X$, and Fadi was wondering about the minimum possible value of $max(a, b)$ such that $LCM(a, b)$ equals $X$. Both $a$ and $b$ should be positive integers.\n\n$LCM(a, b)$ is the smallest positive integer that is divisible by both $a$ and $b$. For example, $LCM(6, 8) = 24$, $LCM(4, 12) = 12$, $LCM(2, 3) = 6$.\n\nOf course, Fadi immediately knew the answer. Can you be just like Fadi and find any such pair?\n\n\n-----Input-----\n\nThe first and only line contains an integer $X$ ($1 \\le X \\le 10^{12}$).\n\n\n-----Output-----\n\nPrint two positive integers, $a$ and $b$, such that the value of $max(a, b)$ is minimum possible and $LCM(a, b)$ equals $X$. If there are several possible such pairs, you can print any.\n\n\n-----Examples-----\nInput\n2\n\nOutput\n1 2\n\nInput\n6\n\nOutput\n2 3\n\nInput\n4\n\nOutput\n1 4\n\nInput\n1\n\nOutput\n1 1\nUse Standard Input format\nANSWER:\n\n\nAn example of step-by-step clues for finding the longest palindrome substring is displayed below:\n\n```json\n[\n{\"Clue of Step 1\": \"For a substring, if it is a palindrome and the length is greater than 2, it is still a palindrome after the first and last letters are removed. According to this idea, we can use dynamic programming to solve this problem.\"},\n{\"Clue of Step 2\": \"Then we should consider the state transition function. We use P(i,j) to indicate whether the string composed of the i-th to j-th letters of the string s (denoted as as s[i:j]) is a palindrome string. s[i:j] is a palindrome only if s[i+1:j\u22121] is a palindrome and the i and j letters of s are the same.\"},\n{\"Clue of Step 3\": \"We also need to consider the boundary conditions in dynamic programming. For a substring of length 1, it is obviously a palindrome string; For a substring of length 2, it is a palindrome as long as its two letters are the same.\"},\n{\"Clue of Step 4\": \"We also need to consider the the cyclic order of dynamic programming. In the state transition equation, we are moving from a shorter string to a longer string.\"},\n{\"Clue of Step 5\": \"The final answer is the maximum length of the valid sub-strings.\"}\n]\n```\nYou can refer to the following example and generate step-by-step clues for the given problem.\n\n\n-----Clues-----\nClue of Step 1: We should find the pairs (a, b) such that LCM(a, b) equals X, which is equivalent to a * b / GCD(a, b) = X.\n", "Clue of Step 2: To minimize max(a, b), start checking from a = 1 and increase 'a'. Once a valid pair (a, b) is found where LCM(a, b) = X, since we are increasing 'a', this will ensure that max(a, b) is minimized.\n", "Clue of Step 2: To minimize max(a, b), we should aim to make a and b as close as possible. This implies that we should test pairs of divisors of X, since LCM(a, b) = X holds true for a and b being divisors.\n"], ["\nYou will be given a problem desciption.\n\nPlease analyze the problem and generate step-by-step clues of how to solve the problem with executable python code.\n\nThe problem:\n\n\nQUESTION:\nToday, Osama gave Fadi an integer $X$, and Fadi was wondering about the minimum possible value of $max(a, b)$ such that $LCM(a, b)$ equals $X$. Both $a$ and $b$ should be positive integers.\n\n$LCM(a, b)$ is the smallest positive integer that is divisible by both $a$ and $b$. For example, $LCM(6, 8) = 24$, $LCM(4, 12) = 12$, $LCM(2, 3) = 6$.\n\nOf course, Fadi immediately knew the answer. Can you be just like Fadi and find any such pair?\n\n\n-----Input-----\n\nThe first and only line contains an integer $X$ ($1 \\le X \\le 10^{12}$).\n\n\n-----Output-----\n\nPrint two positive integers, $a$ and $b$, such that the value of $max(a, b)$ is minimum possible and $LCM(a, b)$ equals $X$. If there are several possible such pairs, you can print any.\n\n\n-----Examples-----\nInput\n2\n\nOutput\n1 2\n\nInput\n6\n\nOutput\n2 3\n\nInput\n4\n\nOutput\n1 4\n\nInput\n1\n\nOutput\n1 1\nUse Standard Input format\nANSWER:\n\n\nAn example of step-by-step clues for finding the longest palindrome substring is displayed below:\n\n```json\n[\n{\"Clue of Step 1\": \"For a substring, if it is a palindrome and the length is greater than 2, it is still a palindrome after the first and last letters are removed. According to this idea, we can use dynamic programming to solve this problem.\"},\n{\"Clue of Step 2\": \"Then we should consider the state transition function. We use P(i,j) to indicate whether the string composed of the i-th to j-th letters of the string s (denoted as as s[i:j]) is a palindrome string. s[i:j] is a palindrome only if s[i+1:j\u22121] is a palindrome and the i and j letters of s are the same.\"},\n{\"Clue of Step 3\": \"We also need to consider the boundary conditions in dynamic programming. For a substring of length 1, it is obviously a palindrome string; For a substring of length 2, it is a palindrome as long as its two letters are the same.\"},\n{\"Clue of Step 4\": \"We also need to consider the the cyclic order of dynamic programming. In the state transition equation, we are moving from a shorter string to a longer string.\"},\n{\"Clue of Step 5\": \"The final answer is the maximum length of the valid sub-strings.\"}\n]\n```\nYou can refer to the following example and generate step-by-step clues for the given problem.\n\n\n-----Clues-----\nClue of Step 1: We can iterate over all divisors of X to identify pairs (d, X/d) where d and X/d are both positive integers.\n", "Clue of Step 2: After finding the divisors (d, X/d), we need to check the maximum of each pair (d, X/d) and keep track of the pair that results in the minimum maximum value.\n", "Clue of Step 2: We can implement a loop to iterate through all divisors of X and for each divisor d, calculate max(d, X/d) and compare it to the minimum value found so far.\n"], ["\nYou will be given a problem desciption.\n\nPlease analyze the problem and generate step-by-step clues of how to solve the problem with executable python code.\n\nThe problem:\n\n\nQUESTION:\nToday, Osama gave Fadi an integer $X$, and Fadi was wondering about the minimum possible value of $max(a, b)$ such that $LCM(a, b)$ equals $X$. Both $a$ and $b$ should be positive integers.\n\n$LCM(a, b)$ is the smallest positive integer that is divisible by both $a$ and $b$. For example, $LCM(6, 8) = 24$, $LCM(4, 12) = 12$, $LCM(2, 3) = 6$.\n\nOf course, Fadi immediately knew the answer. Can you be just like Fadi and find any such pair?\n\n\n-----Input-----\n\nThe first and only line contains an integer $X$ ($1 \\le X \\le 10^{12}$).\n\n\n-----Output-----\n\nPrint two positive integers, $a$ and $b$, such that the value of $max(a, b)$ is minimum possible and $LCM(a, b)$ equals $X$. If there are several possible such pairs, you can print any.\n\n\n-----Examples-----\nInput\n2\n\nOutput\n1 2\n\nInput\n6\n\nOutput\n2 3\n\nInput\n4\n\nOutput\n1 4\n\nInput\n1\n\nOutput\n1 1\nUse Standard Input format\nANSWER:\n\n\nAn example of step-by-step clues for finding the longest palindrome substring is displayed below:\n\n```json\n[\n{\"Clue of Step 1\": \"For a substring, if it is a palindrome and the length is greater than 2, it is still a palindrome after the first and last letters are removed. According to this idea, we can use dynamic programming to solve this problem.\"},\n{\"Clue of Step 2\": \"Then we should consider the state transition function. We use P(i,j) to indicate whether the string composed of the i-th to j-th letters of the string s (denoted as as s[i:j]) is a palindrome string. s[i:j] is a palindrome only if s[i+1:j\u22121] is a palindrome and the i and j letters of s are the same.\"},\n{\"Clue of Step 3\": \"We also need to consider the boundary conditions in dynamic programming. For a substring of length 1, it is obviously a palindrome string; For a substring of length 2, it is a palindrome as long as its two letters are the same.\"},\n{\"Clue of Step 4\": \"We also need to consider the the cyclic order of dynamic programming. In the state transition equation, we are moving from a shorter string to a longer string.\"},\n{\"Clue of Step 5\": \"The final answer is the maximum length of the valid sub-strings.\"}\n]\n```\nYou can refer to the following example and generate step-by-step clues for the given problem.\n\n\n-----Clues-----\nClue of Step 1: We can iterate over all divisors of X to identify pairs (d, X/d) where d and X/d are both positive integers.\n", "Clue of Step 2: Finally, we should output the pair (a, b) corresponding to the minimum value of max(a, b) found during our iterations.\n", "Clue of Step 2: We can implement a loop to iterate through all divisors of X and for each divisor d, calculate max(d, X/d) and compare it to the minimum value found so far.\n"], ["\nYou will be given a problem desciption.\n\nPlease analyze the problem and generate step-by-step clues of how to solve the problem with executable python code.\n\nThe problem:\n\n\nQUESTION:\nToday, Osama gave Fadi an integer $X$, and Fadi was wondering about the minimum possible value of $max(a, b)$ such that $LCM(a, b)$ equals $X$. Both $a$ and $b$ should be positive integers.\n\n$LCM(a, b)$ is the smallest positive integer that is divisible by both $a$ and $b$. For example, $LCM(6, 8) = 24$, $LCM(4, 12) = 12$, $LCM(2, 3) = 6$.\n\nOf course, Fadi immediately knew the answer. Can you be just like Fadi and find any such pair?\n\n\n-----Input-----\n\nThe first and only line contains an integer $X$ ($1 \\le X \\le 10^{12}$).\n\n\n-----Output-----\n\nPrint two positive integers, $a$ and $b$, such that the value of $max(a, b)$ is minimum possible and $LCM(a, b)$ equals $X$. If there are several possible such pairs, you can print any.\n\n\n-----Examples-----\nInput\n2\n\nOutput\n1 2\n\nInput\n6\n\nOutput\n2 3\n\nInput\n4\n\nOutput\n1 4\n\nInput\n1\n\nOutput\n1 1\nUse Standard Input format\nANSWER:\n\n\nAn example of step-by-step clues for finding the longest palindrome substring is displayed below:\n\n```json\n[\n{\"Clue of Step 1\": \"For a substring, if it is a palindrome and the length is greater than 2, it is still a palindrome after the first and last letters are removed. According to this idea, we can use dynamic programming to solve this problem.\"},\n{\"Clue of Step 2\": \"Then we should consider the state transition function. We use P(i,j) to indicate whether the string composed of the i-th to j-th letters of the string s (denoted as as s[i:j]) is a palindrome string. s[i:j] is a palindrome only if s[i+1:j\u22121] is a palindrome and the i and j letters of s are the same.\"},\n{\"Clue of Step 3\": \"We also need to consider the boundary conditions in dynamic programming. For a substring of length 1, it is obviously a palindrome string; For a substring of length 2, it is a palindrome as long as its two letters are the same.\"},\n{\"Clue of Step 4\": \"We also need to consider the the cyclic order of dynamic programming. In the state transition equation, we are moving from a shorter string to a longer string.\"},\n{\"Clue of Step 5\": \"The final answer is the maximum length of the valid sub-strings.\"}\n]\n```\nYou can refer to the following example and generate step-by-step clues for the given problem.\n\n\n-----Clues-----\nClue of Step 1: We can iterate over all divisors of X to identify pairs (d, X/d) where d and X/d are both positive integers.\n", "Clue of Step 2: For each divisor pair (d, X/d), compute the maximum of the two values, i.e., max(d, X/d). Our goal is to minimize this maximum value.\n", "Clue of Step 2: We can implement a loop to iterate through all divisors of X and for each divisor d, calculate max(d, X/d) and compare it to the minimum value found so far.\n"], ["\nYou will be given a problem desciption.\n\nPlease analyze the problem and generate step-by-step clues of how to solve the problem with executable python code.\n\nThe problem:\n\n\nQUESTION:\nToday, Osama gave Fadi an integer $X$, and Fadi was wondering about the minimum possible value of $max(a, b)$ such that $LCM(a, b)$ equals $X$. Both $a$ and $b$ should be positive integers.\n\n$LCM(a, b)$ is the smallest positive integer that is divisible by both $a$ and $b$. For example, $LCM(6, 8) = 24$, $LCM(4, 12) = 12$, $LCM(2, 3) = 6$.\n\nOf course, Fadi immediately knew the answer. Can you be just like Fadi and find any such pair?\n\n\n-----Input-----\n\nThe first and only line contains an integer $X$ ($1 \\le X \\le 10^{12}$).\n\n\n-----Output-----\n\nPrint two positive integers, $a$ and $b$, such that the value of $max(a, b)$ is minimum possible and $LCM(a, b)$ equals $X$. If there are several possible such pairs, you can print any.\n\n\n-----Examples-----\nInput\n2\n\nOutput\n1 2\n\nInput\n6\n\nOutput\n2 3\n\nInput\n4\n\nOutput\n1 4\n\nInput\n1\n\nOutput\n1 1\nUse Standard Input format\nANSWER:\n\n\nAn example of step-by-step clues for finding the longest palindrome substring is displayed below:\n\n```json\n[\n{\"Clue of Step 1\": \"For a substring, if it is a palindrome and the length is greater than 2, it is still a palindrome after the first and last letters are removed. According to this idea, we can use dynamic programming to solve this problem.\"},\n{\"Clue of Step 2\": \"Then we should consider the state transition function. We use P(i,j) to indicate whether the string composed of the i-th to j-th letters of the string s (denoted as as s[i:j]) is a palindrome string. s[i:j] is a palindrome only if s[i+1:j\u22121] is a palindrome and the i and j letters of s are the same.\"},\n{\"Clue of Step 3\": \"We also need to consider the boundary conditions in dynamic programming. For a substring of length 1, it is obviously a palindrome string; For a substring of length 2, it is a palindrome as long as its two letters are the same.\"},\n{\"Clue of Step 4\": \"We also need to consider the the cyclic order of dynamic programming. In the state transition equation, we are moving from a shorter string to a longer string.\"},\n{\"Clue of Step 5\": \"The final answer is the maximum length of the valid sub-strings.\"}\n]\n```\nYou can refer to the following example and generate step-by-step clues for the given problem.\n\n\n-----Clues-----\nClue of Step 1: We can iterate over all divisors of X to identify pairs (d, X/d) where d and X/d are both positive integers.\n", "Clue of Step 2: Since we are looking for the pair (d, X/d) that minimizes max(d, X/d), we should start iterating from the smallest divisor and move upwards, because larger divisors will only increase the value of max(d, X/d).\n", "Clue of Step 2: We can implement a loop to iterate through all divisors of X and for each divisor d, calculate max(d, X/d) and compare it to the minimum value found so far.\n"], ["\nYou will be given a problem desciption.\n\nPlease analyze the problem and generate step-by-step clues of how to solve the problem with executable python code.\n\nThe problem:\n\n\nQUESTION:\nToday, Osama gave Fadi an integer $X$, and Fadi was wondering about the minimum possible value of $max(a, b)$ such that $LCM(a, b)$ equals $X$. Both $a$ and $b$ should be positive integers.\n\n$LCM(a, b)$ is the smallest positive integer that is divisible by both $a$ and $b$. For example, $LCM(6, 8) = 24$, $LCM(4, 12) = 12$, $LCM(2, 3) = 6$.\n\nOf course, Fadi immediately knew the answer. Can you be just like Fadi and find any such pair?\n\n\n-----Input-----\n\nThe first and only line contains an integer $X$ ($1 \\le X \\le 10^{12}$).\n\n\n-----Output-----\n\nPrint two positive integers, $a$ and $b$, such that the value of $max(a, b)$ is minimum possible and $LCM(a, b)$ equals $X$. If there are several possible such pairs, you can print any.\n\n\n-----Examples-----\nInput\n2\n\nOutput\n1 2\n\nInput\n6\n\nOutput\n2 3\n\nInput\n4\n\nOutput\n1 4\n\nInput\n1\n\nOutput\n1 1\nUse Standard Input format\nANSWER:\n\n\nAn example of step-by-step clues for finding the longest palindrome substring is displayed below:\n\n```json\n[\n{\"Clue of Step 1\": \"For a substring, if it is a palindrome and the length is greater than 2, it is still a palindrome after the first and last letters are removed. According to this idea, we can use dynamic programming to solve this problem.\"},\n{\"Clue of Step 2\": \"Then we should consider the state transition function. We use P(i,j) to indicate whether the string composed of the i-th to j-th letters of the string s (denoted as as s[i:j]) is a palindrome string. s[i:j] is a palindrome only if s[i+1:j\u22121] is a palindrome and the i and j letters of s are the same.\"},\n{\"Clue of Step 3\": \"We also need to consider the boundary conditions in dynamic programming. For a substring of length 1, it is obviously a palindrome string; For a substring of length 2, it is a palindrome as long as its two letters are the same.\"},\n{\"Clue of Step 4\": \"We also need to consider the the cyclic order of dynamic programming. In the state transition equation, we are moving from a shorter string to a longer string.\"},\n{\"Clue of Step 5\": \"The final answer is the maximum length of the valid sub-strings.\"}\n]\n```\nYou can refer to the following example and generate step-by-step clues for the given problem.\n\n\n-----Clues-----\nClue of Step 1: We can iterate over all divisors of X to identify pairs (d, X/d) where d and X/d are both positive integers.\n", "Clue of Step 2: To ensure that we find the correct pair efficiently, we only need to check divisors up to the square root of X. If d is a divisor of X, then both d and X/d form a valid pair, and we can stop as soon as we find the first such pair to ensure minimal max(d, X/d).\n", "Clue of Step 2: We can implement a loop to iterate through all divisors of X and for each divisor d, calculate max(d, X/d) and compare it to the minimum value found so far.\n"], ["\nYou will be given a problem desciption.\n\nPlease analyze the problem and generate step-by-step clues of how to solve the problem with executable python code.\n\nThe problem:\n\n\nQUESTION:\nToday, Osama gave Fadi an integer $X$, and Fadi was wondering about the minimum possible value of $max(a, b)$ such that $LCM(a, b)$ equals $X$. Both $a$ and $b$ should be positive integers.\n\n$LCM(a, b)$ is the smallest positive integer that is divisible by both $a$ and $b$. For example, $LCM(6, 8) = 24$, $LCM(4, 12) = 12$, $LCM(2, 3) = 6$.\n\nOf course, Fadi immediately knew the answer. Can you be just like Fadi and find any such pair?\n\n\n-----Input-----\n\nThe first and only line contains an integer $X$ ($1 \\le X \\le 10^{12}$).\n\n\n-----Output-----\n\nPrint two positive integers, $a$ and $b$, such that the value of $max(a, b)$ is minimum possible and $LCM(a, b)$ equals $X$. If there are several possible such pairs, you can print any.\n\n\n-----Examples-----\nInput\n2\n\nOutput\n1 2\n\nInput\n6\n\nOutput\n2 3\n\nInput\n4\n\nOutput\n1 4\n\nInput\n1\n\nOutput\n1 1\nUse Standard Input format\nANSWER:\n\n\nAn example of step-by-step clues for finding the longest palindrome substring is displayed below:\n\n```json\n[\n{\"Clue of Step 1\": \"For a substring, if it is a palindrome and the length is greater than 2, it is still a palindrome after the first and last letters are removed. According to this idea, we can use dynamic programming to solve this problem.\"},\n{\"Clue of Step 2\": \"Then we should consider the state transition function. We use P(i,j) to indicate whether the string composed of the i-th to j-th letters of the string s (denoted as as s[i:j]) is a palindrome string. s[i:j] is a palindrome only if s[i+1:j\u22121] is a palindrome and the i and j letters of s are the same.\"},\n{\"Clue of Step 3\": \"We also need to consider the boundary conditions in dynamic programming. For a substring of length 1, it is obviously a palindrome string; For a substring of length 2, it is a palindrome as long as its two letters are the same.\"},\n{\"Clue of Step 4\": \"We also need to consider the the cyclic order of dynamic programming. In the state transition equation, we are moving from a shorter string to a longer string.\"},\n{\"Clue of Step 5\": \"The final answer is the maximum length of the valid sub-strings.\"}\n]\n```\nYou can refer to the following example and generate step-by-step clues for the given problem.\n\n\n-----Clues-----\nClue of Step 1: By taking the divisors of X, we can form pairs (d, X/d) and check to minimize max(d, X/d).\n", "Clue of Step 2: To find the divisors of X, we can iterate from 1 up to the square root of X and check if each number is a divisor by verifying if X modulo that number equals zero.\n", "Clue of Step 2: Evaluate each pair of divisors (d, X/d) and keep track of the minimum value of max(d, X/d) to ensure we are keeping the optimal pair for the output.\n"], ["\nYou will be given a problem desciption.\n\nPlease analyze the problem and generate step-by-step clues of how to solve the problem with executable python code.\n\nThe problem:\n\n\nQUESTION:\nToday, Osama gave Fadi an integer $X$, and Fadi was wondering about the minimum possible value of $max(a, b)$ such that $LCM(a, b)$ equals $X$. Both $a$ and $b$ should be positive integers.\n\n$LCM(a, b)$ is the smallest positive integer that is divisible by both $a$ and $b$. For example, $LCM(6, 8) = 24$, $LCM(4, 12) = 12$, $LCM(2, 3) = 6$.\n\nOf course, Fadi immediately knew the answer. Can you be just like Fadi and find any such pair?\n\n\n-----Input-----\n\nThe first and only line contains an integer $X$ ($1 \\le X \\le 10^{12}$).\n\n\n-----Output-----\n\nPrint two positive integers, $a$ and $b$, such that the value of $max(a, b)$ is minimum possible and $LCM(a, b)$ equals $X$. If there are several possible such pairs, you can print any.\n\n\n-----Examples-----\nInput\n2\n\nOutput\n1 2\n\nInput\n6\n\nOutput\n2 3\n\nInput\n4\n\nOutput\n1 4\n\nInput\n1\n\nOutput\n1 1\nUse Standard Input format\nANSWER:\n\n\nAn example of step-by-step clues for finding the longest palindrome substring is displayed below:\n\n```json\n[\n{\"Clue of Step 1\": \"For a substring, if it is a palindrome and the length is greater than 2, it is still a palindrome after the first and last letters are removed. According to this idea, we can use dynamic programming to solve this problem.\"},\n{\"Clue of Step 2\": \"Then we should consider the state transition function. We use P(i,j) to indicate whether the string composed of the i-th to j-th letters of the string s (denoted as as s[i:j]) is a palindrome string. s[i:j] is a palindrome only if s[i+1:j\u22121] is a palindrome and the i and j letters of s are the same.\"},\n{\"Clue of Step 3\": \"We also need to consider the boundary conditions in dynamic programming. For a substring of length 1, it is obviously a palindrome string; For a substring of length 2, it is a palindrome as long as its two letters are the same.\"},\n{\"Clue of Step 4\": \"We also need to consider the the cyclic order of dynamic programming. In the state transition equation, we are moving from a shorter string to a longer string.\"},\n{\"Clue of Step 5\": \"The final answer is the maximum length of the valid sub-strings.\"}\n]\n```\nYou can refer to the following example and generate step-by-step clues for the given problem.\n\n\n-----Clues-----\nClue of Step 1: By taking the divisors of X, we can form pairs (d, X/d) and check to minimize max(d, X/d).\n", "Clue of Step 2: To find the divisors of X, we can iterate from 1 up to the square root of X and check if each number is a divisor by verifying if X modulo that number equals zero.\n", "Clue of Step 2: To minimize max(a, b), we should iterate over the divisors of X in such a way that we check pairs (d, X // d) where d starts from 1 up to the square root of X. This ensures that we find the smallest possible maximum value for the pair (a, b).\n"], ["\nYou will be given a problem desciption.\n\nPlease analyze the problem and generate step-by-step clues of how to solve the problem with executable python code.\n\nThe problem:\n\n\nQUESTION:\nToday, Osama gave Fadi an integer $X$, and Fadi was wondering about the minimum possible value of $max(a, b)$ such that $LCM(a, b)$ equals $X$. Both $a$ and $b$ should be positive integers.\n\n$LCM(a, b)$ is the smallest positive integer that is divisible by both $a$ and $b$. For example, $LCM(6, 8) = 24$, $LCM(4, 12) = 12$, $LCM(2, 3) = 6$.\n\nOf course, Fadi immediately knew the answer. Can you be just like Fadi and find any such pair?\n\n\n-----Input-----\n\nThe first and only line contains an integer $X$ ($1 \\le X \\le 10^{12}$).\n\n\n-----Output-----\n\nPrint two positive integers, $a$ and $b$, such that the value of $max(a, b)$ is minimum possible and $LCM(a, b)$ equals $X$. If there are several possible such pairs, you can print any.\n\n\n-----Examples-----\nInput\n2\n\nOutput\n1 2\n\nInput\n6\n\nOutput\n2 3\n\nInput\n4\n\nOutput\n1 4\n\nInput\n1\n\nOutput\n1 1\nUse Standard Input format\nANSWER:\n\n\nAn example of step-by-step clues for finding the longest palindrome substring is displayed below:\n\n```json\n[\n{\"Clue of Step 1\": \"For a substring, if it is a palindrome and the length is greater than 2, it is still a palindrome after the first and last letters are removed. According to this idea, we can use dynamic programming to solve this problem.\"},\n{\"Clue of Step 2\": \"Then we should consider the state transition function. We use P(i,j) to indicate whether the string composed of the i-th to j-th letters of the string s (denoted as as s[i:j]) is a palindrome string. s[i:j] is a palindrome only if s[i+1:j\u22121] is a palindrome and the i and j letters of s are the same.\"},\n{\"Clue of Step 3\": \"We also need to consider the boundary conditions in dynamic programming. For a substring of length 1, it is obviously a palindrome string; For a substring of length 2, it is a palindrome as long as its two letters are the same.\"},\n{\"Clue of Step 4\": \"We also need to consider the the cyclic order of dynamic programming. In the state transition equation, we are moving from a shorter string to a longer string.\"},\n{\"Clue of Step 5\": \"The final answer is the maximum length of the valid sub-strings.\"}\n]\n```\nYou can refer to the following example and generate step-by-step clues for the given problem.\n\n\n-----Clues-----\nClue of Step 1: By taking the divisors of X, we can form pairs (d, X/d) and check to minimize max(d, X/d).\n", "Clue of Step 2: For each divisor found, compute its complementary divisor (i.e., X divided by the divisor) and store the pairs (divisor, complementary divisor) for further evaluation.\n", "Clue of Step 2: Evaluate each pair of divisors (d, X/d) and keep track of the minimum value of max(d, X/d) to ensure we are keeping the optimal pair for the output.\n"], ["\nYou will be given a problem desciption.\n\nPlease analyze the problem and generate step-by-step clues of how to solve the problem with executable python code.\n\nThe problem:\n\n\nQUESTION:\nToday, Osama gave Fadi an integer $X$, and Fadi was wondering about the minimum possible value of $max(a, b)$ such that $LCM(a, b)$ equals $X$. Both $a$ and $b$ should be positive integers.\n\n$LCM(a, b)$ is the smallest positive integer that is divisible by both $a$ and $b$. For example, $LCM(6, 8) = 24$, $LCM(4, 12) = 12$, $LCM(2, 3) = 6$.\n\nOf course, Fadi immediately knew the answer. Can you be just like Fadi and find any such pair?\n\n\n-----Input-----\n\nThe first and only line contains an integer $X$ ($1 \\le X \\le 10^{12}$).\n\n\n-----Output-----\n\nPrint two positive integers, $a$ and $b$, such that the value of $max(a, b)$ is minimum possible and $LCM(a, b)$ equals $X$. If there are several possible such pairs, you can print any.\n\n\n-----Examples-----\nInput\n2\n\nOutput\n1 2\n\nInput\n6\n\nOutput\n2 3\n\nInput\n4\n\nOutput\n1 4\n\nInput\n1\n\nOutput\n1 1\nUse Standard Input format\nANSWER:\n\n\nAn example of step-by-step clues for finding the longest palindrome substring is displayed below:\n\n```json\n[\n{\"Clue of Step 1\": \"For a substring, if it is a palindrome and the length is greater than 2, it is still a palindrome after the first and last letters are removed. According to this idea, we can use dynamic programming to solve this problem.\"},\n{\"Clue of Step 2\": \"Then we should consider the state transition function. We use P(i,j) to indicate whether the string composed of the i-th to j-th letters of the string s (denoted as as s[i:j]) is a palindrome string. s[i:j] is a palindrome only if s[i+1:j\u22121] is a palindrome and the i and j letters of s are the same.\"},\n{\"Clue of Step 3\": \"We also need to consider the boundary conditions in dynamic programming. For a substring of length 1, it is obviously a palindrome string; For a substring of length 2, it is a palindrome as long as its two letters are the same.\"},\n{\"Clue of Step 4\": \"We also need to consider the the cyclic order of dynamic programming. In the state transition equation, we are moving from a shorter string to a longer string.\"},\n{\"Clue of Step 5\": \"The final answer is the maximum length of the valid sub-strings.\"}\n]\n```\nYou can refer to the following example and generate step-by-step clues for the given problem.\n\n\n-----Clues-----\nClue of Step 1: By taking the divisors of X, we can form pairs (d, X/d) and check to minimize max(d, X/d).\n", "Clue of Step 2: For each divisor found, compute its complementary divisor (i.e., X divided by the divisor) and store the pairs (divisor, complementary divisor) for further evaluation.\n", "Clue of Step 2: To minimize max(a, b), we should iterate over the divisors of X in such a way that we check pairs (d, X // d) where d starts from 1 up to the square root of X. This ensures that we find the smallest possible maximum value for the pair (a, b).\n"], ["\nYou will be given a problem desciption.\n\nPlease analyze the problem and generate step-by-step clues of how to solve the problem with executable python code.\n\nThe problem:\n\n\nQUESTION:\nToday, Osama gave Fadi an integer $X$, and Fadi was wondering about the minimum possible value of $max(a, b)$ such that $LCM(a, b)$ equals $X$. Both $a$ and $b$ should be positive integers.\n\n$LCM(a, b)$ is the smallest positive integer that is divisible by both $a$ and $b$. For example, $LCM(6, 8) = 24$, $LCM(4, 12) = 12$, $LCM(2, 3) = 6$.\n\nOf course, Fadi immediately knew the answer. Can you be just like Fadi and find any such pair?\n\n\n-----Input-----\n\nThe first and only line contains an integer $X$ ($1 \\le X \\le 10^{12}$).\n\n\n-----Output-----\n\nPrint two positive integers, $a$ and $b$, such that the value of $max(a, b)$ is minimum possible and $LCM(a, b)$ equals $X$. If there are several possible such pairs, you can print any.\n\n\n-----Examples-----\nInput\n2\n\nOutput\n1 2\n\nInput\n6\n\nOutput\n2 3\n\nInput\n4\n\nOutput\n1 4\n\nInput\n1\n\nOutput\n1 1\nUse Standard Input format\nANSWER:\n\n\nAn example of step-by-step clues for finding the longest palindrome substring is displayed below:\n\n```json\n[\n{\"Clue of Step 1\": \"For a substring, if it is a palindrome and the length is greater than 2, it is still a palindrome after the first and last letters are removed. According to this idea, we can use dynamic programming to solve this problem.\"},\n{\"Clue of Step 2\": \"Then we should consider the state transition function. We use P(i,j) to indicate whether the string composed of the i-th to j-th letters of the string s (denoted as as s[i:j]) is a palindrome string. s[i:j] is a palindrome only if s[i+1:j\u22121] is a palindrome and the i and j letters of s are the same.\"},\n{\"Clue of Step 3\": \"We also need to consider the boundary conditions in dynamic programming. For a substring of length 1, it is obviously a palindrome string; For a substring of length 2, it is a palindrome as long as its two letters are the same.\"},\n{\"Clue of Step 4\": \"We also need to consider the the cyclic order of dynamic programming. In the state transition equation, we are moving from a shorter string to a longer string.\"},\n{\"Clue of Step 5\": \"The final answer is the maximum length of the valid sub-strings.\"}\n]\n```\nYou can refer to the following example and generate step-by-step clues for the given problem.\n\n\n-----Clues-----\nClue of Step 1: By taking the divisors of X, we can form pairs (d, X/d) and check to minimize max(d, X/d).\n", "Clue of Step 2: Since both a and b must be factors of X, we can generate all factor pairs (d, X // d) and track the pair that minimizes max(a, b). Checking divisors up to \u221aX is sufficient because any divisor greater than \u221aX will have a corresponding smaller divisor.\n", "Clue of Step 2: Evaluate each pair of divisors (d, X/d) and keep track of the minimum value of max(d, X/d) to ensure we are keeping the optimal pair for the output.\n"], ["\nYou will be given a problem desciption.\n\nPlease analyze the problem and generate step-by-step clues of how to solve the problem with executable python code.\n\nThe problem:\n\n\nQUESTION:\nToday, Osama gave Fadi an integer $X$, and Fadi was wondering about the minimum possible value of $max(a, b)$ such that $LCM(a, b)$ equals $X$. Both $a$ and $b$ should be positive integers.\n\n$LCM(a, b)$ is the smallest positive integer that is divisible by both $a$ and $b$. For example, $LCM(6, 8) = 24$, $LCM(4, 12) = 12$, $LCM(2, 3) = 6$.\n\nOf course, Fadi immediately knew the answer. Can you be just like Fadi and find any such pair?\n\n\n-----Input-----\n\nThe first and only line contains an integer $X$ ($1 \\le X \\le 10^{12}$).\n\n\n-----Output-----\n\nPrint two positive integers, $a$ and $b$, such that the value of $max(a, b)$ is minimum possible and $LCM(a, b)$ equals $X$. If there are several possible such pairs, you can print any.\n\n\n-----Examples-----\nInput\n2\n\nOutput\n1 2\n\nInput\n6\n\nOutput\n2 3\n\nInput\n4\n\nOutput\n1 4\n\nInput\n1\n\nOutput\n1 1\nUse Standard Input format\nANSWER:\n\n\nAn example of step-by-step clues for finding the longest palindrome substring is displayed below:\n\n```json\n[\n{\"Clue of Step 1\": \"For a substring, if it is a palindrome and the length is greater than 2, it is still a palindrome after the first and last letters are removed. According to this idea, we can use dynamic programming to solve this problem.\"},\n{\"Clue of Step 2\": \"Then we should consider the state transition function. We use P(i,j) to indicate whether the string composed of the i-th to j-th letters of the string s (denoted as as s[i:j]) is a palindrome string. s[i:j] is a palindrome only if s[i+1:j\u22121] is a palindrome and the i and j letters of s are the same.\"},\n{\"Clue of Step 3\": \"We also need to consider the boundary conditions in dynamic programming. For a substring of length 1, it is obviously a palindrome string; For a substring of length 2, it is a palindrome as long as its two letters are the same.\"},\n{\"Clue of Step 4\": \"We also need to consider the the cyclic order of dynamic programming. In the state transition equation, we are moving from a shorter string to a longer string.\"},\n{\"Clue of Step 5\": \"The final answer is the maximum length of the valid sub-strings.\"}\n]\n```\nYou can refer to the following example and generate step-by-step clues for the given problem.\n\n\n-----Clues-----\nClue of Step 1: By taking the divisors of X, we can form pairs (d, X/d) and check to minimize max(d, X/d).\n", "Clue of Step 2: Since both a and b must be factors of X, we can generate all factor pairs (d, X // d) and track the pair that minimizes max(a, b). Checking divisors up to \u221aX is sufficient because any divisor greater than \u221aX will have a corresponding smaller divisor.\n", "Clue of Step 2: To minimize max(a, b), we should iterate over the divisors of X in such a way that we check pairs (d, X // d) where d starts from 1 up to the square root of X. This ensures that we find the smallest possible maximum value for the pair (a, b).\n"], ["\nYou will be given a problem desciption.\n\nPlease analyze the problem and generate step-by-step clues of how to solve the problem with executable python code.\n\nThe problem:\n\n\nQUESTION:\nToday, Osama gave Fadi an integer $X$, and Fadi was wondering about the minimum possible value of $max(a, b)$ such that $LCM(a, b)$ equals $X$. Both $a$ and $b$ should be positive integers.\n\n$LCM(a, b)$ is the smallest positive integer that is divisible by both $a$ and $b$. For example, $LCM(6, 8) = 24$, $LCM(4, 12) = 12$, $LCM(2, 3) = 6$.\n\nOf course, Fadi immediately knew the answer. Can you be just like Fadi and find any such pair?\n\n\n-----Input-----\n\nThe first and only line contains an integer $X$ ($1 \\le X \\le 10^{12}$).\n\n\n-----Output-----\n\nPrint two positive integers, $a$ and $b$, such that the value of $max(a, b)$ is minimum possible and $LCM(a, b)$ equals $X$. If there are several possible such pairs, you can print any.\n\n\n-----Examples-----\nInput\n2\n\nOutput\n1 2\n\nInput\n6\n\nOutput\n2 3\n\nInput\n4\n\nOutput\n1 4\n\nInput\n1\n\nOutput\n1 1\nUse Standard Input format\nANSWER:\n\n\nAn example of step-by-step clues for finding the longest palindrome substring is displayed below:\n\n```json\n[\n{\"Clue of Step 1\": \"For a substring, if it is a palindrome and the length is greater than 2, it is still a palindrome after the first and last letters are removed. According to this idea, we can use dynamic programming to solve this problem.\"},\n{\"Clue of Step 2\": \"Then we should consider the state transition function. We use P(i,j) to indicate whether the string composed of the i-th to j-th letters of the string s (denoted as as s[i:j]) is a palindrome string. s[i:j] is a palindrome only if s[i+1:j\u22121] is a palindrome and the i and j letters of s are the same.\"},\n{\"Clue of Step 3\": \"We also need to consider the boundary conditions in dynamic programming. For a substring of length 1, it is obviously a palindrome string; For a substring of length 2, it is a palindrome as long as its two letters are the same.\"},\n{\"Clue of Step 4\": \"We also need to consider the the cyclic order of dynamic programming. In the state transition equation, we are moving from a shorter string to a longer string.\"},\n{\"Clue of Step 5\": \"The final answer is the maximum length of the valid sub-strings.\"}\n]\n```\nYou can refer to the following example and generate step-by-step clues for the given problem.\n\n\n-----Clues-----\nClue of Step 1: By taking the divisors of X, we can form pairs (d, X/d) and check to minimize max(d, X/d).\n", "Clue of Step 2: We should ensure that for each divisor d of X, both d and X // d are valid factors. By finding the smallest maximum value of such pairs, we can directly print the corresponding pair (d, X // d) as the solution.\n", "Clue of Step 2: Evaluate each pair of divisors (d, X/d) and keep track of the minimum value of max(d, X/d) to ensure we are keeping the optimal pair for the output.\n"], ["\nYou will be given a problem desciption.\n\nPlease analyze the problem and generate step-by-step clues of how to solve the problem with executable python code.\n\nThe problem:\n\n\nQUESTION:\nToday, Osama gave Fadi an integer $X$, and Fadi was wondering about the minimum possible value of $max(a, b)$ such that $LCM(a, b)$ equals $X$. Both $a$ and $b$ should be positive integers.\n\n$LCM(a, b)$ is the smallest positive integer that is divisible by both $a$ and $b$. For example, $LCM(6, 8) = 24$, $LCM(4, 12) = 12$, $LCM(2, 3) = 6$.\n\nOf course, Fadi immediately knew the answer. Can you be just like Fadi and find any such pair?\n\n\n-----Input-----\n\nThe first and only line contains an integer $X$ ($1 \\le X \\le 10^{12}$).\n\n\n-----Output-----\n\nPrint two positive integers, $a$ and $b$, such that the value of $max(a, b)$ is minimum possible and $LCM(a, b)$ equals $X$. If there are several possible such pairs, you can print any.\n\n\n-----Examples-----\nInput\n2\n\nOutput\n1 2\n\nInput\n6\n\nOutput\n2 3\n\nInput\n4\n\nOutput\n1 4\n\nInput\n1\n\nOutput\n1 1\nUse Standard Input format\nANSWER:\n\n\nAn example of step-by-step clues for finding the longest palindrome substring is displayed below:\n\n```json\n[\n{\"Clue of Step 1\": \"For a substring, if it is a palindrome and the length is greater than 2, it is still a palindrome after the first and last letters are removed. According to this idea, we can use dynamic programming to solve this problem.\"},\n{\"Clue of Step 2\": \"Then we should consider the state transition function. We use P(i,j) to indicate whether the string composed of the i-th to j-th letters of the string s (denoted as as s[i:j]) is a palindrome string. s[i:j] is a palindrome only if s[i+1:j\u22121] is a palindrome and the i and j letters of s are the same.\"},\n{\"Clue of Step 3\": \"We also need to consider the boundary conditions in dynamic programming. For a substring of length 1, it is obviously a palindrome string; For a substring of length 2, it is a palindrome as long as its two letters are the same.\"},\n{\"Clue of Step 4\": \"We also need to consider the the cyclic order of dynamic programming. In the state transition equation, we are moving from a shorter string to a longer string.\"},\n{\"Clue of Step 5\": \"The final answer is the maximum length of the valid sub-strings.\"}\n]\n```\nYou can refer to the following example and generate step-by-step clues for the given problem.\n\n\n-----Clues-----\nClue of Step 1: By taking the divisors of X, we can form pairs (d, X/d) and check to minimize max(d, X/d).\n", "Clue of Step 2: We should ensure that for each divisor d of X, both d and X // d are valid factors. By finding the smallest maximum value of such pairs, we can directly print the corresponding pair (d, X // d) as the solution.\n", "Clue of Step 2: To minimize max(a, b), we should iterate over the divisors of X in such a way that we check pairs (d, X // d) where d starts from 1 up to the square root of X. This ensures that we find the smallest possible maximum value for the pair (a, b).\n"], ["\nYou will be given a problem desciption.\n\nPlease analyze the problem and generate step-by-step clues of how to solve the problem with executable python code.\n\nThe problem:\n\n\nQUESTION:\nToday, Osama gave Fadi an integer $X$, and Fadi was wondering about the minimum possible value of $max(a, b)$ such that $LCM(a, b)$ equals $X$. Both $a$ and $b$ should be positive integers.\n\n$LCM(a, b)$ is the smallest positive integer that is divisible by both $a$ and $b$. For example, $LCM(6, 8) = 24$, $LCM(4, 12) = 12$, $LCM(2, 3) = 6$.\n\nOf course, Fadi immediately knew the answer. Can you be just like Fadi and find any such pair?\n\n\n-----Input-----\n\nThe first and only line contains an integer $X$ ($1 \\le X \\le 10^{12}$).\n\n\n-----Output-----\n\nPrint two positive integers, $a$ and $b$, such that the value of $max(a, b)$ is minimum possible and $LCM(a, b)$ equals $X$. If there are several possible such pairs, you can print any.\n\n\n-----Examples-----\nInput\n2\n\nOutput\n1 2\n\nInput\n6\n\nOutput\n2 3\n\nInput\n4\n\nOutput\n1 4\n\nInput\n1\n\nOutput\n1 1\nUse Standard Input format\nANSWER:\n\n\nAn example of step-by-step clues for finding the longest palindrome substring is displayed below:\n\n```json\n[\n{\"Clue of Step 1\": \"For a substring, if it is a palindrome and the length is greater than 2, it is still a palindrome after the first and last letters are removed. According to this idea, we can use dynamic programming to solve this problem.\"},\n{\"Clue of Step 2\": \"Then we should consider the state transition function. We use P(i,j) to indicate whether the string composed of the i-th to j-th letters of the string s (denoted as as s[i:j]) is a palindrome string. s[i:j] is a palindrome only if s[i+1:j\u22121] is a palindrome and the i and j letters of s are the same.\"},\n{\"Clue of Step 3\": \"We also need to consider the boundary conditions in dynamic programming. For a substring of length 1, it is obviously a palindrome string; For a substring of length 2, it is a palindrome as long as its two letters are the same.\"},\n{\"Clue of Step 4\": \"We also need to consider the the cyclic order of dynamic programming. In the state transition equation, we are moving from a shorter string to a longer string.\"},\n{\"Clue of Step 5\": \"The final answer is the maximum length of the valid sub-strings.\"}\n]\n```\nYou can refer to the following example and generate step-by-step clues for the given problem.\n\n\n-----Clues-----\nClue of Step 1: We can iterate over the divisors of X. For each divisor d, if d is a divisor of X, then the pair (d, X // d) is a candidate pair because LCM(d, X // d) = X. Among all such pairs, we want to find the one that minimizes max(a, b).\n", "Clue of Step 2: We need to iterate over all integers from 1 to the square root of X to find its divisors. If i is a divisor of X, then (i, X // i) is one pair we can consider.\n", "Clue of Step 2: Since we need to minimize max(a, b), we should consider pairs (d, X // d) and try to balance the values of a and b. Iterating through the divisors in ascending order ensures that we find the pair with the smallest max(a, b) first.\n"], ["\nYou will be given a problem desciption.\n\nPlease analyze the problem and generate step-by-step clues of how to solve the problem with executable python code.\n\nThe problem:\n\n\nQUESTION:\nToday, Osama gave Fadi an integer $X$, and Fadi was wondering about the minimum possible value of $max(a, b)$ such that $LCM(a, b)$ equals $X$. Both $a$ and $b$ should be positive integers.\n\n$LCM(a, b)$ is the smallest positive integer that is divisible by both $a$ and $b$. For example, $LCM(6, 8) = 24$, $LCM(4, 12) = 12$, $LCM(2, 3) = 6$.\n\nOf course, Fadi immediately knew the answer. Can you be just like Fadi and find any such pair?\n\n\n-----Input-----\n\nThe first and only line contains an integer $X$ ($1 \\le X \\le 10^{12}$).\n\n\n-----Output-----\n\nPrint two positive integers, $a$ and $b$, such that the value of $max(a, b)$ is minimum possible and $LCM(a, b)$ equals $X$. If there are several possible such pairs, you can print any.\n\n\n-----Examples-----\nInput\n2\n\nOutput\n1 2\n\nInput\n6\n\nOutput\n2 3\n\nInput\n4\n\nOutput\n1 4\n\nInput\n1\n\nOutput\n1 1\nUse Standard Input format\nANSWER:\n\n\nAn example of step-by-step clues for finding the longest palindrome substring is displayed below:\n\n```json\n[\n{\"Clue of Step 1\": \"For a substring, if it is a palindrome and the length is greater than 2, it is still a palindrome after the first and last letters are removed. According to this idea, we can use dynamic programming to solve this problem.\"},\n{\"Clue of Step 2\": \"Then we should consider the state transition function. We use P(i,j) to indicate whether the string composed of the i-th to j-th letters of the string s (denoted as as s[i:j]) is a palindrome string. s[i:j] is a palindrome only if s[i+1:j\u22121] is a palindrome and the i and j letters of s are the same.\"},\n{\"Clue of Step 3\": \"We also need to consider the boundary conditions in dynamic programming. For a substring of length 1, it is obviously a palindrome string; For a substring of length 2, it is a palindrome as long as its two letters are the same.\"},\n{\"Clue of Step 4\": \"We also need to consider the the cyclic order of dynamic programming. In the state transition equation, we are moving from a shorter string to a longer string.\"},\n{\"Clue of Step 5\": \"The final answer is the maximum length of the valid sub-strings.\"}\n]\n```\nYou can refer to the following example and generate step-by-step clues for the given problem.\n\n\n-----Clues-----\nClue of Step 1: We can iterate over the divisors of X. For each divisor d, if d is a divisor of X, then the pair (d, X // d) is a candidate pair because LCM(d, X // d) = X. Among all such pairs, we want to find the one that minimizes max(a, b).\n", "Clue of Step 2: For each divisor pair (d, X // d), we should compute max(d, X // d) to keep track of the pair that yields the minimum maximum value.\n", "Clue of Step 2: Since we need to minimize max(a, b), we should consider pairs (d, X // d) and try to balance the values of a and b. Iterating through the divisors in ascending order ensures that we find the pair with the smallest max(a, b) first.\n"], ["\nYou will be given a problem desciption.\n\nPlease analyze the problem and generate step-by-step clues of how to solve the problem with executable python code.\n\nThe problem:\n\n\nQUESTION:\nToday, Osama gave Fadi an integer $X$, and Fadi was wondering about the minimum possible value of $max(a, b)$ such that $LCM(a, b)$ equals $X$. Both $a$ and $b$ should be positive integers.\n\n$LCM(a, b)$ is the smallest positive integer that is divisible by both $a$ and $b$. For example, $LCM(6, 8) = 24$, $LCM(4, 12) = 12$, $LCM(2, 3) = 6$.\n\nOf course, Fadi immediately knew the answer. Can you be just like Fadi and find any such pair?\n\n\n-----Input-----\n\nThe first and only line contains an integer $X$ ($1 \\le X \\le 10^{12}$).\n\n\n-----Output-----\n\nPrint two positive integers, $a$ and $b$, such that the value of $max(a, b)$ is minimum possible and $LCM(a, b)$ equals $X$. If there are several possible such pairs, you can print any.\n\n\n-----Examples-----\nInput\n2\n\nOutput\n1 2\n\nInput\n6\n\nOutput\n2 3\n\nInput\n4\n\nOutput\n1 4\n\nInput\n1\n\nOutput\n1 1\nUse Standard Input format\nANSWER:\n\n\nAn example of step-by-step clues for finding the longest palindrome substring is displayed below:\n\n```json\n[\n{\"Clue of Step 1\": \"For a substring, if it is a palindrome and the length is greater than 2, it is still a palindrome after the first and last letters are removed. According to this idea, we can use dynamic programming to solve this problem.\"},\n{\"Clue of Step 2\": \"Then we should consider the state transition function. We use P(i,j) to indicate whether the string composed of the i-th to j-th letters of the string s (denoted as as s[i:j]) is a palindrome string. s[i:j] is a palindrome only if s[i+1:j\u22121] is a palindrome and the i and j letters of s are the same.\"},\n{\"Clue of Step 3\": \"We also need to consider the boundary conditions in dynamic programming. For a substring of length 1, it is obviously a palindrome string; For a substring of length 2, it is a palindrome as long as its two letters are the same.\"},\n{\"Clue of Step 4\": \"We also need to consider the the cyclic order of dynamic programming. In the state transition equation, we are moving from a shorter string to a longer string.\"},\n{\"Clue of Step 5\": \"The final answer is the maximum length of the valid sub-strings.\"}\n]\n```\nYou can refer to the following example and generate step-by-step clues for the given problem.\n\n\n-----Clues-----\nClue of Step 1: We can iterate over the divisors of X. For each divisor d, if d is a divisor of X, then the pair (d, X // d) is a candidate pair because LCM(d, X // d) = X. Among all such pairs, we want to find the one that minimizes max(a, b).\n", "Clue of Step 2: Finally, after iterating through all the divisors, we should output the pair (a, b) that gives the smallest max(a, b).\n", "Clue of Step 2: Since we need to minimize max(a, b), we should consider pairs (d, X // d) and try to balance the values of a and b. Iterating through the divisors in ascending order ensures that we find the pair with the smallest max(a, b) first.\n"], ["\nYou will be given a problem desciption.\n\nPlease analyze the problem and generate step-by-step clues of how to solve the problem with executable python code.\n\nThe problem:\n\n\nQUESTION:\nToday, Osama gave Fadi an integer $X$, and Fadi was wondering about the minimum possible value of $max(a, b)$ such that $LCM(a, b)$ equals $X$. Both $a$ and $b$ should be positive integers.\n\n$LCM(a, b)$ is the smallest positive integer that is divisible by both $a$ and $b$. For example, $LCM(6, 8) = 24$, $LCM(4, 12) = 12$, $LCM(2, 3) = 6$.\n\nOf course, Fadi immediately knew the answer. Can you be just like Fadi and find any such pair?\n\n\n-----Input-----\n\nThe first and only line contains an integer $X$ ($1 \\le X \\le 10^{12}$).\n\n\n-----Output-----\n\nPrint two positive integers, $a$ and $b$, such that the value of $max(a, b)$ is minimum possible and $LCM(a, b)$ equals $X$. If there are several possible such pairs, you can print any.\n\n\n-----Examples-----\nInput\n2\n\nOutput\n1 2\n\nInput\n6\n\nOutput\n2 3\n\nInput\n4\n\nOutput\n1 4\n\nInput\n1\n\nOutput\n1 1\nUse Standard Input format\nANSWER:\n\n\nAn example of step-by-step clues for finding the longest palindrome substring is displayed below:\n\n```json\n[\n{\"Clue of Step 1\": \"For a substring, if it is a palindrome and the length is greater than 2, it is still a palindrome after the first and last letters are removed. According to this idea, we can use dynamic programming to solve this problem.\"},\n{\"Clue of Step 2\": \"Then we should consider the state transition function. We use P(i,j) to indicate whether the string composed of the i-th to j-th letters of the string s (denoted as as s[i:j]) is a palindrome string. s[i:j] is a palindrome only if s[i+1:j\u22121] is a palindrome and the i and j letters of s are the same.\"},\n{\"Clue of Step 3\": \"We also need to consider the boundary conditions in dynamic programming. For a substring of length 1, it is obviously a palindrome string; For a substring of length 2, it is a palindrome as long as its two letters are the same.\"},\n{\"Clue of Step 4\": \"We also need to consider the the cyclic order of dynamic programming. In the state transition equation, we are moving from a shorter string to a longer string.\"},\n{\"Clue of Step 5\": \"The final answer is the maximum length of the valid sub-strings.\"}\n]\n```\nYou can refer to the following example and generate step-by-step clues for the given problem.\n\n\n-----Clues-----\nClue of Step 1: We can iterate over the divisors of X. For each divisor d, if d is a divisor of X, then the pair (d, X // d) is a candidate pair because LCM(d, X // d) = X. Among all such pairs, we want to find the one that minimizes max(a, b).\n", "Clue of Step 2: To efficiently find divisors, we can iterate up to the square root of X. If d is a divisor of X, then both (d, X // d) and (X // d, d) are candidate pairs, but we only need to consider each pair once. This reduces the number of iterations.\n", "Clue of Step 2: Since we need to minimize max(a, b), we should consider pairs (d, X // d) and try to balance the values of a and b. Iterating through the divisors in ascending order ensures that we find the pair with the smallest max(a, b) first.\n"], ["\nYou will be given a problem desciption.\n\nPlease analyze the problem and generate step-by-step clues of how to solve the problem with executable python code.\n\nThe problem:\n\n\nQUESTION:\nToday, Osama gave Fadi an integer $X$, and Fadi was wondering about the minimum possible value of $max(a, b)$ such that $LCM(a, b)$ equals $X$. Both $a$ and $b$ should be positive integers.\n\n$LCM(a, b)$ is the smallest positive integer that is divisible by both $a$ and $b$. For example, $LCM(6, 8) = 24$, $LCM(4, 12) = 12$, $LCM(2, 3) = 6$.\n\nOf course, Fadi immediately knew the answer. Can you be just like Fadi and find any such pair?\n\n\n-----Input-----\n\nThe first and only line contains an integer $X$ ($1 \\le X \\le 10^{12}$).\n\n\n-----Output-----\n\nPrint two positive integers, $a$ and $b$, such that the value of $max(a, b)$ is minimum possible and $LCM(a, b)$ equals $X$. If there are several possible such pairs, you can print any.\n\n\n-----Examples-----\nInput\n2\n\nOutput\n1 2\n\nInput\n6\n\nOutput\n2 3\n\nInput\n4\n\nOutput\n1 4\n\nInput\n1\n\nOutput\n1 1\nUse Standard Input format\nANSWER:\n\n\nAn example of step-by-step clues for finding the longest palindrome substring is displayed below:\n\n```json\n[\n{\"Clue of Step 1\": \"For a substring, if it is a palindrome and the length is greater than 2, it is still a palindrome after the first and last letters are removed. According to this idea, we can use dynamic programming to solve this problem.\"},\n{\"Clue of Step 2\": \"Then we should consider the state transition function. We use P(i,j) to indicate whether the string composed of the i-th to j-th letters of the string s (denoted as as s[i:j]) is a palindrome string. s[i:j] is a palindrome only if s[i+1:j\u22121] is a palindrome and the i and j letters of s are the same.\"},\n{\"Clue of Step 3\": \"We also need to consider the boundary conditions in dynamic programming. For a substring of length 1, it is obviously a palindrome string; For a substring of length 2, it is a palindrome as long as its two letters are the same.\"},\n{\"Clue of Step 4\": \"We also need to consider the the cyclic order of dynamic programming. In the state transition equation, we are moving from a shorter string to a longer string.\"},\n{\"Clue of Step 5\": \"The final answer is the maximum length of the valid sub-strings.\"}\n]\n```\nYou can refer to the following example and generate step-by-step clues for the given problem.\n\n\n-----Clues-----\nClue of Step 1: We can iterate over the divisors of X. For each divisor d, if d is a divisor of X, then the pair (d, X // d) is a candidate pair because LCM(d, X // d) = X. Among all such pairs, we want to find the one that minimizes max(a, b).\n", "Clue of Step 2: Checking if a number d divides X without leaving a remainder (i.e., X % d == 0) ensures that d is a valid divisor. For each valid divisor d, compute the corresponding pair (d, X // d) and compare max(a, b) to find the minimum.\n", "Clue of Step 2: Since we need to minimize max(a, b), we should consider pairs (d, X // d) and try to balance the values of a and b. Iterating through the divisors in ascending order ensures that we find the pair with the smallest max(a, b) first.\n"]], "SFT": ["\nYou will be given a problem desciption.\n\nPlease analyze the problem and generate step-by-step clues of how to solve the problem with executable python code.\n\nThe problem:\n\n\nQUESTION:\nToday, Osama gave Fadi an integer $X$, and Fadi was wondering about the minimum possible value of $max(a, b)$ such that $LCM(a, b)$ equals $X$. Both $a$ and $b$ should be positive integers.\n\n$LCM(a, b)$ is the smallest positive integer that is divisible by both $a$ and $b$. For example, $LCM(6, 8) = 24$, $LCM(4, 12) = 12$, $LCM(2, 3) = 6$.\n\nOf course, Fadi immediately knew the answer. Can you be just like Fadi and find any such pair?\n\n\n-----Input-----\n\nThe first and only line contains an integer $X$ ($1 \\le X \\le 10^{12}$).\n\n\n-----Output-----\n\nPrint two positive integers, $a$ and $b$, such that the value of $max(a, b)$ is minimum possible and $LCM(a, b)$ equals $X$. If there are several possible such pairs, you can print any.\n\n\n-----Examples-----\nInput\n2\n\nOutput\n1 2\n\nInput\n6\n\nOutput\n2 3\n\nInput\n4\n\nOutput\n1 4\n\nInput\n1\n\nOutput\n1 1\nUse Standard Input format\nANSWER:\n\n\nAn example of step-by-step clues for finding the longest palindrome substring is displayed below:\n\n```json\n[\n{\"Clue of Step 1\": \"For a substring, if it is a palindrome and the length is greater than 2, it is still a palindrome after the first and last letters are removed. According to this idea, we can use dynamic programming to solve this problem.\"},\n{\"Clue of Step 2\": \"Then we should consider the state transition function. We use P(i,j) to indicate whether the string composed of the i-th to j-th letters of the string s (denoted as as s[i:j]) is a palindrome string. s[i:j] is a palindrome only if s[i+1:j\u22121] is a palindrome and the i and j letters of s are the same.\"},\n{\"Clue of Step 3\": \"We also need to consider the boundary conditions in dynamic programming. For a substring of length 1, it is obviously a palindrome string; For a substring of length 2, it is a palindrome as long as its two letters are the same.\"},\n{\"Clue of Step 4\": \"We also need to consider the the cyclic order of dynamic programming. In the state transition equation, we are moving from a shorter string to a longer string.\"},\n{\"Clue of Step 5\": \"The final answer is the maximum length of the valid sub-strings.\"}\n]\n```\nYou can refer to the following example and generate step-by-step clues for the given problem.\n\n\n-----Clues-----\nClue of Step 1: By taking the divisors of X, we can form pairs (d, X/d) and check to minimize max(d, X/d).\n", "```python\nimport math\n\ndef find_min_max_lcm_pair(X):\n    min_max_value = float('inf')\n    result_a, result_b = 1, X  # Default pair (1, X)\n\n    for a in range(1, int(math.sqrt(X)) + 1):\n        if X % a == 0:\n            b = X // a\n            # Check if this pair produces the desired LCM\n            if math.lcm(a, b) == X:\n                # Update if we found a better pair\n                current_max = max(a, b)\n                if current_max < min_max_value:\n                    min_max_value = current_max\n                    result_a, result_b = a, b\n\n    return result_a, result_b\n\n# Input reading\nX = int(input())\na, b = find_min_max_lcm_pair(X)\nprint(a, b)\n```"]}