{"StepDPO": [["\nYou will be given a problem desciption.\n\nPlease analyze the problem and generate step-by-step clues of how to solve the problem with executable python code.\n\nThe problem:\n\n\nQUESTION:\nThis morning, Roman woke up and opened the browser with $n$ opened tabs numbered from $1$ to $n$. There are two kinds of tabs: those with the information required for the test and those with social network sites. Roman decided that there are too many tabs open so he wants to close some of them.\n\nHe decided to accomplish this by closing every $k$-th ($2 \\leq k \\leq n - 1$) tab. Only then he will decide whether he wants to study for the test or to chat on the social networks. Formally, Roman will choose one tab (let its number be $b$) and then close all tabs with numbers $c = b + i \\cdot k$ that satisfy the following condition: $1 \\leq c \\leq n$ and $i$ is an integer (it may be positive, negative or zero).\n\nFor example, if $k = 3$, $n = 14$ and Roman chooses $b = 8$, then he will close tabs with numbers $2$, $5$, $8$, $11$ and $14$.\n\nAfter closing the tabs Roman will calculate the amount of remaining tabs with the information for the test (let's denote it $e$) and the amount of remaining social network tabs ($s$). Help Roman to calculate the maximal absolute value of the difference of those values $|e - s|$ so that it would be easy to decide what to do next.\n\n\n-----Input-----\n\nThe first line contains two integers $n$ and $k$ ($2 \\leq k < n \\leq 100$) \u2014 the amount of tabs opened currently and the distance between the tabs closed.\n\nThe second line consists of $n$ integers, each of them equal either to $1$ or to $-1$. The $i$-th integer denotes the type of the $i$-th tab: if it is equal to $1$, this tab contains information for the test, and if it is equal to $-1$, it's a social network tab.\n\n\n-----Output-----\n\nOutput a single integer \u2014 the maximum absolute difference between the amounts of remaining tabs of different types $|e - s|$.\n\n\n-----Examples-----\nInput\n4 2\n1 1 -1 1\n\nOutput\n2\n\nInput\n14 3\n-1 1 -1 -1 1 -1 -1 1 -1 -1 1 -1 -1 1\n\nOutput\n9\n\n\n\n-----Note-----\n\nIn the first example we can choose $b = 1$ or $b = 3$. We will delete then one tab of each type and the remaining tabs are then all contain test information. Thus, $e = 2$ and $s = 0$ and $|e - s| = 2$.\n\nIn the second example, on the contrary, we can leave opened only tabs that have social networks opened in them.\nUse Standard Input format\nANSWER:\n\n\nAn example of step-by-step clues for finding the longest palindrome substring is displayed below:\n\n```json\n[\n{\"Clue of Step 1\": \"For a substring, if it is a palindrome and the length is greater than 2, it is still a palindrome after the first and last letters are removed. According to this idea, we can use dynamic programming to solve this problem.\"},\n{\"Clue of Step 2\": \"Then we should consider the state transition function. We use P(i,j) to indicate whether the string composed of the i-th to j-th letters of the string s (denoted as as s[i:j]) is a palindrome string. s[i:j] is a palindrome only if s[i+1:j\u22121] is a palindrome and the i and j letters of s are the same.\"},\n{\"Clue of Step 3\": \"We also need to consider the boundary conditions in dynamic programming. For a substring of length 1, it is obviously a palindrome string; For a substring of length 2, it is a palindrome as long as its two letters are the same.\"},\n{\"Clue of Step 4\": \"We also need to consider the the cyclic order of dynamic programming. In the state transition equation, we are moving from a shorter string to a longer string.\"},\n{\"Clue of Step 5\": \"The final answer is the maximum length of the valid sub-strings.\"}\n]\n```\nYou can refer to the following example and generate step-by-step clues for the given problem.\n\n\n-----Clues-----\nClue of Step 1: We need to iterate over all possible choices of b (the starting tab) from 1 to n, as it will affect which tabs get closed.\n", "Clue of Step 2: For each choice of b, create a list to represent which tabs are closed. Start with all tabs open and mark every c = b + i * k as closed while ensuring 1 <= c <= n.\n", "Clue of Step 2: Count the remaining open tabs after closing. Create two counters: one for test tabs (1) and one for social network tabs (-1), and iterate through the list of tabs to update these counts.\n"], ["\nYou will be given a problem desciption.\n\nPlease analyze the problem and generate step-by-step clues of how to solve the problem with executable python code.\n\nThe problem:\n\n\nQUESTION:\nThis morning, Roman woke up and opened the browser with $n$ opened tabs numbered from $1$ to $n$. There are two kinds of tabs: those with the information required for the test and those with social network sites. Roman decided that there are too many tabs open so he wants to close some of them.\n\nHe decided to accomplish this by closing every $k$-th ($2 \\leq k \\leq n - 1$) tab. Only then he will decide whether he wants to study for the test or to chat on the social networks. Formally, Roman will choose one tab (let its number be $b$) and then close all tabs with numbers $c = b + i \\cdot k$ that satisfy the following condition: $1 \\leq c \\leq n$ and $i$ is an integer (it may be positive, negative or zero).\n\nFor example, if $k = 3$, $n = 14$ and Roman chooses $b = 8$, then he will close tabs with numbers $2$, $5$, $8$, $11$ and $14$.\n\nAfter closing the tabs Roman will calculate the amount of remaining tabs with the information for the test (let's denote it $e$) and the amount of remaining social network tabs ($s$). Help Roman to calculate the maximal absolute value of the difference of those values $|e - s|$ so that it would be easy to decide what to do next.\n\n\n-----Input-----\n\nThe first line contains two integers $n$ and $k$ ($2 \\leq k < n \\leq 100$) \u2014 the amount of tabs opened currently and the distance between the tabs closed.\n\nThe second line consists of $n$ integers, each of them equal either to $1$ or to $-1$. The $i$-th integer denotes the type of the $i$-th tab: if it is equal to $1$, this tab contains information for the test, and if it is equal to $-1$, it's a social network tab.\n\n\n-----Output-----\n\nOutput a single integer \u2014 the maximum absolute difference between the amounts of remaining tabs of different types $|e - s|$.\n\n\n-----Examples-----\nInput\n4 2\n1 1 -1 1\n\nOutput\n2\n\nInput\n14 3\n-1 1 -1 -1 1 -1 -1 1 -1 -1 1 -1 -1 1\n\nOutput\n9\n\n\n\n-----Note-----\n\nIn the first example we can choose $b = 1$ or $b = 3$. We will delete then one tab of each type and the remaining tabs are then all contain test information. Thus, $e = 2$ and $s = 0$ and $|e - s| = 2$.\n\nIn the second example, on the contrary, we can leave opened only tabs that have social networks opened in them.\nUse Standard Input format\nANSWER:\n\n\nAn example of step-by-step clues for finding the longest palindrome substring is displayed below:\n\n```json\n[\n{\"Clue of Step 1\": \"For a substring, if it is a palindrome and the length is greater than 2, it is still a palindrome after the first and last letters are removed. According to this idea, we can use dynamic programming to solve this problem.\"},\n{\"Clue of Step 2\": \"Then we should consider the state transition function. We use P(i,j) to indicate whether the string composed of the i-th to j-th letters of the string s (denoted as as s[i:j]) is a palindrome string. s[i:j] is a palindrome only if s[i+1:j\u22121] is a palindrome and the i and j letters of s are the same.\"},\n{\"Clue of Step 3\": \"We also need to consider the boundary conditions in dynamic programming. For a substring of length 1, it is obviously a palindrome string; For a substring of length 2, it is a palindrome as long as its two letters are the same.\"},\n{\"Clue of Step 4\": \"We also need to consider the the cyclic order of dynamic programming. In the state transition equation, we are moving from a shorter string to a longer string.\"},\n{\"Clue of Step 5\": \"The final answer is the maximum length of the valid sub-strings.\"}\n]\n```\nYou can refer to the following example and generate step-by-step clues for the given problem.\n\n\n-----Clues-----\nClue of Step 1: We need to iterate over all possible choices of b (the starting tab) from 1 to n, as it will affect which tabs get closed.\n", "Clue of Step 2: For each choice of b, create a list to represent which tabs are closed. Start with all tabs open and mark every c = b + i * k as closed while ensuring 1 <= c <= n.\n", "Clue of Step 2: For each choice of b (starting tab), we need to calculate which tabs will be closed using the formula c = b + i * k, where i is an integer. We should iterate over all possible values of i to find which tabs will be closed and mark them.\n"], ["\nYou will be given a problem desciption.\n\nPlease analyze the problem and generate step-by-step clues of how to solve the problem with executable python code.\n\nThe problem:\n\n\nQUESTION:\nThis morning, Roman woke up and opened the browser with $n$ opened tabs numbered from $1$ to $n$. There are two kinds of tabs: those with the information required for the test and those with social network sites. Roman decided that there are too many tabs open so he wants to close some of them.\n\nHe decided to accomplish this by closing every $k$-th ($2 \\leq k \\leq n - 1$) tab. Only then he will decide whether he wants to study for the test or to chat on the social networks. Formally, Roman will choose one tab (let its number be $b$) and then close all tabs with numbers $c = b + i \\cdot k$ that satisfy the following condition: $1 \\leq c \\leq n$ and $i$ is an integer (it may be positive, negative or zero).\n\nFor example, if $k = 3$, $n = 14$ and Roman chooses $b = 8$, then he will close tabs with numbers $2$, $5$, $8$, $11$ and $14$.\n\nAfter closing the tabs Roman will calculate the amount of remaining tabs with the information for the test (let's denote it $e$) and the amount of remaining social network tabs ($s$). Help Roman to calculate the maximal absolute value of the difference of those values $|e - s|$ so that it would be easy to decide what to do next.\n\n\n-----Input-----\n\nThe first line contains two integers $n$ and $k$ ($2 \\leq k < n \\leq 100$) \u2014 the amount of tabs opened currently and the distance between the tabs closed.\n\nThe second line consists of $n$ integers, each of them equal either to $1$ or to $-1$. The $i$-th integer denotes the type of the $i$-th tab: if it is equal to $1$, this tab contains information for the test, and if it is equal to $-1$, it's a social network tab.\n\n\n-----Output-----\n\nOutput a single integer \u2014 the maximum absolute difference between the amounts of remaining tabs of different types $|e - s|$.\n\n\n-----Examples-----\nInput\n4 2\n1 1 -1 1\n\nOutput\n2\n\nInput\n14 3\n-1 1 -1 -1 1 -1 -1 1 -1 -1 1 -1 -1 1\n\nOutput\n9\n\n\n\n-----Note-----\n\nIn the first example we can choose $b = 1$ or $b = 3$. We will delete then one tab of each type and the remaining tabs are then all contain test information. Thus, $e = 2$ and $s = 0$ and $|e - s| = 2$.\n\nIn the second example, on the contrary, we can leave opened only tabs that have social networks opened in them.\nUse Standard Input format\nANSWER:\n\n\nAn example of step-by-step clues for finding the longest palindrome substring is displayed below:\n\n```json\n[\n{\"Clue of Step 1\": \"For a substring, if it is a palindrome and the length is greater than 2, it is still a palindrome after the first and last letters are removed. According to this idea, we can use dynamic programming to solve this problem.\"},\n{\"Clue of Step 2\": \"Then we should consider the state transition function. We use P(i,j) to indicate whether the string composed of the i-th to j-th letters of the string s (denoted as as s[i:j]) is a palindrome string. s[i:j] is a palindrome only if s[i+1:j\u22121] is a palindrome and the i and j letters of s are the same.\"},\n{\"Clue of Step 3\": \"We also need to consider the boundary conditions in dynamic programming. For a substring of length 1, it is obviously a palindrome string; For a substring of length 2, it is a palindrome as long as its two letters are the same.\"},\n{\"Clue of Step 4\": \"We also need to consider the the cyclic order of dynamic programming. In the state transition equation, we are moving from a shorter string to a longer string.\"},\n{\"Clue of Step 5\": \"The final answer is the maximum length of the valid sub-strings.\"}\n]\n```\nYou can refer to the following example and generate step-by-step clues for the given problem.\n\n\n-----Clues-----\nClue of Step 1: We need to iterate over all possible choices of b (the starting tab) from 1 to n, as it will affect which tabs get closed.\n", "Clue of Step 2: After processing all choices for b, calculate the absolute differences |e - s| for each choice and track the maximum value found.\n", "Clue of Step 2: Count the remaining open tabs after closing. Create two counters: one for test tabs (1) and one for social network tabs (-1), and iterate through the list of tabs to update these counts.\n"], ["\nYou will be given a problem desciption.\n\nPlease analyze the problem and generate step-by-step clues of how to solve the problem with executable python code.\n\nThe problem:\n\n\nQUESTION:\nThis morning, Roman woke up and opened the browser with $n$ opened tabs numbered from $1$ to $n$. There are two kinds of tabs: those with the information required for the test and those with social network sites. Roman decided that there are too many tabs open so he wants to close some of them.\n\nHe decided to accomplish this by closing every $k$-th ($2 \\leq k \\leq n - 1$) tab. Only then he will decide whether he wants to study for the test or to chat on the social networks. Formally, Roman will choose one tab (let its number be $b$) and then close all tabs with numbers $c = b + i \\cdot k$ that satisfy the following condition: $1 \\leq c \\leq n$ and $i$ is an integer (it may be positive, negative or zero).\n\nFor example, if $k = 3$, $n = 14$ and Roman chooses $b = 8$, then he will close tabs with numbers $2$, $5$, $8$, $11$ and $14$.\n\nAfter closing the tabs Roman will calculate the amount of remaining tabs with the information for the test (let's denote it $e$) and the amount of remaining social network tabs ($s$). Help Roman to calculate the maximal absolute value of the difference of those values $|e - s|$ so that it would be easy to decide what to do next.\n\n\n-----Input-----\n\nThe first line contains two integers $n$ and $k$ ($2 \\leq k < n \\leq 100$) \u2014 the amount of tabs opened currently and the distance between the tabs closed.\n\nThe second line consists of $n$ integers, each of them equal either to $1$ or to $-1$. The $i$-th integer denotes the type of the $i$-th tab: if it is equal to $1$, this tab contains information for the test, and if it is equal to $-1$, it's a social network tab.\n\n\n-----Output-----\n\nOutput a single integer \u2014 the maximum absolute difference between the amounts of remaining tabs of different types $|e - s|$.\n\n\n-----Examples-----\nInput\n4 2\n1 1 -1 1\n\nOutput\n2\n\nInput\n14 3\n-1 1 -1 -1 1 -1 -1 1 -1 -1 1 -1 -1 1\n\nOutput\n9\n\n\n\n-----Note-----\n\nIn the first example we can choose $b = 1$ or $b = 3$. We will delete then one tab of each type and the remaining tabs are then all contain test information. Thus, $e = 2$ and $s = 0$ and $|e - s| = 2$.\n\nIn the second example, on the contrary, we can leave opened only tabs that have social networks opened in them.\nUse Standard Input format\nANSWER:\n\n\nAn example of step-by-step clues for finding the longest palindrome substring is displayed below:\n\n```json\n[\n{\"Clue of Step 1\": \"For a substring, if it is a palindrome and the length is greater than 2, it is still a palindrome after the first and last letters are removed. According to this idea, we can use dynamic programming to solve this problem.\"},\n{\"Clue of Step 2\": \"Then we should consider the state transition function. We use P(i,j) to indicate whether the string composed of the i-th to j-th letters of the string s (denoted as as s[i:j]) is a palindrome string. s[i:j] is a palindrome only if s[i+1:j\u22121] is a palindrome and the i and j letters of s are the same.\"},\n{\"Clue of Step 3\": \"We also need to consider the boundary conditions in dynamic programming. For a substring of length 1, it is obviously a palindrome string; For a substring of length 2, it is a palindrome as long as its two letters are the same.\"},\n{\"Clue of Step 4\": \"We also need to consider the the cyclic order of dynamic programming. In the state transition equation, we are moving from a shorter string to a longer string.\"},\n{\"Clue of Step 5\": \"The final answer is the maximum length of the valid sub-strings.\"}\n]\n```\nYou can refer to the following example and generate step-by-step clues for the given problem.\n\n\n-----Clues-----\nClue of Step 1: We need to iterate over all possible choices of b (the starting tab) from 1 to n, as it will affect which tabs get closed.\n", "Clue of Step 2: After processing all choices for b, calculate the absolute differences |e - s| for each choice and track the maximum value found.\n", "Clue of Step 2: For each choice of b (starting tab), we need to calculate which tabs will be closed using the formula c = b + i * k, where i is an integer. We should iterate over all possible values of i to find which tabs will be closed and mark them.\n"], ["\nYou will be given a problem desciption.\n\nPlease analyze the problem and generate step-by-step clues of how to solve the problem with executable python code.\n\nThe problem:\n\n\nQUESTION:\nThis morning, Roman woke up and opened the browser with $n$ opened tabs numbered from $1$ to $n$. There are two kinds of tabs: those with the information required for the test and those with social network sites. Roman decided that there are too many tabs open so he wants to close some of them.\n\nHe decided to accomplish this by closing every $k$-th ($2 \\leq k \\leq n - 1$) tab. Only then he will decide whether he wants to study for the test or to chat on the social networks. Formally, Roman will choose one tab (let its number be $b$) and then close all tabs with numbers $c = b + i \\cdot k$ that satisfy the following condition: $1 \\leq c \\leq n$ and $i$ is an integer (it may be positive, negative or zero).\n\nFor example, if $k = 3$, $n = 14$ and Roman chooses $b = 8$, then he will close tabs with numbers $2$, $5$, $8$, $11$ and $14$.\n\nAfter closing the tabs Roman will calculate the amount of remaining tabs with the information for the test (let's denote it $e$) and the amount of remaining social network tabs ($s$). Help Roman to calculate the maximal absolute value of the difference of those values $|e - s|$ so that it would be easy to decide what to do next.\n\n\n-----Input-----\n\nThe first line contains two integers $n$ and $k$ ($2 \\leq k < n \\leq 100$) \u2014 the amount of tabs opened currently and the distance between the tabs closed.\n\nThe second line consists of $n$ integers, each of them equal either to $1$ or to $-1$. The $i$-th integer denotes the type of the $i$-th tab: if it is equal to $1$, this tab contains information for the test, and if it is equal to $-1$, it's a social network tab.\n\n\n-----Output-----\n\nOutput a single integer \u2014 the maximum absolute difference between the amounts of remaining tabs of different types $|e - s|$.\n\n\n-----Examples-----\nInput\n4 2\n1 1 -1 1\n\nOutput\n2\n\nInput\n14 3\n-1 1 -1 -1 1 -1 -1 1 -1 -1 1 -1 -1 1\n\nOutput\n9\n\n\n\n-----Note-----\n\nIn the first example we can choose $b = 1$ or $b = 3$. We will delete then one tab of each type and the remaining tabs are then all contain test information. Thus, $e = 2$ and $s = 0$ and $|e - s| = 2$.\n\nIn the second example, on the contrary, we can leave opened only tabs that have social networks opened in them.\nUse Standard Input format\nANSWER:\n\n\nAn example of step-by-step clues for finding the longest palindrome substring is displayed below:\n\n```json\n[\n{\"Clue of Step 1\": \"For a substring, if it is a palindrome and the length is greater than 2, it is still a palindrome after the first and last letters are removed. According to this idea, we can use dynamic programming to solve this problem.\"},\n{\"Clue of Step 2\": \"Then we should consider the state transition function. We use P(i,j) to indicate whether the string composed of the i-th to j-th letters of the string s (denoted as as s[i:j]) is a palindrome string. s[i:j] is a palindrome only if s[i+1:j\u22121] is a palindrome and the i and j letters of s are the same.\"},\n{\"Clue of Step 3\": \"We also need to consider the boundary conditions in dynamic programming. For a substring of length 1, it is obviously a palindrome string; For a substring of length 2, it is a palindrome as long as its two letters are the same.\"},\n{\"Clue of Step 4\": \"We also need to consider the the cyclic order of dynamic programming. In the state transition equation, we are moving from a shorter string to a longer string.\"},\n{\"Clue of Step 5\": \"The final answer is the maximum length of the valid sub-strings.\"}\n]\n```\nYou can refer to the following example and generate step-by-step clues for the given problem.\n\n\n-----Clues-----\nClue of Step 1: We need to iterate over all possible choices of b (the starting tab) from 1 to n, as it will affect which tabs get closed.\n", "Clue of Step 2: We need to simulate the process of closing tabs for each b. This involves creating a copy of the original list of tabs and marking the tabs that will be closed for each specific b, ensuring that we handle both positive and negative values of i.\n", "Clue of Step 2: Count the remaining open tabs after closing. Create two counters: one for test tabs (1) and one for social network tabs (-1), and iterate through the list of tabs to update these counts.\n"], ["\nYou will be given a problem desciption.\n\nPlease analyze the problem and generate step-by-step clues of how to solve the problem with executable python code.\n\nThe problem:\n\n\nQUESTION:\nThis morning, Roman woke up and opened the browser with $n$ opened tabs numbered from $1$ to $n$. There are two kinds of tabs: those with the information required for the test and those with social network sites. Roman decided that there are too many tabs open so he wants to close some of them.\n\nHe decided to accomplish this by closing every $k$-th ($2 \\leq k \\leq n - 1$) tab. Only then he will decide whether he wants to study for the test or to chat on the social networks. Formally, Roman will choose one tab (let its number be $b$) and then close all tabs with numbers $c = b + i \\cdot k$ that satisfy the following condition: $1 \\leq c \\leq n$ and $i$ is an integer (it may be positive, negative or zero).\n\nFor example, if $k = 3$, $n = 14$ and Roman chooses $b = 8$, then he will close tabs with numbers $2$, $5$, $8$, $11$ and $14$.\n\nAfter closing the tabs Roman will calculate the amount of remaining tabs with the information for the test (let's denote it $e$) and the amount of remaining social network tabs ($s$). Help Roman to calculate the maximal absolute value of the difference of those values $|e - s|$ so that it would be easy to decide what to do next.\n\n\n-----Input-----\n\nThe first line contains two integers $n$ and $k$ ($2 \\leq k < n \\leq 100$) \u2014 the amount of tabs opened currently and the distance between the tabs closed.\n\nThe second line consists of $n$ integers, each of them equal either to $1$ or to $-1$. The $i$-th integer denotes the type of the $i$-th tab: if it is equal to $1$, this tab contains information for the test, and if it is equal to $-1$, it's a social network tab.\n\n\n-----Output-----\n\nOutput a single integer \u2014 the maximum absolute difference between the amounts of remaining tabs of different types $|e - s|$.\n\n\n-----Examples-----\nInput\n4 2\n1 1 -1 1\n\nOutput\n2\n\nInput\n14 3\n-1 1 -1 -1 1 -1 -1 1 -1 -1 1 -1 -1 1\n\nOutput\n9\n\n\n\n-----Note-----\n\nIn the first example we can choose $b = 1$ or $b = 3$. We will delete then one tab of each type and the remaining tabs are then all contain test information. Thus, $e = 2$ and $s = 0$ and $|e - s| = 2$.\n\nIn the second example, on the contrary, we can leave opened only tabs that have social networks opened in them.\nUse Standard Input format\nANSWER:\n\n\nAn example of step-by-step clues for finding the longest palindrome substring is displayed below:\n\n```json\n[\n{\"Clue of Step 1\": \"For a substring, if it is a palindrome and the length is greater than 2, it is still a palindrome after the first and last letters are removed. According to this idea, we can use dynamic programming to solve this problem.\"},\n{\"Clue of Step 2\": \"Then we should consider the state transition function. We use P(i,j) to indicate whether the string composed of the i-th to j-th letters of the string s (denoted as as s[i:j]) is a palindrome string. s[i:j] is a palindrome only if s[i+1:j\u22121] is a palindrome and the i and j letters of s are the same.\"},\n{\"Clue of Step 3\": \"We also need to consider the boundary conditions in dynamic programming. For a substring of length 1, it is obviously a palindrome string; For a substring of length 2, it is a palindrome as long as its two letters are the same.\"},\n{\"Clue of Step 4\": \"We also need to consider the the cyclic order of dynamic programming. In the state transition equation, we are moving from a shorter string to a longer string.\"},\n{\"Clue of Step 5\": \"The final answer is the maximum length of the valid sub-strings.\"}\n]\n```\nYou can refer to the following example and generate step-by-step clues for the given problem.\n\n\n-----Clues-----\nClue of Step 1: We need to iterate over all possible choices of b (the starting tab) from 1 to n, as it will affect which tabs get closed.\n", "Clue of Step 2: We need to simulate the process of closing tabs for each b. This involves creating a copy of the original list of tabs and marking the tabs that will be closed for each specific b, ensuring that we handle both positive and negative values of i.\n", "Clue of Step 2: For each choice of b (starting tab), we need to calculate which tabs will be closed using the formula c = b + i * k, where i is an integer. We should iterate over all possible values of i to find which tabs will be closed and mark them.\n"], ["\nYou will be given a problem desciption.\n\nPlease analyze the problem and generate step-by-step clues of how to solve the problem with executable python code.\n\nThe problem:\n\n\nQUESTION:\nThis morning, Roman woke up and opened the browser with $n$ opened tabs numbered from $1$ to $n$. There are two kinds of tabs: those with the information required for the test and those with social network sites. Roman decided that there are too many tabs open so he wants to close some of them.\n\nHe decided to accomplish this by closing every $k$-th ($2 \\leq k \\leq n - 1$) tab. Only then he will decide whether he wants to study for the test or to chat on the social networks. Formally, Roman will choose one tab (let its number be $b$) and then close all tabs with numbers $c = b + i \\cdot k$ that satisfy the following condition: $1 \\leq c \\leq n$ and $i$ is an integer (it may be positive, negative or zero).\n\nFor example, if $k = 3$, $n = 14$ and Roman chooses $b = 8$, then he will close tabs with numbers $2$, $5$, $8$, $11$ and $14$.\n\nAfter closing the tabs Roman will calculate the amount of remaining tabs with the information for the test (let's denote it $e$) and the amount of remaining social network tabs ($s$). Help Roman to calculate the maximal absolute value of the difference of those values $|e - s|$ so that it would be easy to decide what to do next.\n\n\n-----Input-----\n\nThe first line contains two integers $n$ and $k$ ($2 \\leq k < n \\leq 100$) \u2014 the amount of tabs opened currently and the distance between the tabs closed.\n\nThe second line consists of $n$ integers, each of them equal either to $1$ or to $-1$. The $i$-th integer denotes the type of the $i$-th tab: if it is equal to $1$, this tab contains information for the test, and if it is equal to $-1$, it's a social network tab.\n\n\n-----Output-----\n\nOutput a single integer \u2014 the maximum absolute difference between the amounts of remaining tabs of different types $|e - s|$.\n\n\n-----Examples-----\nInput\n4 2\n1 1 -1 1\n\nOutput\n2\n\nInput\n14 3\n-1 1 -1 -1 1 -1 -1 1 -1 -1 1 -1 -1 1\n\nOutput\n9\n\n\n\n-----Note-----\n\nIn the first example we can choose $b = 1$ or $b = 3$. We will delete then one tab of each type and the remaining tabs are then all contain test information. Thus, $e = 2$ and $s = 0$ and $|e - s| = 2$.\n\nIn the second example, on the contrary, we can leave opened only tabs that have social networks opened in them.\nUse Standard Input format\nANSWER:\n\n\nAn example of step-by-step clues for finding the longest palindrome substring is displayed below:\n\n```json\n[\n{\"Clue of Step 1\": \"For a substring, if it is a palindrome and the length is greater than 2, it is still a palindrome after the first and last letters are removed. According to this idea, we can use dynamic programming to solve this problem.\"},\n{\"Clue of Step 2\": \"Then we should consider the state transition function. We use P(i,j) to indicate whether the string composed of the i-th to j-th letters of the string s (denoted as as s[i:j]) is a palindrome string. s[i:j] is a palindrome only if s[i+1:j\u22121] is a palindrome and the i and j letters of s are the same.\"},\n{\"Clue of Step 3\": \"We also need to consider the boundary conditions in dynamic programming. For a substring of length 1, it is obviously a palindrome string; For a substring of length 2, it is a palindrome as long as its two letters are the same.\"},\n{\"Clue of Step 4\": \"We also need to consider the the cyclic order of dynamic programming. In the state transition equation, we are moving from a shorter string to a longer string.\"},\n{\"Clue of Step 5\": \"The final answer is the maximum length of the valid sub-strings.\"}\n]\n```\nYou can refer to the following example and generate step-by-step clues for the given problem.\n\n\n-----Clues-----\nClue of Step 1: We need to iterate over all possible choices of b (the starting tab) from 1 to n, as it will affect which tabs get closed.\n", "Clue of Step 2: After determining which tabs will be closed for a given b, we should create a new list of tabs that are still open and categorize them into test tabs (1) and social network tabs (-1). This will help in calculating the remaining counts of each type.\n", "Clue of Step 2: Count the remaining open tabs after closing. Create two counters: one for test tabs (1) and one for social network tabs (-1), and iterate through the list of tabs to update these counts.\n"], ["\nYou will be given a problem desciption.\n\nPlease analyze the problem and generate step-by-step clues of how to solve the problem with executable python code.\n\nThe problem:\n\n\nQUESTION:\nThis morning, Roman woke up and opened the browser with $n$ opened tabs numbered from $1$ to $n$. There are two kinds of tabs: those with the information required for the test and those with social network sites. Roman decided that there are too many tabs open so he wants to close some of them.\n\nHe decided to accomplish this by closing every $k$-th ($2 \\leq k \\leq n - 1$) tab. Only then he will decide whether he wants to study for the test or to chat on the social networks. Formally, Roman will choose one tab (let its number be $b$) and then close all tabs with numbers $c = b + i \\cdot k$ that satisfy the following condition: $1 \\leq c \\leq n$ and $i$ is an integer (it may be positive, negative or zero).\n\nFor example, if $k = 3$, $n = 14$ and Roman chooses $b = 8$, then he will close tabs with numbers $2$, $5$, $8$, $11$ and $14$.\n\nAfter closing the tabs Roman will calculate the amount of remaining tabs with the information for the test (let's denote it $e$) and the amount of remaining social network tabs ($s$). Help Roman to calculate the maximal absolute value of the difference of those values $|e - s|$ so that it would be easy to decide what to do next.\n\n\n-----Input-----\n\nThe first line contains two integers $n$ and $k$ ($2 \\leq k < n \\leq 100$) \u2014 the amount of tabs opened currently and the distance between the tabs closed.\n\nThe second line consists of $n$ integers, each of them equal either to $1$ or to $-1$. The $i$-th integer denotes the type of the $i$-th tab: if it is equal to $1$, this tab contains information for the test, and if it is equal to $-1$, it's a social network tab.\n\n\n-----Output-----\n\nOutput a single integer \u2014 the maximum absolute difference between the amounts of remaining tabs of different types $|e - s|$.\n\n\n-----Examples-----\nInput\n4 2\n1 1 -1 1\n\nOutput\n2\n\nInput\n14 3\n-1 1 -1 -1 1 -1 -1 1 -1 -1 1 -1 -1 1\n\nOutput\n9\n\n\n\n-----Note-----\n\nIn the first example we can choose $b = 1$ or $b = 3$. We will delete then one tab of each type and the remaining tabs are then all contain test information. Thus, $e = 2$ and $s = 0$ and $|e - s| = 2$.\n\nIn the second example, on the contrary, we can leave opened only tabs that have social networks opened in them.\nUse Standard Input format\nANSWER:\n\n\nAn example of step-by-step clues for finding the longest palindrome substring is displayed below:\n\n```json\n[\n{\"Clue of Step 1\": \"For a substring, if it is a palindrome and the length is greater than 2, it is still a palindrome after the first and last letters are removed. According to this idea, we can use dynamic programming to solve this problem.\"},\n{\"Clue of Step 2\": \"Then we should consider the state transition function. We use P(i,j) to indicate whether the string composed of the i-th to j-th letters of the string s (denoted as as s[i:j]) is a palindrome string. s[i:j] is a palindrome only if s[i+1:j\u22121] is a palindrome and the i and j letters of s are the same.\"},\n{\"Clue of Step 3\": \"We also need to consider the boundary conditions in dynamic programming. For a substring of length 1, it is obviously a palindrome string; For a substring of length 2, it is a palindrome as long as its two letters are the same.\"},\n{\"Clue of Step 4\": \"We also need to consider the the cyclic order of dynamic programming. In the state transition equation, we are moving from a shorter string to a longer string.\"},\n{\"Clue of Step 5\": \"The final answer is the maximum length of the valid sub-strings.\"}\n]\n```\nYou can refer to the following example and generate step-by-step clues for the given problem.\n\n\n-----Clues-----\nClue of Step 1: We need to iterate over all possible choices of b (the starting tab) from 1 to n, as it will affect which tabs get closed.\n", "Clue of Step 2: After determining which tabs will be closed for a given b, we should create a new list of tabs that are still open and categorize them into test tabs (1) and social network tabs (-1). This will help in calculating the remaining counts of each type.\n", "Clue of Step 2: For each choice of b (starting tab), we need to calculate which tabs will be closed using the formula c = b + i * k, where i is an integer. We should iterate over all possible values of i to find which tabs will be closed and mark them.\n"], ["\nYou will be given a problem desciption.\n\nPlease analyze the problem and generate step-by-step clues of how to solve the problem with executable python code.\n\nThe problem:\n\n\nQUESTION:\nThis morning, Roman woke up and opened the browser with $n$ opened tabs numbered from $1$ to $n$. There are two kinds of tabs: those with the information required for the test and those with social network sites. Roman decided that there are too many tabs open so he wants to close some of them.\n\nHe decided to accomplish this by closing every $k$-th ($2 \\leq k \\leq n - 1$) tab. Only then he will decide whether he wants to study for the test or to chat on the social networks. Formally, Roman will choose one tab (let its number be $b$) and then close all tabs with numbers $c = b + i \\cdot k$ that satisfy the following condition: $1 \\leq c \\leq n$ and $i$ is an integer (it may be positive, negative or zero).\n\nFor example, if $k = 3$, $n = 14$ and Roman chooses $b = 8$, then he will close tabs with numbers $2$, $5$, $8$, $11$ and $14$.\n\nAfter closing the tabs Roman will calculate the amount of remaining tabs with the information for the test (let's denote it $e$) and the amount of remaining social network tabs ($s$). Help Roman to calculate the maximal absolute value of the difference of those values $|e - s|$ so that it would be easy to decide what to do next.\n\n\n-----Input-----\n\nThe first line contains two integers $n$ and $k$ ($2 \\leq k < n \\leq 100$) \u2014 the amount of tabs opened currently and the distance between the tabs closed.\n\nThe second line consists of $n$ integers, each of them equal either to $1$ or to $-1$. The $i$-th integer denotes the type of the $i$-th tab: if it is equal to $1$, this tab contains information for the test, and if it is equal to $-1$, it's a social network tab.\n\n\n-----Output-----\n\nOutput a single integer \u2014 the maximum absolute difference between the amounts of remaining tabs of different types $|e - s|$.\n\n\n-----Examples-----\nInput\n4 2\n1 1 -1 1\n\nOutput\n2\n\nInput\n14 3\n-1 1 -1 -1 1 -1 -1 1 -1 -1 1 -1 -1 1\n\nOutput\n9\n\n\n\n-----Note-----\n\nIn the first example we can choose $b = 1$ or $b = 3$. We will delete then one tab of each type and the remaining tabs are then all contain test information. Thus, $e = 2$ and $s = 0$ and $|e - s| = 2$.\n\nIn the second example, on the contrary, we can leave opened only tabs that have social networks opened in them.\nUse Standard Input format\nANSWER:\n\n\nAn example of step-by-step clues for finding the longest palindrome substring is displayed below:\n\n```json\n[\n{\"Clue of Step 1\": \"For a substring, if it is a palindrome and the length is greater than 2, it is still a palindrome after the first and last letters are removed. According to this idea, we can use dynamic programming to solve this problem.\"},\n{\"Clue of Step 2\": \"Then we should consider the state transition function. We use P(i,j) to indicate whether the string composed of the i-th to j-th letters of the string s (denoted as as s[i:j]) is a palindrome string. s[i:j] is a palindrome only if s[i+1:j\u22121] is a palindrome and the i and j letters of s are the same.\"},\n{\"Clue of Step 3\": \"We also need to consider the boundary conditions in dynamic programming. For a substring of length 1, it is obviously a palindrome string; For a substring of length 2, it is a palindrome as long as its two letters are the same.\"},\n{\"Clue of Step 4\": \"We also need to consider the the cyclic order of dynamic programming. In the state transition equation, we are moving from a shorter string to a longer string.\"},\n{\"Clue of Step 5\": \"The final answer is the maximum length of the valid sub-strings.\"}\n]\n```\nYou can refer to the following example and generate step-by-step clues for the given problem.\n\n\n-----Clues-----\n\n", "Clue of Step 2: We need to iterate through all possible values of b (ranging from 1 to n) to determine which tabs to close based on the formula c = b + i * k.\n", "Clue of Step 2: We should simulate the process of closing tabs for each possible starting tab $b$ (from 1 to $k$) and calculate the remaining tabs of each type (test tabs and social network tabs). This is because the choice of $b$ affects which tabs are closed, and we need to evaluate each scenario to find the maximum $|e - s|$.\n"], ["\nYou will be given a problem desciption.\n\nPlease analyze the problem and generate step-by-step clues of how to solve the problem with executable python code.\n\nThe problem:\n\n\nQUESTION:\nThis morning, Roman woke up and opened the browser with $n$ opened tabs numbered from $1$ to $n$. There are two kinds of tabs: those with the information required for the test and those with social network sites. Roman decided that there are too many tabs open so he wants to close some of them.\n\nHe decided to accomplish this by closing every $k$-th ($2 \\leq k \\leq n - 1$) tab. Only then he will decide whether he wants to study for the test or to chat on the social networks. Formally, Roman will choose one tab (let its number be $b$) and then close all tabs with numbers $c = b + i \\cdot k$ that satisfy the following condition: $1 \\leq c \\leq n$ and $i$ is an integer (it may be positive, negative or zero).\n\nFor example, if $k = 3$, $n = 14$ and Roman chooses $b = 8$, then he will close tabs with numbers $2$, $5$, $8$, $11$ and $14$.\n\nAfter closing the tabs Roman will calculate the amount of remaining tabs with the information for the test (let's denote it $e$) and the amount of remaining social network tabs ($s$). Help Roman to calculate the maximal absolute value of the difference of those values $|e - s|$ so that it would be easy to decide what to do next.\n\n\n-----Input-----\n\nThe first line contains two integers $n$ and $k$ ($2 \\leq k < n \\leq 100$) \u2014 the amount of tabs opened currently and the distance between the tabs closed.\n\nThe second line consists of $n$ integers, each of them equal either to $1$ or to $-1$. The $i$-th integer denotes the type of the $i$-th tab: if it is equal to $1$, this tab contains information for the test, and if it is equal to $-1$, it's a social network tab.\n\n\n-----Output-----\n\nOutput a single integer \u2014 the maximum absolute difference between the amounts of remaining tabs of different types $|e - s|$.\n\n\n-----Examples-----\nInput\n4 2\n1 1 -1 1\n\nOutput\n2\n\nInput\n14 3\n-1 1 -1 -1 1 -1 -1 1 -1 -1 1 -1 -1 1\n\nOutput\n9\n\n\n\n-----Note-----\n\nIn the first example we can choose $b = 1$ or $b = 3$. We will delete then one tab of each type and the remaining tabs are then all contain test information. Thus, $e = 2$ and $s = 0$ and $|e - s| = 2$.\n\nIn the second example, on the contrary, we can leave opened only tabs that have social networks opened in them.\nUse Standard Input format\nANSWER:\n\n\nAn example of step-by-step clues for finding the longest palindrome substring is displayed below:\n\n```json\n[\n{\"Clue of Step 1\": \"For a substring, if it is a palindrome and the length is greater than 2, it is still a palindrome after the first and last letters are removed. According to this idea, we can use dynamic programming to solve this problem.\"},\n{\"Clue of Step 2\": \"Then we should consider the state transition function. We use P(i,j) to indicate whether the string composed of the i-th to j-th letters of the string s (denoted as as s[i:j]) is a palindrome string. s[i:j] is a palindrome only if s[i+1:j\u22121] is a palindrome and the i and j letters of s are the same.\"},\n{\"Clue of Step 3\": \"We also need to consider the boundary conditions in dynamic programming. For a substring of length 1, it is obviously a palindrome string; For a substring of length 2, it is a palindrome as long as its two letters are the same.\"},\n{\"Clue of Step 4\": \"We also need to consider the the cyclic order of dynamic programming. In the state transition equation, we are moving from a shorter string to a longer string.\"},\n{\"Clue of Step 5\": \"The final answer is the maximum length of the valid sub-strings.\"}\n]\n```\nYou can refer to the following example and generate step-by-step clues for the given problem.\n\n\n-----Clues-----\n\n", "Clue of Step 2: For each value of b, we will maintain two counters to track the number of opened information tabs and social network tabs after closing the specified tabs.\n", "Clue of Step 2: We should simulate the process of closing tabs for each possible starting tab $b$ (from 1 to $k$) and calculate the remaining tabs of each type (test tabs and social network tabs). This is because the choice of $b$ affects which tabs are closed, and we need to evaluate each scenario to find the maximum $|e - s|$.\n"], ["\nYou will be given a problem desciption.\n\nPlease analyze the problem and generate step-by-step clues of how to solve the problem with executable python code.\n\nThe problem:\n\n\nQUESTION:\nThis morning, Roman woke up and opened the browser with $n$ opened tabs numbered from $1$ to $n$. There are two kinds of tabs: those with the information required for the test and those with social network sites. Roman decided that there are too many tabs open so he wants to close some of them.\n\nHe decided to accomplish this by closing every $k$-th ($2 \\leq k \\leq n - 1$) tab. Only then he will decide whether he wants to study for the test or to chat on the social networks. Formally, Roman will choose one tab (let its number be $b$) and then close all tabs with numbers $c = b + i \\cdot k$ that satisfy the following condition: $1 \\leq c \\leq n$ and $i$ is an integer (it may be positive, negative or zero).\n\nFor example, if $k = 3$, $n = 14$ and Roman chooses $b = 8$, then he will close tabs with numbers $2$, $5$, $8$, $11$ and $14$.\n\nAfter closing the tabs Roman will calculate the amount of remaining tabs with the information for the test (let's denote it $e$) and the amount of remaining social network tabs ($s$). Help Roman to calculate the maximal absolute value of the difference of those values $|e - s|$ so that it would be easy to decide what to do next.\n\n\n-----Input-----\n\nThe first line contains two integers $n$ and $k$ ($2 \\leq k < n \\leq 100$) \u2014 the amount of tabs opened currently and the distance between the tabs closed.\n\nThe second line consists of $n$ integers, each of them equal either to $1$ or to $-1$. The $i$-th integer denotes the type of the $i$-th tab: if it is equal to $1$, this tab contains information for the test, and if it is equal to $-1$, it's a social network tab.\n\n\n-----Output-----\n\nOutput a single integer \u2014 the maximum absolute difference between the amounts of remaining tabs of different types $|e - s|$.\n\n\n-----Examples-----\nInput\n4 2\n1 1 -1 1\n\nOutput\n2\n\nInput\n14 3\n-1 1 -1 -1 1 -1 -1 1 -1 -1 1 -1 -1 1\n\nOutput\n9\n\n\n\n-----Note-----\n\nIn the first example we can choose $b = 1$ or $b = 3$. We will delete then one tab of each type and the remaining tabs are then all contain test information. Thus, $e = 2$ and $s = 0$ and $|e - s| = 2$.\n\nIn the second example, on the contrary, we can leave opened only tabs that have social networks opened in them.\nUse Standard Input format\nANSWER:\n\n\nAn example of step-by-step clues for finding the longest palindrome substring is displayed below:\n\n```json\n[\n{\"Clue of Step 1\": \"For a substring, if it is a palindrome and the length is greater than 2, it is still a palindrome after the first and last letters are removed. According to this idea, we can use dynamic programming to solve this problem.\"},\n{\"Clue of Step 2\": \"Then we should consider the state transition function. We use P(i,j) to indicate whether the string composed of the i-th to j-th letters of the string s (denoted as as s[i:j]) is a palindrome string. s[i:j] is a palindrome only if s[i+1:j\u22121] is a palindrome and the i and j letters of s are the same.\"},\n{\"Clue of Step 3\": \"We also need to consider the boundary conditions in dynamic programming. For a substring of length 1, it is obviously a palindrome string; For a substring of length 2, it is a palindrome as long as its two letters are the same.\"},\n{\"Clue of Step 4\": \"We also need to consider the the cyclic order of dynamic programming. In the state transition equation, we are moving from a shorter string to a longer string.\"},\n{\"Clue of Step 5\": \"The final answer is the maximum length of the valid sub-strings.\"}\n]\n```\nYou can refer to the following example and generate step-by-step clues for the given problem.\n\n\n-----Clues-----\n\n", "Clue of Step 2: After calculating the remaining tabs for each b, we will compute the absolute difference |e - s| for each scenario and keep track of the maximum value found.\n", "Clue of Step 2: We should simulate the process of closing tabs for each possible starting tab $b$ (from 1 to $k$) and calculate the remaining tabs of each type (test tabs and social network tabs). This is because the choice of $b$ affects which tabs are closed, and we need to evaluate each scenario to find the maximum $|e - s|$.\n"], ["\nYou will be given a problem desciption.\n\nPlease analyze the problem and generate step-by-step clues of how to solve the problem with executable python code.\n\nThe problem:\n\n\nQUESTION:\nThis morning, Roman woke up and opened the browser with $n$ opened tabs numbered from $1$ to $n$. There are two kinds of tabs: those with the information required for the test and those with social network sites. Roman decided that there are too many tabs open so he wants to close some of them.\n\nHe decided to accomplish this by closing every $k$-th ($2 \\leq k \\leq n - 1$) tab. Only then he will decide whether he wants to study for the test or to chat on the social networks. Formally, Roman will choose one tab (let its number be $b$) and then close all tabs with numbers $c = b + i \\cdot k$ that satisfy the following condition: $1 \\leq c \\leq n$ and $i$ is an integer (it may be positive, negative or zero).\n\nFor example, if $k = 3$, $n = 14$ and Roman chooses $b = 8$, then he will close tabs with numbers $2$, $5$, $8$, $11$ and $14$.\n\nAfter closing the tabs Roman will calculate the amount of remaining tabs with the information for the test (let's denote it $e$) and the amount of remaining social network tabs ($s$). Help Roman to calculate the maximal absolute value of the difference of those values $|e - s|$ so that it would be easy to decide what to do next.\n\n\n-----Input-----\n\nThe first line contains two integers $n$ and $k$ ($2 \\leq k < n \\leq 100$) \u2014 the amount of tabs opened currently and the distance between the tabs closed.\n\nThe second line consists of $n$ integers, each of them equal either to $1$ or to $-1$. The $i$-th integer denotes the type of the $i$-th tab: if it is equal to $1$, this tab contains information for the test, and if it is equal to $-1$, it's a social network tab.\n\n\n-----Output-----\n\nOutput a single integer \u2014 the maximum absolute difference between the amounts of remaining tabs of different types $|e - s|$.\n\n\n-----Examples-----\nInput\n4 2\n1 1 -1 1\n\nOutput\n2\n\nInput\n14 3\n-1 1 -1 -1 1 -1 -1 1 -1 -1 1 -1 -1 1\n\nOutput\n9\n\n\n\n-----Note-----\n\nIn the first example we can choose $b = 1$ or $b = 3$. We will delete then one tab of each type and the remaining tabs are then all contain test information. Thus, $e = 2$ and $s = 0$ and $|e - s| = 2$.\n\nIn the second example, on the contrary, we can leave opened only tabs that have social networks opened in them.\nUse Standard Input format\nANSWER:\n\n\nAn example of step-by-step clues for finding the longest palindrome substring is displayed below:\n\n```json\n[\n{\"Clue of Step 1\": \"For a substring, if it is a palindrome and the length is greater than 2, it is still a palindrome after the first and last letters are removed. According to this idea, we can use dynamic programming to solve this problem.\"},\n{\"Clue of Step 2\": \"Then we should consider the state transition function. We use P(i,j) to indicate whether the string composed of the i-th to j-th letters of the string s (denoted as as s[i:j]) is a palindrome string. s[i:j] is a palindrome only if s[i+1:j\u22121] is a palindrome and the i and j letters of s are the same.\"},\n{\"Clue of Step 3\": \"We also need to consider the boundary conditions in dynamic programming. For a substring of length 1, it is obviously a palindrome string; For a substring of length 2, it is a palindrome as long as its two letters are the same.\"},\n{\"Clue of Step 4\": \"We also need to consider the the cyclic order of dynamic programming. In the state transition equation, we are moving from a shorter string to a longer string.\"},\n{\"Clue of Step 5\": \"The final answer is the maximum length of the valid sub-strings.\"}\n]\n```\nYou can refer to the following example and generate step-by-step clues for the given problem.\n\n\n-----Clues-----\n\n", "Clue of Step 2: For each possible $b$, determine which tabs will be closed by iterating through all tab indices $i$ of the form $i = b + j \\cdot k$ where $j$ is an integer. Ensure that only tabs within the valid range [1, $n$] are considered for closure.\n", "Clue of Step 2: We should simulate the process of closing tabs for each possible starting tab $b$ (from 1 to $k$) and calculate the remaining tabs of each type (test tabs and social network tabs). This is because the choice of $b$ affects which tabs are closed, and we need to evaluate each scenario to find the maximum $|e - s|$.\n"], ["\nYou will be given a problem desciption.\n\nPlease analyze the problem and generate step-by-step clues of how to solve the problem with executable python code.\n\nThe problem:\n\n\nQUESTION:\nThis morning, Roman woke up and opened the browser with $n$ opened tabs numbered from $1$ to $n$. There are two kinds of tabs: those with the information required for the test and those with social network sites. Roman decided that there are too many tabs open so he wants to close some of them.\n\nHe decided to accomplish this by closing every $k$-th ($2 \\leq k \\leq n - 1$) tab. Only then he will decide whether he wants to study for the test or to chat on the social networks. Formally, Roman will choose one tab (let its number be $b$) and then close all tabs with numbers $c = b + i \\cdot k$ that satisfy the following condition: $1 \\leq c \\leq n$ and $i$ is an integer (it may be positive, negative or zero).\n\nFor example, if $k = 3$, $n = 14$ and Roman chooses $b = 8$, then he will close tabs with numbers $2$, $5$, $8$, $11$ and $14$.\n\nAfter closing the tabs Roman will calculate the amount of remaining tabs with the information for the test (let's denote it $e$) and the amount of remaining social network tabs ($s$). Help Roman to calculate the maximal absolute value of the difference of those values $|e - s|$ so that it would be easy to decide what to do next.\n\n\n-----Input-----\n\nThe first line contains two integers $n$ and $k$ ($2 \\leq k < n \\leq 100$) \u2014 the amount of tabs opened currently and the distance between the tabs closed.\n\nThe second line consists of $n$ integers, each of them equal either to $1$ or to $-1$. The $i$-th integer denotes the type of the $i$-th tab: if it is equal to $1$, this tab contains information for the test, and if it is equal to $-1$, it's a social network tab.\n\n\n-----Output-----\n\nOutput a single integer \u2014 the maximum absolute difference between the amounts of remaining tabs of different types $|e - s|$.\n\n\n-----Examples-----\nInput\n4 2\n1 1 -1 1\n\nOutput\n2\n\nInput\n14 3\n-1 1 -1 -1 1 -1 -1 1 -1 -1 1 -1 -1 1\n\nOutput\n9\n\n\n\n-----Note-----\n\nIn the first example we can choose $b = 1$ or $b = 3$. We will delete then one tab of each type and the remaining tabs are then all contain test information. Thus, $e = 2$ and $s = 0$ and $|e - s| = 2$.\n\nIn the second example, on the contrary, we can leave opened only tabs that have social networks opened in them.\nUse Standard Input format\nANSWER:\n\n\nAn example of step-by-step clues for finding the longest palindrome substring is displayed below:\n\n```json\n[\n{\"Clue of Step 1\": \"For a substring, if it is a palindrome and the length is greater than 2, it is still a palindrome after the first and last letters are removed. According to this idea, we can use dynamic programming to solve this problem.\"},\n{\"Clue of Step 2\": \"Then we should consider the state transition function. We use P(i,j) to indicate whether the string composed of the i-th to j-th letters of the string s (denoted as as s[i:j]) is a palindrome string. s[i:j] is a palindrome only if s[i+1:j\u22121] is a palindrome and the i and j letters of s are the same.\"},\n{\"Clue of Step 3\": \"We also need to consider the boundary conditions in dynamic programming. For a substring of length 1, it is obviously a palindrome string; For a substring of length 2, it is a palindrome as long as its two letters are the same.\"},\n{\"Clue of Step 4\": \"We also need to consider the the cyclic order of dynamic programming. In the state transition equation, we are moving from a shorter string to a longer string.\"},\n{\"Clue of Step 5\": \"The final answer is the maximum length of the valid sub-strings.\"}\n]\n```\nYou can refer to the following example and generate step-by-step clues for the given problem.\n\n\n-----Clues-----\n\n", "Clue of Step 2: After closing the appropriate tabs for a given $b$, count the number of remaining tabs that belong to each category (test tabs and social network tabs). Store this information to compute $|e - s|$ for each $b$, and keep track of the maximum value encountered.\n", "Clue of Step 2: We should simulate the process of closing tabs for each possible starting tab $b$ (from 1 to $k$) and calculate the remaining tabs of each type (test tabs and social network tabs). This is because the choice of $b$ affects which tabs are closed, and we need to evaluate each scenario to find the maximum $|e - s|$.\n"], ["\nYou will be given a problem desciption.\n\nPlease analyze the problem and generate step-by-step clues of how to solve the problem with executable python code.\n\nThe problem:\n\n\nQUESTION:\nThis morning, Roman woke up and opened the browser with $n$ opened tabs numbered from $1$ to $n$. There are two kinds of tabs: those with the information required for the test and those with social network sites. Roman decided that there are too many tabs open so he wants to close some of them.\n\nHe decided to accomplish this by closing every $k$-th ($2 \\leq k \\leq n - 1$) tab. Only then he will decide whether he wants to study for the test or to chat on the social networks. Formally, Roman will choose one tab (let its number be $b$) and then close all tabs with numbers $c = b + i \\cdot k$ that satisfy the following condition: $1 \\leq c \\leq n$ and $i$ is an integer (it may be positive, negative or zero).\n\nFor example, if $k = 3$, $n = 14$ and Roman chooses $b = 8$, then he will close tabs with numbers $2$, $5$, $8$, $11$ and $14$.\n\nAfter closing the tabs Roman will calculate the amount of remaining tabs with the information for the test (let's denote it $e$) and the amount of remaining social network tabs ($s$). Help Roman to calculate the maximal absolute value of the difference of those values $|e - s|$ so that it would be easy to decide what to do next.\n\n\n-----Input-----\n\nThe first line contains two integers $n$ and $k$ ($2 \\leq k < n \\leq 100$) \u2014 the amount of tabs opened currently and the distance between the tabs closed.\n\nThe second line consists of $n$ integers, each of them equal either to $1$ or to $-1$. The $i$-th integer denotes the type of the $i$-th tab: if it is equal to $1$, this tab contains information for the test, and if it is equal to $-1$, it's a social network tab.\n\n\n-----Output-----\n\nOutput a single integer \u2014 the maximum absolute difference between the amounts of remaining tabs of different types $|e - s|$.\n\n\n-----Examples-----\nInput\n4 2\n1 1 -1 1\n\nOutput\n2\n\nInput\n14 3\n-1 1 -1 -1 1 -1 -1 1 -1 -1 1 -1 -1 1\n\nOutput\n9\n\n\n\n-----Note-----\n\nIn the first example we can choose $b = 1$ or $b = 3$. We will delete then one tab of each type and the remaining tabs are then all contain test information. Thus, $e = 2$ and $s = 0$ and $|e - s| = 2$.\n\nIn the second example, on the contrary, we can leave opened only tabs that have social networks opened in them.\nUse Standard Input format\nANSWER:\n\n\nAn example of step-by-step clues for finding the longest palindrome substring is displayed below:\n\n```json\n[\n{\"Clue of Step 1\": \"For a substring, if it is a palindrome and the length is greater than 2, it is still a palindrome after the first and last letters are removed. According to this idea, we can use dynamic programming to solve this problem.\"},\n{\"Clue of Step 2\": \"Then we should consider the state transition function. We use P(i,j) to indicate whether the string composed of the i-th to j-th letters of the string s (denoted as as s[i:j]) is a palindrome string. s[i:j] is a palindrome only if s[i+1:j\u22121] is a palindrome and the i and j letters of s are the same.\"},\n{\"Clue of Step 3\": \"We also need to consider the boundary conditions in dynamic programming. For a substring of length 1, it is obviously a palindrome string; For a substring of length 2, it is a palindrome as long as its two letters are the same.\"},\n{\"Clue of Step 4\": \"We also need to consider the the cyclic order of dynamic programming. In the state transition equation, we are moving from a shorter string to a longer string.\"},\n{\"Clue of Step 5\": \"The final answer is the maximum length of the valid sub-strings.\"}\n]\n```\nYou can refer to the following example and generate step-by-step clues for the given problem.\n\n\n-----Clues-----\nClue of Step 1: We must create a method to close all tabs of the form c = b + i * k, ensuring we check the validity of each closing tab within the range [1, n].\n", "Clue of Step 2: We need to maintain a set of indices of remaining tabs after closing the specified tabs to count the number of test and social network tabs left.\n", "Clue of Step 2: We should iterate through all possible values of b (1 to n) and for each value, compute which tabs will be closed by evaluating c = b + i * k for integer i. We need to account for both positive and negative values of i.\n"], ["\nYou will be given a problem desciption.\n\nPlease analyze the problem and generate step-by-step clues of how to solve the problem with executable python code.\n\nThe problem:\n\n\nQUESTION:\nThis morning, Roman woke up and opened the browser with $n$ opened tabs numbered from $1$ to $n$. There are two kinds of tabs: those with the information required for the test and those with social network sites. Roman decided that there are too many tabs open so he wants to close some of them.\n\nHe decided to accomplish this by closing every $k$-th ($2 \\leq k \\leq n - 1$) tab. Only then he will decide whether he wants to study for the test or to chat on the social networks. Formally, Roman will choose one tab (let its number be $b$) and then close all tabs with numbers $c = b + i \\cdot k$ that satisfy the following condition: $1 \\leq c \\leq n$ and $i$ is an integer (it may be positive, negative or zero).\n\nFor example, if $k = 3$, $n = 14$ and Roman chooses $b = 8$, then he will close tabs with numbers $2$, $5$, $8$, $11$ and $14$.\n\nAfter closing the tabs Roman will calculate the amount of remaining tabs with the information for the test (let's denote it $e$) and the amount of remaining social network tabs ($s$). Help Roman to calculate the maximal absolute value of the difference of those values $|e - s|$ so that it would be easy to decide what to do next.\n\n\n-----Input-----\n\nThe first line contains two integers $n$ and $k$ ($2 \\leq k < n \\leq 100$) \u2014 the amount of tabs opened currently and the distance between the tabs closed.\n\nThe second line consists of $n$ integers, each of them equal either to $1$ or to $-1$. The $i$-th integer denotes the type of the $i$-th tab: if it is equal to $1$, this tab contains information for the test, and if it is equal to $-1$, it's a social network tab.\n\n\n-----Output-----\n\nOutput a single integer \u2014 the maximum absolute difference between the amounts of remaining tabs of different types $|e - s|$.\n\n\n-----Examples-----\nInput\n4 2\n1 1 -1 1\n\nOutput\n2\n\nInput\n14 3\n-1 1 -1 -1 1 -1 -1 1 -1 -1 1 -1 -1 1\n\nOutput\n9\n\n\n\n-----Note-----\n\nIn the first example we can choose $b = 1$ or $b = 3$. We will delete then one tab of each type and the remaining tabs are then all contain test information. Thus, $e = 2$ and $s = 0$ and $|e - s| = 2$.\n\nIn the second example, on the contrary, we can leave opened only tabs that have social networks opened in them.\nUse Standard Input format\nANSWER:\n\n\nAn example of step-by-step clues for finding the longest palindrome substring is displayed below:\n\n```json\n[\n{\"Clue of Step 1\": \"For a substring, if it is a palindrome and the length is greater than 2, it is still a palindrome after the first and last letters are removed. According to this idea, we can use dynamic programming to solve this problem.\"},\n{\"Clue of Step 2\": \"Then we should consider the state transition function. We use P(i,j) to indicate whether the string composed of the i-th to j-th letters of the string s (denoted as as s[i:j]) is a palindrome string. s[i:j] is a palindrome only if s[i+1:j\u22121] is a palindrome and the i and j letters of s are the same.\"},\n{\"Clue of Step 3\": \"We also need to consider the boundary conditions in dynamic programming. For a substring of length 1, it is obviously a palindrome string; For a substring of length 2, it is a palindrome as long as its two letters are the same.\"},\n{\"Clue of Step 4\": \"We also need to consider the the cyclic order of dynamic programming. In the state transition equation, we are moving from a shorter string to a longer string.\"},\n{\"Clue of Step 5\": \"The final answer is the maximum length of the valid sub-strings.\"}\n]\n```\nYou can refer to the following example and generate step-by-step clues for the given problem.\n\n\n-----Clues-----\nClue of Step 1: We must create a method to close all tabs of the form c = b + i * k, ensuring we check the validity of each closing tab within the range [1, n].\n", "Clue of Step 2: After determining which tabs are closed, we must calculate the number of remaining tabs of each type (e and s) and determine the absolute difference |e - s| to keep track of the maximum difference across different choices of b.\n", "Clue of Step 2: We should iterate through all possible values of b (1 to n) and for each value, compute which tabs will be closed by evaluating c = b + i * k for integer i. We need to account for both positive and negative values of i.\n"], ["\nYou will be given a problem desciption.\n\nPlease analyze the problem and generate step-by-step clues of how to solve the problem with executable python code.\n\nThe problem:\n\n\nQUESTION:\nThis morning, Roman woke up and opened the browser with $n$ opened tabs numbered from $1$ to $n$. There are two kinds of tabs: those with the information required for the test and those with social network sites. Roman decided that there are too many tabs open so he wants to close some of them.\n\nHe decided to accomplish this by closing every $k$-th ($2 \\leq k \\leq n - 1$) tab. Only then he will decide whether he wants to study for the test or to chat on the social networks. Formally, Roman will choose one tab (let its number be $b$) and then close all tabs with numbers $c = b + i \\cdot k$ that satisfy the following condition: $1 \\leq c \\leq n$ and $i$ is an integer (it may be positive, negative or zero).\n\nFor example, if $k = 3$, $n = 14$ and Roman chooses $b = 8$, then he will close tabs with numbers $2$, $5$, $8$, $11$ and $14$.\n\nAfter closing the tabs Roman will calculate the amount of remaining tabs with the information for the test (let's denote it $e$) and the amount of remaining social network tabs ($s$). Help Roman to calculate the maximal absolute value of the difference of those values $|e - s|$ so that it would be easy to decide what to do next.\n\n\n-----Input-----\n\nThe first line contains two integers $n$ and $k$ ($2 \\leq k < n \\leq 100$) \u2014 the amount of tabs opened currently and the distance between the tabs closed.\n\nThe second line consists of $n$ integers, each of them equal either to $1$ or to $-1$. The $i$-th integer denotes the type of the $i$-th tab: if it is equal to $1$, this tab contains information for the test, and if it is equal to $-1$, it's a social network tab.\n\n\n-----Output-----\n\nOutput a single integer \u2014 the maximum absolute difference between the amounts of remaining tabs of different types $|e - s|$.\n\n\n-----Examples-----\nInput\n4 2\n1 1 -1 1\n\nOutput\n2\n\nInput\n14 3\n-1 1 -1 -1 1 -1 -1 1 -1 -1 1 -1 -1 1\n\nOutput\n9\n\n\n\n-----Note-----\n\nIn the first example we can choose $b = 1$ or $b = 3$. We will delete then one tab of each type and the remaining tabs are then all contain test information. Thus, $e = 2$ and $s = 0$ and $|e - s| = 2$.\n\nIn the second example, on the contrary, we can leave opened only tabs that have social networks opened in them.\nUse Standard Input format\nANSWER:\n\n\nAn example of step-by-step clues for finding the longest palindrome substring is displayed below:\n\n```json\n[\n{\"Clue of Step 1\": \"For a substring, if it is a palindrome and the length is greater than 2, it is still a palindrome after the first and last letters are removed. According to this idea, we can use dynamic programming to solve this problem.\"},\n{\"Clue of Step 2\": \"Then we should consider the state transition function. We use P(i,j) to indicate whether the string composed of the i-th to j-th letters of the string s (denoted as as s[i:j]) is a palindrome string. s[i:j] is a palindrome only if s[i+1:j\u22121] is a palindrome and the i and j letters of s are the same.\"},\n{\"Clue of Step 3\": \"We also need to consider the boundary conditions in dynamic programming. For a substring of length 1, it is obviously a palindrome string; For a substring of length 2, it is a palindrome as long as its two letters are the same.\"},\n{\"Clue of Step 4\": \"We also need to consider the the cyclic order of dynamic programming. In the state transition equation, we are moving from a shorter string to a longer string.\"},\n{\"Clue of Step 5\": \"The final answer is the maximum length of the valid sub-strings.\"}\n]\n```\nYou can refer to the following example and generate step-by-step clues for the given problem.\n\n\n-----Clues-----\nClue of Step 1: We must create a method to close all tabs of the form c = b + i * k, ensuring we check the validity of each closing tab within the range [1, n].\n", "Clue of Step 2: After closing the tabs using the given formula c = b + i * k, we should iterate through all possible values of b (from 1 to k) and simulate the closure of tabs. We need to maintain two counters: one for test tabs (e) and one for social network tabs (s), and update them based on the type of each remaining tab.\n", "Clue of Step 2: We should iterate through all possible values of b (1 to n) and for each value, compute which tabs will be closed by evaluating c = b + i * k for integer i. We need to account for both positive and negative values of i.\n"], ["\nYou will be given a problem desciption.\n\nPlease analyze the problem and generate step-by-step clues of how to solve the problem with executable python code.\n\nThe problem:\n\n\nQUESTION:\nThis morning, Roman woke up and opened the browser with $n$ opened tabs numbered from $1$ to $n$. There are two kinds of tabs: those with the information required for the test and those with social network sites. Roman decided that there are too many tabs open so he wants to close some of them.\n\nHe decided to accomplish this by closing every $k$-th ($2 \\leq k \\leq n - 1$) tab. Only then he will decide whether he wants to study for the test or to chat on the social networks. Formally, Roman will choose one tab (let its number be $b$) and then close all tabs with numbers $c = b + i \\cdot k$ that satisfy the following condition: $1 \\leq c \\leq n$ and $i$ is an integer (it may be positive, negative or zero).\n\nFor example, if $k = 3$, $n = 14$ and Roman chooses $b = 8$, then he will close tabs with numbers $2$, $5$, $8$, $11$ and $14$.\n\nAfter closing the tabs Roman will calculate the amount of remaining tabs with the information for the test (let's denote it $e$) and the amount of remaining social network tabs ($s$). Help Roman to calculate the maximal absolute value of the difference of those values $|e - s|$ so that it would be easy to decide what to do next.\n\n\n-----Input-----\n\nThe first line contains two integers $n$ and $k$ ($2 \\leq k < n \\leq 100$) \u2014 the amount of tabs opened currently and the distance between the tabs closed.\n\nThe second line consists of $n$ integers, each of them equal either to $1$ or to $-1$. The $i$-th integer denotes the type of the $i$-th tab: if it is equal to $1$, this tab contains information for the test, and if it is equal to $-1$, it's a social network tab.\n\n\n-----Output-----\n\nOutput a single integer \u2014 the maximum absolute difference between the amounts of remaining tabs of different types $|e - s|$.\n\n\n-----Examples-----\nInput\n4 2\n1 1 -1 1\n\nOutput\n2\n\nInput\n14 3\n-1 1 -1 -1 1 -1 -1 1 -1 -1 1 -1 -1 1\n\nOutput\n9\n\n\n\n-----Note-----\n\nIn the first example we can choose $b = 1$ or $b = 3$. We will delete then one tab of each type and the remaining tabs are then all contain test information. Thus, $e = 2$ and $s = 0$ and $|e - s| = 2$.\n\nIn the second example, on the contrary, we can leave opened only tabs that have social networks opened in them.\nUse Standard Input format\nANSWER:\n\n\nAn example of step-by-step clues for finding the longest palindrome substring is displayed below:\n\n```json\n[\n{\"Clue of Step 1\": \"For a substring, if it is a palindrome and the length is greater than 2, it is still a palindrome after the first and last letters are removed. According to this idea, we can use dynamic programming to solve this problem.\"},\n{\"Clue of Step 2\": \"Then we should consider the state transition function. We use P(i,j) to indicate whether the string composed of the i-th to j-th letters of the string s (denoted as as s[i:j]) is a palindrome string. s[i:j] is a palindrome only if s[i+1:j\u22121] is a palindrome and the i and j letters of s are the same.\"},\n{\"Clue of Step 3\": \"We also need to consider the boundary conditions in dynamic programming. For a substring of length 1, it is obviously a palindrome string; For a substring of length 2, it is a palindrome as long as its two letters are the same.\"},\n{\"Clue of Step 4\": \"We also need to consider the the cyclic order of dynamic programming. In the state transition equation, we are moving from a shorter string to a longer string.\"},\n{\"Clue of Step 5\": \"The final answer is the maximum length of the valid sub-strings.\"}\n]\n```\nYou can refer to the following example and generate step-by-step clues for the given problem.\n\n\n-----Clues-----\nClue of Step 1: We must create a method to close all tabs of the form c = b + i * k, ensuring we check the validity of each closing tab within the range [1, n].\n", "Clue of Step 2: We need to handle the closure of tabs for each possible starting tab b such that c = b + i * k remains within the valid range of tab indices (1 to n). This can be done using a loop where we check if the index c is within bounds and then decide whether to increment the count for test tabs (e) or social network tabs (s) based on the type of the tab.\n", "Clue of Step 2: We should iterate through all possible values of b (1 to n) and for each value, compute which tabs will be closed by evaluating c = b + i * k for integer i. We need to account for both positive and negative values of i.\n"], ["\nYou will be given a problem desciption.\n\nPlease analyze the problem and generate step-by-step clues of how to solve the problem with executable python code.\n\nThe problem:\n\n\nQUESTION:\nThis morning, Roman woke up and opened the browser with $n$ opened tabs numbered from $1$ to $n$. There are two kinds of tabs: those with the information required for the test and those with social network sites. Roman decided that there are too many tabs open so he wants to close some of them.\n\nHe decided to accomplish this by closing every $k$-th ($2 \\leq k \\leq n - 1$) tab. Only then he will decide whether he wants to study for the test or to chat on the social networks. Formally, Roman will choose one tab (let its number be $b$) and then close all tabs with numbers $c = b + i \\cdot k$ that satisfy the following condition: $1 \\leq c \\leq n$ and $i$ is an integer (it may be positive, negative or zero).\n\nFor example, if $k = 3$, $n = 14$ and Roman chooses $b = 8$, then he will close tabs with numbers $2$, $5$, $8$, $11$ and $14$.\n\nAfter closing the tabs Roman will calculate the amount of remaining tabs with the information for the test (let's denote it $e$) and the amount of remaining social network tabs ($s$). Help Roman to calculate the maximal absolute value of the difference of those values $|e - s|$ so that it would be easy to decide what to do next.\n\n\n-----Input-----\n\nThe first line contains two integers $n$ and $k$ ($2 \\leq k < n \\leq 100$) \u2014 the amount of tabs opened currently and the distance between the tabs closed.\n\nThe second line consists of $n$ integers, each of them equal either to $1$ or to $-1$. The $i$-th integer denotes the type of the $i$-th tab: if it is equal to $1$, this tab contains information for the test, and if it is equal to $-1$, it's a social network tab.\n\n\n-----Output-----\n\nOutput a single integer \u2014 the maximum absolute difference between the amounts of remaining tabs of different types $|e - s|$.\n\n\n-----Examples-----\nInput\n4 2\n1 1 -1 1\n\nOutput\n2\n\nInput\n14 3\n-1 1 -1 -1 1 -1 -1 1 -1 -1 1 -1 -1 1\n\nOutput\n9\n\n\n\n-----Note-----\n\nIn the first example we can choose $b = 1$ or $b = 3$. We will delete then one tab of each type and the remaining tabs are then all contain test information. Thus, $e = 2$ and $s = 0$ and $|e - s| = 2$.\n\nIn the second example, on the contrary, we can leave opened only tabs that have social networks opened in them.\nUse Standard Input format\nANSWER:\n\n\nAn example of step-by-step clues for finding the longest palindrome substring is displayed below:\n\n```json\n[\n{\"Clue of Step 1\": \"For a substring, if it is a palindrome and the length is greater than 2, it is still a palindrome after the first and last letters are removed. According to this idea, we can use dynamic programming to solve this problem.\"},\n{\"Clue of Step 2\": \"Then we should consider the state transition function. We use P(i,j) to indicate whether the string composed of the i-th to j-th letters of the string s (denoted as as s[i:j]) is a palindrome string. s[i:j] is a palindrome only if s[i+1:j\u22121] is a palindrome and the i and j letters of s are the same.\"},\n{\"Clue of Step 3\": \"We also need to consider the boundary conditions in dynamic programming. For a substring of length 1, it is obviously a palindrome string; For a substring of length 2, it is a palindrome as long as its two letters are the same.\"},\n{\"Clue of Step 4\": \"We also need to consider the the cyclic order of dynamic programming. In the state transition equation, we are moving from a shorter string to a longer string.\"},\n{\"Clue of Step 5\": \"The final answer is the maximum length of the valid sub-strings.\"}\n]\n```\nYou can refer to the following example and generate step-by-step clues for the given problem.\n\n\n-----Clues-----\nClue of Step 1: We must create a method to close all tabs of the form c = b + i * k, ensuring we check the validity of each closing tab within the range [1, n].\n", "Clue of Step 2: For each starting tab b, we should create a copy of the original tab list and mark the tabs to be closed (based on c = b + i * k). After marking, we count the remaining tabs and classify them into test tabs (e) and social network tabs (s). This approach ensures that we evaluate each configuration independently.\n", "Clue of Step 2: We should iterate through all possible values of b (1 to n) and for each value, compute which tabs will be closed by evaluating c = b + i * k for integer i. We need to account for both positive and negative values of i.\n"]], "SFT": ["\nYou will be given a problem desciption.\n\nPlease analyze the problem and generate step-by-step clues of how to solve the problem with executable python code.\n\nThe problem:\n\n\nQUESTION:\nThis morning, Roman woke up and opened the browser with $n$ opened tabs numbered from $1$ to $n$. There are two kinds of tabs: those with the information required for the test and those with social network sites. Roman decided that there are too many tabs open so he wants to close some of them.\n\nHe decided to accomplish this by closing every $k$-th ($2 \\leq k \\leq n - 1$) tab. Only then he will decide whether he wants to study for the test or to chat on the social networks. Formally, Roman will choose one tab (let its number be $b$) and then close all tabs with numbers $c = b + i \\cdot k$ that satisfy the following condition: $1 \\leq c \\leq n$ and $i$ is an integer (it may be positive, negative or zero).\n\nFor example, if $k = 3$, $n = 14$ and Roman chooses $b = 8$, then he will close tabs with numbers $2$, $5$, $8$, $11$ and $14$.\n\nAfter closing the tabs Roman will calculate the amount of remaining tabs with the information for the test (let's denote it $e$) and the amount of remaining social network tabs ($s$). Help Roman to calculate the maximal absolute value of the difference of those values $|e - s|$ so that it would be easy to decide what to do next.\n\n\n-----Input-----\n\nThe first line contains two integers $n$ and $k$ ($2 \\leq k < n \\leq 100$) \u2014 the amount of tabs opened currently and the distance between the tabs closed.\n\nThe second line consists of $n$ integers, each of them equal either to $1$ or to $-1$. The $i$-th integer denotes the type of the $i$-th tab: if it is equal to $1$, this tab contains information for the test, and if it is equal to $-1$, it's a social network tab.\n\n\n-----Output-----\n\nOutput a single integer \u2014 the maximum absolute difference between the amounts of remaining tabs of different types $|e - s|$.\n\n\n-----Examples-----\nInput\n4 2\n1 1 -1 1\n\nOutput\n2\n\nInput\n14 3\n-1 1 -1 -1 1 -1 -1 1 -1 -1 1 -1 -1 1\n\nOutput\n9\n\n\n\n-----Note-----\n\nIn the first example we can choose $b = 1$ or $b = 3$. We will delete then one tab of each type and the remaining tabs are then all contain test information. Thus, $e = 2$ and $s = 0$ and $|e - s| = 2$.\n\nIn the second example, on the contrary, we can leave opened only tabs that have social networks opened in them.\nUse Standard Input format\nANSWER:\n\n\nAn example of step-by-step clues for finding the longest palindrome substring is displayed below:\n\n```json\n[\n{\"Clue of Step 1\": \"For a substring, if it is a palindrome and the length is greater than 2, it is still a palindrome after the first and last letters are removed. According to this idea, we can use dynamic programming to solve this problem.\"},\n{\"Clue of Step 2\": \"Then we should consider the state transition function. We use P(i,j) to indicate whether the string composed of the i-th to j-th letters of the string s (denoted as as s[i:j]) is a palindrome string. s[i:j] is a palindrome only if s[i+1:j\u22121] is a palindrome and the i and j letters of s are the same.\"},\n{\"Clue of Step 3\": \"We also need to consider the boundary conditions in dynamic programming. For a substring of length 1, it is obviously a palindrome string; For a substring of length 2, it is a palindrome as long as its two letters are the same.\"},\n{\"Clue of Step 4\": \"We also need to consider the the cyclic order of dynamic programming. In the state transition equation, we are moving from a shorter string to a longer string.\"},\n{\"Clue of Step 5\": \"The final answer is the maximum length of the valid sub-strings.\"}\n]\n```\nYou can refer to the following example and generate step-by-step clues for the given problem.\n\n\n-----Clues-----\nClue of Step 1: We need to iterate over all possible choices of b (the starting tab) from 1 to n, as it will affect which tabs get closed.\n", "```python\ndef max_difference(n, k, tabs):\n    max_diff = 0\n    \n    for b in range(1, n + 1):\n        closed = [False] * n\n        \n        # Close tabs based on the chosen starting tab b\n        for i in range(-n, n + 1):\n            c = b + i * k\n            if 1 <= c <= n:\n                closed[c - 1] = True\n        \n        # Count remaining tabs for both types\n        e = sum(1 for i in range(n) if not closed[i] and tabs[i] == 1)\n        s = sum(1 for i in range(n) if not closed[i] and tabs[i] == -1)\n        \n        # Calculate the absolute difference\n        max_diff = max(max_diff, abs(e - s))\n    \n    return max_diff\n\n# Read input\nn, k = map(int, input().split())\ntabs = list(map(int, input().split()))\n\n# Output the result\nprint(max_difference(n, k, tabs))\n```"]}