{"StepDPO": [["\nYou will be given a problem desciption.\n\nPlease analyze the problem and generate step-by-step clues of how to solve the problem with executable python code.\n\nThe problem:\n\n\nQUESTION:\nVasya has a pile, that consists of some number of stones. $n$ times he either took one stone from the pile or added one stone to the pile. The pile was non-empty before each operation of taking one stone from the pile.\n\nYou are given $n$ operations which Vasya has made. Find the minimal possible number of stones that can be in the pile after making these operations.\n\n\n-----Input-----\n\nThe first line contains one positive integer $n$\u00a0\u2014 the number of operations, that have been made by Vasya ($1 \\leq n \\leq 100$).\n\nThe next line contains the string $s$, consisting of $n$ symbols, equal to \"-\" (without quotes) or \"+\" (without quotes). If Vasya took the stone on $i$-th operation, $s_i$ is equal to \"-\" (without quotes), if added, $s_i$ is equal to \"+\" (without quotes).\n\n\n-----Output-----\n\nPrint one integer\u00a0\u2014 the minimal possible number of stones that can be in the pile after these $n$ operations.\n\n\n-----Examples-----\nInput\n3\n---\n\nOutput\n0\nInput\n4\n++++\n\nOutput\n4\nInput\n2\n-+\n\nOutput\n1\nInput\n5\n++-++\n\nOutput\n3\n\n\n-----Note-----\n\nIn the first test, if Vasya had $3$ stones in the pile at the beginning, after making operations the number of stones will be equal to $0$. It is impossible to have less number of piles, so the answer is $0$. Please notice, that the number of stones at the beginning can't be less, than $3$, because in this case, Vasya won't be able to take a stone on some operation (the pile will be empty).\n\nIn the second test, if Vasya had $0$ stones in the pile at the beginning, after making operations the number of stones will be equal to $4$. It is impossible to have less number of piles because after making $4$ operations the number of stones in the pile increases on $4$ stones. So, the answer is $4$.\n\nIn the third test, if Vasya had $1$ stone in the pile at the beginning, after making operations the number of stones will be equal to $1$. It can be proved, that it is impossible to have less number of stones after making the operations.\n\nIn the fourth test, if Vasya had $0$ stones in the pile at the beginning, after making operations the number of stones will be equal to $3$.\nUse Standard Input format\nANSWER:\n\n\nAn example of step-by-step clues for finding the longest palindrome substring is displayed below:\n\n```json\n[\n{\"Clue of Step 1\": \"For a substring, if it is a palindrome and the length is greater than 2, it is still a palindrome after the first and last letters are removed. According to this idea, we can use dynamic programming to solve this problem.\"},\n{\"Clue of Step 2\": \"Then we should consider the state transition function. We use P(i,j) to indicate whether the string composed of the i-th to j-th letters of the string s (denoted as as s[i:j]) is a palindrome string. s[i:j] is a palindrome only if s[i+1:j\u22121] is a palindrome and the i and j letters of s are the same.\"},\n{\"Clue of Step 3\": \"We also need to consider the boundary conditions in dynamic programming. For a substring of length 1, it is obviously a palindrome string; For a substring of length 2, it is a palindrome as long as its two letters are the same.\"},\n{\"Clue of Step 4\": \"We also need to consider the the cyclic order of dynamic programming. In the state transition equation, we are moving from a shorter string to a longer string.\"},\n{\"Clue of Step 5\": \"The final answer is the maximum length of the valid sub-strings.\"}\n]\n```\nYou can refer to the following example and generate step-by-step clues for the given problem.\n\n\n-----Clues-----\nClue of Step 1: We need to count how many stones were added and how many were removed based on the operations provided in the string.\n", "Clue of Step 2: We should initialize two counters: one for additions and another for subtractions. As we iterate through the operations string, we increase the respective counter based on whether we encounter a '+' or '-' symbol.\n", "Clue of Step 2: We need to calculate the net effect of all operations by counting the number of additions ('+' symbols) and subtractions ('-' symbols). The difference between these two counts will give us the overall change in the number of stones.\n"], ["\nYou will be given a problem desciption.\n\nPlease analyze the problem and generate step-by-step clues of how to solve the problem with executable python code.\n\nThe problem:\n\n\nQUESTION:\nVasya has a pile, that consists of some number of stones. $n$ times he either took one stone from the pile or added one stone to the pile. The pile was non-empty before each operation of taking one stone from the pile.\n\nYou are given $n$ operations which Vasya has made. Find the minimal possible number of stones that can be in the pile after making these operations.\n\n\n-----Input-----\n\nThe first line contains one positive integer $n$\u00a0\u2014 the number of operations, that have been made by Vasya ($1 \\leq n \\leq 100$).\n\nThe next line contains the string $s$, consisting of $n$ symbols, equal to \"-\" (without quotes) or \"+\" (without quotes). If Vasya took the stone on $i$-th operation, $s_i$ is equal to \"-\" (without quotes), if added, $s_i$ is equal to \"+\" (without quotes).\n\n\n-----Output-----\n\nPrint one integer\u00a0\u2014 the minimal possible number of stones that can be in the pile after these $n$ operations.\n\n\n-----Examples-----\nInput\n3\n---\n\nOutput\n0\nInput\n4\n++++\n\nOutput\n4\nInput\n2\n-+\n\nOutput\n1\nInput\n5\n++-++\n\nOutput\n3\n\n\n-----Note-----\n\nIn the first test, if Vasya had $3$ stones in the pile at the beginning, after making operations the number of stones will be equal to $0$. It is impossible to have less number of piles, so the answer is $0$. Please notice, that the number of stones at the beginning can't be less, than $3$, because in this case, Vasya won't be able to take a stone on some operation (the pile will be empty).\n\nIn the second test, if Vasya had $0$ stones in the pile at the beginning, after making operations the number of stones will be equal to $4$. It is impossible to have less number of piles because after making $4$ operations the number of stones in the pile increases on $4$ stones. So, the answer is $4$.\n\nIn the third test, if Vasya had $1$ stone in the pile at the beginning, after making operations the number of stones will be equal to $1$. It can be proved, that it is impossible to have less number of stones after making the operations.\n\nIn the fourth test, if Vasya had $0$ stones in the pile at the beginning, after making operations the number of stones will be equal to $3$.\nUse Standard Input format\nANSWER:\n\n\nAn example of step-by-step clues for finding the longest palindrome substring is displayed below:\n\n```json\n[\n{\"Clue of Step 1\": \"For a substring, if it is a palindrome and the length is greater than 2, it is still a palindrome after the first and last letters are removed. According to this idea, we can use dynamic programming to solve this problem.\"},\n{\"Clue of Step 2\": \"Then we should consider the state transition function. We use P(i,j) to indicate whether the string composed of the i-th to j-th letters of the string s (denoted as as s[i:j]) is a palindrome string. s[i:j] is a palindrome only if s[i+1:j\u22121] is a palindrome and the i and j letters of s are the same.\"},\n{\"Clue of Step 3\": \"We also need to consider the boundary conditions in dynamic programming. For a substring of length 1, it is obviously a palindrome string; For a substring of length 2, it is a palindrome as long as its two letters are the same.\"},\n{\"Clue of Step 4\": \"We also need to consider the the cyclic order of dynamic programming. In the state transition equation, we are moving from a shorter string to a longer string.\"},\n{\"Clue of Step 5\": \"The final answer is the maximum length of the valid sub-strings.\"}\n]\n```\nYou can refer to the following example and generate step-by-step clues for the given problem.\n\n\n-----Clues-----\nClue of Step 1: We need to count how many stones were added and how many were removed based on the operations provided in the string.\n", "Clue of Step 2: After counting the '+' and '-', we need to determine the minimal initial number of stones required such that all '-' operations can be completed without going negative. This can be calculated as the maximum of zero and the number of '-' operations.\n", "Clue of Step 2: We need to calculate the net effect of all operations by counting the number of additions ('+' symbols) and subtractions ('-' symbols). The difference between these two counts will give us the overall change in the number of stones.\n"], ["\nYou will be given a problem desciption.\n\nPlease analyze the problem and generate step-by-step clues of how to solve the problem with executable python code.\n\nThe problem:\n\n\nQUESTION:\nVasya has a pile, that consists of some number of stones. $n$ times he either took one stone from the pile or added one stone to the pile. The pile was non-empty before each operation of taking one stone from the pile.\n\nYou are given $n$ operations which Vasya has made. Find the minimal possible number of stones that can be in the pile after making these operations.\n\n\n-----Input-----\n\nThe first line contains one positive integer $n$\u00a0\u2014 the number of operations, that have been made by Vasya ($1 \\leq n \\leq 100$).\n\nThe next line contains the string $s$, consisting of $n$ symbols, equal to \"-\" (without quotes) or \"+\" (without quotes). If Vasya took the stone on $i$-th operation, $s_i$ is equal to \"-\" (without quotes), if added, $s_i$ is equal to \"+\" (without quotes).\n\n\n-----Output-----\n\nPrint one integer\u00a0\u2014 the minimal possible number of stones that can be in the pile after these $n$ operations.\n\n\n-----Examples-----\nInput\n3\n---\n\nOutput\n0\nInput\n4\n++++\n\nOutput\n4\nInput\n2\n-+\n\nOutput\n1\nInput\n5\n++-++\n\nOutput\n3\n\n\n-----Note-----\n\nIn the first test, if Vasya had $3$ stones in the pile at the beginning, after making operations the number of stones will be equal to $0$. It is impossible to have less number of piles, so the answer is $0$. Please notice, that the number of stones at the beginning can't be less, than $3$, because in this case, Vasya won't be able to take a stone on some operation (the pile will be empty).\n\nIn the second test, if Vasya had $0$ stones in the pile at the beginning, after making operations the number of stones will be equal to $4$. It is impossible to have less number of piles because after making $4$ operations the number of stones in the pile increases on $4$ stones. So, the answer is $4$.\n\nIn the third test, if Vasya had $1$ stone in the pile at the beginning, after making operations the number of stones will be equal to $1$. It can be proved, that it is impossible to have less number of stones after making the operations.\n\nIn the fourth test, if Vasya had $0$ stones in the pile at the beginning, after making operations the number of stones will be equal to $3$.\nUse Standard Input format\nANSWER:\n\n\nAn example of step-by-step clues for finding the longest palindrome substring is displayed below:\n\n```json\n[\n{\"Clue of Step 1\": \"For a substring, if it is a palindrome and the length is greater than 2, it is still a palindrome after the first and last letters are removed. According to this idea, we can use dynamic programming to solve this problem.\"},\n{\"Clue of Step 2\": \"Then we should consider the state transition function. We use P(i,j) to indicate whether the string composed of the i-th to j-th letters of the string s (denoted as as s[i:j]) is a palindrome string. s[i:j] is a palindrome only if s[i+1:j\u22121] is a palindrome and the i and j letters of s are the same.\"},\n{\"Clue of Step 3\": \"We also need to consider the boundary conditions in dynamic programming. For a substring of length 1, it is obviously a palindrome string; For a substring of length 2, it is a palindrome as long as its two letters are the same.\"},\n{\"Clue of Step 4\": \"We also need to consider the the cyclic order of dynamic programming. In the state transition equation, we are moving from a shorter string to a longer string.\"},\n{\"Clue of Step 5\": \"The final answer is the maximum length of the valid sub-strings.\"}\n]\n```\nYou can refer to the following example and generate step-by-step clues for the given problem.\n\n\n-----Clues-----\nClue of Step 1: We need to count how many stones were added and how many were removed based on the operations provided in the string.\n", "Clue of Step 2: Finally, the total number of stones after all operations can be computed by adding the initial required stones to the total number of '+'. Therefore, the expression becomes: initial_stones + additions - subtractions.\n", "Clue of Step 2: We need to calculate the net effect of all operations by counting the number of additions ('+' symbols) and subtractions ('-' symbols). The difference between these two counts will give us the overall change in the number of stones.\n"], ["\nYou will be given a problem desciption.\n\nPlease analyze the problem and generate step-by-step clues of how to solve the problem with executable python code.\n\nThe problem:\n\n\nQUESTION:\nVasya has a pile, that consists of some number of stones. $n$ times he either took one stone from the pile or added one stone to the pile. The pile was non-empty before each operation of taking one stone from the pile.\n\nYou are given $n$ operations which Vasya has made. Find the minimal possible number of stones that can be in the pile after making these operations.\n\n\n-----Input-----\n\nThe first line contains one positive integer $n$\u00a0\u2014 the number of operations, that have been made by Vasya ($1 \\leq n \\leq 100$).\n\nThe next line contains the string $s$, consisting of $n$ symbols, equal to \"-\" (without quotes) or \"+\" (without quotes). If Vasya took the stone on $i$-th operation, $s_i$ is equal to \"-\" (without quotes), if added, $s_i$ is equal to \"+\" (without quotes).\n\n\n-----Output-----\n\nPrint one integer\u00a0\u2014 the minimal possible number of stones that can be in the pile after these $n$ operations.\n\n\n-----Examples-----\nInput\n3\n---\n\nOutput\n0\nInput\n4\n++++\n\nOutput\n4\nInput\n2\n-+\n\nOutput\n1\nInput\n5\n++-++\n\nOutput\n3\n\n\n-----Note-----\n\nIn the first test, if Vasya had $3$ stones in the pile at the beginning, after making operations the number of stones will be equal to $0$. It is impossible to have less number of piles, so the answer is $0$. Please notice, that the number of stones at the beginning can't be less, than $3$, because in this case, Vasya won't be able to take a stone on some operation (the pile will be empty).\n\nIn the second test, if Vasya had $0$ stones in the pile at the beginning, after making operations the number of stones will be equal to $4$. It is impossible to have less number of piles because after making $4$ operations the number of stones in the pile increases on $4$ stones. So, the answer is $4$.\n\nIn the third test, if Vasya had $1$ stone in the pile at the beginning, after making operations the number of stones will be equal to $1$. It can be proved, that it is impossible to have less number of stones after making the operations.\n\nIn the fourth test, if Vasya had $0$ stones in the pile at the beginning, after making operations the number of stones will be equal to $3$.\nUse Standard Input format\nANSWER:\n\n\nAn example of step-by-step clues for finding the longest palindrome substring is displayed below:\n\n```json\n[\n{\"Clue of Step 1\": \"For a substring, if it is a palindrome and the length is greater than 2, it is still a palindrome after the first and last letters are removed. According to this idea, we can use dynamic programming to solve this problem.\"},\n{\"Clue of Step 2\": \"Then we should consider the state transition function. We use P(i,j) to indicate whether the string composed of the i-th to j-th letters of the string s (denoted as as s[i:j]) is a palindrome string. s[i:j] is a palindrome only if s[i+1:j\u22121] is a palindrome and the i and j letters of s are the same.\"},\n{\"Clue of Step 3\": \"We also need to consider the boundary conditions in dynamic programming. For a substring of length 1, it is obviously a palindrome string; For a substring of length 2, it is a palindrome as long as its two letters are the same.\"},\n{\"Clue of Step 4\": \"We also need to consider the the cyclic order of dynamic programming. In the state transition equation, we are moving from a shorter string to a longer string.\"},\n{\"Clue of Step 5\": \"The final answer is the maximum length of the valid sub-strings.\"}\n]\n```\nYou can refer to the following example and generate step-by-step clues for the given problem.\n\n\n-----Clues-----\nClue of Step 1: We need to count how many stones were added and how many were removed based on the operations provided in the string.\n", "Clue of Step 2: To find the minimal possible number of stones left in the pile, we should also consider the maximum number of subtractions ('-' symbols) that occurred consecutively, as this would determine the minimum initial size of the pile to avoid it becoming empty.\n", "Clue of Step 2: We need to calculate the net effect of all operations by counting the number of additions ('+' symbols) and subtractions ('-' symbols). The difference between these two counts will give us the overall change in the number of stones.\n"], ["\nYou will be given a problem desciption.\n\nPlease analyze the problem and generate step-by-step clues of how to solve the problem with executable python code.\n\nThe problem:\n\n\nQUESTION:\nVasya has a pile, that consists of some number of stones. $n$ times he either took one stone from the pile or added one stone to the pile. The pile was non-empty before each operation of taking one stone from the pile.\n\nYou are given $n$ operations which Vasya has made. Find the minimal possible number of stones that can be in the pile after making these operations.\n\n\n-----Input-----\n\nThe first line contains one positive integer $n$\u00a0\u2014 the number of operations, that have been made by Vasya ($1 \\leq n \\leq 100$).\n\nThe next line contains the string $s$, consisting of $n$ symbols, equal to \"-\" (without quotes) or \"+\" (without quotes). If Vasya took the stone on $i$-th operation, $s_i$ is equal to \"-\" (without quotes), if added, $s_i$ is equal to \"+\" (without quotes).\n\n\n-----Output-----\n\nPrint one integer\u00a0\u2014 the minimal possible number of stones that can be in the pile after these $n$ operations.\n\n\n-----Examples-----\nInput\n3\n---\n\nOutput\n0\nInput\n4\n++++\n\nOutput\n4\nInput\n2\n-+\n\nOutput\n1\nInput\n5\n++-++\n\nOutput\n3\n\n\n-----Note-----\n\nIn the first test, if Vasya had $3$ stones in the pile at the beginning, after making operations the number of stones will be equal to $0$. It is impossible to have less number of piles, so the answer is $0$. Please notice, that the number of stones at the beginning can't be less, than $3$, because in this case, Vasya won't be able to take a stone on some operation (the pile will be empty).\n\nIn the second test, if Vasya had $0$ stones in the pile at the beginning, after making operations the number of stones will be equal to $4$. It is impossible to have less number of piles because after making $4$ operations the number of stones in the pile increases on $4$ stones. So, the answer is $4$.\n\nIn the third test, if Vasya had $1$ stone in the pile at the beginning, after making operations the number of stones will be equal to $1$. It can be proved, that it is impossible to have less number of stones after making the operations.\n\nIn the fourth test, if Vasya had $0$ stones in the pile at the beginning, after making operations the number of stones will be equal to $3$.\nUse Standard Input format\nANSWER:\n\n\nAn example of step-by-step clues for finding the longest palindrome substring is displayed below:\n\n```json\n[\n{\"Clue of Step 1\": \"For a substring, if it is a palindrome and the length is greater than 2, it is still a palindrome after the first and last letters are removed. According to this idea, we can use dynamic programming to solve this problem.\"},\n{\"Clue of Step 2\": \"Then we should consider the state transition function. We use P(i,j) to indicate whether the string composed of the i-th to j-th letters of the string s (denoted as as s[i:j]) is a palindrome string. s[i:j] is a palindrome only if s[i+1:j\u22121] is a palindrome and the i and j letters of s are the same.\"},\n{\"Clue of Step 3\": \"We also need to consider the boundary conditions in dynamic programming. For a substring of length 1, it is obviously a palindrome string; For a substring of length 2, it is a palindrome as long as its two letters are the same.\"},\n{\"Clue of Step 4\": \"We also need to consider the the cyclic order of dynamic programming. In the state transition equation, we are moving from a shorter string to a longer string.\"},\n{\"Clue of Step 5\": \"The final answer is the maximum length of the valid sub-strings.\"}\n]\n```\nYou can refer to the following example and generate step-by-step clues for the given problem.\n\n\n-----Clues-----\nClue of Step 1: We need to count how many stones were added and how many were removed based on the operations provided in the string.\n", "Clue of Step 2: We should simulate the operations starting with the smallest possible initial number of stones, which is the maximum of the running deficit (number of subtractions minus additions at any point) encountered during the operations.\n", "Clue of Step 2: We need to calculate the net effect of all operations by counting the number of additions ('+' symbols) and subtractions ('-' symbols). The difference between these two counts will give us the overall change in the number of stones.\n"], ["\nYou will be given a problem desciption.\n\nPlease analyze the problem and generate step-by-step clues of how to solve the problem with executable python code.\n\nThe problem:\n\n\nQUESTION:\nVasya has a pile, that consists of some number of stones. $n$ times he either took one stone from the pile or added one stone to the pile. The pile was non-empty before each operation of taking one stone from the pile.\n\nYou are given $n$ operations which Vasya has made. Find the minimal possible number of stones that can be in the pile after making these operations.\n\n\n-----Input-----\n\nThe first line contains one positive integer $n$\u00a0\u2014 the number of operations, that have been made by Vasya ($1 \\leq n \\leq 100$).\n\nThe next line contains the string $s$, consisting of $n$ symbols, equal to \"-\" (without quotes) or \"+\" (without quotes). If Vasya took the stone on $i$-th operation, $s_i$ is equal to \"-\" (without quotes), if added, $s_i$ is equal to \"+\" (without quotes).\n\n\n-----Output-----\n\nPrint one integer\u00a0\u2014 the minimal possible number of stones that can be in the pile after these $n$ operations.\n\n\n-----Examples-----\nInput\n3\n---\n\nOutput\n0\nInput\n4\n++++\n\nOutput\n4\nInput\n2\n-+\n\nOutput\n1\nInput\n5\n++-++\n\nOutput\n3\n\n\n-----Note-----\n\nIn the first test, if Vasya had $3$ stones in the pile at the beginning, after making operations the number of stones will be equal to $0$. It is impossible to have less number of piles, so the answer is $0$. Please notice, that the number of stones at the beginning can't be less, than $3$, because in this case, Vasya won't be able to take a stone on some operation (the pile will be empty).\n\nIn the second test, if Vasya had $0$ stones in the pile at the beginning, after making operations the number of stones will be equal to $4$. It is impossible to have less number of piles because after making $4$ operations the number of stones in the pile increases on $4$ stones. So, the answer is $4$.\n\nIn the third test, if Vasya had $1$ stone in the pile at the beginning, after making operations the number of stones will be equal to $1$. It can be proved, that it is impossible to have less number of stones after making the operations.\n\nIn the fourth test, if Vasya had $0$ stones in the pile at the beginning, after making operations the number of stones will be equal to $3$.\nUse Standard Input format\nANSWER:\n\n\nAn example of step-by-step clues for finding the longest palindrome substring is displayed below:\n\n```json\n[\n{\"Clue of Step 1\": \"For a substring, if it is a palindrome and the length is greater than 2, it is still a palindrome after the first and last letters are removed. According to this idea, we can use dynamic programming to solve this problem.\"},\n{\"Clue of Step 2\": \"Then we should consider the state transition function. We use P(i,j) to indicate whether the string composed of the i-th to j-th letters of the string s (denoted as as s[i:j]) is a palindrome string. s[i:j] is a palindrome only if s[i+1:j\u22121] is a palindrome and the i and j letters of s are the same.\"},\n{\"Clue of Step 3\": \"We also need to consider the boundary conditions in dynamic programming. For a substring of length 1, it is obviously a palindrome string; For a substring of length 2, it is a palindrome as long as its two letters are the same.\"},\n{\"Clue of Step 4\": \"We also need to consider the the cyclic order of dynamic programming. In the state transition equation, we are moving from a shorter string to a longer string.\"},\n{\"Clue of Step 5\": \"The final answer is the maximum length of the valid sub-strings.\"}\n]\n```\nYou can refer to the following example and generate step-by-step clues for the given problem.\n\n\n-----Clues-----\nClue of Step 1: We can treat the sequence of operations as a balance problem. Each '+' adds to the balance and each '-' subtracts. The minimal number of stones is equivalent to ensuring that, at the lowest point in this balance (after applying all operations), we still have at least 0 stones. Hence, the minimal number of stones is the negative of the minimum balance value encountered during the operations, provided it's negative (otherwise it's 0).\n", "Clue of Step 2: We need to iterate through the string of operations, adjusting the balance variable for each '+' and '-' accordingly.\n", "Clue of Step 2: We should initialize a variable to keep track of the current balance of stones. This variable will start at 0.\n"], ["\nYou will be given a problem desciption.\n\nPlease analyze the problem and generate step-by-step clues of how to solve the problem with executable python code.\n\nThe problem:\n\n\nQUESTION:\nVasya has a pile, that consists of some number of stones. $n$ times he either took one stone from the pile or added one stone to the pile. The pile was non-empty before each operation of taking one stone from the pile.\n\nYou are given $n$ operations which Vasya has made. Find the minimal possible number of stones that can be in the pile after making these operations.\n\n\n-----Input-----\n\nThe first line contains one positive integer $n$\u00a0\u2014 the number of operations, that have been made by Vasya ($1 \\leq n \\leq 100$).\n\nThe next line contains the string $s$, consisting of $n$ symbols, equal to \"-\" (without quotes) or \"+\" (without quotes). If Vasya took the stone on $i$-th operation, $s_i$ is equal to \"-\" (without quotes), if added, $s_i$ is equal to \"+\" (without quotes).\n\n\n-----Output-----\n\nPrint one integer\u00a0\u2014 the minimal possible number of stones that can be in the pile after these $n$ operations.\n\n\n-----Examples-----\nInput\n3\n---\n\nOutput\n0\nInput\n4\n++++\n\nOutput\n4\nInput\n2\n-+\n\nOutput\n1\nInput\n5\n++-++\n\nOutput\n3\n\n\n-----Note-----\n\nIn the first test, if Vasya had $3$ stones in the pile at the beginning, after making operations the number of stones will be equal to $0$. It is impossible to have less number of piles, so the answer is $0$. Please notice, that the number of stones at the beginning can't be less, than $3$, because in this case, Vasya won't be able to take a stone on some operation (the pile will be empty).\n\nIn the second test, if Vasya had $0$ stones in the pile at the beginning, after making operations the number of stones will be equal to $4$. It is impossible to have less number of piles because after making $4$ operations the number of stones in the pile increases on $4$ stones. So, the answer is $4$.\n\nIn the third test, if Vasya had $1$ stone in the pile at the beginning, after making operations the number of stones will be equal to $1$. It can be proved, that it is impossible to have less number of stones after making the operations.\n\nIn the fourth test, if Vasya had $0$ stones in the pile at the beginning, after making operations the number of stones will be equal to $3$.\nUse Standard Input format\nANSWER:\n\n\nAn example of step-by-step clues for finding the longest palindrome substring is displayed below:\n\n```json\n[\n{\"Clue of Step 1\": \"For a substring, if it is a palindrome and the length is greater than 2, it is still a palindrome after the first and last letters are removed. According to this idea, we can use dynamic programming to solve this problem.\"},\n{\"Clue of Step 2\": \"Then we should consider the state transition function. We use P(i,j) to indicate whether the string composed of the i-th to j-th letters of the string s (denoted as as s[i:j]) is a palindrome string. s[i:j] is a palindrome only if s[i+1:j\u22121] is a palindrome and the i and j letters of s are the same.\"},\n{\"Clue of Step 3\": \"We also need to consider the boundary conditions in dynamic programming. For a substring of length 1, it is obviously a palindrome string; For a substring of length 2, it is a palindrome as long as its two letters are the same.\"},\n{\"Clue of Step 4\": \"We also need to consider the the cyclic order of dynamic programming. In the state transition equation, we are moving from a shorter string to a longer string.\"},\n{\"Clue of Step 5\": \"The final answer is the maximum length of the valid sub-strings.\"}\n]\n```\nYou can refer to the following example and generate step-by-step clues for the given problem.\n\n\n-----Clues-----\nClue of Step 1: We can treat the sequence of operations as a balance problem. Each '+' adds to the balance and each '-' subtracts. The minimal number of stones is equivalent to ensuring that, at the lowest point in this balance (after applying all operations), we still have at least 0 stones. Hence, the minimal number of stones is the negative of the minimum balance value encountered during the operations, provided it's negative (otherwise it's 0).\n", "Clue of Step 2: During the iteration, we should also maintain a record of the minimum balance encountered, as this will be crucial for determining the minimal number of stones at the end.\n", "Clue of Step 2: We should initialize a variable to keep track of the current balance of stones. This variable will start at 0.\n"], ["\nYou will be given a problem desciption.\n\nPlease analyze the problem and generate step-by-step clues of how to solve the problem with executable python code.\n\nThe problem:\n\n\nQUESTION:\nVasya has a pile, that consists of some number of stones. $n$ times he either took one stone from the pile or added one stone to the pile. The pile was non-empty before each operation of taking one stone from the pile.\n\nYou are given $n$ operations which Vasya has made. Find the minimal possible number of stones that can be in the pile after making these operations.\n\n\n-----Input-----\n\nThe first line contains one positive integer $n$\u00a0\u2014 the number of operations, that have been made by Vasya ($1 \\leq n \\leq 100$).\n\nThe next line contains the string $s$, consisting of $n$ symbols, equal to \"-\" (without quotes) or \"+\" (without quotes). If Vasya took the stone on $i$-th operation, $s_i$ is equal to \"-\" (without quotes), if added, $s_i$ is equal to \"+\" (without quotes).\n\n\n-----Output-----\n\nPrint one integer\u00a0\u2014 the minimal possible number of stones that can be in the pile after these $n$ operations.\n\n\n-----Examples-----\nInput\n3\n---\n\nOutput\n0\nInput\n4\n++++\n\nOutput\n4\nInput\n2\n-+\n\nOutput\n1\nInput\n5\n++-++\n\nOutput\n3\n\n\n-----Note-----\n\nIn the first test, if Vasya had $3$ stones in the pile at the beginning, after making operations the number of stones will be equal to $0$. It is impossible to have less number of piles, so the answer is $0$. Please notice, that the number of stones at the beginning can't be less, than $3$, because in this case, Vasya won't be able to take a stone on some operation (the pile will be empty).\n\nIn the second test, if Vasya had $0$ stones in the pile at the beginning, after making operations the number of stones will be equal to $4$. It is impossible to have less number of piles because after making $4$ operations the number of stones in the pile increases on $4$ stones. So, the answer is $4$.\n\nIn the third test, if Vasya had $1$ stone in the pile at the beginning, after making operations the number of stones will be equal to $1$. It can be proved, that it is impossible to have less number of stones after making the operations.\n\nIn the fourth test, if Vasya had $0$ stones in the pile at the beginning, after making operations the number of stones will be equal to $3$.\nUse Standard Input format\nANSWER:\n\n\nAn example of step-by-step clues for finding the longest palindrome substring is displayed below:\n\n```json\n[\n{\"Clue of Step 1\": \"For a substring, if it is a palindrome and the length is greater than 2, it is still a palindrome after the first and last letters are removed. According to this idea, we can use dynamic programming to solve this problem.\"},\n{\"Clue of Step 2\": \"Then we should consider the state transition function. We use P(i,j) to indicate whether the string composed of the i-th to j-th letters of the string s (denoted as as s[i:j]) is a palindrome string. s[i:j] is a palindrome only if s[i+1:j\u22121] is a palindrome and the i and j letters of s are the same.\"},\n{\"Clue of Step 3\": \"We also need to consider the boundary conditions in dynamic programming. For a substring of length 1, it is obviously a palindrome string; For a substring of length 2, it is a palindrome as long as its two letters are the same.\"},\n{\"Clue of Step 4\": \"We also need to consider the the cyclic order of dynamic programming. In the state transition equation, we are moving from a shorter string to a longer string.\"},\n{\"Clue of Step 5\": \"The final answer is the maximum length of the valid sub-strings.\"}\n]\n```\nYou can refer to the following example and generate step-by-step clues for the given problem.\n\n\n-----Clues-----\nClue of Step 1: We can treat the sequence of operations as a balance problem. Each '+' adds to the balance and each '-' subtracts. The minimal number of stones is equivalent to ensuring that, at the lowest point in this balance (after applying all operations), we still have at least 0 stones. Hence, the minimal number of stones is the negative of the minimum balance value encountered during the operations, provided it's negative (otherwise it's 0).\n", "Clue of Step 2: To find the minimal number of stones left after all operations, we need to simulate the sequence of operations and track the balance of stones dynamically. We can initialize a variable `balance` to 0 and iterate through the operations. For each '+', increment the balance, and for each '-', decrement the balance. Track the minimum value of the balance during this process, as this will tell us how many stones below the initial count we go.\n", "Clue of Step 2: We should initialize a variable to keep track of the current balance of stones. This variable will start at 0.\n"], ["\nYou will be given a problem desciption.\n\nPlease analyze the problem and generate step-by-step clues of how to solve the problem with executable python code.\n\nThe problem:\n\n\nQUESTION:\nVasya has a pile, that consists of some number of stones. $n$ times he either took one stone from the pile or added one stone to the pile. The pile was non-empty before each operation of taking one stone from the pile.\n\nYou are given $n$ operations which Vasya has made. Find the minimal possible number of stones that can be in the pile after making these operations.\n\n\n-----Input-----\n\nThe first line contains one positive integer $n$\u00a0\u2014 the number of operations, that have been made by Vasya ($1 \\leq n \\leq 100$).\n\nThe next line contains the string $s$, consisting of $n$ symbols, equal to \"-\" (without quotes) or \"+\" (without quotes). If Vasya took the stone on $i$-th operation, $s_i$ is equal to \"-\" (without quotes), if added, $s_i$ is equal to \"+\" (without quotes).\n\n\n-----Output-----\n\nPrint one integer\u00a0\u2014 the minimal possible number of stones that can be in the pile after these $n$ operations.\n\n\n-----Examples-----\nInput\n3\n---\n\nOutput\n0\nInput\n4\n++++\n\nOutput\n4\nInput\n2\n-+\n\nOutput\n1\nInput\n5\n++-++\n\nOutput\n3\n\n\n-----Note-----\n\nIn the first test, if Vasya had $3$ stones in the pile at the beginning, after making operations the number of stones will be equal to $0$. It is impossible to have less number of piles, so the answer is $0$. Please notice, that the number of stones at the beginning can't be less, than $3$, because in this case, Vasya won't be able to take a stone on some operation (the pile will be empty).\n\nIn the second test, if Vasya had $0$ stones in the pile at the beginning, after making operations the number of stones will be equal to $4$. It is impossible to have less number of piles because after making $4$ operations the number of stones in the pile increases on $4$ stones. So, the answer is $4$.\n\nIn the third test, if Vasya had $1$ stone in the pile at the beginning, after making operations the number of stones will be equal to $1$. It can be proved, that it is impossible to have less number of stones after making the operations.\n\nIn the fourth test, if Vasya had $0$ stones in the pile at the beginning, after making operations the number of stones will be equal to $3$.\nUse Standard Input format\nANSWER:\n\n\nAn example of step-by-step clues for finding the longest palindrome substring is displayed below:\n\n```json\n[\n{\"Clue of Step 1\": \"For a substring, if it is a palindrome and the length is greater than 2, it is still a palindrome after the first and last letters are removed. According to this idea, we can use dynamic programming to solve this problem.\"},\n{\"Clue of Step 2\": \"Then we should consider the state transition function. We use P(i,j) to indicate whether the string composed of the i-th to j-th letters of the string s (denoted as as s[i:j]) is a palindrome string. s[i:j] is a palindrome only if s[i+1:j\u22121] is a palindrome and the i and j letters of s are the same.\"},\n{\"Clue of Step 3\": \"We also need to consider the boundary conditions in dynamic programming. For a substring of length 1, it is obviously a palindrome string; For a substring of length 2, it is a palindrome as long as its two letters are the same.\"},\n{\"Clue of Step 4\": \"We also need to consider the the cyclic order of dynamic programming. In the state transition equation, we are moving from a shorter string to a longer string.\"},\n{\"Clue of Step 5\": \"The final answer is the maximum length of the valid sub-strings.\"}\n]\n```\nYou can refer to the following example and generate step-by-step clues for the given problem.\n\n\n-----Clues-----\nClue of Step 1: We can treat the sequence of operations as a balance problem. Each '+' adds to the balance and each '-' subtracts. The minimal number of stones is equivalent to ensuring that, at the lowest point in this balance (after applying all operations), we still have at least 0 stones. Hence, the minimal number of stones is the negative of the minimum balance value encountered during the operations, provided it's negative (otherwise it's 0).\n", "Clue of Step 2: The minimal number of stones is determined by how negative the balance gets during the operations. Specifically, if at any point the balance drops to a negative value, we need to ensure that we account for this in the final result. The minimal number of stones will be the negation of the minimum balance value, but only if the minimum balance is less than 0. Otherwise, the result is 0.\n", "Clue of Step 2: We should initialize a variable to keep track of the current balance of stones. This variable will start at 0.\n"], ["\nYou will be given a problem desciption.\n\nPlease analyze the problem and generate step-by-step clues of how to solve the problem with executable python code.\n\nThe problem:\n\n\nQUESTION:\nVasya has a pile, that consists of some number of stones. $n$ times he either took one stone from the pile or added one stone to the pile. The pile was non-empty before each operation of taking one stone from the pile.\n\nYou are given $n$ operations which Vasya has made. Find the minimal possible number of stones that can be in the pile after making these operations.\n\n\n-----Input-----\n\nThe first line contains one positive integer $n$\u00a0\u2014 the number of operations, that have been made by Vasya ($1 \\leq n \\leq 100$).\n\nThe next line contains the string $s$, consisting of $n$ symbols, equal to \"-\" (without quotes) or \"+\" (without quotes). If Vasya took the stone on $i$-th operation, $s_i$ is equal to \"-\" (without quotes), if added, $s_i$ is equal to \"+\" (without quotes).\n\n\n-----Output-----\n\nPrint one integer\u00a0\u2014 the minimal possible number of stones that can be in the pile after these $n$ operations.\n\n\n-----Examples-----\nInput\n3\n---\n\nOutput\n0\nInput\n4\n++++\n\nOutput\n4\nInput\n2\n-+\n\nOutput\n1\nInput\n5\n++-++\n\nOutput\n3\n\n\n-----Note-----\n\nIn the first test, if Vasya had $3$ stones in the pile at the beginning, after making operations the number of stones will be equal to $0$. It is impossible to have less number of piles, so the answer is $0$. Please notice, that the number of stones at the beginning can't be less, than $3$, because in this case, Vasya won't be able to take a stone on some operation (the pile will be empty).\n\nIn the second test, if Vasya had $0$ stones in the pile at the beginning, after making operations the number of stones will be equal to $4$. It is impossible to have less number of piles because after making $4$ operations the number of stones in the pile increases on $4$ stones. So, the answer is $4$.\n\nIn the third test, if Vasya had $1$ stone in the pile at the beginning, after making operations the number of stones will be equal to $1$. It can be proved, that it is impossible to have less number of stones after making the operations.\n\nIn the fourth test, if Vasya had $0$ stones in the pile at the beginning, after making operations the number of stones will be equal to $3$.\nUse Standard Input format\nANSWER:\n\n\nAn example of step-by-step clues for finding the longest palindrome substring is displayed below:\n\n```json\n[\n{\"Clue of Step 1\": \"For a substring, if it is a palindrome and the length is greater than 2, it is still a palindrome after the first and last letters are removed. According to this idea, we can use dynamic programming to solve this problem.\"},\n{\"Clue of Step 2\": \"Then we should consider the state transition function. We use P(i,j) to indicate whether the string composed of the i-th to j-th letters of the string s (denoted as as s[i:j]) is a palindrome string. s[i:j] is a palindrome only if s[i+1:j\u22121] is a palindrome and the i and j letters of s are the same.\"},\n{\"Clue of Step 3\": \"We also need to consider the boundary conditions in dynamic programming. For a substring of length 1, it is obviously a palindrome string; For a substring of length 2, it is a palindrome as long as its two letters are the same.\"},\n{\"Clue of Step 4\": \"We also need to consider the the cyclic order of dynamic programming. In the state transition equation, we are moving from a shorter string to a longer string.\"},\n{\"Clue of Step 5\": \"The final answer is the maximum length of the valid sub-strings.\"}\n]\n```\nYou can refer to the following example and generate step-by-step clues for the given problem.\n\n\n-----Clues-----\nClue of Step 1: We can treat the sequence of operations as a balance problem. Each '+' adds to the balance and each '-' subtracts. The minimal number of stones is equivalent to ensuring that, at the lowest point in this balance (after applying all operations), we still have at least 0 stones. Hence, the minimal number of stones is the negative of the minimum balance value encountered during the operations, provided it's negative (otherwise it's 0).\n", "Clue of Step 2: We can use a single loop to process the string of operations. Maintain a running `balance` variable starting at 0, and apply the changes based on '+' and '-'. Keep track of the lowest value the balance reaches during this process. The minimal number of stones is then the maximum of 0 and the negation of the lowest balance (i.e., max(0, -min_balance)).\n", "Clue of Step 2: We should initialize a variable to keep track of the current balance of stones. This variable will start at 0.\n"], ["\nYou will be given a problem desciption.\n\nPlease analyze the problem and generate step-by-step clues of how to solve the problem with executable python code.\n\nThe problem:\n\n\nQUESTION:\nVasya has a pile, that consists of some number of stones. $n$ times he either took one stone from the pile or added one stone to the pile. The pile was non-empty before each operation of taking one stone from the pile.\n\nYou are given $n$ operations which Vasya has made. Find the minimal possible number of stones that can be in the pile after making these operations.\n\n\n-----Input-----\n\nThe first line contains one positive integer $n$\u00a0\u2014 the number of operations, that have been made by Vasya ($1 \\leq n \\leq 100$).\n\nThe next line contains the string $s$, consisting of $n$ symbols, equal to \"-\" (without quotes) or \"+\" (without quotes). If Vasya took the stone on $i$-th operation, $s_i$ is equal to \"-\" (without quotes), if added, $s_i$ is equal to \"+\" (without quotes).\n\n\n-----Output-----\n\nPrint one integer\u00a0\u2014 the minimal possible number of stones that can be in the pile after these $n$ operations.\n\n\n-----Examples-----\nInput\n3\n---\n\nOutput\n0\nInput\n4\n++++\n\nOutput\n4\nInput\n2\n-+\n\nOutput\n1\nInput\n5\n++-++\n\nOutput\n3\n\n\n-----Note-----\n\nIn the first test, if Vasya had $3$ stones in the pile at the beginning, after making operations the number of stones will be equal to $0$. It is impossible to have less number of piles, so the answer is $0$. Please notice, that the number of stones at the beginning can't be less, than $3$, because in this case, Vasya won't be able to take a stone on some operation (the pile will be empty).\n\nIn the second test, if Vasya had $0$ stones in the pile at the beginning, after making operations the number of stones will be equal to $4$. It is impossible to have less number of piles because after making $4$ operations the number of stones in the pile increases on $4$ stones. So, the answer is $4$.\n\nIn the third test, if Vasya had $1$ stone in the pile at the beginning, after making operations the number of stones will be equal to $1$. It can be proved, that it is impossible to have less number of stones after making the operations.\n\nIn the fourth test, if Vasya had $0$ stones in the pile at the beginning, after making operations the number of stones will be equal to $3$.\nUse Standard Input format\nANSWER:\n\n\nAn example of step-by-step clues for finding the longest palindrome substring is displayed below:\n\n```json\n[\n{\"Clue of Step 1\": \"For a substring, if it is a palindrome and the length is greater than 2, it is still a palindrome after the first and last letters are removed. According to this idea, we can use dynamic programming to solve this problem.\"},\n{\"Clue of Step 2\": \"Then we should consider the state transition function. We use P(i,j) to indicate whether the string composed of the i-th to j-th letters of the string s (denoted as as s[i:j]) is a palindrome string. s[i:j] is a palindrome only if s[i+1:j\u22121] is a palindrome and the i and j letters of s are the same.\"},\n{\"Clue of Step 3\": \"We also need to consider the boundary conditions in dynamic programming. For a substring of length 1, it is obviously a palindrome string; For a substring of length 2, it is a palindrome as long as its two letters are the same.\"},\n{\"Clue of Step 4\": \"We also need to consider the the cyclic order of dynamic programming. In the state transition equation, we are moving from a shorter string to a longer string.\"},\n{\"Clue of Step 5\": \"The final answer is the maximum length of the valid sub-strings.\"}\n]\n```\nYou can refer to the following example and generate step-by-step clues for the given problem.\n\n\n-----Clues-----\nClue of Step 1: To find the minimal number of stones left after all operations, we can simulate the operations starting from 0 stones. For every '+' operation, we add 1 stone, and for every '-' operation, we subtract 1 stone. However, to ensure the pile never becomes negative, we should track the lowest point the stone count reaches during this simulation and adjust the initial number of stones accordingly.\n", "Clue of Step 2: We could initialize a variable to keep track of the current number of stones, starting from 0.\n", "Clue of Step 2: As we iterate through the operations string, we will update the current number of stones based on whether the operation is '+' or '-'.\n"], ["\nYou will be given a problem desciption.\n\nPlease analyze the problem and generate step-by-step clues of how to solve the problem with executable python code.\n\nThe problem:\n\n\nQUESTION:\nVasya has a pile, that consists of some number of stones. $n$ times he either took one stone from the pile or added one stone to the pile. The pile was non-empty before each operation of taking one stone from the pile.\n\nYou are given $n$ operations which Vasya has made. Find the minimal possible number of stones that can be in the pile after making these operations.\n\n\n-----Input-----\n\nThe first line contains one positive integer $n$\u00a0\u2014 the number of operations, that have been made by Vasya ($1 \\leq n \\leq 100$).\n\nThe next line contains the string $s$, consisting of $n$ symbols, equal to \"-\" (without quotes) or \"+\" (without quotes). If Vasya took the stone on $i$-th operation, $s_i$ is equal to \"-\" (without quotes), if added, $s_i$ is equal to \"+\" (without quotes).\n\n\n-----Output-----\n\nPrint one integer\u00a0\u2014 the minimal possible number of stones that can be in the pile after these $n$ operations.\n\n\n-----Examples-----\nInput\n3\n---\n\nOutput\n0\nInput\n4\n++++\n\nOutput\n4\nInput\n2\n-+\n\nOutput\n1\nInput\n5\n++-++\n\nOutput\n3\n\n\n-----Note-----\n\nIn the first test, if Vasya had $3$ stones in the pile at the beginning, after making operations the number of stones will be equal to $0$. It is impossible to have less number of piles, so the answer is $0$. Please notice, that the number of stones at the beginning can't be less, than $3$, because in this case, Vasya won't be able to take a stone on some operation (the pile will be empty).\n\nIn the second test, if Vasya had $0$ stones in the pile at the beginning, after making operations the number of stones will be equal to $4$. It is impossible to have less number of piles because after making $4$ operations the number of stones in the pile increases on $4$ stones. So, the answer is $4$.\n\nIn the third test, if Vasya had $1$ stone in the pile at the beginning, after making operations the number of stones will be equal to $1$. It can be proved, that it is impossible to have less number of stones after making the operations.\n\nIn the fourth test, if Vasya had $0$ stones in the pile at the beginning, after making operations the number of stones will be equal to $3$.\nUse Standard Input format\nANSWER:\n\n\nAn example of step-by-step clues for finding the longest palindrome substring is displayed below:\n\n```json\n[\n{\"Clue of Step 1\": \"For a substring, if it is a palindrome and the length is greater than 2, it is still a palindrome after the first and last letters are removed. According to this idea, we can use dynamic programming to solve this problem.\"},\n{\"Clue of Step 2\": \"Then we should consider the state transition function. We use P(i,j) to indicate whether the string composed of the i-th to j-th letters of the string s (denoted as as s[i:j]) is a palindrome string. s[i:j] is a palindrome only if s[i+1:j\u22121] is a palindrome and the i and j letters of s are the same.\"},\n{\"Clue of Step 3\": \"We also need to consider the boundary conditions in dynamic programming. For a substring of length 1, it is obviously a palindrome string; For a substring of length 2, it is a palindrome as long as its two letters are the same.\"},\n{\"Clue of Step 4\": \"We also need to consider the the cyclic order of dynamic programming. In the state transition equation, we are moving from a shorter string to a longer string.\"},\n{\"Clue of Step 5\": \"The final answer is the maximum length of the valid sub-strings.\"}\n]\n```\nYou can refer to the following example and generate step-by-step clues for the given problem.\n\n\n-----Clues-----\nClue of Step 1: To find the minimal number of stones left after all operations, we can simulate the operations starting from 0 stones. For every '+' operation, we add 1 stone, and for every '-' operation, we subtract 1 stone. However, to ensure the pile never becomes negative, we should track the lowest point the stone count reaches during this simulation and adjust the initial number of stones accordingly.\n", "Clue of Step 2: We should also keep a variable to record the minimum number of stones we would need initially to accommodate all operations without the pile going negative.\n", "Clue of Step 2: As we iterate through the operations string, we will update the current number of stones based on whether the operation is '+' or '-'.\n"], ["\nYou will be given a problem desciption.\n\nPlease analyze the problem and generate step-by-step clues of how to solve the problem with executable python code.\n\nThe problem:\n\n\nQUESTION:\nVasya has a pile, that consists of some number of stones. $n$ times he either took one stone from the pile or added one stone to the pile. The pile was non-empty before each operation of taking one stone from the pile.\n\nYou are given $n$ operations which Vasya has made. Find the minimal possible number of stones that can be in the pile after making these operations.\n\n\n-----Input-----\n\nThe first line contains one positive integer $n$\u00a0\u2014 the number of operations, that have been made by Vasya ($1 \\leq n \\leq 100$).\n\nThe next line contains the string $s$, consisting of $n$ symbols, equal to \"-\" (without quotes) or \"+\" (without quotes). If Vasya took the stone on $i$-th operation, $s_i$ is equal to \"-\" (without quotes), if added, $s_i$ is equal to \"+\" (without quotes).\n\n\n-----Output-----\n\nPrint one integer\u00a0\u2014 the minimal possible number of stones that can be in the pile after these $n$ operations.\n\n\n-----Examples-----\nInput\n3\n---\n\nOutput\n0\nInput\n4\n++++\n\nOutput\n4\nInput\n2\n-+\n\nOutput\n1\nInput\n5\n++-++\n\nOutput\n3\n\n\n-----Note-----\n\nIn the first test, if Vasya had $3$ stones in the pile at the beginning, after making operations the number of stones will be equal to $0$. It is impossible to have less number of piles, so the answer is $0$. Please notice, that the number of stones at the beginning can't be less, than $3$, because in this case, Vasya won't be able to take a stone on some operation (the pile will be empty).\n\nIn the second test, if Vasya had $0$ stones in the pile at the beginning, after making operations the number of stones will be equal to $4$. It is impossible to have less number of piles because after making $4$ operations the number of stones in the pile increases on $4$ stones. So, the answer is $4$.\n\nIn the third test, if Vasya had $1$ stone in the pile at the beginning, after making operations the number of stones will be equal to $1$. It can be proved, that it is impossible to have less number of stones after making the operations.\n\nIn the fourth test, if Vasya had $0$ stones in the pile at the beginning, after making operations the number of stones will be equal to $3$.\nUse Standard Input format\nANSWER:\n\n\nAn example of step-by-step clues for finding the longest palindrome substring is displayed below:\n\n```json\n[\n{\"Clue of Step 1\": \"For a substring, if it is a palindrome and the length is greater than 2, it is still a palindrome after the first and last letters are removed. According to this idea, we can use dynamic programming to solve this problem.\"},\n{\"Clue of Step 2\": \"Then we should consider the state transition function. We use P(i,j) to indicate whether the string composed of the i-th to j-th letters of the string s (denoted as as s[i:j]) is a palindrome string. s[i:j] is a palindrome only if s[i+1:j\u22121] is a palindrome and the i and j letters of s are the same.\"},\n{\"Clue of Step 3\": \"We also need to consider the boundary conditions in dynamic programming. For a substring of length 1, it is obviously a palindrome string; For a substring of length 2, it is a palindrome as long as its two letters are the same.\"},\n{\"Clue of Step 4\": \"We also need to consider the the cyclic order of dynamic programming. In the state transition equation, we are moving from a shorter string to a longer string.\"},\n{\"Clue of Step 5\": \"The final answer is the maximum length of the valid sub-strings.\"}\n]\n```\nYou can refer to the following example and generate step-by-step clues for the given problem.\n\n\n-----Clues-----\nClue of Step 1: To find the minimal number of stones left after all operations, we can simulate the operations starting from 0 stones. For every '+' operation, we add 1 stone, and for every '-' operation, we subtract 1 stone. However, to ensure the pile never becomes negative, we should track the lowest point the stone count reaches during this simulation and adjust the initial number of stones accordingly.\n", "Clue of Step 2: We should simulate the sequence of operations while maintaining a running count of stones, starting from 0. During this simulation, we also track the minimum value the stone count reaches, as this will help determine the minimal initial number of stones needed to avoid a negative pile.\n", "Clue of Step 2: As we iterate through the operations string, we will update the current number of stones based on whether the operation is '+' or '-'.\n"], ["\nYou will be given a problem desciption.\n\nPlease analyze the problem and generate step-by-step clues of how to solve the problem with executable python code.\n\nThe problem:\n\n\nQUESTION:\nVasya has a pile, that consists of some number of stones. $n$ times he either took one stone from the pile or added one stone to the pile. The pile was non-empty before each operation of taking one stone from the pile.\n\nYou are given $n$ operations which Vasya has made. Find the minimal possible number of stones that can be in the pile after making these operations.\n\n\n-----Input-----\n\nThe first line contains one positive integer $n$\u00a0\u2014 the number of operations, that have been made by Vasya ($1 \\leq n \\leq 100$).\n\nThe next line contains the string $s$, consisting of $n$ symbols, equal to \"-\" (without quotes) or \"+\" (without quotes). If Vasya took the stone on $i$-th operation, $s_i$ is equal to \"-\" (without quotes), if added, $s_i$ is equal to \"+\" (without quotes).\n\n\n-----Output-----\n\nPrint one integer\u00a0\u2014 the minimal possible number of stones that can be in the pile after these $n$ operations.\n\n\n-----Examples-----\nInput\n3\n---\n\nOutput\n0\nInput\n4\n++++\n\nOutput\n4\nInput\n2\n-+\n\nOutput\n1\nInput\n5\n++-++\n\nOutput\n3\n\n\n-----Note-----\n\nIn the first test, if Vasya had $3$ stones in the pile at the beginning, after making operations the number of stones will be equal to $0$. It is impossible to have less number of piles, so the answer is $0$. Please notice, that the number of stones at the beginning can't be less, than $3$, because in this case, Vasya won't be able to take a stone on some operation (the pile will be empty).\n\nIn the second test, if Vasya had $0$ stones in the pile at the beginning, after making operations the number of stones will be equal to $4$. It is impossible to have less number of piles because after making $4$ operations the number of stones in the pile increases on $4$ stones. So, the answer is $4$.\n\nIn the third test, if Vasya had $1$ stone in the pile at the beginning, after making operations the number of stones will be equal to $1$. It can be proved, that it is impossible to have less number of stones after making the operations.\n\nIn the fourth test, if Vasya had $0$ stones in the pile at the beginning, after making operations the number of stones will be equal to $3$.\nUse Standard Input format\nANSWER:\n\n\nAn example of step-by-step clues for finding the longest palindrome substring is displayed below:\n\n```json\n[\n{\"Clue of Step 1\": \"For a substring, if it is a palindrome and the length is greater than 2, it is still a palindrome after the first and last letters are removed. According to this idea, we can use dynamic programming to solve this problem.\"},\n{\"Clue of Step 2\": \"Then we should consider the state transition function. We use P(i,j) to indicate whether the string composed of the i-th to j-th letters of the string s (denoted as as s[i:j]) is a palindrome string. s[i:j] is a palindrome only if s[i+1:j\u22121] is a palindrome and the i and j letters of s are the same.\"},\n{\"Clue of Step 3\": \"We also need to consider the boundary conditions in dynamic programming. For a substring of length 1, it is obviously a palindrome string; For a substring of length 2, it is a palindrome as long as its two letters are the same.\"},\n{\"Clue of Step 4\": \"We also need to consider the the cyclic order of dynamic programming. In the state transition equation, we are moving from a shorter string to a longer string.\"},\n{\"Clue of Step 5\": \"The final answer is the maximum length of the valid sub-strings.\"}\n]\n```\nYou can refer to the following example and generate step-by-step clues for the given problem.\n\n\n-----Clues-----\nClue of Step 1: To find the minimal number of stones left after all operations, we can simulate the operations starting from 0 stones. For every '+' operation, we add 1 stone, and for every '-' operation, we subtract 1 stone. However, to ensure the pile never becomes negative, we should track the lowest point the stone count reaches during this simulation and adjust the initial number of stones accordingly.\n", "Clue of Step 2: During the simulation of operations, keep a running 'balance' that starts at 0. Each '+' operation increases the balance, and each '-' operation decreases it. The minimal number of stones required is the negative of the minimum balance value encountered during this process, ensuring the pile never goes negative.\n", "Clue of Step 2: As we iterate through the operations string, we will update the current number of stones based on whether the operation is '+' or '-'.\n"], ["\nYou will be given a problem desciption.\n\nPlease analyze the problem and generate step-by-step clues of how to solve the problem with executable python code.\n\nThe problem:\n\n\nQUESTION:\nVasya has a pile, that consists of some number of stones. $n$ times he either took one stone from the pile or added one stone to the pile. The pile was non-empty before each operation of taking one stone from the pile.\n\nYou are given $n$ operations which Vasya has made. Find the minimal possible number of stones that can be in the pile after making these operations.\n\n\n-----Input-----\n\nThe first line contains one positive integer $n$\u00a0\u2014 the number of operations, that have been made by Vasya ($1 \\leq n \\leq 100$).\n\nThe next line contains the string $s$, consisting of $n$ symbols, equal to \"-\" (without quotes) or \"+\" (without quotes). If Vasya took the stone on $i$-th operation, $s_i$ is equal to \"-\" (without quotes), if added, $s_i$ is equal to \"+\" (without quotes).\n\n\n-----Output-----\n\nPrint one integer\u00a0\u2014 the minimal possible number of stones that can be in the pile after these $n$ operations.\n\n\n-----Examples-----\nInput\n3\n---\n\nOutput\n0\nInput\n4\n++++\n\nOutput\n4\nInput\n2\n-+\n\nOutput\n1\nInput\n5\n++-++\n\nOutput\n3\n\n\n-----Note-----\n\nIn the first test, if Vasya had $3$ stones in the pile at the beginning, after making operations the number of stones will be equal to $0$. It is impossible to have less number of piles, so the answer is $0$. Please notice, that the number of stones at the beginning can't be less, than $3$, because in this case, Vasya won't be able to take a stone on some operation (the pile will be empty).\n\nIn the second test, if Vasya had $0$ stones in the pile at the beginning, after making operations the number of stones will be equal to $4$. It is impossible to have less number of piles because after making $4$ operations the number of stones in the pile increases on $4$ stones. So, the answer is $4$.\n\nIn the third test, if Vasya had $1$ stone in the pile at the beginning, after making operations the number of stones will be equal to $1$. It can be proved, that it is impossible to have less number of stones after making the operations.\n\nIn the fourth test, if Vasya had $0$ stones in the pile at the beginning, after making operations the number of stones will be equal to $3$.\nUse Standard Input format\nANSWER:\n\n\nAn example of step-by-step clues for finding the longest palindrome substring is displayed below:\n\n```json\n[\n{\"Clue of Step 1\": \"For a substring, if it is a palindrome and the length is greater than 2, it is still a palindrome after the first and last letters are removed. According to this idea, we can use dynamic programming to solve this problem.\"},\n{\"Clue of Step 2\": \"Then we should consider the state transition function. We use P(i,j) to indicate whether the string composed of the i-th to j-th letters of the string s (denoted as as s[i:j]) is a palindrome string. s[i:j] is a palindrome only if s[i+1:j\u22121] is a palindrome and the i and j letters of s are the same.\"},\n{\"Clue of Step 3\": \"We also need to consider the boundary conditions in dynamic programming. For a substring of length 1, it is obviously a palindrome string; For a substring of length 2, it is a palindrome as long as its two letters are the same.\"},\n{\"Clue of Step 4\": \"We also need to consider the the cyclic order of dynamic programming. In the state transition equation, we are moving from a shorter string to a longer string.\"},\n{\"Clue of Step 5\": \"The final answer is the maximum length of the valid sub-strings.\"}\n]\n```\nYou can refer to the following example and generate step-by-step clues for the given problem.\n\n\n-----Clues-----\nClue of Step 1: To find the minimal number of stones left after all operations, we can simulate the operations starting from 0 stones. For every '+' operation, we add 1 stone, and for every '-' operation, we subtract 1 stone. However, to ensure the pile never becomes negative, we should track the lowest point the stone count reaches during this simulation and adjust the initial number of stones accordingly.\n", "Clue of Step 2: As we iterate through the operations, maintain a running total (starting from 0) and track the lowest value this total reaches. The minimal number of stones required to ensure the pile never becomes empty is the absolute value of the lowest total, since this represents the fewest number of stones needed to cover all '-' operations.\n", "Clue of Step 2: As we iterate through the operations string, we will update the current number of stones based on whether the operation is '+' or '-'.\n"]], "SFT": ["\nYou will be given a problem desciption.\n\nPlease analyze the problem and generate step-by-step clues of how to solve the problem with executable python code.\n\nThe problem:\n\n\nQUESTION:\nVasya has a pile, that consists of some number of stones. $n$ times he either took one stone from the pile or added one stone to the pile. The pile was non-empty before each operation of taking one stone from the pile.\n\nYou are given $n$ operations which Vasya has made. Find the minimal possible number of stones that can be in the pile after making these operations.\n\n\n-----Input-----\n\nThe first line contains one positive integer $n$\u00a0\u2014 the number of operations, that have been made by Vasya ($1 \\leq n \\leq 100$).\n\nThe next line contains the string $s$, consisting of $n$ symbols, equal to \"-\" (without quotes) or \"+\" (without quotes). If Vasya took the stone on $i$-th operation, $s_i$ is equal to \"-\" (without quotes), if added, $s_i$ is equal to \"+\" (without quotes).\n\n\n-----Output-----\n\nPrint one integer\u00a0\u2014 the minimal possible number of stones that can be in the pile after these $n$ operations.\n\n\n-----Examples-----\nInput\n3\n---\n\nOutput\n0\nInput\n4\n++++\n\nOutput\n4\nInput\n2\n-+\n\nOutput\n1\nInput\n5\n++-++\n\nOutput\n3\n\n\n-----Note-----\n\nIn the first test, if Vasya had $3$ stones in the pile at the beginning, after making operations the number of stones will be equal to $0$. It is impossible to have less number of piles, so the answer is $0$. Please notice, that the number of stones at the beginning can't be less, than $3$, because in this case, Vasya won't be able to take a stone on some operation (the pile will be empty).\n\nIn the second test, if Vasya had $0$ stones in the pile at the beginning, after making operations the number of stones will be equal to $4$. It is impossible to have less number of piles because after making $4$ operations the number of stones in the pile increases on $4$ stones. So, the answer is $4$.\n\nIn the third test, if Vasya had $1$ stone in the pile at the beginning, after making operations the number of stones will be equal to $1$. It can be proved, that it is impossible to have less number of stones after making the operations.\n\nIn the fourth test, if Vasya had $0$ stones in the pile at the beginning, after making operations the number of stones will be equal to $3$.\nUse Standard Input format\nANSWER:\n\n\nAn example of step-by-step clues for finding the longest palindrome substring is displayed below:\n\n```json\n[\n{\"Clue of Step 1\": \"For a substring, if it is a palindrome and the length is greater than 2, it is still a palindrome after the first and last letters are removed. According to this idea, we can use dynamic programming to solve this problem.\"},\n{\"Clue of Step 2\": \"Then we should consider the state transition function. We use P(i,j) to indicate whether the string composed of the i-th to j-th letters of the string s (denoted as as s[i:j]) is a palindrome string. s[i:j] is a palindrome only if s[i+1:j\u22121] is a palindrome and the i and j letters of s are the same.\"},\n{\"Clue of Step 3\": \"We also need to consider the boundary conditions in dynamic programming. For a substring of length 1, it is obviously a palindrome string; For a substring of length 2, it is a palindrome as long as its two letters are the same.\"},\n{\"Clue of Step 4\": \"We also need to consider the the cyclic order of dynamic programming. In the state transition equation, we are moving from a shorter string to a longer string.\"},\n{\"Clue of Step 5\": \"The final answer is the maximum length of the valid sub-strings.\"}\n]\n```\nYou can refer to the following example and generate step-by-step clues for the given problem.\n\n\n-----Clues-----\nClue of Step 1: To find the minimal number of stones left after all operations, we can simulate the operations starting from 0 stones. For every '+' operation, we add 1 stone, and for every '-' operation, we subtract 1 stone. However, to ensure the pile never becomes negative, we should track the lowest point the stone count reaches during this simulation and adjust the initial number of stones accordingly.\n\nClue of Step 2: We should simulate the sequence of operations while maintaining a running count of stones, starting from 0. During this simulation, we also track the minimum value the stone count reaches, as this will help determine the minimal initial number of stones needed to avoid a negative pile.\n", "```python\nn = int(input().strip())\noperations = input().strip()\n\n# Start with 0 stones\ncurrent_stones = 0\nmin_stones = 0\n\n# Simulate the operations\nfor op in operations:\n    if op == '+':\n        current_stones += 1\n    elif op == '-':\n        current_stones -= 1\n    \n    # Keep track of the minimum number of stones\n    min_stones = min(min_stones, current_stones)\n\n# The minimal possible number of stones after all operations\n# It should be at least the negative of min_stones if the min_stones are negative\ninitial_stones_needed = -min_stones\nfinal_stones = current_stones + initial_stones_needed\n\nprint(final_stones)\n```"]}