{"StepDPO": [["\nYou will be given a problem desciption.\n\nPlease analyze the problem and generate step-by-step clues of how to solve the problem with executable python code.\n\nThe problem:\n\n\nQUESTION:\nThe process of mammoth's genome decoding in Berland comes to its end!\n\nOne of the few remaining tasks is to restore unrecognized nucleotides in a found chain s. Each nucleotide is coded with a capital letter of English alphabet: 'A', 'C', 'G' or 'T'. Unrecognized nucleotides are coded by a question mark '?'. Thus, s is a string consisting of letters 'A', 'C', 'G', 'T' and characters '?'.\n\nIt is known that the number of nucleotides of each of the four types in the decoded genome of mammoth in Berland should be equal.\n\nYour task is to decode the genome and replace each unrecognized nucleotide with one of the four types so that the number of nucleotides of each of the four types becomes equal.\n\n\n-----Input-----\n\nThe first line contains the integer n (4 \u2264 n \u2264 255)\u00a0\u2014 the length of the genome.\n\nThe second line contains the string s of length n\u00a0\u2014 the coded genome. It consists of characters 'A', 'C', 'G', 'T' and '?'.\n\n\n-----Output-----\n\nIf it is possible to decode the genome, print it. If there are multiple answer, print any of them. If it is not possible, print three equals signs in a row: \"===\" (without quotes).\n\n\n-----Examples-----\nInput\n8\nAG?C??CT\n\nOutput\nAGACGTCT\n\nInput\n4\nAGCT\n\nOutput\nAGCT\n\nInput\n6\n????G?\n\nOutput\n===\n\nInput\n4\nAA??\n\nOutput\n===\n\n\n\n-----Note-----\n\nIn the first example you can replace the first question mark with the letter 'A', the second question mark with the letter 'G', the third question mark with the letter 'T', then each nucleotide in the genome would be presented twice.\n\nIn the second example the genome is already decoded correctly and each nucleotide is exactly once in it.\n\nIn the third and the fourth examples it is impossible to decode the genom.\nUse Standard Input format\nANSWER:\n\n\nAn example of step-by-step clues for finding the longest palindrome substring is displayed below:\n\n```json\n[\n{\"Clue of Step 1\": \"For a substring, if it is a palindrome and the length is greater than 2, it is still a palindrome after the first and last letters are removed. According to this idea, we can use dynamic programming to solve this problem.\"},\n{\"Clue of Step 2\": \"Then we should consider the state transition function. We use P(i,j) to indicate whether the string composed of the i-th to j-th letters of the string s (denoted as as s[i:j]) is a palindrome string. s[i:j] is a palindrome only if s[i+1:j\u22121] is a palindrome and the i and j letters of s are the same.\"},\n{\"Clue of Step 3\": \"We also need to consider the boundary conditions in dynamic programming. For a substring of length 1, it is obviously a palindrome string; For a substring of length 2, it is a palindrome as long as its two letters are the same.\"},\n{\"Clue of Step 4\": \"We also need to consider the the cyclic order of dynamic programming. In the state transition equation, we are moving from a shorter string to a longer string.\"},\n{\"Clue of Step 5\": \"The final answer is the maximum length of the valid sub-strings.\"}\n]\n```\nYou can refer to the following example and generate step-by-step clues for the given problem.\n\n\n-----Clues-----\nClue of Step 1: Count the number of each nucleotide 'A', 'C', 'G', 'T' in the string s and also count the number of unrecognized nucleotides represented by '?'.\n", "Clue of Step 2: Determine the target count for each nucleotide that needs to be reached, which is n // 4, and calculate the shortfall for each nucleotide type based on the current counts.\n", "Clue of Step 2: Calculate how many of each nucleotide 'A', 'C', 'G', 'T' are already present in the string s, and determine how many '?' are available for replacement.\n"], ["\nYou will be given a problem desciption.\n\nPlease analyze the problem and generate step-by-step clues of how to solve the problem with executable python code.\n\nThe problem:\n\n\nQUESTION:\nThe process of mammoth's genome decoding in Berland comes to its end!\n\nOne of the few remaining tasks is to restore unrecognized nucleotides in a found chain s. Each nucleotide is coded with a capital letter of English alphabet: 'A', 'C', 'G' or 'T'. Unrecognized nucleotides are coded by a question mark '?'. Thus, s is a string consisting of letters 'A', 'C', 'G', 'T' and characters '?'.\n\nIt is known that the number of nucleotides of each of the four types in the decoded genome of mammoth in Berland should be equal.\n\nYour task is to decode the genome and replace each unrecognized nucleotide with one of the four types so that the number of nucleotides of each of the four types becomes equal.\n\n\n-----Input-----\n\nThe first line contains the integer n (4 \u2264 n \u2264 255)\u00a0\u2014 the length of the genome.\n\nThe second line contains the string s of length n\u00a0\u2014 the coded genome. It consists of characters 'A', 'C', 'G', 'T' and '?'.\n\n\n-----Output-----\n\nIf it is possible to decode the genome, print it. If there are multiple answer, print any of them. If it is not possible, print three equals signs in a row: \"===\" (without quotes).\n\n\n-----Examples-----\nInput\n8\nAG?C??CT\n\nOutput\nAGACGTCT\n\nInput\n4\nAGCT\n\nOutput\nAGCT\n\nInput\n6\n????G?\n\nOutput\n===\n\nInput\n4\nAA??\n\nOutput\n===\n\n\n\n-----Note-----\n\nIn the first example you can replace the first question mark with the letter 'A', the second question mark with the letter 'G', the third question mark with the letter 'T', then each nucleotide in the genome would be presented twice.\n\nIn the second example the genome is already decoded correctly and each nucleotide is exactly once in it.\n\nIn the third and the fourth examples it is impossible to decode the genom.\nUse Standard Input format\nANSWER:\n\n\nAn example of step-by-step clues for finding the longest palindrome substring is displayed below:\n\n```json\n[\n{\"Clue of Step 1\": \"For a substring, if it is a palindrome and the length is greater than 2, it is still a palindrome after the first and last letters are removed. According to this idea, we can use dynamic programming to solve this problem.\"},\n{\"Clue of Step 2\": \"Then we should consider the state transition function. We use P(i,j) to indicate whether the string composed of the i-th to j-th letters of the string s (denoted as as s[i:j]) is a palindrome string. s[i:j] is a palindrome only if s[i+1:j\u22121] is a palindrome and the i and j letters of s are the same.\"},\n{\"Clue of Step 3\": \"We also need to consider the boundary conditions in dynamic programming. For a substring of length 1, it is obviously a palindrome string; For a substring of length 2, it is a palindrome as long as its two letters are the same.\"},\n{\"Clue of Step 4\": \"We also need to consider the the cyclic order of dynamic programming. In the state transition equation, we are moving from a shorter string to a longer string.\"},\n{\"Clue of Step 5\": \"The final answer is the maximum length of the valid sub-strings.\"}\n]\n```\nYou can refer to the following example and generate step-by-step clues for the given problem.\n\n\n-----Clues-----\nClue of Step 1: Count the number of each nucleotide 'A', 'C', 'G', 'T' in the string s and also count the number of unrecognized nucleotides represented by '?'.\n", "Clue of Step 2: Determine the target count for each nucleotide that needs to be reached, which is n // 4, and calculate the shortfall for each nucleotide type based on the current counts.\n", "Clue of Step 2: Determine if it's possible to balance the nucleotide counts given the number of '?' characters. Specifically, calculate the difference in counts between the most frequent and least frequent nucleotide. If this difference can be compensated by the number of '?' characters, then it's possible to balance the genome.\n"], ["\nYou will be given a problem desciption.\n\nPlease analyze the problem and generate step-by-step clues of how to solve the problem with executable python code.\n\nThe problem:\n\n\nQUESTION:\nThe process of mammoth's genome decoding in Berland comes to its end!\n\nOne of the few remaining tasks is to restore unrecognized nucleotides in a found chain s. Each nucleotide is coded with a capital letter of English alphabet: 'A', 'C', 'G' or 'T'. Unrecognized nucleotides are coded by a question mark '?'. Thus, s is a string consisting of letters 'A', 'C', 'G', 'T' and characters '?'.\n\nIt is known that the number of nucleotides of each of the four types in the decoded genome of mammoth in Berland should be equal.\n\nYour task is to decode the genome and replace each unrecognized nucleotide with one of the four types so that the number of nucleotides of each of the four types becomes equal.\n\n\n-----Input-----\n\nThe first line contains the integer n (4 \u2264 n \u2264 255)\u00a0\u2014 the length of the genome.\n\nThe second line contains the string s of length n\u00a0\u2014 the coded genome. It consists of characters 'A', 'C', 'G', 'T' and '?'.\n\n\n-----Output-----\n\nIf it is possible to decode the genome, print it. If there are multiple answer, print any of them. If it is not possible, print three equals signs in a row: \"===\" (without quotes).\n\n\n-----Examples-----\nInput\n8\nAG?C??CT\n\nOutput\nAGACGTCT\n\nInput\n4\nAGCT\n\nOutput\nAGCT\n\nInput\n6\n????G?\n\nOutput\n===\n\nInput\n4\nAA??\n\nOutput\n===\n\n\n\n-----Note-----\n\nIn the first example you can replace the first question mark with the letter 'A', the second question mark with the letter 'G', the third question mark with the letter 'T', then each nucleotide in the genome would be presented twice.\n\nIn the second example the genome is already decoded correctly and each nucleotide is exactly once in it.\n\nIn the third and the fourth examples it is impossible to decode the genom.\nUse Standard Input format\nANSWER:\n\n\nAn example of step-by-step clues for finding the longest palindrome substring is displayed below:\n\n```json\n[\n{\"Clue of Step 1\": \"For a substring, if it is a palindrome and the length is greater than 2, it is still a palindrome after the first and last letters are removed. According to this idea, we can use dynamic programming to solve this problem.\"},\n{\"Clue of Step 2\": \"Then we should consider the state transition function. We use P(i,j) to indicate whether the string composed of the i-th to j-th letters of the string s (denoted as as s[i:j]) is a palindrome string. s[i:j] is a palindrome only if s[i+1:j\u22121] is a palindrome and the i and j letters of s are the same.\"},\n{\"Clue of Step 3\": \"We also need to consider the boundary conditions in dynamic programming. For a substring of length 1, it is obviously a palindrome string; For a substring of length 2, it is a palindrome as long as its two letters are the same.\"},\n{\"Clue of Step 4\": \"We also need to consider the the cyclic order of dynamic programming. In the state transition equation, we are moving from a shorter string to a longer string.\"},\n{\"Clue of Step 5\": \"The final answer is the maximum length of the valid sub-strings.\"}\n]\n```\nYou can refer to the following example and generate step-by-step clues for the given problem.\n\n\n-----Clues-----\nClue of Step 1: Count the number of each nucleotide 'A', 'C', 'G', 'T' in the string s and also count the number of unrecognized nucleotides represented by '?'.\n", "Clue of Step 2: Check if the total number of '?' is sufficient to fill the shortfall for the nucleotides. If not, then it is impossible to achieve equal counts, and we should return '==='.\n", "Clue of Step 2: Calculate how many of each nucleotide 'A', 'C', 'G', 'T' are already present in the string s, and determine how many '?' are available for replacement.\n"], ["\nYou will be given a problem desciption.\n\nPlease analyze the problem and generate step-by-step clues of how to solve the problem with executable python code.\n\nThe problem:\n\n\nQUESTION:\nThe process of mammoth's genome decoding in Berland comes to its end!\n\nOne of the few remaining tasks is to restore unrecognized nucleotides in a found chain s. Each nucleotide is coded with a capital letter of English alphabet: 'A', 'C', 'G' or 'T'. Unrecognized nucleotides are coded by a question mark '?'. Thus, s is a string consisting of letters 'A', 'C', 'G', 'T' and characters '?'.\n\nIt is known that the number of nucleotides of each of the four types in the decoded genome of mammoth in Berland should be equal.\n\nYour task is to decode the genome and replace each unrecognized nucleotide with one of the four types so that the number of nucleotides of each of the four types becomes equal.\n\n\n-----Input-----\n\nThe first line contains the integer n (4 \u2264 n \u2264 255)\u00a0\u2014 the length of the genome.\n\nThe second line contains the string s of length n\u00a0\u2014 the coded genome. It consists of characters 'A', 'C', 'G', 'T' and '?'.\n\n\n-----Output-----\n\nIf it is possible to decode the genome, print it. If there are multiple answer, print any of them. If it is not possible, print three equals signs in a row: \"===\" (without quotes).\n\n\n-----Examples-----\nInput\n8\nAG?C??CT\n\nOutput\nAGACGTCT\n\nInput\n4\nAGCT\n\nOutput\nAGCT\n\nInput\n6\n????G?\n\nOutput\n===\n\nInput\n4\nAA??\n\nOutput\n===\n\n\n\n-----Note-----\n\nIn the first example you can replace the first question mark with the letter 'A', the second question mark with the letter 'G', the third question mark with the letter 'T', then each nucleotide in the genome would be presented twice.\n\nIn the second example the genome is already decoded correctly and each nucleotide is exactly once in it.\n\nIn the third and the fourth examples it is impossible to decode the genom.\nUse Standard Input format\nANSWER:\n\n\nAn example of step-by-step clues for finding the longest palindrome substring is displayed below:\n\n```json\n[\n{\"Clue of Step 1\": \"For a substring, if it is a palindrome and the length is greater than 2, it is still a palindrome after the first and last letters are removed. According to this idea, we can use dynamic programming to solve this problem.\"},\n{\"Clue of Step 2\": \"Then we should consider the state transition function. We use P(i,j) to indicate whether the string composed of the i-th to j-th letters of the string s (denoted as as s[i:j]) is a palindrome string. s[i:j] is a palindrome only if s[i+1:j\u22121] is a palindrome and the i and j letters of s are the same.\"},\n{\"Clue of Step 3\": \"We also need to consider the boundary conditions in dynamic programming. For a substring of length 1, it is obviously a palindrome string; For a substring of length 2, it is a palindrome as long as its two letters are the same.\"},\n{\"Clue of Step 4\": \"We also need to consider the the cyclic order of dynamic programming. In the state transition equation, we are moving from a shorter string to a longer string.\"},\n{\"Clue of Step 5\": \"The final answer is the maximum length of the valid sub-strings.\"}\n]\n```\nYou can refer to the following example and generate step-by-step clues for the given problem.\n\n\n-----Clues-----\nClue of Step 1: Count the number of each nucleotide 'A', 'C', 'G', 'T' in the string s and also count the number of unrecognized nucleotides represented by '?'.\n", "Clue of Step 2: Check if the total number of '?' is sufficient to fill the shortfall for the nucleotides. If not, then it is impossible to achieve equal counts, and we should return '==='.\n", "Clue of Step 2: Determine if it's possible to balance the nucleotide counts given the number of '?' characters. Specifically, calculate the difference in counts between the most frequent and least frequent nucleotide. If this difference can be compensated by the number of '?' characters, then it's possible to balance the genome.\n"], ["\nYou will be given a problem desciption.\n\nPlease analyze the problem and generate step-by-step clues of how to solve the problem with executable python code.\n\nThe problem:\n\n\nQUESTION:\nThe process of mammoth's genome decoding in Berland comes to its end!\n\nOne of the few remaining tasks is to restore unrecognized nucleotides in a found chain s. Each nucleotide is coded with a capital letter of English alphabet: 'A', 'C', 'G' or 'T'. Unrecognized nucleotides are coded by a question mark '?'. Thus, s is a string consisting of letters 'A', 'C', 'G', 'T' and characters '?'.\n\nIt is known that the number of nucleotides of each of the four types in the decoded genome of mammoth in Berland should be equal.\n\nYour task is to decode the genome and replace each unrecognized nucleotide with one of the four types so that the number of nucleotides of each of the four types becomes equal.\n\n\n-----Input-----\n\nThe first line contains the integer n (4 \u2264 n \u2264 255)\u00a0\u2014 the length of the genome.\n\nThe second line contains the string s of length n\u00a0\u2014 the coded genome. It consists of characters 'A', 'C', 'G', 'T' and '?'.\n\n\n-----Output-----\n\nIf it is possible to decode the genome, print it. If there are multiple answer, print any of them. If it is not possible, print three equals signs in a row: \"===\" (without quotes).\n\n\n-----Examples-----\nInput\n8\nAG?C??CT\n\nOutput\nAGACGTCT\n\nInput\n4\nAGCT\n\nOutput\nAGCT\n\nInput\n6\n????G?\n\nOutput\n===\n\nInput\n4\nAA??\n\nOutput\n===\n\n\n\n-----Note-----\n\nIn the first example you can replace the first question mark with the letter 'A', the second question mark with the letter 'G', the third question mark with the letter 'T', then each nucleotide in the genome would be presented twice.\n\nIn the second example the genome is already decoded correctly and each nucleotide is exactly once in it.\n\nIn the third and the fourth examples it is impossible to decode the genom.\nUse Standard Input format\nANSWER:\n\n\nAn example of step-by-step clues for finding the longest palindrome substring is displayed below:\n\n```json\n[\n{\"Clue of Step 1\": \"For a substring, if it is a palindrome and the length is greater than 2, it is still a palindrome after the first and last letters are removed. According to this idea, we can use dynamic programming to solve this problem.\"},\n{\"Clue of Step 2\": \"Then we should consider the state transition function. We use P(i,j) to indicate whether the string composed of the i-th to j-th letters of the string s (denoted as as s[i:j]) is a palindrome string. s[i:j] is a palindrome only if s[i+1:j\u22121] is a palindrome and the i and j letters of s are the same.\"},\n{\"Clue of Step 3\": \"We also need to consider the boundary conditions in dynamic programming. For a substring of length 1, it is obviously a palindrome string; For a substring of length 2, it is a palindrome as long as its two letters are the same.\"},\n{\"Clue of Step 4\": \"We also need to consider the the cyclic order of dynamic programming. In the state transition equation, we are moving from a shorter string to a longer string.\"},\n{\"Clue of Step 5\": \"The final answer is the maximum length of the valid sub-strings.\"}\n]\n```\nYou can refer to the following example and generate step-by-step clues for the given problem.\n\n\n-----Clues-----\nClue of Step 1: Count the number of each nucleotide 'A', 'C', 'G', 'T' in the string s and also count the number of unrecognized nucleotides represented by '?'.\n", "Clue of Step 2: Once you've determined that it's possible to balance the nucleotide counts, distribute the '?' characters to the nucleotides that need them. This involves adding the right number of 'A', 'C', 'G', or 'T' to the positions of the '?' in order to equalize the counts of all nucleotides.\n", "Clue of Step 2: Calculate how many of each nucleotide 'A', 'C', 'G', 'T' are already present in the string s, and determine how many '?' are available for replacement.\n"], ["\nYou will be given a problem desciption.\n\nPlease analyze the problem and generate step-by-step clues of how to solve the problem with executable python code.\n\nThe problem:\n\n\nQUESTION:\nThe process of mammoth's genome decoding in Berland comes to its end!\n\nOne of the few remaining tasks is to restore unrecognized nucleotides in a found chain s. Each nucleotide is coded with a capital letter of English alphabet: 'A', 'C', 'G' or 'T'. Unrecognized nucleotides are coded by a question mark '?'. Thus, s is a string consisting of letters 'A', 'C', 'G', 'T' and characters '?'.\n\nIt is known that the number of nucleotides of each of the four types in the decoded genome of mammoth in Berland should be equal.\n\nYour task is to decode the genome and replace each unrecognized nucleotide with one of the four types so that the number of nucleotides of each of the four types becomes equal.\n\n\n-----Input-----\n\nThe first line contains the integer n (4 \u2264 n \u2264 255)\u00a0\u2014 the length of the genome.\n\nThe second line contains the string s of length n\u00a0\u2014 the coded genome. It consists of characters 'A', 'C', 'G', 'T' and '?'.\n\n\n-----Output-----\n\nIf it is possible to decode the genome, print it. If there are multiple answer, print any of them. If it is not possible, print three equals signs in a row: \"===\" (without quotes).\n\n\n-----Examples-----\nInput\n8\nAG?C??CT\n\nOutput\nAGACGTCT\n\nInput\n4\nAGCT\n\nOutput\nAGCT\n\nInput\n6\n????G?\n\nOutput\n===\n\nInput\n4\nAA??\n\nOutput\n===\n\n\n\n-----Note-----\n\nIn the first example you can replace the first question mark with the letter 'A', the second question mark with the letter 'G', the third question mark with the letter 'T', then each nucleotide in the genome would be presented twice.\n\nIn the second example the genome is already decoded correctly and each nucleotide is exactly once in it.\n\nIn the third and the fourth examples it is impossible to decode the genom.\nUse Standard Input format\nANSWER:\n\n\nAn example of step-by-step clues for finding the longest palindrome substring is displayed below:\n\n```json\n[\n{\"Clue of Step 1\": \"For a substring, if it is a palindrome and the length is greater than 2, it is still a palindrome after the first and last letters are removed. According to this idea, we can use dynamic programming to solve this problem.\"},\n{\"Clue of Step 2\": \"Then we should consider the state transition function. We use P(i,j) to indicate whether the string composed of the i-th to j-th letters of the string s (denoted as as s[i:j]) is a palindrome string. s[i:j] is a palindrome only if s[i+1:j\u22121] is a palindrome and the i and j letters of s are the same.\"},\n{\"Clue of Step 3\": \"We also need to consider the boundary conditions in dynamic programming. For a substring of length 1, it is obviously a palindrome string; For a substring of length 2, it is a palindrome as long as its two letters are the same.\"},\n{\"Clue of Step 4\": \"We also need to consider the the cyclic order of dynamic programming. In the state transition equation, we are moving from a shorter string to a longer string.\"},\n{\"Clue of Step 5\": \"The final answer is the maximum length of the valid sub-strings.\"}\n]\n```\nYou can refer to the following example and generate step-by-step clues for the given problem.\n\n\n-----Clues-----\nClue of Step 1: Count the number of each nucleotide 'A', 'C', 'G', 'T' in the string s and also count the number of unrecognized nucleotides represented by '?'.\n", "Clue of Step 2: Once you've determined that it's possible to balance the nucleotide counts, distribute the '?' characters to the nucleotides that need them. This involves adding the right number of 'A', 'C', 'G', or 'T' to the positions of the '?' in order to equalize the counts of all nucleotides.\n", "Clue of Step 2: Determine if it's possible to balance the nucleotide counts given the number of '?' characters. Specifically, calculate the difference in counts between the most frequent and least frequent nucleotide. If this difference can be compensated by the number of '?' characters, then it's possible to balance the genome.\n"], ["\nYou will be given a problem desciption.\n\nPlease analyze the problem and generate step-by-step clues of how to solve the problem with executable python code.\n\nThe problem:\n\n\nQUESTION:\nThe process of mammoth's genome decoding in Berland comes to its end!\n\nOne of the few remaining tasks is to restore unrecognized nucleotides in a found chain s. Each nucleotide is coded with a capital letter of English alphabet: 'A', 'C', 'G' or 'T'. Unrecognized nucleotides are coded by a question mark '?'. Thus, s is a string consisting of letters 'A', 'C', 'G', 'T' and characters '?'.\n\nIt is known that the number of nucleotides of each of the four types in the decoded genome of mammoth in Berland should be equal.\n\nYour task is to decode the genome and replace each unrecognized nucleotide with one of the four types so that the number of nucleotides of each of the four types becomes equal.\n\n\n-----Input-----\n\nThe first line contains the integer n (4 \u2264 n \u2264 255)\u00a0\u2014 the length of the genome.\n\nThe second line contains the string s of length n\u00a0\u2014 the coded genome. It consists of characters 'A', 'C', 'G', 'T' and '?'.\n\n\n-----Output-----\n\nIf it is possible to decode the genome, print it. If there are multiple answer, print any of them. If it is not possible, print three equals signs in a row: \"===\" (without quotes).\n\n\n-----Examples-----\nInput\n8\nAG?C??CT\n\nOutput\nAGACGTCT\n\nInput\n4\nAGCT\n\nOutput\nAGCT\n\nInput\n6\n????G?\n\nOutput\n===\n\nInput\n4\nAA??\n\nOutput\n===\n\n\n\n-----Note-----\n\nIn the first example you can replace the first question mark with the letter 'A', the second question mark with the letter 'G', the third question mark with the letter 'T', then each nucleotide in the genome would be presented twice.\n\nIn the second example the genome is already decoded correctly and each nucleotide is exactly once in it.\n\nIn the third and the fourth examples it is impossible to decode the genom.\nUse Standard Input format\nANSWER:\n\n\nAn example of step-by-step clues for finding the longest palindrome substring is displayed below:\n\n```json\n[\n{\"Clue of Step 1\": \"For a substring, if it is a palindrome and the length is greater than 2, it is still a palindrome after the first and last letters are removed. According to this idea, we can use dynamic programming to solve this problem.\"},\n{\"Clue of Step 2\": \"Then we should consider the state transition function. We use P(i,j) to indicate whether the string composed of the i-th to j-th letters of the string s (denoted as as s[i:j]) is a palindrome string. s[i:j] is a palindrome only if s[i+1:j\u22121] is a palindrome and the i and j letters of s are the same.\"},\n{\"Clue of Step 3\": \"We also need to consider the boundary conditions in dynamic programming. For a substring of length 1, it is obviously a palindrome string; For a substring of length 2, it is a palindrome as long as its two letters are the same.\"},\n{\"Clue of Step 4\": \"We also need to consider the the cyclic order of dynamic programming. In the state transition equation, we are moving from a shorter string to a longer string.\"},\n{\"Clue of Step 5\": \"The final answer is the maximum length of the valid sub-strings.\"}\n]\n```\nYou can refer to the following example and generate step-by-step clues for the given problem.\n\n\n-----Clues-----\nClue of Step 1: Count the number of each nucleotide 'A', 'C', 'G', 'T' in the string s and also count the number of unrecognized nucleotides represented by '?'.\n", "Clue of Step 2: Consider edge cases where the number of '?' characters is insufficient to balance the nucleotide counts or where the nucleotide counts are already unbalanced beyond repair. In such cases, output \"===\" as specified.\n", "Clue of Step 2: Calculate how many of each nucleotide 'A', 'C', 'G', 'T' are already present in the string s, and determine how many '?' are available for replacement.\n"], ["\nYou will be given a problem desciption.\n\nPlease analyze the problem and generate step-by-step clues of how to solve the problem with executable python code.\n\nThe problem:\n\n\nQUESTION:\nThe process of mammoth's genome decoding in Berland comes to its end!\n\nOne of the few remaining tasks is to restore unrecognized nucleotides in a found chain s. Each nucleotide is coded with a capital letter of English alphabet: 'A', 'C', 'G' or 'T'. Unrecognized nucleotides are coded by a question mark '?'. Thus, s is a string consisting of letters 'A', 'C', 'G', 'T' and characters '?'.\n\nIt is known that the number of nucleotides of each of the four types in the decoded genome of mammoth in Berland should be equal.\n\nYour task is to decode the genome and replace each unrecognized nucleotide with one of the four types so that the number of nucleotides of each of the four types becomes equal.\n\n\n-----Input-----\n\nThe first line contains the integer n (4 \u2264 n \u2264 255)\u00a0\u2014 the length of the genome.\n\nThe second line contains the string s of length n\u00a0\u2014 the coded genome. It consists of characters 'A', 'C', 'G', 'T' and '?'.\n\n\n-----Output-----\n\nIf it is possible to decode the genome, print it. If there are multiple answer, print any of them. If it is not possible, print three equals signs in a row: \"===\" (without quotes).\n\n\n-----Examples-----\nInput\n8\nAG?C??CT\n\nOutput\nAGACGTCT\n\nInput\n4\nAGCT\n\nOutput\nAGCT\n\nInput\n6\n????G?\n\nOutput\n===\n\nInput\n4\nAA??\n\nOutput\n===\n\n\n\n-----Note-----\n\nIn the first example you can replace the first question mark with the letter 'A', the second question mark with the letter 'G', the third question mark with the letter 'T', then each nucleotide in the genome would be presented twice.\n\nIn the second example the genome is already decoded correctly and each nucleotide is exactly once in it.\n\nIn the third and the fourth examples it is impossible to decode the genom.\nUse Standard Input format\nANSWER:\n\n\nAn example of step-by-step clues for finding the longest palindrome substring is displayed below:\n\n```json\n[\n{\"Clue of Step 1\": \"For a substring, if it is a palindrome and the length is greater than 2, it is still a palindrome after the first and last letters are removed. According to this idea, we can use dynamic programming to solve this problem.\"},\n{\"Clue of Step 2\": \"Then we should consider the state transition function. We use P(i,j) to indicate whether the string composed of the i-th to j-th letters of the string s (denoted as as s[i:j]) is a palindrome string. s[i:j] is a palindrome only if s[i+1:j\u22121] is a palindrome and the i and j letters of s are the same.\"},\n{\"Clue of Step 3\": \"We also need to consider the boundary conditions in dynamic programming. For a substring of length 1, it is obviously a palindrome string; For a substring of length 2, it is a palindrome as long as its two letters are the same.\"},\n{\"Clue of Step 4\": \"We also need to consider the the cyclic order of dynamic programming. In the state transition equation, we are moving from a shorter string to a longer string.\"},\n{\"Clue of Step 5\": \"The final answer is the maximum length of the valid sub-strings.\"}\n]\n```\nYou can refer to the following example and generate step-by-step clues for the given problem.\n\n\n-----Clues-----\nClue of Step 1: Count the number of each nucleotide 'A', 'C', 'G', 'T' in the string s and also count the number of unrecognized nucleotides represented by '?'.\n", "Clue of Step 2: Consider edge cases where the number of '?' characters is insufficient to balance the nucleotide counts or where the nucleotide counts are already unbalanced beyond repair. In such cases, output \"===\" as specified.\n", "Clue of Step 2: Determine if it's possible to balance the nucleotide counts given the number of '?' characters. Specifically, calculate the difference in counts between the most frequent and least frequent nucleotide. If this difference can be compensated by the number of '?' characters, then it's possible to balance the genome.\n"], ["\nYou will be given a problem desciption.\n\nPlease analyze the problem and generate step-by-step clues of how to solve the problem with executable python code.\n\nThe problem:\n\n\nQUESTION:\nThe process of mammoth's genome decoding in Berland comes to its end!\n\nOne of the few remaining tasks is to restore unrecognized nucleotides in a found chain s. Each nucleotide is coded with a capital letter of English alphabet: 'A', 'C', 'G' or 'T'. Unrecognized nucleotides are coded by a question mark '?'. Thus, s is a string consisting of letters 'A', 'C', 'G', 'T' and characters '?'.\n\nIt is known that the number of nucleotides of each of the four types in the decoded genome of mammoth in Berland should be equal.\n\nYour task is to decode the genome and replace each unrecognized nucleotide with one of the four types so that the number of nucleotides of each of the four types becomes equal.\n\n\n-----Input-----\n\nThe first line contains the integer n (4 \u2264 n \u2264 255)\u00a0\u2014 the length of the genome.\n\nThe second line contains the string s of length n\u00a0\u2014 the coded genome. It consists of characters 'A', 'C', 'G', 'T' and '?'.\n\n\n-----Output-----\n\nIf it is possible to decode the genome, print it. If there are multiple answer, print any of them. If it is not possible, print three equals signs in a row: \"===\" (without quotes).\n\n\n-----Examples-----\nInput\n8\nAG?C??CT\n\nOutput\nAGACGTCT\n\nInput\n4\nAGCT\n\nOutput\nAGCT\n\nInput\n6\n????G?\n\nOutput\n===\n\nInput\n4\nAA??\n\nOutput\n===\n\n\n\n-----Note-----\n\nIn the first example you can replace the first question mark with the letter 'A', the second question mark with the letter 'G', the third question mark with the letter 'T', then each nucleotide in the genome would be presented twice.\n\nIn the second example the genome is already decoded correctly and each nucleotide is exactly once in it.\n\nIn the third and the fourth examples it is impossible to decode the genom.\nUse Standard Input format\nANSWER:\n\n\nAn example of step-by-step clues for finding the longest palindrome substring is displayed below:\n\n```json\n[\n{\"Clue of Step 1\": \"For a substring, if it is a palindrome and the length is greater than 2, it is still a palindrome after the first and last letters are removed. According to this idea, we can use dynamic programming to solve this problem.\"},\n{\"Clue of Step 2\": \"Then we should consider the state transition function. We use P(i,j) to indicate whether the string composed of the i-th to j-th letters of the string s (denoted as as s[i:j]) is a palindrome string. s[i:j] is a palindrome only if s[i+1:j\u22121] is a palindrome and the i and j letters of s are the same.\"},\n{\"Clue of Step 3\": \"We also need to consider the boundary conditions in dynamic programming. For a substring of length 1, it is obviously a palindrome string; For a substring of length 2, it is a palindrome as long as its two letters are the same.\"},\n{\"Clue of Step 4\": \"We also need to consider the the cyclic order of dynamic programming. In the state transition equation, we are moving from a shorter string to a longer string.\"},\n{\"Clue of Step 5\": \"The final answer is the maximum length of the valid sub-strings.\"}\n]\n```\nYou can refer to the following example and generate step-by-step clues for the given problem.\n\n\n-----Clues-----\nClue of Step 1: Check if it is feasible to replace '?' characters to balance the counts of 'A', 'C', 'G', and 'T' to the target count, given the total count of '?'.\n", "Clue of Step 2: Calculate the number of '?' characters and determine how many of each nucleotide need to be added to even out the counts.\n", "Clue of Step 2: Count the occurrences of 'A', 'C', 'G', and 'T' in the string s to determine how many of each nucleotide are currently present.\n"], ["\nYou will be given a problem desciption.\n\nPlease analyze the problem and generate step-by-step clues of how to solve the problem with executable python code.\n\nThe problem:\n\n\nQUESTION:\nThe process of mammoth's genome decoding in Berland comes to its end!\n\nOne of the few remaining tasks is to restore unrecognized nucleotides in a found chain s. Each nucleotide is coded with a capital letter of English alphabet: 'A', 'C', 'G' or 'T'. Unrecognized nucleotides are coded by a question mark '?'. Thus, s is a string consisting of letters 'A', 'C', 'G', 'T' and characters '?'.\n\nIt is known that the number of nucleotides of each of the four types in the decoded genome of mammoth in Berland should be equal.\n\nYour task is to decode the genome and replace each unrecognized nucleotide with one of the four types so that the number of nucleotides of each of the four types becomes equal.\n\n\n-----Input-----\n\nThe first line contains the integer n (4 \u2264 n \u2264 255)\u00a0\u2014 the length of the genome.\n\nThe second line contains the string s of length n\u00a0\u2014 the coded genome. It consists of characters 'A', 'C', 'G', 'T' and '?'.\n\n\n-----Output-----\n\nIf it is possible to decode the genome, print it. If there are multiple answer, print any of them. If it is not possible, print three equals signs in a row: \"===\" (without quotes).\n\n\n-----Examples-----\nInput\n8\nAG?C??CT\n\nOutput\nAGACGTCT\n\nInput\n4\nAGCT\n\nOutput\nAGCT\n\nInput\n6\n????G?\n\nOutput\n===\n\nInput\n4\nAA??\n\nOutput\n===\n\n\n\n-----Note-----\n\nIn the first example you can replace the first question mark with the letter 'A', the second question mark with the letter 'G', the third question mark with the letter 'T', then each nucleotide in the genome would be presented twice.\n\nIn the second example the genome is already decoded correctly and each nucleotide is exactly once in it.\n\nIn the third and the fourth examples it is impossible to decode the genom.\nUse Standard Input format\nANSWER:\n\n\nAn example of step-by-step clues for finding the longest palindrome substring is displayed below:\n\n```json\n[\n{\"Clue of Step 1\": \"For a substring, if it is a palindrome and the length is greater than 2, it is still a palindrome after the first and last letters are removed. According to this idea, we can use dynamic programming to solve this problem.\"},\n{\"Clue of Step 2\": \"Then we should consider the state transition function. We use P(i,j) to indicate whether the string composed of the i-th to j-th letters of the string s (denoted as as s[i:j]) is a palindrome string. s[i:j] is a palindrome only if s[i+1:j\u22121] is a palindrome and the i and j letters of s are the same.\"},\n{\"Clue of Step 3\": \"We also need to consider the boundary conditions in dynamic programming. For a substring of length 1, it is obviously a palindrome string; For a substring of length 2, it is a palindrome as long as its two letters are the same.\"},\n{\"Clue of Step 4\": \"We also need to consider the the cyclic order of dynamic programming. In the state transition equation, we are moving from a shorter string to a longer string.\"},\n{\"Clue of Step 5\": \"The final answer is the maximum length of the valid sub-strings.\"}\n]\n```\nYou can refer to the following example and generate step-by-step clues for the given problem.\n\n\n-----Clues-----\nClue of Step 1: Check if it is feasible to replace '?' characters to balance the counts of 'A', 'C', 'G', and 'T' to the target count, given the total count of '?'.\n", "Clue of Step 2: Check if the total number of nucleotides (including those represented by '?') can be evenly divided by 4 to ensure that equal counts for each nucleotide can be achieved.\n", "Clue of Step 2: Count the occurrences of 'A', 'C', 'G', and 'T' in the string s to determine how many of each nucleotide are currently present.\n"], ["\nYou will be given a problem desciption.\n\nPlease analyze the problem and generate step-by-step clues of how to solve the problem with executable python code.\n\nThe problem:\n\n\nQUESTION:\nThe process of mammoth's genome decoding in Berland comes to its end!\n\nOne of the few remaining tasks is to restore unrecognized nucleotides in a found chain s. Each nucleotide is coded with a capital letter of English alphabet: 'A', 'C', 'G' or 'T'. Unrecognized nucleotides are coded by a question mark '?'. Thus, s is a string consisting of letters 'A', 'C', 'G', 'T' and characters '?'.\n\nIt is known that the number of nucleotides of each of the four types in the decoded genome of mammoth in Berland should be equal.\n\nYour task is to decode the genome and replace each unrecognized nucleotide with one of the four types so that the number of nucleotides of each of the four types becomes equal.\n\n\n-----Input-----\n\nThe first line contains the integer n (4 \u2264 n \u2264 255)\u00a0\u2014 the length of the genome.\n\nThe second line contains the string s of length n\u00a0\u2014 the coded genome. It consists of characters 'A', 'C', 'G', 'T' and '?'.\n\n\n-----Output-----\n\nIf it is possible to decode the genome, print it. If there are multiple answer, print any of them. If it is not possible, print three equals signs in a row: \"===\" (without quotes).\n\n\n-----Examples-----\nInput\n8\nAG?C??CT\n\nOutput\nAGACGTCT\n\nInput\n4\nAGCT\n\nOutput\nAGCT\n\nInput\n6\n????G?\n\nOutput\n===\n\nInput\n4\nAA??\n\nOutput\n===\n\n\n\n-----Note-----\n\nIn the first example you can replace the first question mark with the letter 'A', the second question mark with the letter 'G', the third question mark with the letter 'T', then each nucleotide in the genome would be presented twice.\n\nIn the second example the genome is already decoded correctly and each nucleotide is exactly once in it.\n\nIn the third and the fourth examples it is impossible to decode the genom.\nUse Standard Input format\nANSWER:\n\n\nAn example of step-by-step clues for finding the longest palindrome substring is displayed below:\n\n```json\n[\n{\"Clue of Step 1\": \"For a substring, if it is a palindrome and the length is greater than 2, it is still a palindrome after the first and last letters are removed. According to this idea, we can use dynamic programming to solve this problem.\"},\n{\"Clue of Step 2\": \"Then we should consider the state transition function. We use P(i,j) to indicate whether the string composed of the i-th to j-th letters of the string s (denoted as as s[i:j]) is a palindrome string. s[i:j] is a palindrome only if s[i+1:j\u22121] is a palindrome and the i and j letters of s are the same.\"},\n{\"Clue of Step 3\": \"We also need to consider the boundary conditions in dynamic programming. For a substring of length 1, it is obviously a palindrome string; For a substring of length 2, it is a palindrome as long as its two letters are the same.\"},\n{\"Clue of Step 4\": \"We also need to consider the the cyclic order of dynamic programming. In the state transition equation, we are moving from a shorter string to a longer string.\"},\n{\"Clue of Step 5\": \"The final answer is the maximum length of the valid sub-strings.\"}\n]\n```\nYou can refer to the following example and generate step-by-step clues for the given problem.\n\n\n-----Clues-----\nClue of Step 1: Check if it is feasible to replace '?' characters to balance the counts of 'A', 'C', 'G', and 'T' to the target count, given the total count of '?'.\n", "Clue of Step 2: Determine the target count for each nucleotide ('A', 'C', 'G', 'T') by calculating the total number of each nucleotide excluding '?', then compute the deficiency for each type that needs to be compensated by replacing '?' characters.\n", "Clue of Step 2: Count the occurrences of 'A', 'C', 'G', and 'T' in the string s to determine how many of each nucleotide are currently present.\n"], ["\nYou will be given a problem desciption.\n\nPlease analyze the problem and generate step-by-step clues of how to solve the problem with executable python code.\n\nThe problem:\n\n\nQUESTION:\nThe process of mammoth's genome decoding in Berland comes to its end!\n\nOne of the few remaining tasks is to restore unrecognized nucleotides in a found chain s. Each nucleotide is coded with a capital letter of English alphabet: 'A', 'C', 'G' or 'T'. Unrecognized nucleotides are coded by a question mark '?'. Thus, s is a string consisting of letters 'A', 'C', 'G', 'T' and characters '?'.\n\nIt is known that the number of nucleotides of each of the four types in the decoded genome of mammoth in Berland should be equal.\n\nYour task is to decode the genome and replace each unrecognized nucleotide with one of the four types so that the number of nucleotides of each of the four types becomes equal.\n\n\n-----Input-----\n\nThe first line contains the integer n (4 \u2264 n \u2264 255)\u00a0\u2014 the length of the genome.\n\nThe second line contains the string s of length n\u00a0\u2014 the coded genome. It consists of characters 'A', 'C', 'G', 'T' and '?'.\n\n\n-----Output-----\n\nIf it is possible to decode the genome, print it. If there are multiple answer, print any of them. If it is not possible, print three equals signs in a row: \"===\" (without quotes).\n\n\n-----Examples-----\nInput\n8\nAG?C??CT\n\nOutput\nAGACGTCT\n\nInput\n4\nAGCT\n\nOutput\nAGCT\n\nInput\n6\n????G?\n\nOutput\n===\n\nInput\n4\nAA??\n\nOutput\n===\n\n\n\n-----Note-----\n\nIn the first example you can replace the first question mark with the letter 'A', the second question mark with the letter 'G', the third question mark with the letter 'T', then each nucleotide in the genome would be presented twice.\n\nIn the second example the genome is already decoded correctly and each nucleotide is exactly once in it.\n\nIn the third and the fourth examples it is impossible to decode the genom.\nUse Standard Input format\nANSWER:\n\n\nAn example of step-by-step clues for finding the longest palindrome substring is displayed below:\n\n```json\n[\n{\"Clue of Step 1\": \"For a substring, if it is a palindrome and the length is greater than 2, it is still a palindrome after the first and last letters are removed. According to this idea, we can use dynamic programming to solve this problem.\"},\n{\"Clue of Step 2\": \"Then we should consider the state transition function. We use P(i,j) to indicate whether the string composed of the i-th to j-th letters of the string s (denoted as as s[i:j]) is a palindrome string. s[i:j] is a palindrome only if s[i+1:j\u22121] is a palindrome and the i and j letters of s are the same.\"},\n{\"Clue of Step 3\": \"We also need to consider the boundary conditions in dynamic programming. For a substring of length 1, it is obviously a palindrome string; For a substring of length 2, it is a palindrome as long as its two letters are the same.\"},\n{\"Clue of Step 4\": \"We also need to consider the the cyclic order of dynamic programming. In the state transition equation, we are moving from a shorter string to a longer string.\"},\n{\"Clue of Step 5\": \"The final answer is the maximum length of the valid sub-strings.\"}\n]\n```\nYou can refer to the following example and generate step-by-step clues for the given problem.\n\n\n-----Clues-----\nClue of Step 1: Check if it is feasible to replace '?' characters to balance the counts of 'A', 'C', 'G', and 'T' to the target count, given the total count of '?'.\n", "Clue of Step 2: Check if the number of '?' characters can be evenly distributed among the four nucleotide types to make the counts equal. If the total number of '?' characters is not divisible by 4, it's impossible to balance the nucleotide counts, so output '==='.\n", "Clue of Step 2: Count the occurrences of 'A', 'C', 'G', and 'T' in the string s to determine how many of each nucleotide are currently present.\n"], ["\nYou will be given a problem desciption.\n\nPlease analyze the problem and generate step-by-step clues of how to solve the problem with executable python code.\n\nThe problem:\n\n\nQUESTION:\nThe process of mammoth's genome decoding in Berland comes to its end!\n\nOne of the few remaining tasks is to restore unrecognized nucleotides in a found chain s. Each nucleotide is coded with a capital letter of English alphabet: 'A', 'C', 'G' or 'T'. Unrecognized nucleotides are coded by a question mark '?'. Thus, s is a string consisting of letters 'A', 'C', 'G', 'T' and characters '?'.\n\nIt is known that the number of nucleotides of each of the four types in the decoded genome of mammoth in Berland should be equal.\n\nYour task is to decode the genome and replace each unrecognized nucleotide with one of the four types so that the number of nucleotides of each of the four types becomes equal.\n\n\n-----Input-----\n\nThe first line contains the integer n (4 \u2264 n \u2264 255)\u00a0\u2014 the length of the genome.\n\nThe second line contains the string s of length n\u00a0\u2014 the coded genome. It consists of characters 'A', 'C', 'G', 'T' and '?'.\n\n\n-----Output-----\n\nIf it is possible to decode the genome, print it. If there are multiple answer, print any of them. If it is not possible, print three equals signs in a row: \"===\" (without quotes).\n\n\n-----Examples-----\nInput\n8\nAG?C??CT\n\nOutput\nAGACGTCT\n\nInput\n4\nAGCT\n\nOutput\nAGCT\n\nInput\n6\n????G?\n\nOutput\n===\n\nInput\n4\nAA??\n\nOutput\n===\n\n\n\n-----Note-----\n\nIn the first example you can replace the first question mark with the letter 'A', the second question mark with the letter 'G', the third question mark with the letter 'T', then each nucleotide in the genome would be presented twice.\n\nIn the second example the genome is already decoded correctly and each nucleotide is exactly once in it.\n\nIn the third and the fourth examples it is impossible to decode the genom.\nUse Standard Input format\nANSWER:\n\n\nAn example of step-by-step clues for finding the longest palindrome substring is displayed below:\n\n```json\n[\n{\"Clue of Step 1\": \"For a substring, if it is a palindrome and the length is greater than 2, it is still a palindrome after the first and last letters are removed. According to this idea, we can use dynamic programming to solve this problem.\"},\n{\"Clue of Step 2\": \"Then we should consider the state transition function. We use P(i,j) to indicate whether the string composed of the i-th to j-th letters of the string s (denoted as as s[i:j]) is a palindrome string. s[i:j] is a palindrome only if s[i+1:j\u22121] is a palindrome and the i and j letters of s are the same.\"},\n{\"Clue of Step 3\": \"We also need to consider the boundary conditions in dynamic programming. For a substring of length 1, it is obviously a palindrome string; For a substring of length 2, it is a palindrome as long as its two letters are the same.\"},\n{\"Clue of Step 4\": \"We also need to consider the the cyclic order of dynamic programming. In the state transition equation, we are moving from a shorter string to a longer string.\"},\n{\"Clue of Step 5\": \"The final answer is the maximum length of the valid sub-strings.\"}\n]\n```\nYou can refer to the following example and generate step-by-step clues for the given problem.\n\n\n-----Clues-----\nClue of Step 1: Check if it is feasible to replace '?' characters to balance the counts of 'A', 'C', 'G', and 'T' to the target count, given the total count of '?'.\n", "Clue of Step 2: Once the target count for each nucleotide is determined, iterate through the string and replace each '?' with the appropriate nucleotide type in a way that brings the count of each nucleotide closer to the target count.\n", "Clue of Step 2: Count the occurrences of 'A', 'C', 'G', and 'T' in the string s to determine how many of each nucleotide are currently present.\n"], ["\nYou will be given a problem desciption.\n\nPlease analyze the problem and generate step-by-step clues of how to solve the problem with executable python code.\n\nThe problem:\n\n\nQUESTION:\nThe process of mammoth's genome decoding in Berland comes to its end!\n\nOne of the few remaining tasks is to restore unrecognized nucleotides in a found chain s. Each nucleotide is coded with a capital letter of English alphabet: 'A', 'C', 'G' or 'T'. Unrecognized nucleotides are coded by a question mark '?'. Thus, s is a string consisting of letters 'A', 'C', 'G', 'T' and characters '?'.\n\nIt is known that the number of nucleotides of each of the four types in the decoded genome of mammoth in Berland should be equal.\n\nYour task is to decode the genome and replace each unrecognized nucleotide with one of the four types so that the number of nucleotides of each of the four types becomes equal.\n\n\n-----Input-----\n\nThe first line contains the integer n (4 \u2264 n \u2264 255)\u00a0\u2014 the length of the genome.\n\nThe second line contains the string s of length n\u00a0\u2014 the coded genome. It consists of characters 'A', 'C', 'G', 'T' and '?'.\n\n\n-----Output-----\n\nIf it is possible to decode the genome, print it. If there are multiple answer, print any of them. If it is not possible, print three equals signs in a row: \"===\" (without quotes).\n\n\n-----Examples-----\nInput\n8\nAG?C??CT\n\nOutput\nAGACGTCT\n\nInput\n4\nAGCT\n\nOutput\nAGCT\n\nInput\n6\n????G?\n\nOutput\n===\n\nInput\n4\nAA??\n\nOutput\n===\n\n\n\n-----Note-----\n\nIn the first example you can replace the first question mark with the letter 'A', the second question mark with the letter 'G', the third question mark with the letter 'T', then each nucleotide in the genome would be presented twice.\n\nIn the second example the genome is already decoded correctly and each nucleotide is exactly once in it.\n\nIn the third and the fourth examples it is impossible to decode the genom.\nUse Standard Input format\nANSWER:\n\n\nAn example of step-by-step clues for finding the longest palindrome substring is displayed below:\n\n```json\n[\n{\"Clue of Step 1\": \"For a substring, if it is a palindrome and the length is greater than 2, it is still a palindrome after the first and last letters are removed. According to this idea, we can use dynamic programming to solve this problem.\"},\n{\"Clue of Step 2\": \"Then we should consider the state transition function. We use P(i,j) to indicate whether the string composed of the i-th to j-th letters of the string s (denoted as as s[i:j]) is a palindrome string. s[i:j] is a palindrome only if s[i+1:j\u22121] is a palindrome and the i and j letters of s are the same.\"},\n{\"Clue of Step 3\": \"We also need to consider the boundary conditions in dynamic programming. For a substring of length 1, it is obviously a palindrome string; For a substring of length 2, it is a palindrome as long as its two letters are the same.\"},\n{\"Clue of Step 4\": \"We also need to consider the the cyclic order of dynamic programming. In the state transition equation, we are moving from a shorter string to a longer string.\"},\n{\"Clue of Step 5\": \"The final answer is the maximum length of the valid sub-strings.\"}\n]\n```\nYou can refer to the following example and generate step-by-step clues for the given problem.\n\n\n-----Clues-----\nClue of Step 1: The problem requires equal distribution of 'A', 'C', 'G', and 'T' nucleotides. First, count the existing nucleotides in the string and assess how many '?' characters need to be transformed into each nucleotide to achieve equal counts.\n", "Clue of Step 2: Determine how many total nucleotides of each type ('A', 'C', 'G', 'T') should be present in the final string. Since there are four types and the total length n should be divided equally, compute the target count for each nucleotide as n // 4.\n", "Clue of Step 2: Determine the target count for each nucleotide. Since the total length of the genome must be evenly divisible by 4 (to allow equal distribution of 'A', 'C', 'G', and 'T'), calculate the required frequency of each nucleotide by dividing the total length (excluding '?') by 4. Then, compute how many 'A's, 'C's, 'G's, and 'T's are missing to reach this target.\n"], ["\nYou will be given a problem desciption.\n\nPlease analyze the problem and generate step-by-step clues of how to solve the problem with executable python code.\n\nThe problem:\n\n\nQUESTION:\nThe process of mammoth's genome decoding in Berland comes to its end!\n\nOne of the few remaining tasks is to restore unrecognized nucleotides in a found chain s. Each nucleotide is coded with a capital letter of English alphabet: 'A', 'C', 'G' or 'T'. Unrecognized nucleotides are coded by a question mark '?'. Thus, s is a string consisting of letters 'A', 'C', 'G', 'T' and characters '?'.\n\nIt is known that the number of nucleotides of each of the four types in the decoded genome of mammoth in Berland should be equal.\n\nYour task is to decode the genome and replace each unrecognized nucleotide with one of the four types so that the number of nucleotides of each of the four types becomes equal.\n\n\n-----Input-----\n\nThe first line contains the integer n (4 \u2264 n \u2264 255)\u00a0\u2014 the length of the genome.\n\nThe second line contains the string s of length n\u00a0\u2014 the coded genome. It consists of characters 'A', 'C', 'G', 'T' and '?'.\n\n\n-----Output-----\n\nIf it is possible to decode the genome, print it. If there are multiple answer, print any of them. If it is not possible, print three equals signs in a row: \"===\" (without quotes).\n\n\n-----Examples-----\nInput\n8\nAG?C??CT\n\nOutput\nAGACGTCT\n\nInput\n4\nAGCT\n\nOutput\nAGCT\n\nInput\n6\n????G?\n\nOutput\n===\n\nInput\n4\nAA??\n\nOutput\n===\n\n\n\n-----Note-----\n\nIn the first example you can replace the first question mark with the letter 'A', the second question mark with the letter 'G', the third question mark with the letter 'T', then each nucleotide in the genome would be presented twice.\n\nIn the second example the genome is already decoded correctly and each nucleotide is exactly once in it.\n\nIn the third and the fourth examples it is impossible to decode the genom.\nUse Standard Input format\nANSWER:\n\n\nAn example of step-by-step clues for finding the longest palindrome substring is displayed below:\n\n```json\n[\n{\"Clue of Step 1\": \"For a substring, if it is a palindrome and the length is greater than 2, it is still a palindrome after the first and last letters are removed. According to this idea, we can use dynamic programming to solve this problem.\"},\n{\"Clue of Step 2\": \"Then we should consider the state transition function. We use P(i,j) to indicate whether the string composed of the i-th to j-th letters of the string s (denoted as as s[i:j]) is a palindrome string. s[i:j] is a palindrome only if s[i+1:j\u22121] is a palindrome and the i and j letters of s are the same.\"},\n{\"Clue of Step 3\": \"We also need to consider the boundary conditions in dynamic programming. For a substring of length 1, it is obviously a palindrome string; For a substring of length 2, it is a palindrome as long as its two letters are the same.\"},\n{\"Clue of Step 4\": \"We also need to consider the the cyclic order of dynamic programming. In the state transition equation, we are moving from a shorter string to a longer string.\"},\n{\"Clue of Step 5\": \"The final answer is the maximum length of the valid sub-strings.\"}\n]\n```\nYou can refer to the following example and generate step-by-step clues for the given problem.\n\n\n-----Clues-----\nClue of Step 1: The problem requires equal distribution of 'A', 'C', 'G', and 'T' nucleotides. First, count the existing nucleotides in the string and assess how many '?' characters need to be transformed into each nucleotide to achieve equal counts.\n", "Clue of Step 2: Count the existing occurrences of 'A', 'C', 'G', and 'T' in the input string s. Then calculate how many of each nucleotide is missing by subtracting the existing counts from the target count calculated previously.\n", "Clue of Step 2: Determine the target count for each nucleotide. Since the total length of the genome must be evenly divisible by 4 (to allow equal distribution of 'A', 'C', 'G', and 'T'), calculate the required frequency of each nucleotide by dividing the total length (excluding '?') by 4. Then, compute how many 'A's, 'C's, 'G's, and 'T's are missing to reach this target.\n"], ["\nYou will be given a problem desciption.\n\nPlease analyze the problem and generate step-by-step clues of how to solve the problem with executable python code.\n\nThe problem:\n\n\nQUESTION:\nThe process of mammoth's genome decoding in Berland comes to its end!\n\nOne of the few remaining tasks is to restore unrecognized nucleotides in a found chain s. Each nucleotide is coded with a capital letter of English alphabet: 'A', 'C', 'G' or 'T'. Unrecognized nucleotides are coded by a question mark '?'. Thus, s is a string consisting of letters 'A', 'C', 'G', 'T' and characters '?'.\n\nIt is known that the number of nucleotides of each of the four types in the decoded genome of mammoth in Berland should be equal.\n\nYour task is to decode the genome and replace each unrecognized nucleotide with one of the four types so that the number of nucleotides of each of the four types becomes equal.\n\n\n-----Input-----\n\nThe first line contains the integer n (4 \u2264 n \u2264 255)\u00a0\u2014 the length of the genome.\n\nThe second line contains the string s of length n\u00a0\u2014 the coded genome. It consists of characters 'A', 'C', 'G', 'T' and '?'.\n\n\n-----Output-----\n\nIf it is possible to decode the genome, print it. If there are multiple answer, print any of them. If it is not possible, print three equals signs in a row: \"===\" (without quotes).\n\n\n-----Examples-----\nInput\n8\nAG?C??CT\n\nOutput\nAGACGTCT\n\nInput\n4\nAGCT\n\nOutput\nAGCT\n\nInput\n6\n????G?\n\nOutput\n===\n\nInput\n4\nAA??\n\nOutput\n===\n\n\n\n-----Note-----\n\nIn the first example you can replace the first question mark with the letter 'A', the second question mark with the letter 'G', the third question mark with the letter 'T', then each nucleotide in the genome would be presented twice.\n\nIn the second example the genome is already decoded correctly and each nucleotide is exactly once in it.\n\nIn the third and the fourth examples it is impossible to decode the genom.\nUse Standard Input format\nANSWER:\n\n\nAn example of step-by-step clues for finding the longest palindrome substring is displayed below:\n\n```json\n[\n{\"Clue of Step 1\": \"For a substring, if it is a palindrome and the length is greater than 2, it is still a palindrome after the first and last letters are removed. According to this idea, we can use dynamic programming to solve this problem.\"},\n{\"Clue of Step 2\": \"Then we should consider the state transition function. We use P(i,j) to indicate whether the string composed of the i-th to j-th letters of the string s (denoted as as s[i:j]) is a palindrome string. s[i:j] is a palindrome only if s[i+1:j\u22121] is a palindrome and the i and j letters of s are the same.\"},\n{\"Clue of Step 3\": \"We also need to consider the boundary conditions in dynamic programming. For a substring of length 1, it is obviously a palindrome string; For a substring of length 2, it is a palindrome as long as its two letters are the same.\"},\n{\"Clue of Step 4\": \"We also need to consider the the cyclic order of dynamic programming. In the state transition equation, we are moving from a shorter string to a longer string.\"},\n{\"Clue of Step 5\": \"The final answer is the maximum length of the valid sub-strings.\"}\n]\n```\nYou can refer to the following example and generate step-by-step clues for the given problem.\n\n\n-----Clues-----\nClue of Step 1: The problem requires equal distribution of 'A', 'C', 'G', and 'T' nucleotides. First, count the existing nucleotides in the string and assess how many '?' characters need to be transformed into each nucleotide to achieve equal counts.\n", "Clue of Step 2: Check if the total number of '?' characters can cover the total missing nucleotides. If the sum of missing nucleotides exceeds the number of '?', print '===' since it's impossible to evenly distribute. Otherwise, proceed to replace '?' with the needed nucleotides.\n", "Clue of Step 2: Determine the target count for each nucleotide. Since the total length of the genome must be evenly divisible by 4 (to allow equal distribution of 'A', 'C', 'G', and 'T'), calculate the required frequency of each nucleotide by dividing the total length (excluding '?') by 4. Then, compute how many 'A's, 'C's, 'G's, and 'T's are missing to reach this target.\n"], ["\nYou will be given a problem desciption.\n\nPlease analyze the problem and generate step-by-step clues of how to solve the problem with executable python code.\n\nThe problem:\n\n\nQUESTION:\nThe process of mammoth's genome decoding in Berland comes to its end!\n\nOne of the few remaining tasks is to restore unrecognized nucleotides in a found chain s. Each nucleotide is coded with a capital letter of English alphabet: 'A', 'C', 'G' or 'T'. Unrecognized nucleotides are coded by a question mark '?'. Thus, s is a string consisting of letters 'A', 'C', 'G', 'T' and characters '?'.\n\nIt is known that the number of nucleotides of each of the four types in the decoded genome of mammoth in Berland should be equal.\n\nYour task is to decode the genome and replace each unrecognized nucleotide with one of the four types so that the number of nucleotides of each of the four types becomes equal.\n\n\n-----Input-----\n\nThe first line contains the integer n (4 \u2264 n \u2264 255)\u00a0\u2014 the length of the genome.\n\nThe second line contains the string s of length n\u00a0\u2014 the coded genome. It consists of characters 'A', 'C', 'G', 'T' and '?'.\n\n\n-----Output-----\n\nIf it is possible to decode the genome, print it. If there are multiple answer, print any of them. If it is not possible, print three equals signs in a row: \"===\" (without quotes).\n\n\n-----Examples-----\nInput\n8\nAG?C??CT\n\nOutput\nAGACGTCT\n\nInput\n4\nAGCT\n\nOutput\nAGCT\n\nInput\n6\n????G?\n\nOutput\n===\n\nInput\n4\nAA??\n\nOutput\n===\n\n\n\n-----Note-----\n\nIn the first example you can replace the first question mark with the letter 'A', the second question mark with the letter 'G', the third question mark with the letter 'T', then each nucleotide in the genome would be presented twice.\n\nIn the second example the genome is already decoded correctly and each nucleotide is exactly once in it.\n\nIn the third and the fourth examples it is impossible to decode the genom.\nUse Standard Input format\nANSWER:\n\n\nAn example of step-by-step clues for finding the longest palindrome substring is displayed below:\n\n```json\n[\n{\"Clue of Step 1\": \"For a substring, if it is a palindrome and the length is greater than 2, it is still a palindrome after the first and last letters are removed. According to this idea, we can use dynamic programming to solve this problem.\"},\n{\"Clue of Step 2\": \"Then we should consider the state transition function. We use P(i,j) to indicate whether the string composed of the i-th to j-th letters of the string s (denoted as as s[i:j]) is a palindrome string. s[i:j] is a palindrome only if s[i+1:j\u22121] is a palindrome and the i and j letters of s are the same.\"},\n{\"Clue of Step 3\": \"We also need to consider the boundary conditions in dynamic programming. For a substring of length 1, it is obviously a palindrome string; For a substring of length 2, it is a palindrome as long as its two letters are the same.\"},\n{\"Clue of Step 4\": \"We also need to consider the the cyclic order of dynamic programming. In the state transition equation, we are moving from a shorter string to a longer string.\"},\n{\"Clue of Step 5\": \"The final answer is the maximum length of the valid sub-strings.\"}\n]\n```\nYou can refer to the following example and generate step-by-step clues for the given problem.\n\n\n-----Clues-----\nClue of Step 1: The problem requires equal distribution of 'A', 'C', 'G', and 'T' nucleotides. First, count the existing nucleotides in the string and assess how many '?' characters need to be transformed into each nucleotide to achieve equal counts.\n", "Clue of Step 2: Check if it's possible to replace the '?' characters with the missing nucleotides. If the number of '?' characters is insufficient to cover the deficiency in any nucleotide or if there's an uneven distribution that cannot be balanced by '?', output '==='.\n", "Clue of Step 2: Determine the target count for each nucleotide. Since the total length of the genome must be evenly divisible by 4 (to allow equal distribution of 'A', 'C', 'G', and 'T'), calculate the required frequency of each nucleotide by dividing the total length (excluding '?') by 4. Then, compute how many 'A's, 'C's, 'G's, and 'T's are missing to reach this target.\n"], ["\nYou will be given a problem desciption.\n\nPlease analyze the problem and generate step-by-step clues of how to solve the problem with executable python code.\n\nThe problem:\n\n\nQUESTION:\nThe process of mammoth's genome decoding in Berland comes to its end!\n\nOne of the few remaining tasks is to restore unrecognized nucleotides in a found chain s. Each nucleotide is coded with a capital letter of English alphabet: 'A', 'C', 'G' or 'T'. Unrecognized nucleotides are coded by a question mark '?'. Thus, s is a string consisting of letters 'A', 'C', 'G', 'T' and characters '?'.\n\nIt is known that the number of nucleotides of each of the four types in the decoded genome of mammoth in Berland should be equal.\n\nYour task is to decode the genome and replace each unrecognized nucleotide with one of the four types so that the number of nucleotides of each of the four types becomes equal.\n\n\n-----Input-----\n\nThe first line contains the integer n (4 \u2264 n \u2264 255)\u00a0\u2014 the length of the genome.\n\nThe second line contains the string s of length n\u00a0\u2014 the coded genome. It consists of characters 'A', 'C', 'G', 'T' and '?'.\n\n\n-----Output-----\n\nIf it is possible to decode the genome, print it. If there are multiple answer, print any of them. If it is not possible, print three equals signs in a row: \"===\" (without quotes).\n\n\n-----Examples-----\nInput\n8\nAG?C??CT\n\nOutput\nAGACGTCT\n\nInput\n4\nAGCT\n\nOutput\nAGCT\n\nInput\n6\n????G?\n\nOutput\n===\n\nInput\n4\nAA??\n\nOutput\n===\n\n\n\n-----Note-----\n\nIn the first example you can replace the first question mark with the letter 'A', the second question mark with the letter 'G', the third question mark with the letter 'T', then each nucleotide in the genome would be presented twice.\n\nIn the second example the genome is already decoded correctly and each nucleotide is exactly once in it.\n\nIn the third and the fourth examples it is impossible to decode the genom.\nUse Standard Input format\nANSWER:\n\n\nAn example of step-by-step clues for finding the longest palindrome substring is displayed below:\n\n```json\n[\n{\"Clue of Step 1\": \"For a substring, if it is a palindrome and the length is greater than 2, it is still a palindrome after the first and last letters are removed. According to this idea, we can use dynamic programming to solve this problem.\"},\n{\"Clue of Step 2\": \"Then we should consider the state transition function. We use P(i,j) to indicate whether the string composed of the i-th to j-th letters of the string s (denoted as as s[i:j]) is a palindrome string. s[i:j] is a palindrome only if s[i+1:j\u22121] is a palindrome and the i and j letters of s are the same.\"},\n{\"Clue of Step 3\": \"We also need to consider the boundary conditions in dynamic programming. For a substring of length 1, it is obviously a palindrome string; For a substring of length 2, it is a palindrome as long as its two letters are the same.\"},\n{\"Clue of Step 4\": \"We also need to consider the the cyclic order of dynamic programming. In the state transition equation, we are moving from a shorter string to a longer string.\"},\n{\"Clue of Step 5\": \"The final answer is the maximum length of the valid sub-strings.\"}\n]\n```\nYou can refer to the following example and generate step-by-step clues for the given problem.\n\n\n-----Clues-----\nClue of Step 1: The problem requires equal distribution of 'A', 'C', 'G', and 'T' nucleotides. First, count the existing nucleotides in the string and assess how many '?' characters need to be transformed into each nucleotide to achieve equal counts.\n", "Clue of Step 2: Once the missing nucleotides are determined, iterate through the string and replace each '?' with the appropriate nucleotide in a way that maintains equal counts. If at any point a '?' cannot be replaced without violating the equal count condition, output '==='.\n", "Clue of Step 2: Determine the target count for each nucleotide. Since the total length of the genome must be evenly divisible by 4 (to allow equal distribution of 'A', 'C', 'G', and 'T'), calculate the required frequency of each nucleotide by dividing the total length (excluding '?') by 4. Then, compute how many 'A's, 'C's, 'G's, and 'T's are missing to reach this target.\n"]], "SFT": ["\nYou will be given a problem desciption.\n\nPlease analyze the problem and generate step-by-step clues of how to solve the problem with executable python code.\n\nThe problem:\n\n\nQUESTION:\nThe process of mammoth's genome decoding in Berland comes to its end!\n\nOne of the few remaining tasks is to restore unrecognized nucleotides in a found chain s. Each nucleotide is coded with a capital letter of English alphabet: 'A', 'C', 'G' or 'T'. Unrecognized nucleotides are coded by a question mark '?'. Thus, s is a string consisting of letters 'A', 'C', 'G', 'T' and characters '?'.\n\nIt is known that the number of nucleotides of each of the four types in the decoded genome of mammoth in Berland should be equal.\n\nYour task is to decode the genome and replace each unrecognized nucleotide with one of the four types so that the number of nucleotides of each of the four types becomes equal.\n\n\n-----Input-----\n\nThe first line contains the integer n (4 \u2264 n \u2264 255)\u00a0\u2014 the length of the genome.\n\nThe second line contains the string s of length n\u00a0\u2014 the coded genome. It consists of characters 'A', 'C', 'G', 'T' and '?'.\n\n\n-----Output-----\n\nIf it is possible to decode the genome, print it. If there are multiple answer, print any of them. If it is not possible, print three equals signs in a row: \"===\" (without quotes).\n\n\n-----Examples-----\nInput\n8\nAG?C??CT\n\nOutput\nAGACGTCT\n\nInput\n4\nAGCT\n\nOutput\nAGCT\n\nInput\n6\n????G?\n\nOutput\n===\n\nInput\n4\nAA??\n\nOutput\n===\n\n\n\n-----Note-----\n\nIn the first example you can replace the first question mark with the letter 'A', the second question mark with the letter 'G', the third question mark with the letter 'T', then each nucleotide in the genome would be presented twice.\n\nIn the second example the genome is already decoded correctly and each nucleotide is exactly once in it.\n\nIn the third and the fourth examples it is impossible to decode the genom.\nUse Standard Input format\nANSWER:\n\n\nAn example of step-by-step clues for finding the longest palindrome substring is displayed below:\n\n```json\n[\n{\"Clue of Step 1\": \"For a substring, if it is a palindrome and the length is greater than 2, it is still a palindrome after the first and last letters are removed. According to this idea, we can use dynamic programming to solve this problem.\"},\n{\"Clue of Step 2\": \"Then we should consider the state transition function. We use P(i,j) to indicate whether the string composed of the i-th to j-th letters of the string s (denoted as as s[i:j]) is a palindrome string. s[i:j] is a palindrome only if s[i+1:j\u22121] is a palindrome and the i and j letters of s are the same.\"},\n{\"Clue of Step 3\": \"We also need to consider the boundary conditions in dynamic programming. For a substring of length 1, it is obviously a palindrome string; For a substring of length 2, it is a palindrome as long as its two letters are the same.\"},\n{\"Clue of Step 4\": \"We also need to consider the the cyclic order of dynamic programming. In the state transition equation, we are moving from a shorter string to a longer string.\"},\n{\"Clue of Step 5\": \"The final answer is the maximum length of the valid sub-strings.\"}\n]\n```\nYou can refer to the following example and generate step-by-step clues for the given problem.\n\n\n-----Clues-----\nClue of Step 1: Count the number of each nucleotide 'A', 'C', 'G', 'T' in the string s and also count the number of unrecognized nucleotides represented by '?'.\n", "```python\ndef decode_genome(n, s):\n    # Count the existing nucleotides\n    count_A = s.count('A')\n    count_C = s.count('C')\n    count_G = s.count('G')\n    count_T = s.count('T')\n    count_question = s.count('?')\n\n    # Number of each nucleotide should be equal\n    total_types = 4\n    total_nucleotides = count_A + count_C + count_G + count_T + count_question\n\n    # Check if it is possible to distribute nucleotides equally\n    if total_nucleotides % total_types != 0:\n        print(\"===\")\n        return\n\n    # Calculate the target count for each nucleotide\n    target_count = total_nucleotides // total_types\n\n    # Check if we can have the number of nucleotides equal\n    if (count_A > target_count or\n        count_C > target_count or\n        count_G > target_count or\n        count_T > target_count):\n        print(\"===\")\n        return\n\n    # Calculate how many more nucleotides we need for each\n    needed_A = target_count - count_A\n    needed_C = target_count - count_C\n    needed_G = target_count - count_G\n    needed_T = target_count - count_T\n\n    # Fill the '?' in the genome string\n    result = list(s)\n\n    for i in range(n):\n        if result[i] == '?':\n            if needed_A > 0:\n                result[i] = 'A'\n                needed_A -= 1\n            elif needed_C > 0:\n                result[i] = 'C'\n                needed_C -= 1\n            elif needed_G > 0:\n                result[i] = 'G'\n                needed_G -= 1\n            elif needed_T > 0:\n                result[i] = 'T'\n                needed_T -= 1\n\n    # Final check if all counts are now equal\n    count_A = result.count('A')\n    count_C = result.count('C')\n    count_G = result.count('G')\n    count_T = result.count('T')\n    \n    if count_A == count_C == count_G == count_T == target_count:\n        print(''.join(result))\n    else:\n        print(\"===\")\n\n# Example usage\nn = int(input().strip())\ns = input().strip()\ndecode_genome(n, s)\n```"]}