{"StepDPO": [["\nYou will be given a problem desciption.\n\nPlease analyze the problem and generate step-by-step clues of how to solve the problem with executable python code.\n\nThe problem:\n\n\nQUESTION:\nRecently Vasya found a golden ticket \u2014 a sequence which consists of $n$ digits $a_1a_2\\dots a_n$. Vasya considers a ticket to be lucky if it can be divided into two or more non-intersecting segments with equal sums. For example, ticket $350178$ is lucky since it can be divided into three segments $350$, $17$ and $8$: $3+5+0=1+7=8$. Note that each digit of sequence should belong to exactly one segment.\n\nHelp Vasya! Tell him if the golden ticket he found is lucky or not.\n\n\n-----Input-----\n\nThe first line contains one integer $n$ ($2 \\le n \\le 100$) \u2014 the number of digits in the ticket.\n\nThe second line contains $n$ digits $a_1 a_2 \\dots a_n$ ($0 \\le a_i \\le 9$) \u2014 the golden ticket. Digits are printed without spaces.\n\n\n-----Output-----\n\nIf the golden ticket is lucky then print \"YES\", otherwise print \"NO\" (both case insensitive).\n\n\n-----Examples-----\nInput\n5\n73452\n\nOutput\nYES\n\nInput\n4\n1248\n\nOutput\nNO\n\n\n\n-----Note-----\n\nIn the first example the ticket can be divided into $7$, $34$ and $52$: $7=3+4=5+2$.\n\nIn the second example it is impossible to divide ticket into segments with equal sum.\nUse Standard Input format\nANSWER:\n\n\nAn example of step-by-step clues for finding the longest palindrome substring is displayed below:\n\n```json\n[\n{\"Clue of Step 1\": \"For a substring, if it is a palindrome and the length is greater than 2, it is still a palindrome after the first and last letters are removed. According to this idea, we can use dynamic programming to solve this problem.\"},\n{\"Clue of Step 2\": \"Then we should consider the state transition function. We use P(i,j) to indicate whether the string composed of the i-th to j-th letters of the string s (denoted as as s[i:j]) is a palindrome string. s[i:j] is a palindrome only if s[i+1:j\u22121] is a palindrome and the i and j letters of s are the same.\"},\n{\"Clue of Step 3\": \"We also need to consider the boundary conditions in dynamic programming. For a substring of length 1, it is obviously a palindrome string; For a substring of length 2, it is a palindrome as long as its two letters are the same.\"},\n{\"Clue of Step 4\": \"We also need to consider the the cyclic order of dynamic programming. In the state transition equation, we are moving from a shorter string to a longer string.\"},\n{\"Clue of Step 5\": \"The final answer is the maximum length of the valid sub-strings.\"}\n]\n```\nYou can refer to the following example and generate step-by-step clues for the given problem.\n\n\n-----Clues-----\nClue of Step 1: To determine if the ticket is lucky, we need to explore all possible ways to split the sequence into segments and calculate their sums.\n", "Clue of Step 2: We will iterate over all possible lengths of segments from 1 to n // 2, and for each possible segment length, we will check if we can split the ticket into segments of that length with equal sums.\n", "Clue of Step 2: We can use a recursive approach to generate all possible partitions of the sequence and check if any partition has segments with equal sums. This involves backtracking to explore all segmentations.\n"], ["\nYou will be given a problem desciption.\n\nPlease analyze the problem and generate step-by-step clues of how to solve the problem with executable python code.\n\nThe problem:\n\n\nQUESTION:\nRecently Vasya found a golden ticket \u2014 a sequence which consists of $n$ digits $a_1a_2\\dots a_n$. Vasya considers a ticket to be lucky if it can be divided into two or more non-intersecting segments with equal sums. For example, ticket $350178$ is lucky since it can be divided into three segments $350$, $17$ and $8$: $3+5+0=1+7=8$. Note that each digit of sequence should belong to exactly one segment.\n\nHelp Vasya! Tell him if the golden ticket he found is lucky or not.\n\n\n-----Input-----\n\nThe first line contains one integer $n$ ($2 \\le n \\le 100$) \u2014 the number of digits in the ticket.\n\nThe second line contains $n$ digits $a_1 a_2 \\dots a_n$ ($0 \\le a_i \\le 9$) \u2014 the golden ticket. Digits are printed without spaces.\n\n\n-----Output-----\n\nIf the golden ticket is lucky then print \"YES\", otherwise print \"NO\" (both case insensitive).\n\n\n-----Examples-----\nInput\n5\n73452\n\nOutput\nYES\n\nInput\n4\n1248\n\nOutput\nNO\n\n\n\n-----Note-----\n\nIn the first example the ticket can be divided into $7$, $34$ and $52$: $7=3+4=5+2$.\n\nIn the second example it is impossible to divide ticket into segments with equal sum.\nUse Standard Input format\nANSWER:\n\n\nAn example of step-by-step clues for finding the longest palindrome substring is displayed below:\n\n```json\n[\n{\"Clue of Step 1\": \"For a substring, if it is a palindrome and the length is greater than 2, it is still a palindrome after the first and last letters are removed. According to this idea, we can use dynamic programming to solve this problem.\"},\n{\"Clue of Step 2\": \"Then we should consider the state transition function. We use P(i,j) to indicate whether the string composed of the i-th to j-th letters of the string s (denoted as as s[i:j]) is a palindrome string. s[i:j] is a palindrome only if s[i+1:j\u22121] is a palindrome and the i and j letters of s are the same.\"},\n{\"Clue of Step 3\": \"We also need to consider the boundary conditions in dynamic programming. For a substring of length 1, it is obviously a palindrome string; For a substring of length 2, it is a palindrome as long as its two letters are the same.\"},\n{\"Clue of Step 4\": \"We also need to consider the the cyclic order of dynamic programming. In the state transition equation, we are moving from a shorter string to a longer string.\"},\n{\"Clue of Step 5\": \"The final answer is the maximum length of the valid sub-strings.\"}\n]\n```\nYou can refer to the following example and generate step-by-step clues for the given problem.\n\n\n-----Clues-----\nClue of Step 1: To determine if the ticket is lucky, we need to explore all possible ways to split the sequence into segments and calculate their sums.\n", "Clue of Step 2: We can maintain a running sum and a dictionary to count the occurrences of these sums as we iterate through the ticket, allowing us to quickly verify if the current sum can be formed by previously encountered sums.\n", "Clue of Step 2: We can use a recursive approach to generate all possible partitions of the sequence and check if any partition has segments with equal sums. This involves backtracking to explore all segmentations.\n"], ["\nYou will be given a problem desciption.\n\nPlease analyze the problem and generate step-by-step clues of how to solve the problem with executable python code.\n\nThe problem:\n\n\nQUESTION:\nRecently Vasya found a golden ticket \u2014 a sequence which consists of $n$ digits $a_1a_2\\dots a_n$. Vasya considers a ticket to be lucky if it can be divided into two or more non-intersecting segments with equal sums. For example, ticket $350178$ is lucky since it can be divided into three segments $350$, $17$ and $8$: $3+5+0=1+7=8$. Note that each digit of sequence should belong to exactly one segment.\n\nHelp Vasya! Tell him if the golden ticket he found is lucky or not.\n\n\n-----Input-----\n\nThe first line contains one integer $n$ ($2 \\le n \\le 100$) \u2014 the number of digits in the ticket.\n\nThe second line contains $n$ digits $a_1 a_2 \\dots a_n$ ($0 \\le a_i \\le 9$) \u2014 the golden ticket. Digits are printed without spaces.\n\n\n-----Output-----\n\nIf the golden ticket is lucky then print \"YES\", otherwise print \"NO\" (both case insensitive).\n\n\n-----Examples-----\nInput\n5\n73452\n\nOutput\nYES\n\nInput\n4\n1248\n\nOutput\nNO\n\n\n\n-----Note-----\n\nIn the first example the ticket can be divided into $7$, $34$ and $52$: $7=3+4=5+2$.\n\nIn the second example it is impossible to divide ticket into segments with equal sum.\nUse Standard Input format\nANSWER:\n\n\nAn example of step-by-step clues for finding the longest palindrome substring is displayed below:\n\n```json\n[\n{\"Clue of Step 1\": \"For a substring, if it is a palindrome and the length is greater than 2, it is still a palindrome after the first and last letters are removed. According to this idea, we can use dynamic programming to solve this problem.\"},\n{\"Clue of Step 2\": \"Then we should consider the state transition function. We use P(i,j) to indicate whether the string composed of the i-th to j-th letters of the string s (denoted as as s[i:j]) is a palindrome string. s[i:j] is a palindrome only if s[i+1:j\u22121] is a palindrome and the i and j letters of s are the same.\"},\n{\"Clue of Step 3\": \"We also need to consider the boundary conditions in dynamic programming. For a substring of length 1, it is obviously a palindrome string; For a substring of length 2, it is a palindrome as long as its two letters are the same.\"},\n{\"Clue of Step 4\": \"We also need to consider the the cyclic order of dynamic programming. In the state transition equation, we are moving from a shorter string to a longer string.\"},\n{\"Clue of Step 5\": \"The final answer is the maximum length of the valid sub-strings.\"}\n]\n```\nYou can refer to the following example and generate step-by-step clues for the given problem.\n\n\n-----Clues-----\nClue of Step 1: To determine if the ticket is lucky, we need to explore all possible ways to split the sequence into segments and calculate their sums.\n", "Clue of Step 2: For each split point in the ticket, we can store the sums of segments in a list and then check if any of these sums can be matched to form valid divisions of the ticket.\n", "Clue of Step 2: We can use a recursive approach to generate all possible partitions of the sequence and check if any partition has segments with equal sums. This involves backtracking to explore all segmentations.\n"], ["\nYou will be given a problem desciption.\n\nPlease analyze the problem and generate step-by-step clues of how to solve the problem with executable python code.\n\nThe problem:\n\n\nQUESTION:\nRecently Vasya found a golden ticket \u2014 a sequence which consists of $n$ digits $a_1a_2\\dots a_n$. Vasya considers a ticket to be lucky if it can be divided into two or more non-intersecting segments with equal sums. For example, ticket $350178$ is lucky since it can be divided into three segments $350$, $17$ and $8$: $3+5+0=1+7=8$. Note that each digit of sequence should belong to exactly one segment.\n\nHelp Vasya! Tell him if the golden ticket he found is lucky or not.\n\n\n-----Input-----\n\nThe first line contains one integer $n$ ($2 \\le n \\le 100$) \u2014 the number of digits in the ticket.\n\nThe second line contains $n$ digits $a_1 a_2 \\dots a_n$ ($0 \\le a_i \\le 9$) \u2014 the golden ticket. Digits are printed without spaces.\n\n\n-----Output-----\n\nIf the golden ticket is lucky then print \"YES\", otherwise print \"NO\" (both case insensitive).\n\n\n-----Examples-----\nInput\n5\n73452\n\nOutput\nYES\n\nInput\n4\n1248\n\nOutput\nNO\n\n\n\n-----Note-----\n\nIn the first example the ticket can be divided into $7$, $34$ and $52$: $7=3+4=5+2$.\n\nIn the second example it is impossible to divide ticket into segments with equal sum.\nUse Standard Input format\nANSWER:\n\n\nAn example of step-by-step clues for finding the longest palindrome substring is displayed below:\n\n```json\n[\n{\"Clue of Step 1\": \"For a substring, if it is a palindrome and the length is greater than 2, it is still a palindrome after the first and last letters are removed. According to this idea, we can use dynamic programming to solve this problem.\"},\n{\"Clue of Step 2\": \"Then we should consider the state transition function. We use P(i,j) to indicate whether the string composed of the i-th to j-th letters of the string s (denoted as as s[i:j]) is a palindrome string. s[i:j] is a palindrome only if s[i+1:j\u22121] is a palindrome and the i and j letters of s are the same.\"},\n{\"Clue of Step 3\": \"We also need to consider the boundary conditions in dynamic programming. For a substring of length 1, it is obviously a palindrome string; For a substring of length 2, it is a palindrome as long as its two letters are the same.\"},\n{\"Clue of Step 4\": \"We also need to consider the the cyclic order of dynamic programming. In the state transition equation, we are moving from a shorter string to a longer string.\"},\n{\"Clue of Step 5\": \"The final answer is the maximum length of the valid sub-strings.\"}\n]\n```\nYou can refer to the following example and generate step-by-step clues for the given problem.\n\n\n-----Clues-----\nClue of Step 1: To determine if the ticket is lucky, we need to explore all possible ways to split the sequence into segments and calculate their sums.\n", "Clue of Step 2: A dynamic programming approach can be considered where we maintain a table to store possible sums that can be achieved with different segmentations. This way, we avoid recalculating sums for overlapping subproblems.\n", "Clue of Step 2: We can use a recursive approach to generate all possible partitions of the sequence and check if any partition has segments with equal sums. This involves backtracking to explore all segmentations.\n"], ["\nYou will be given a problem desciption.\n\nPlease analyze the problem and generate step-by-step clues of how to solve the problem with executable python code.\n\nThe problem:\n\n\nQUESTION:\nRecently Vasya found a golden ticket \u2014 a sequence which consists of $n$ digits $a_1a_2\\dots a_n$. Vasya considers a ticket to be lucky if it can be divided into two or more non-intersecting segments with equal sums. For example, ticket $350178$ is lucky since it can be divided into three segments $350$, $17$ and $8$: $3+5+0=1+7=8$. Note that each digit of sequence should belong to exactly one segment.\n\nHelp Vasya! Tell him if the golden ticket he found is lucky or not.\n\n\n-----Input-----\n\nThe first line contains one integer $n$ ($2 \\le n \\le 100$) \u2014 the number of digits in the ticket.\n\nThe second line contains $n$ digits $a_1 a_2 \\dots a_n$ ($0 \\le a_i \\le 9$) \u2014 the golden ticket. Digits are printed without spaces.\n\n\n-----Output-----\n\nIf the golden ticket is lucky then print \"YES\", otherwise print \"NO\" (both case insensitive).\n\n\n-----Examples-----\nInput\n5\n73452\n\nOutput\nYES\n\nInput\n4\n1248\n\nOutput\nNO\n\n\n\n-----Note-----\n\nIn the first example the ticket can be divided into $7$, $34$ and $52$: $7=3+4=5+2$.\n\nIn the second example it is impossible to divide ticket into segments with equal sum.\nUse Standard Input format\nANSWER:\n\n\nAn example of step-by-step clues for finding the longest palindrome substring is displayed below:\n\n```json\n[\n{\"Clue of Step 1\": \"For a substring, if it is a palindrome and the length is greater than 2, it is still a palindrome after the first and last letters are removed. According to this idea, we can use dynamic programming to solve this problem.\"},\n{\"Clue of Step 2\": \"Then we should consider the state transition function. We use P(i,j) to indicate whether the string composed of the i-th to j-th letters of the string s (denoted as as s[i:j]) is a palindrome string. s[i:j] is a palindrome only if s[i+1:j\u22121] is a palindrome and the i and j letters of s are the same.\"},\n{\"Clue of Step 3\": \"We also need to consider the boundary conditions in dynamic programming. For a substring of length 1, it is obviously a palindrome string; For a substring of length 2, it is a palindrome as long as its two letters are the same.\"},\n{\"Clue of Step 4\": \"We also need to consider the the cyclic order of dynamic programming. In the state transition equation, we are moving from a shorter string to a longer string.\"},\n{\"Clue of Step 5\": \"The final answer is the maximum length of the valid sub-strings.\"}\n]\n```\nYou can refer to the following example and generate step-by-step clues for the given problem.\n\n\n-----Clues-----\nClue of Step 1: To determine if the ticket is lucky, we need to explore all possible ways to split the sequence into segments and calculate their sums.\n", "Clue of Step 2: We should iterate through all possible split points in the sequence and check if we can divide the sequence into segments with equal sums using prefix sums for efficient sum calculation.\n", "Clue of Step 2: We can use a recursive approach to generate all possible partitions of the sequence and check if any partition has segments with equal sums. This involves backtracking to explore all segmentations.\n"], ["\nYou will be given a problem desciption.\n\nPlease analyze the problem and generate step-by-step clues of how to solve the problem with executable python code.\n\nThe problem:\n\n\nQUESTION:\nRecently Vasya found a golden ticket \u2014 a sequence which consists of $n$ digits $a_1a_2\\dots a_n$. Vasya considers a ticket to be lucky if it can be divided into two or more non-intersecting segments with equal sums. For example, ticket $350178$ is lucky since it can be divided into three segments $350$, $17$ and $8$: $3+5+0=1+7=8$. Note that each digit of sequence should belong to exactly one segment.\n\nHelp Vasya! Tell him if the golden ticket he found is lucky or not.\n\n\n-----Input-----\n\nThe first line contains one integer $n$ ($2 \\le n \\le 100$) \u2014 the number of digits in the ticket.\n\nThe second line contains $n$ digits $a_1 a_2 \\dots a_n$ ($0 \\le a_i \\le 9$) \u2014 the golden ticket. Digits are printed without spaces.\n\n\n-----Output-----\n\nIf the golden ticket is lucky then print \"YES\", otherwise print \"NO\" (both case insensitive).\n\n\n-----Examples-----\nInput\n5\n73452\n\nOutput\nYES\n\nInput\n4\n1248\n\nOutput\nNO\n\n\n\n-----Note-----\n\nIn the first example the ticket can be divided into $7$, $34$ and $52$: $7=3+4=5+2$.\n\nIn the second example it is impossible to divide ticket into segments with equal sum.\nUse Standard Input format\nANSWER:\n\n\nAn example of step-by-step clues for finding the longest palindrome substring is displayed below:\n\n```json\n[\n{\"Clue of Step 1\": \"For a substring, if it is a palindrome and the length is greater than 2, it is still a palindrome after the first and last letters are removed. According to this idea, we can use dynamic programming to solve this problem.\"},\n{\"Clue of Step 2\": \"Then we should consider the state transition function. We use P(i,j) to indicate whether the string composed of the i-th to j-th letters of the string s (denoted as as s[i:j]) is a palindrome string. s[i:j] is a palindrome only if s[i+1:j\u22121] is a palindrome and the i and j letters of s are the same.\"},\n{\"Clue of Step 3\": \"We also need to consider the boundary conditions in dynamic programming. For a substring of length 1, it is obviously a palindrome string; For a substring of length 2, it is a palindrome as long as its two letters are the same.\"},\n{\"Clue of Step 4\": \"We also need to consider the the cyclic order of dynamic programming. In the state transition equation, we are moving from a shorter string to a longer string.\"},\n{\"Clue of Step 5\": \"The final answer is the maximum length of the valid sub-strings.\"}\n]\n```\nYou can refer to the following example and generate step-by-step clues for the given problem.\n\n\n-----Clues-----\nClue of Step 1: The problem requires finding if the ticket can be divided into segments where each segment has the same sum of digits. We should start by generating all possible ways to partition the sequence into non-intersecting segments.\n", "Clue of Step 2: We can iterate through the possible segment sums (from 1 to the total sum of digits) and for each sum, attempt to partition the ticket into segments that equal this sum.\n", "Clue of Step 2: For each potential segment sum, we can maintain a running total while iterating through the digits. If the running total equals the segment sum, we reset the total and continue to form the next segment.\n"], ["\nYou will be given a problem desciption.\n\nPlease analyze the problem and generate step-by-step clues of how to solve the problem with executable python code.\n\nThe problem:\n\n\nQUESTION:\nRecently Vasya found a golden ticket \u2014 a sequence which consists of $n$ digits $a_1a_2\\dots a_n$. Vasya considers a ticket to be lucky if it can be divided into two or more non-intersecting segments with equal sums. For example, ticket $350178$ is lucky since it can be divided into three segments $350$, $17$ and $8$: $3+5+0=1+7=8$. Note that each digit of sequence should belong to exactly one segment.\n\nHelp Vasya! Tell him if the golden ticket he found is lucky or not.\n\n\n-----Input-----\n\nThe first line contains one integer $n$ ($2 \\le n \\le 100$) \u2014 the number of digits in the ticket.\n\nThe second line contains $n$ digits $a_1 a_2 \\dots a_n$ ($0 \\le a_i \\le 9$) \u2014 the golden ticket. Digits are printed without spaces.\n\n\n-----Output-----\n\nIf the golden ticket is lucky then print \"YES\", otherwise print \"NO\" (both case insensitive).\n\n\n-----Examples-----\nInput\n5\n73452\n\nOutput\nYES\n\nInput\n4\n1248\n\nOutput\nNO\n\n\n\n-----Note-----\n\nIn the first example the ticket can be divided into $7$, $34$ and $52$: $7=3+4=5+2$.\n\nIn the second example it is impossible to divide ticket into segments with equal sum.\nUse Standard Input format\nANSWER:\n\n\nAn example of step-by-step clues for finding the longest palindrome substring is displayed below:\n\n```json\n[\n{\"Clue of Step 1\": \"For a substring, if it is a palindrome and the length is greater than 2, it is still a palindrome after the first and last letters are removed. According to this idea, we can use dynamic programming to solve this problem.\"},\n{\"Clue of Step 2\": \"Then we should consider the state transition function. We use P(i,j) to indicate whether the string composed of the i-th to j-th letters of the string s (denoted as as s[i:j]) is a palindrome string. s[i:j] is a palindrome only if s[i+1:j\u22121] is a palindrome and the i and j letters of s are the same.\"},\n{\"Clue of Step 3\": \"We also need to consider the boundary conditions in dynamic programming. For a substring of length 1, it is obviously a palindrome string; For a substring of length 2, it is a palindrome as long as its two letters are the same.\"},\n{\"Clue of Step 4\": \"We also need to consider the the cyclic order of dynamic programming. In the state transition equation, we are moving from a shorter string to a longer string.\"},\n{\"Clue of Step 5\": \"The final answer is the maximum length of the valid sub-strings.\"}\n]\n```\nYou can refer to the following example and generate step-by-step clues for the given problem.\n\n\n-----Clues-----\nClue of Step 1: The problem requires finding if the ticket can be divided into segments where each segment has the same sum of digits. We should start by generating all possible ways to partition the sequence into non-intersecting segments.\n", "Clue of Step 2: We can iterate through the possible segment sums (from 1 to the total sum of digits) and for each sum, attempt to partition the ticket into segments that equal this sum.\n", "Clue of Step 2: We also need to keep track of how many segments we have formed for each segment sum. If we manage to form two or more segments with the same sum, we can conclude that the ticket is lucky.\n"], ["\nYou will be given a problem desciption.\n\nPlease analyze the problem and generate step-by-step clues of how to solve the problem with executable python code.\n\nThe problem:\n\n\nQUESTION:\nRecently Vasya found a golden ticket \u2014 a sequence which consists of $n$ digits $a_1a_2\\dots a_n$. Vasya considers a ticket to be lucky if it can be divided into two or more non-intersecting segments with equal sums. For example, ticket $350178$ is lucky since it can be divided into three segments $350$, $17$ and $8$: $3+5+0=1+7=8$. Note that each digit of sequence should belong to exactly one segment.\n\nHelp Vasya! Tell him if the golden ticket he found is lucky or not.\n\n\n-----Input-----\n\nThe first line contains one integer $n$ ($2 \\le n \\le 100$) \u2014 the number of digits in the ticket.\n\nThe second line contains $n$ digits $a_1 a_2 \\dots a_n$ ($0 \\le a_i \\le 9$) \u2014 the golden ticket. Digits are printed without spaces.\n\n\n-----Output-----\n\nIf the golden ticket is lucky then print \"YES\", otherwise print \"NO\" (both case insensitive).\n\n\n-----Examples-----\nInput\n5\n73452\n\nOutput\nYES\n\nInput\n4\n1248\n\nOutput\nNO\n\n\n\n-----Note-----\n\nIn the first example the ticket can be divided into $7$, $34$ and $52$: $7=3+4=5+2$.\n\nIn the second example it is impossible to divide ticket into segments with equal sum.\nUse Standard Input format\nANSWER:\n\n\nAn example of step-by-step clues for finding the longest palindrome substring is displayed below:\n\n```json\n[\n{\"Clue of Step 1\": \"For a substring, if it is a palindrome and the length is greater than 2, it is still a palindrome after the first and last letters are removed. According to this idea, we can use dynamic programming to solve this problem.\"},\n{\"Clue of Step 2\": \"Then we should consider the state transition function. We use P(i,j) to indicate whether the string composed of the i-th to j-th letters of the string s (denoted as as s[i:j]) is a palindrome string. s[i:j] is a palindrome only if s[i+1:j\u22121] is a palindrome and the i and j letters of s are the same.\"},\n{\"Clue of Step 3\": \"We also need to consider the boundary conditions in dynamic programming. For a substring of length 1, it is obviously a palindrome string; For a substring of length 2, it is a palindrome as long as its two letters are the same.\"},\n{\"Clue of Step 4\": \"We also need to consider the the cyclic order of dynamic programming. In the state transition equation, we are moving from a shorter string to a longer string.\"},\n{\"Clue of Step 5\": \"The final answer is the maximum length of the valid sub-strings.\"}\n]\n```\nYou can refer to the following example and generate step-by-step clues for the given problem.\n\n\n-----Clues-----\nClue of Step 1: The problem requires finding if the ticket can be divided into segments where each segment has the same sum of digits. We should start by generating all possible ways to partition the sequence into non-intersecting segments.\n", "Clue of Step 2: We can iterate through the possible segment sums (from 1 to the total sum of digits) and for each sum, attempt to partition the ticket into segments that equal this sum.\n", "Clue of Step 2: We should iterate through all possible partitions of the sequence and for each partition, compute the sum of digits for each segment. If we find any partition where all segments have the same sum, we can conclude the ticket is lucky.\n"], ["\nYou will be given a problem desciption.\n\nPlease analyze the problem and generate step-by-step clues of how to solve the problem with executable python code.\n\nThe problem:\n\n\nQUESTION:\nRecently Vasya found a golden ticket \u2014 a sequence which consists of $n$ digits $a_1a_2\\dots a_n$. Vasya considers a ticket to be lucky if it can be divided into two or more non-intersecting segments with equal sums. For example, ticket $350178$ is lucky since it can be divided into three segments $350$, $17$ and $8$: $3+5+0=1+7=8$. Note that each digit of sequence should belong to exactly one segment.\n\nHelp Vasya! Tell him if the golden ticket he found is lucky or not.\n\n\n-----Input-----\n\nThe first line contains one integer $n$ ($2 \\le n \\le 100$) \u2014 the number of digits in the ticket.\n\nThe second line contains $n$ digits $a_1 a_2 \\dots a_n$ ($0 \\le a_i \\le 9$) \u2014 the golden ticket. Digits are printed without spaces.\n\n\n-----Output-----\n\nIf the golden ticket is lucky then print \"YES\", otherwise print \"NO\" (both case insensitive).\n\n\n-----Examples-----\nInput\n5\n73452\n\nOutput\nYES\n\nInput\n4\n1248\n\nOutput\nNO\n\n\n\n-----Note-----\n\nIn the first example the ticket can be divided into $7$, $34$ and $52$: $7=3+4=5+2$.\n\nIn the second example it is impossible to divide ticket into segments with equal sum.\nUse Standard Input format\nANSWER:\n\n\nAn example of step-by-step clues for finding the longest palindrome substring is displayed below:\n\n```json\n[\n{\"Clue of Step 1\": \"For a substring, if it is a palindrome and the length is greater than 2, it is still a palindrome after the first and last letters are removed. According to this idea, we can use dynamic programming to solve this problem.\"},\n{\"Clue of Step 2\": \"Then we should consider the state transition function. We use P(i,j) to indicate whether the string composed of the i-th to j-th letters of the string s (denoted as as s[i:j]) is a palindrome string. s[i:j] is a palindrome only if s[i+1:j\u22121] is a palindrome and the i and j letters of s are the same.\"},\n{\"Clue of Step 3\": \"We also need to consider the boundary conditions in dynamic programming. For a substring of length 1, it is obviously a palindrome string; For a substring of length 2, it is a palindrome as long as its two letters are the same.\"},\n{\"Clue of Step 4\": \"We also need to consider the the cyclic order of dynamic programming. In the state transition equation, we are moving from a shorter string to a longer string.\"},\n{\"Clue of Step 5\": \"The final answer is the maximum length of the valid sub-strings.\"}\n]\n```\nYou can refer to the following example and generate step-by-step clues for the given problem.\n\n\n-----Clues-----\nClue of Step 1: The problem requires finding if the ticket can be divided into segments where each segment has the same sum of digits. We should start by generating all possible ways to partition the sequence into non-intersecting segments.\n", "Clue of Step 2: To check if a partition is valid, we need to keep track of the sum of the current segment and compare it with the sum of other segments as we build the partition.\n", "Clue of Step 2: For each potential segment sum, we can maintain a running total while iterating through the digits. If the running total equals the segment sum, we reset the total and continue to form the next segment.\n"], ["\nYou will be given a problem desciption.\n\nPlease analyze the problem and generate step-by-step clues of how to solve the problem with executable python code.\n\nThe problem:\n\n\nQUESTION:\nRecently Vasya found a golden ticket \u2014 a sequence which consists of $n$ digits $a_1a_2\\dots a_n$. Vasya considers a ticket to be lucky if it can be divided into two or more non-intersecting segments with equal sums. For example, ticket $350178$ is lucky since it can be divided into three segments $350$, $17$ and $8$: $3+5+0=1+7=8$. Note that each digit of sequence should belong to exactly one segment.\n\nHelp Vasya! Tell him if the golden ticket he found is lucky or not.\n\n\n-----Input-----\n\nThe first line contains one integer $n$ ($2 \\le n \\le 100$) \u2014 the number of digits in the ticket.\n\nThe second line contains $n$ digits $a_1 a_2 \\dots a_n$ ($0 \\le a_i \\le 9$) \u2014 the golden ticket. Digits are printed without spaces.\n\n\n-----Output-----\n\nIf the golden ticket is lucky then print \"YES\", otherwise print \"NO\" (both case insensitive).\n\n\n-----Examples-----\nInput\n5\n73452\n\nOutput\nYES\n\nInput\n4\n1248\n\nOutput\nNO\n\n\n\n-----Note-----\n\nIn the first example the ticket can be divided into $7$, $34$ and $52$: $7=3+4=5+2$.\n\nIn the second example it is impossible to divide ticket into segments with equal sum.\nUse Standard Input format\nANSWER:\n\n\nAn example of step-by-step clues for finding the longest palindrome substring is displayed below:\n\n```json\n[\n{\"Clue of Step 1\": \"For a substring, if it is a palindrome and the length is greater than 2, it is still a palindrome after the first and last letters are removed. According to this idea, we can use dynamic programming to solve this problem.\"},\n{\"Clue of Step 2\": \"Then we should consider the state transition function. We use P(i,j) to indicate whether the string composed of the i-th to j-th letters of the string s (denoted as as s[i:j]) is a palindrome string. s[i:j] is a palindrome only if s[i+1:j\u22121] is a palindrome and the i and j letters of s are the same.\"},\n{\"Clue of Step 3\": \"We also need to consider the boundary conditions in dynamic programming. For a substring of length 1, it is obviously a palindrome string; For a substring of length 2, it is a palindrome as long as its two letters are the same.\"},\n{\"Clue of Step 4\": \"We also need to consider the the cyclic order of dynamic programming. In the state transition equation, we are moving from a shorter string to a longer string.\"},\n{\"Clue of Step 5\": \"The final answer is the maximum length of the valid sub-strings.\"}\n]\n```\nYou can refer to the following example and generate step-by-step clues for the given problem.\n\n\n-----Clues-----\nClue of Step 1: The problem requires finding if the ticket can be divided into segments where each segment has the same sum of digits. We should start by generating all possible ways to partition the sequence into non-intersecting segments.\n", "Clue of Step 2: To check if a partition is valid, we need to keep track of the sum of the current segment and compare it with the sum of other segments as we build the partition.\n", "Clue of Step 2: We also need to keep track of how many segments we have formed for each segment sum. If we manage to form two or more segments with the same sum, we can conclude that the ticket is lucky.\n"], ["\nYou will be given a problem desciption.\n\nPlease analyze the problem and generate step-by-step clues of how to solve the problem with executable python code.\n\nThe problem:\n\n\nQUESTION:\nRecently Vasya found a golden ticket \u2014 a sequence which consists of $n$ digits $a_1a_2\\dots a_n$. Vasya considers a ticket to be lucky if it can be divided into two or more non-intersecting segments with equal sums. For example, ticket $350178$ is lucky since it can be divided into three segments $350$, $17$ and $8$: $3+5+0=1+7=8$. Note that each digit of sequence should belong to exactly one segment.\n\nHelp Vasya! Tell him if the golden ticket he found is lucky or not.\n\n\n-----Input-----\n\nThe first line contains one integer $n$ ($2 \\le n \\le 100$) \u2014 the number of digits in the ticket.\n\nThe second line contains $n$ digits $a_1 a_2 \\dots a_n$ ($0 \\le a_i \\le 9$) \u2014 the golden ticket. Digits are printed without spaces.\n\n\n-----Output-----\n\nIf the golden ticket is lucky then print \"YES\", otherwise print \"NO\" (both case insensitive).\n\n\n-----Examples-----\nInput\n5\n73452\n\nOutput\nYES\n\nInput\n4\n1248\n\nOutput\nNO\n\n\n\n-----Note-----\n\nIn the first example the ticket can be divided into $7$, $34$ and $52$: $7=3+4=5+2$.\n\nIn the second example it is impossible to divide ticket into segments with equal sum.\nUse Standard Input format\nANSWER:\n\n\nAn example of step-by-step clues for finding the longest palindrome substring is displayed below:\n\n```json\n[\n{\"Clue of Step 1\": \"For a substring, if it is a palindrome and the length is greater than 2, it is still a palindrome after the first and last letters are removed. According to this idea, we can use dynamic programming to solve this problem.\"},\n{\"Clue of Step 2\": \"Then we should consider the state transition function. We use P(i,j) to indicate whether the string composed of the i-th to j-th letters of the string s (denoted as as s[i:j]) is a palindrome string. s[i:j] is a palindrome only if s[i+1:j\u22121] is a palindrome and the i and j letters of s are the same.\"},\n{\"Clue of Step 3\": \"We also need to consider the boundary conditions in dynamic programming. For a substring of length 1, it is obviously a palindrome string; For a substring of length 2, it is a palindrome as long as its two letters are the same.\"},\n{\"Clue of Step 4\": \"We also need to consider the the cyclic order of dynamic programming. In the state transition equation, we are moving from a shorter string to a longer string.\"},\n{\"Clue of Step 5\": \"The final answer is the maximum length of the valid sub-strings.\"}\n]\n```\nYou can refer to the following example and generate step-by-step clues for the given problem.\n\n\n-----Clues-----\nClue of Step 1: The problem requires finding if the ticket can be divided into segments where each segment has the same sum of digits. We should start by generating all possible ways to partition the sequence into non-intersecting segments.\n", "Clue of Step 2: To check if a partition is valid, we need to keep track of the sum of the current segment and compare it with the sum of other segments as we build the partition.\n", "Clue of Step 2: We should iterate through all possible partitions of the sequence and for each partition, compute the sum of digits for each segment. If we find any partition where all segments have the same sum, we can conclude the ticket is lucky.\n"], ["\nYou will be given a problem desciption.\n\nPlease analyze the problem and generate step-by-step clues of how to solve the problem with executable python code.\n\nThe problem:\n\n\nQUESTION:\nRecently Vasya found a golden ticket \u2014 a sequence which consists of $n$ digits $a_1a_2\\dots a_n$. Vasya considers a ticket to be lucky if it can be divided into two or more non-intersecting segments with equal sums. For example, ticket $350178$ is lucky since it can be divided into three segments $350$, $17$ and $8$: $3+5+0=1+7=8$. Note that each digit of sequence should belong to exactly one segment.\n\nHelp Vasya! Tell him if the golden ticket he found is lucky or not.\n\n\n-----Input-----\n\nThe first line contains one integer $n$ ($2 \\le n \\le 100$) \u2014 the number of digits in the ticket.\n\nThe second line contains $n$ digits $a_1 a_2 \\dots a_n$ ($0 \\le a_i \\le 9$) \u2014 the golden ticket. Digits are printed without spaces.\n\n\n-----Output-----\n\nIf the golden ticket is lucky then print \"YES\", otherwise print \"NO\" (both case insensitive).\n\n\n-----Examples-----\nInput\n5\n73452\n\nOutput\nYES\n\nInput\n4\n1248\n\nOutput\nNO\n\n\n\n-----Note-----\n\nIn the first example the ticket can be divided into $7$, $34$ and $52$: $7=3+4=5+2$.\n\nIn the second example it is impossible to divide ticket into segments with equal sum.\nUse Standard Input format\nANSWER:\n\n\nAn example of step-by-step clues for finding the longest palindrome substring is displayed below:\n\n```json\n[\n{\"Clue of Step 1\": \"For a substring, if it is a palindrome and the length is greater than 2, it is still a palindrome after the first and last letters are removed. According to this idea, we can use dynamic programming to solve this problem.\"},\n{\"Clue of Step 2\": \"Then we should consider the state transition function. We use P(i,j) to indicate whether the string composed of the i-th to j-th letters of the string s (denoted as as s[i:j]) is a palindrome string. s[i:j] is a palindrome only if s[i+1:j\u22121] is a palindrome and the i and j letters of s are the same.\"},\n{\"Clue of Step 3\": \"We also need to consider the boundary conditions in dynamic programming. For a substring of length 1, it is obviously a palindrome string; For a substring of length 2, it is a palindrome as long as its two letters are the same.\"},\n{\"Clue of Step 4\": \"We also need to consider the the cyclic order of dynamic programming. In the state transition equation, we are moving from a shorter string to a longer string.\"},\n{\"Clue of Step 5\": \"The final answer is the maximum length of the valid sub-strings.\"}\n]\n```\nYou can refer to the following example and generate step-by-step clues for the given problem.\n\n\n-----Clues-----\nClue of Step 1: The problem requires finding if the ticket can be divided into segments where each segment has the same sum of digits. We should start by generating all possible ways to partition the sequence into non-intersecting segments.\n", "Clue of Step 2: We can use a recursive approach to generate all possible partitions and at each step, check if the current segment's sum matches the expected sum of segments.\n", "Clue of Step 2: For each potential segment sum, we can maintain a running total while iterating through the digits. If the running total equals the segment sum, we reset the total and continue to form the next segment.\n"], ["\nYou will be given a problem desciption.\n\nPlease analyze the problem and generate step-by-step clues of how to solve the problem with executable python code.\n\nThe problem:\n\n\nQUESTION:\nRecently Vasya found a golden ticket \u2014 a sequence which consists of $n$ digits $a_1a_2\\dots a_n$. Vasya considers a ticket to be lucky if it can be divided into two or more non-intersecting segments with equal sums. For example, ticket $350178$ is lucky since it can be divided into three segments $350$, $17$ and $8$: $3+5+0=1+7=8$. Note that each digit of sequence should belong to exactly one segment.\n\nHelp Vasya! Tell him if the golden ticket he found is lucky or not.\n\n\n-----Input-----\n\nThe first line contains one integer $n$ ($2 \\le n \\le 100$) \u2014 the number of digits in the ticket.\n\nThe second line contains $n$ digits $a_1 a_2 \\dots a_n$ ($0 \\le a_i \\le 9$) \u2014 the golden ticket. Digits are printed without spaces.\n\n\n-----Output-----\n\nIf the golden ticket is lucky then print \"YES\", otherwise print \"NO\" (both case insensitive).\n\n\n-----Examples-----\nInput\n5\n73452\n\nOutput\nYES\n\nInput\n4\n1248\n\nOutput\nNO\n\n\n\n-----Note-----\n\nIn the first example the ticket can be divided into $7$, $34$ and $52$: $7=3+4=5+2$.\n\nIn the second example it is impossible to divide ticket into segments with equal sum.\nUse Standard Input format\nANSWER:\n\n\nAn example of step-by-step clues for finding the longest palindrome substring is displayed below:\n\n```json\n[\n{\"Clue of Step 1\": \"For a substring, if it is a palindrome and the length is greater than 2, it is still a palindrome after the first and last letters are removed. According to this idea, we can use dynamic programming to solve this problem.\"},\n{\"Clue of Step 2\": \"Then we should consider the state transition function. We use P(i,j) to indicate whether the string composed of the i-th to j-th letters of the string s (denoted as as s[i:j]) is a palindrome string. s[i:j] is a palindrome only if s[i+1:j\u22121] is a palindrome and the i and j letters of s are the same.\"},\n{\"Clue of Step 3\": \"We also need to consider the boundary conditions in dynamic programming. For a substring of length 1, it is obviously a palindrome string; For a substring of length 2, it is a palindrome as long as its two letters are the same.\"},\n{\"Clue of Step 4\": \"We also need to consider the the cyclic order of dynamic programming. In the state transition equation, we are moving from a shorter string to a longer string.\"},\n{\"Clue of Step 5\": \"The final answer is the maximum length of the valid sub-strings.\"}\n]\n```\nYou can refer to the following example and generate step-by-step clues for the given problem.\n\n\n-----Clues-----\nClue of Step 1: The problem requires finding if the ticket can be divided into segments where each segment has the same sum of digits. We should start by generating all possible ways to partition the sequence into non-intersecting segments.\n", "Clue of Step 2: We can use a recursive approach to generate all possible partitions and at each step, check if the current segment's sum matches the expected sum of segments.\n", "Clue of Step 2: We also need to keep track of how many segments we have formed for each segment sum. If we manage to form two or more segments with the same sum, we can conclude that the ticket is lucky.\n"], ["\nYou will be given a problem desciption.\n\nPlease analyze the problem and generate step-by-step clues of how to solve the problem with executable python code.\n\nThe problem:\n\n\nQUESTION:\nRecently Vasya found a golden ticket \u2014 a sequence which consists of $n$ digits $a_1a_2\\dots a_n$. Vasya considers a ticket to be lucky if it can be divided into two or more non-intersecting segments with equal sums. For example, ticket $350178$ is lucky since it can be divided into three segments $350$, $17$ and $8$: $3+5+0=1+7=8$. Note that each digit of sequence should belong to exactly one segment.\n\nHelp Vasya! Tell him if the golden ticket he found is lucky or not.\n\n\n-----Input-----\n\nThe first line contains one integer $n$ ($2 \\le n \\le 100$) \u2014 the number of digits in the ticket.\n\nThe second line contains $n$ digits $a_1 a_2 \\dots a_n$ ($0 \\le a_i \\le 9$) \u2014 the golden ticket. Digits are printed without spaces.\n\n\n-----Output-----\n\nIf the golden ticket is lucky then print \"YES\", otherwise print \"NO\" (both case insensitive).\n\n\n-----Examples-----\nInput\n5\n73452\n\nOutput\nYES\n\nInput\n4\n1248\n\nOutput\nNO\n\n\n\n-----Note-----\n\nIn the first example the ticket can be divided into $7$, $34$ and $52$: $7=3+4=5+2$.\n\nIn the second example it is impossible to divide ticket into segments with equal sum.\nUse Standard Input format\nANSWER:\n\n\nAn example of step-by-step clues for finding the longest palindrome substring is displayed below:\n\n```json\n[\n{\"Clue of Step 1\": \"For a substring, if it is a palindrome and the length is greater than 2, it is still a palindrome after the first and last letters are removed. According to this idea, we can use dynamic programming to solve this problem.\"},\n{\"Clue of Step 2\": \"Then we should consider the state transition function. We use P(i,j) to indicate whether the string composed of the i-th to j-th letters of the string s (denoted as as s[i:j]) is a palindrome string. s[i:j] is a palindrome only if s[i+1:j\u22121] is a palindrome and the i and j letters of s are the same.\"},\n{\"Clue of Step 3\": \"We also need to consider the boundary conditions in dynamic programming. For a substring of length 1, it is obviously a palindrome string; For a substring of length 2, it is a palindrome as long as its two letters are the same.\"},\n{\"Clue of Step 4\": \"We also need to consider the the cyclic order of dynamic programming. In the state transition equation, we are moving from a shorter string to a longer string.\"},\n{\"Clue of Step 5\": \"The final answer is the maximum length of the valid sub-strings.\"}\n]\n```\nYou can refer to the following example and generate step-by-step clues for the given problem.\n\n\n-----Clues-----\nClue of Step 1: The problem requires finding if the ticket can be divided into segments where each segment has the same sum of digits. We should start by generating all possible ways to partition the sequence into non-intersecting segments.\n", "Clue of Step 2: We can use a recursive approach to generate all possible partitions and at each step, check if the current segment's sum matches the expected sum of segments.\n", "Clue of Step 2: We should iterate through all possible partitions of the sequence and for each partition, compute the sum of digits for each segment. If we find any partition where all segments have the same sum, we can conclude the ticket is lucky.\n"], ["\nYou will be given a problem desciption.\n\nPlease analyze the problem and generate step-by-step clues of how to solve the problem with executable python code.\n\nThe problem:\n\n\nQUESTION:\nRecently Vasya found a golden ticket \u2014 a sequence which consists of $n$ digits $a_1a_2\\dots a_n$. Vasya considers a ticket to be lucky if it can be divided into two or more non-intersecting segments with equal sums. For example, ticket $350178$ is lucky since it can be divided into three segments $350$, $17$ and $8$: $3+5+0=1+7=8$. Note that each digit of sequence should belong to exactly one segment.\n\nHelp Vasya! Tell him if the golden ticket he found is lucky or not.\n\n\n-----Input-----\n\nThe first line contains one integer $n$ ($2 \\le n \\le 100$) \u2014 the number of digits in the ticket.\n\nThe second line contains $n$ digits $a_1 a_2 \\dots a_n$ ($0 \\le a_i \\le 9$) \u2014 the golden ticket. Digits are printed without spaces.\n\n\n-----Output-----\n\nIf the golden ticket is lucky then print \"YES\", otherwise print \"NO\" (both case insensitive).\n\n\n-----Examples-----\nInput\n5\n73452\n\nOutput\nYES\n\nInput\n4\n1248\n\nOutput\nNO\n\n\n\n-----Note-----\n\nIn the first example the ticket can be divided into $7$, $34$ and $52$: $7=3+4=5+2$.\n\nIn the second example it is impossible to divide ticket into segments with equal sum.\nUse Standard Input format\nANSWER:\n\n\nAn example of step-by-step clues for finding the longest palindrome substring is displayed below:\n\n```json\n[\n{\"Clue of Step 1\": \"For a substring, if it is a palindrome and the length is greater than 2, it is still a palindrome after the first and last letters are removed. According to this idea, we can use dynamic programming to solve this problem.\"},\n{\"Clue of Step 2\": \"Then we should consider the state transition function. We use P(i,j) to indicate whether the string composed of the i-th to j-th letters of the string s (denoted as as s[i:j]) is a palindrome string. s[i:j] is a palindrome only if s[i+1:j\u22121] is a palindrome and the i and j letters of s are the same.\"},\n{\"Clue of Step 3\": \"We also need to consider the boundary conditions in dynamic programming. For a substring of length 1, it is obviously a palindrome string; For a substring of length 2, it is a palindrome as long as its two letters are the same.\"},\n{\"Clue of Step 4\": \"We also need to consider the the cyclic order of dynamic programming. In the state transition equation, we are moving from a shorter string to a longer string.\"},\n{\"Clue of Step 5\": \"The final answer is the maximum length of the valid sub-strings.\"}\n]\n```\nYou can refer to the following example and generate step-by-step clues for the given problem.\n\n\n-----Clues-----\nClue of Step 1: We should implement a recursive or backtracking approach to find all valid segmentations of the ticket that yield the same sum.\n", "Clue of Step 2: We can iterate through all possible sums that could be formed by segments, starting from 1 up to the total sum of the digits divided by the number of segments.\n", "Clue of Step 2: For each sum, we'll attempt to segment the list of digits into parts that each sum to this target value, tracking our current position in the list of digits.\n"], ["\nYou will be given a problem desciption.\n\nPlease analyze the problem and generate step-by-step clues of how to solve the problem with executable python code.\n\nThe problem:\n\n\nQUESTION:\nRecently Vasya found a golden ticket \u2014 a sequence which consists of $n$ digits $a_1a_2\\dots a_n$. Vasya considers a ticket to be lucky if it can be divided into two or more non-intersecting segments with equal sums. For example, ticket $350178$ is lucky since it can be divided into three segments $350$, $17$ and $8$: $3+5+0=1+7=8$. Note that each digit of sequence should belong to exactly one segment.\n\nHelp Vasya! Tell him if the golden ticket he found is lucky or not.\n\n\n-----Input-----\n\nThe first line contains one integer $n$ ($2 \\le n \\le 100$) \u2014 the number of digits in the ticket.\n\nThe second line contains $n$ digits $a_1 a_2 \\dots a_n$ ($0 \\le a_i \\le 9$) \u2014 the golden ticket. Digits are printed without spaces.\n\n\n-----Output-----\n\nIf the golden ticket is lucky then print \"YES\", otherwise print \"NO\" (both case insensitive).\n\n\n-----Examples-----\nInput\n5\n73452\n\nOutput\nYES\n\nInput\n4\n1248\n\nOutput\nNO\n\n\n\n-----Note-----\n\nIn the first example the ticket can be divided into $7$, $34$ and $52$: $7=3+4=5+2$.\n\nIn the second example it is impossible to divide ticket into segments with equal sum.\nUse Standard Input format\nANSWER:\n\n\nAn example of step-by-step clues for finding the longest palindrome substring is displayed below:\n\n```json\n[\n{\"Clue of Step 1\": \"For a substring, if it is a palindrome and the length is greater than 2, it is still a palindrome after the first and last letters are removed. According to this idea, we can use dynamic programming to solve this problem.\"},\n{\"Clue of Step 2\": \"Then we should consider the state transition function. We use P(i,j) to indicate whether the string composed of the i-th to j-th letters of the string s (denoted as as s[i:j]) is a palindrome string. s[i:j] is a palindrome only if s[i+1:j\u22121] is a palindrome and the i and j letters of s are the same.\"},\n{\"Clue of Step 3\": \"We also need to consider the boundary conditions in dynamic programming. For a substring of length 1, it is obviously a palindrome string; For a substring of length 2, it is a palindrome as long as its two letters are the same.\"},\n{\"Clue of Step 4\": \"We also need to consider the the cyclic order of dynamic programming. In the state transition equation, we are moving from a shorter string to a longer string.\"},\n{\"Clue of Step 5\": \"The final answer is the maximum length of the valid sub-strings.\"}\n]\n```\nYou can refer to the following example and generate step-by-step clues for the given problem.\n\n\n-----Clues-----\nClue of Step 1: We should implement a recursive or backtracking approach to find all valid segmentations of the ticket that yield the same sum.\n", "Clue of Step 2: We will need to maintain a count of segments we have formed, and if we exceed a single segment, we can check if we can still form the required sum with the remaining digits.\n", "Clue of Step 2: For each sum, we'll attempt to segment the list of digits into parts that each sum to this target value, tracking our current position in the list of digits.\n"], ["\nYou will be given a problem desciption.\n\nPlease analyze the problem and generate step-by-step clues of how to solve the problem with executable python code.\n\nThe problem:\n\n\nQUESTION:\nRecently Vasya found a golden ticket \u2014 a sequence which consists of $n$ digits $a_1a_2\\dots a_n$. Vasya considers a ticket to be lucky if it can be divided into two or more non-intersecting segments with equal sums. For example, ticket $350178$ is lucky since it can be divided into three segments $350$, $17$ and $8$: $3+5+0=1+7=8$. Note that each digit of sequence should belong to exactly one segment.\n\nHelp Vasya! Tell him if the golden ticket he found is lucky or not.\n\n\n-----Input-----\n\nThe first line contains one integer $n$ ($2 \\le n \\le 100$) \u2014 the number of digits in the ticket.\n\nThe second line contains $n$ digits $a_1 a_2 \\dots a_n$ ($0 \\le a_i \\le 9$) \u2014 the golden ticket. Digits are printed without spaces.\n\n\n-----Output-----\n\nIf the golden ticket is lucky then print \"YES\", otherwise print \"NO\" (both case insensitive).\n\n\n-----Examples-----\nInput\n5\n73452\n\nOutput\nYES\n\nInput\n4\n1248\n\nOutput\nNO\n\n\n\n-----Note-----\n\nIn the first example the ticket can be divided into $7$, $34$ and $52$: $7=3+4=5+2$.\n\nIn the second example it is impossible to divide ticket into segments with equal sum.\nUse Standard Input format\nANSWER:\n\n\nAn example of step-by-step clues for finding the longest palindrome substring is displayed below:\n\n```json\n[\n{\"Clue of Step 1\": \"For a substring, if it is a palindrome and the length is greater than 2, it is still a palindrome after the first and last letters are removed. According to this idea, we can use dynamic programming to solve this problem.\"},\n{\"Clue of Step 2\": \"Then we should consider the state transition function. We use P(i,j) to indicate whether the string composed of the i-th to j-th letters of the string s (denoted as as s[i:j]) is a palindrome string. s[i:j] is a palindrome only if s[i+1:j\u22121] is a palindrome and the i and j letters of s are the same.\"},\n{\"Clue of Step 3\": \"We also need to consider the boundary conditions in dynamic programming. For a substring of length 1, it is obviously a palindrome string; For a substring of length 2, it is a palindrome as long as its two letters are the same.\"},\n{\"Clue of Step 4\": \"We also need to consider the the cyclic order of dynamic programming. In the state transition equation, we are moving from a shorter string to a longer string.\"},\n{\"Clue of Step 5\": \"The final answer is the maximum length of the valid sub-strings.\"}\n]\n```\nYou can refer to the following example and generate step-by-step clues for the given problem.\n\n\n-----Clues-----\nClue of Step 1: We should implement a recursive or backtracking approach to find all valid segmentations of the ticket that yield the same sum.\n", "Clue of Step 2: We should use a dynamic approach to track the possible segment sums that can be formed from the prefixes of the ticket. For each prefix, we can check if it's possible to split the ticket up to that point into valid segments with equal sums.\n", "Clue of Step 2: For each sum, we'll attempt to segment the list of digits into parts that each sum to this target value, tracking our current position in the list of digits.\n"], ["\nYou will be given a problem desciption.\n\nPlease analyze the problem and generate step-by-step clues of how to solve the problem with executable python code.\n\nThe problem:\n\n\nQUESTION:\nRecently Vasya found a golden ticket \u2014 a sequence which consists of $n$ digits $a_1a_2\\dots a_n$. Vasya considers a ticket to be lucky if it can be divided into two or more non-intersecting segments with equal sums. For example, ticket $350178$ is lucky since it can be divided into three segments $350$, $17$ and $8$: $3+5+0=1+7=8$. Note that each digit of sequence should belong to exactly one segment.\n\nHelp Vasya! Tell him if the golden ticket he found is lucky or not.\n\n\n-----Input-----\n\nThe first line contains one integer $n$ ($2 \\le n \\le 100$) \u2014 the number of digits in the ticket.\n\nThe second line contains $n$ digits $a_1 a_2 \\dots a_n$ ($0 \\le a_i \\le 9$) \u2014 the golden ticket. Digits are printed without spaces.\n\n\n-----Output-----\n\nIf the golden ticket is lucky then print \"YES\", otherwise print \"NO\" (both case insensitive).\n\n\n-----Examples-----\nInput\n5\n73452\n\nOutput\nYES\n\nInput\n4\n1248\n\nOutput\nNO\n\n\n\n-----Note-----\n\nIn the first example the ticket can be divided into $7$, $34$ and $52$: $7=3+4=5+2$.\n\nIn the second example it is impossible to divide ticket into segments with equal sum.\nUse Standard Input format\nANSWER:\n\n\nAn example of step-by-step clues for finding the longest palindrome substring is displayed below:\n\n```json\n[\n{\"Clue of Step 1\": \"For a substring, if it is a palindrome and the length is greater than 2, it is still a palindrome after the first and last letters are removed. According to this idea, we can use dynamic programming to solve this problem.\"},\n{\"Clue of Step 2\": \"Then we should consider the state transition function. We use P(i,j) to indicate whether the string composed of the i-th to j-th letters of the string s (denoted as as s[i:j]) is a palindrome string. s[i:j] is a palindrome only if s[i+1:j\u22121] is a palindrome and the i and j letters of s are the same.\"},\n{\"Clue of Step 3\": \"We also need to consider the boundary conditions in dynamic programming. For a substring of length 1, it is obviously a palindrome string; For a substring of length 2, it is a palindrome as long as its two letters are the same.\"},\n{\"Clue of Step 4\": \"We also need to consider the the cyclic order of dynamic programming. In the state transition equation, we are moving from a shorter string to a longer string.\"},\n{\"Clue of Step 5\": \"The final answer is the maximum length of the valid sub-strings.\"}\n]\n```\nYou can refer to the following example and generate step-by-step clues for the given problem.\n\n\n-----Clues-----\nClue of Step 1: We should implement a recursive or backtracking approach to find all valid segmentations of the ticket that yield the same sum.\n", "Clue of Step 2: To efficiently compute the segment sums, we can use a cumulative sum array where each element at index i represents the sum of the digits from the start to the i-th digit. This helps in quickly calculating the sum of any segment.\n", "Clue of Step 2: For each sum, we'll attempt to segment the list of digits into parts that each sum to this target value, tracking our current position in the list of digits.\n"], ["\nYou will be given a problem desciption.\n\nPlease analyze the problem and generate step-by-step clues of how to solve the problem with executable python code.\n\nThe problem:\n\n\nQUESTION:\nRecently Vasya found a golden ticket \u2014 a sequence which consists of $n$ digits $a_1a_2\\dots a_n$. Vasya considers a ticket to be lucky if it can be divided into two or more non-intersecting segments with equal sums. For example, ticket $350178$ is lucky since it can be divided into three segments $350$, $17$ and $8$: $3+5+0=1+7=8$. Note that each digit of sequence should belong to exactly one segment.\n\nHelp Vasya! Tell him if the golden ticket he found is lucky or not.\n\n\n-----Input-----\n\nThe first line contains one integer $n$ ($2 \\le n \\le 100$) \u2014 the number of digits in the ticket.\n\nThe second line contains $n$ digits $a_1 a_2 \\dots a_n$ ($0 \\le a_i \\le 9$) \u2014 the golden ticket. Digits are printed without spaces.\n\n\n-----Output-----\n\nIf the golden ticket is lucky then print \"YES\", otherwise print \"NO\" (both case insensitive).\n\n\n-----Examples-----\nInput\n5\n73452\n\nOutput\nYES\n\nInput\n4\n1248\n\nOutput\nNO\n\n\n\n-----Note-----\n\nIn the first example the ticket can be divided into $7$, $34$ and $52$: $7=3+4=5+2$.\n\nIn the second example it is impossible to divide ticket into segments with equal sum.\nUse Standard Input format\nANSWER:\n\n\nAn example of step-by-step clues for finding the longest palindrome substring is displayed below:\n\n```json\n[\n{\"Clue of Step 1\": \"For a substring, if it is a palindrome and the length is greater than 2, it is still a palindrome after the first and last letters are removed. According to this idea, we can use dynamic programming to solve this problem.\"},\n{\"Clue of Step 2\": \"Then we should consider the state transition function. We use P(i,j) to indicate whether the string composed of the i-th to j-th letters of the string s (denoted as as s[i:j]) is a palindrome string. s[i:j] is a palindrome only if s[i+1:j\u22121] is a palindrome and the i and j letters of s are the same.\"},\n{\"Clue of Step 3\": \"We also need to consider the boundary conditions in dynamic programming. For a substring of length 1, it is obviously a palindrome string; For a substring of length 2, it is a palindrome as long as its two letters are the same.\"},\n{\"Clue of Step 4\": \"We also need to consider the the cyclic order of dynamic programming. In the state transition equation, we are moving from a shorter string to a longer string.\"},\n{\"Clue of Step 5\": \"The final answer is the maximum length of the valid sub-strings.\"}\n]\n```\nYou can refer to the following example and generate step-by-step clues for the given problem.\n\n\n-----Clues-----\nClue of Step 1: We should implement a recursive or backtracking approach to find all valid segmentations of the ticket that yield the same sum.\n", "Clue of Step 2: We should explore all possible ways to split the ticket into segments by iterating over possible split points and checking if the sum of segments to the left and right of the split point are equal.\n", "Clue of Step 2: For each sum, we'll attempt to segment the list of digits into parts that each sum to this target value, tracking our current position in the list of digits.\n"]], "SFT": ["\nYou will be given a problem desciption.\n\nPlease analyze the problem and generate step-by-step clues of how to solve the problem with executable python code.\n\nThe problem:\n\n\nQUESTION:\nRecently Vasya found a golden ticket \u2014 a sequence which consists of $n$ digits $a_1a_2\\dots a_n$. Vasya considers a ticket to be lucky if it can be divided into two or more non-intersecting segments with equal sums. For example, ticket $350178$ is lucky since it can be divided into three segments $350$, $17$ and $8$: $3+5+0=1+7=8$. Note that each digit of sequence should belong to exactly one segment.\n\nHelp Vasya! Tell him if the golden ticket he found is lucky or not.\n\n\n-----Input-----\n\nThe first line contains one integer $n$ ($2 \\le n \\le 100$) \u2014 the number of digits in the ticket.\n\nThe second line contains $n$ digits $a_1 a_2 \\dots a_n$ ($0 \\le a_i \\le 9$) \u2014 the golden ticket. Digits are printed without spaces.\n\n\n-----Output-----\n\nIf the golden ticket is lucky then print \"YES\", otherwise print \"NO\" (both case insensitive).\n\n\n-----Examples-----\nInput\n5\n73452\n\nOutput\nYES\n\nInput\n4\n1248\n\nOutput\nNO\n\n\n\n-----Note-----\n\nIn the first example the ticket can be divided into $7$, $34$ and $52$: $7=3+4=5+2$.\n\nIn the second example it is impossible to divide ticket into segments with equal sum.\nUse Standard Input format\nANSWER:\n\n\nAn example of step-by-step clues for finding the longest palindrome substring is displayed below:\n\n```json\n[\n{\"Clue of Step 1\": \"For a substring, if it is a palindrome and the length is greater than 2, it is still a palindrome after the first and last letters are removed. According to this idea, we can use dynamic programming to solve this problem.\"},\n{\"Clue of Step 2\": \"Then we should consider the state transition function. We use P(i,j) to indicate whether the string composed of the i-th to j-th letters of the string s (denoted as as s[i:j]) is a palindrome string. s[i:j] is a palindrome only if s[i+1:j\u22121] is a palindrome and the i and j letters of s are the same.\"},\n{\"Clue of Step 3\": \"We also need to consider the boundary conditions in dynamic programming. For a substring of length 1, it is obviously a palindrome string; For a substring of length 2, it is a palindrome as long as its two letters are the same.\"},\n{\"Clue of Step 4\": \"We also need to consider the the cyclic order of dynamic programming. In the state transition equation, we are moving from a shorter string to a longer string.\"},\n{\"Clue of Step 5\": \"The final answer is the maximum length of the valid sub-strings.\"}\n]\n```\nYou can refer to the following example and generate step-by-step clues for the given problem.\n\n\n-----Clues-----\nClue of Step 1: The problem requires finding if the ticket can be divided into segments where each segment has the same sum of digits. We should start by generating all possible ways to partition the sequence into non-intersecting segments.\n", "```python\ndef is_lucky_ticket(n, digits):\n    def backtrack(start, current_sum, segments):\n        if start == n:\n            return len(segments) > 1\n        \n        for end in range(start, n):\n            segment_sum = sum(digits[start:end+1])\n            if len(segments) == 0 or segment_sum == segments[-1]:\n                segments.append(segment_sum)\n                if backtrack(end + 1, segment_sum, segments):\n                    return True\n                segments.pop()\n            elif segment_sum > current_sum:\n                break\n        return False\n    \n    digits = [int(d) for d in digits]\n    return \"YES\" if backtrack(0, 0, []) else \"NO\"\n\n# Input reading\nn = int(input())\ndigits = input().strip()\n\n# Output the result\nprint(is_lucky_ticket(n, digits))\n```"]}